subject,nll,bic,model,m_min,m_min_rec,epsilon,epsilon_rec,nll_rec
74,68.23311400117126,146.1546021752597,mcutoff,8.573013703858624,9.180088147242305,0.2283459135767374,0.22834591173009394,68.23311400117124
