subject,nll,bic,model,m_min,m_min_rec,epsilon,epsilon_rec,nll_rec
19,91.36285176242134,192.59465139110407,mcutoff,7.212376470774546,6.893087228271167,0.36690620757034476,0.36690620589847533,91.36285176242136
