subject,nll,bic,model,m_min,m_min_rec,epsilon,epsilon_rec,nll_rec
128,89.1602136986676,188.17493476764963,mcutoff,8.28422111933905,8.241401428904581,0.34782578193936986,0.3985505215505845,92.79363691706669
