subject,nll,bic,model,m_min,m_min_rec,epsilon,epsilon_rec,nll_rec
194,92.39225980938001,194.6534674850214,mcutoff,8.67066316494352,8.41818446881367,0.38129472719424845,0.45323731369231696,95.73837708101641
