subject,nll,bic,model,m_min,m_min_rec,epsilon,epsilon_rec,nll_rec
30,62.35876957073539,134.58648700773216,mcutoff,8.389165091137171,8.421967887204893,0.16546695219021484,0.2230210272305796,73.76782283698887
