subject,nll,bic,model,m_min,m_min_rec,epsilon,epsilon_rec,nll_rec
147,77.60885735275397,165.10099955072656,mcutoff,7.979205378159712,8.071527244698565,0.24285662924011914,0.24285662563813976,77.60885735275397
