subject,nll,bic,model,m_min,m_min_rec,epsilon,epsilon_rec,nll_rec
44,38.53701100214481,86.95730684950823,mcutoff,8.689311750112076,8.792408380481001,0.07857058306157688,0.11428493877218875,49.75332547472152
