subject,nll,bic,model,m_min,m_min_rec,epsilon,epsilon_rec,nll_rec
133,57.10530139394197,124.06511015819835,mcutoff,8.462906932544028,8.66838699059355,0.14492682381014627,0.11594126317908643,49.50874553867643
