subject,nll,bic,model,m_min,m_min_rec,epsilon,epsilon_rec,nll_rec
163,80.54040898261218,170.94976583148573,mcutoff,6.864604839432433,6.802517536374947,0.26618658050250354,0.23740954326317223,76.18230520117118
