subject,nll,bic,model,m_min,m_min_rec,epsilon,epsilon_rec,nll_rec
67,71.42022775030574,152.7237403458301,mcutoff,9.956935054022555,8.693547798436585,0.2071422689637257,0.2071422690031935,71.42022775030574
