subject,nll,bic,model,m_min,m_min_rec,epsilon,epsilon_rec,nll_rec
132,88.93011233655966,187.7291725393807,mcutoff,7.752051201811758,7.577642718076327,0.33812916960296474,0.33812916988818925,88.93011233655966
