subject,nll,bic,model,m_min,m_min_rec,epsilon,epsilon_rec,nll_rec
49,30.605217032654604,71.0793819315706,mcutoff,8.8051433816321,9.23573568258481,0.0575530727086894,0.07913585138568684,38.45487692295107
