subject,nll,bic,model,m_min,m_min_rec,epsilon,epsilon_rec,nll_rec
76,77.3295041019547,164.52795607017077,mcutoff,8.203178430630532,8.25142248460342,0.24460380434354445,0.26618658634071074,80.54040898261218
