subject,nll,bic,model,m_min,m_min_rec,epsilon,epsilon_rec,nll_rec
188,80.8486106100938,171.5805060654062,mcutoff,0.897744813411717,1.5549507673799114,0.2642852416728348,0.2142851426230147,72.74089747855213
