subject,nll,bic,model,m_min,m_min_rec,epsilon,epsilon_rec,nll_rec
115,88.64244539370384,187.1681756326263,mcutoff,8.889975427629254,8.53204382746452,0.3285710819712136,0.3642854403014045,91.81791499048151
