subject,nll,bic,model,m_min,m_min_rec,epsilon,epsilon_rec,nll_rec
151,75.25593774657561,160.39516033836983,mcutoff,9.455756238461344,9.033986528424876,0.22857088190917835,0.19285652537233347,68.64724026897122
