subject,nll,bic,model,m_min,m_min_rec,epsilon,epsilon_rec,nll_rec
182,78.43776304261189,166.74447395148516,mcutoff,7.366417762337529,7.8917210782101845,0.2517980640497916,0.2733808406596286,81.53615243487427
