subject,nll,bic,model,m_min,m_min_rec,epsilon,epsilon_rec,nll_rec
150,74.73263968649985,159.31978674331413,mcutoff,7.284533693902767,7.387347476522928,0.23188351982410182,0.23188351698335843,74.73263968649987
