subject,nll,bic,model,m_min,m_min_rec,epsilon,epsilon_rec,nll_rec
139,84.82305097156275,179.44178154302733,mcutoff,7.3623055893809735,7.02966440515711,0.3283578651354212,0.29104436006541584,80.8130562925825
