subject,nll,bic,model,m_min,m_min_rec,epsilon,epsilon_rec,nll_rec
60,78.72664024691315,167.3365653390449,mcutoff,9.653238239696961,8.814693512901918,0.24999949713479427,0.20714226582321763,71.42022775030574
