subject,nll,bic,model,m_min,m_min_rec,epsilon,epsilon_rec,nll_rec
145,82.82358276555917,175.53045037633694,mcutoff,8.26701091362195,8.295238314751131,0.27857098222445076,0.3071424729814335,86.35108927593126
