subject,nll,bic,model,m_min,m_min_rec,epsilon,epsilon_rec,nll_rec
51,84.43668416877425,178.71333018920475,mcutoff,0.5716836583465819,0.23063559463366712,0.30656895191606065,0.2919703830046555,82.73496975934151
