subject,nll,bic,model,m_min,m_min_rec,epsilon,epsilon_rec,nll_rec
175,85.98256734970866,181.8340825656787,mcutoff,7.74443992701995,7.551613696533341,0.3093521348138167,0.3165463959915889,86.76895011098927
