subject,nll,bic,model,m_min,m_min_rec,epsilon,epsilon_rec,nll_rec
161,59.1789922931187,128.241269431456,mcutoff,8.424445044691595,9.73293595291258,0.14999929838412987,0.1499993018342814,59.1789922931187
