subject,nll,bic,model,m_min,m_min_rec,epsilon,epsilon_rec,nll_rec
87,67.19252606005156,144.26833696532174,mcutoff,8.666557810421581,8.915480322834053,0.18571365506989013,0.19285652249853705,68.64724026897122
