subject,nll,bic,model,m_min,m_min_rec,epsilon,epsilon_rec,nll_rec
127,88.93011233655967,187.72917253938073,mcutoff,7.468177941763365,6.811608646961184,0.33812916828805284,0.37410046514521184,91.89291901626112
