subject,nll,bic,model,m_min,m_min_rec,epsilon,epsilon_rec,nll_rec
86,10.48235625276845,30.84799735075551,mcutoff,9.654667833839945,8.438386928540151,0.01428474336548351,0.014284742990314282,10.482356252768449
