subject,nll,bic,model,m_min,m_min_rec,epsilon,epsilon_rec,nll_rec
179,70.05605929562628,149.99540343647118,mcutoff,0.17793786280340917,0.5637595671631859,0.19999940212445458,0.17857078513578659,65.69056878210381
