subject,nll,bic,model,m_min,m_min_rec,epsilon,epsilon_rec,nll_rec
191,89.34096902195702,188.56522288913266,mcutoff,1.445666185807959,0.11867651851763394,0.33571395418443345,0.34999970115722895,90.64224946512851
