subject,nll,bic,model,m_min,m_min_rec,epsilon,epsilon_rec,nll_rec
137,27.791854068702147,65.4669929826229,mcutoff,2.8436300204735003,1.2548114453934995,0.04999910054745021,0.035713357380910894,21.57037451422411
