subject,nll,bic,model,m_min,m_min_rec,epsilon,epsilon_rec,nll_rec
8,64.1399050688936,138.1630949830058,mcutoff,9.029504928743117,9.72257438271327,0.17142791566398782,0.1428564233277883,57.41600456065726
