subject,nll,bic,model,m_min,m_min_rec,epsilon,epsilon_rec,nll_rec
198,78.72664024691315,167.3365653390449,mcutoff,8.267146248009402,8.232978794947636,0.24999949967781657,0.21428514066008414,72.74089747855213
