subject,nll,bic,model,m_min,m_min_rec,epsilon,epsilon_rec,nll_rec
16,72.74089747855214,155.3650798023229,mcutoff,8.297558737620303,8.253040120434703,0.21428513816162467,0.2357137525937099,76.45222434976478
