subject,nll,bic,model,m_min,m_min_rec,epsilon,epsilon_rec,nll_rec
3,68.64724026897122,147.17776538316105,mcutoff,9.320808345791345,8.74338465546019,0.1928565312338536,0.1999993987784754,70.05605929562628
