subject,nll,bic,model,m_min,m_min_rec,epsilon,epsilon_rec,nll_rec
190,78.72664024691315,167.3365653390449,mcutoff,7.172743691248113,7.101225258626943,0.2499995020147243,0.22142801191750577,74.01913666356637
