subject,nll,bic,model,m_min,m_min_rec,epsilon,epsilon_rec,nll_rec
148,74.99536452842892,159.85967692311922,mcutoff,8.538196760268628,9.438341702955153,0.23021528531478724,0.25179806093872786,78.43776304261189
