subject,nll,bic,model,m_min,m_min_rec,epsilon,epsilon_rec,nll_rec
56,24.768569156792136,59.420423158802876,mcutoff,9.636619284992669,8.770273395409355,0.042856229144414164,0.028570485885328314,18.163417260999957
