subject,nll,bic,model,m_min,m_min_rec,epsilon,epsilon_rec,nll_rec
138,-0.0001389998922479056,9.868669866476887,mcutoff,1.4934179009578612,1.4934179009578612,2.751132655021138e-13,2.751132655021138e-13,-0.0001389998922479056
