subject,nll,bic,model,m_min,m_min_rec,epsilon,epsilon_rec,nll_rec
48,88.64244539370384,187.1681756326263,mcutoff,2.891419913691262,2.925341084953545,0.3285710849316602,0.34999969688106286,90.64224946512851
