subject,nll,bic,model,m_min,m_min_rec,epsilon,epsilon_rec,nll_rec
50,64.13990506889357,138.16309498300575,mcutoff,3.1331622668227723,3.1169490990776367,0.17142791394627369,0.16428503663861732,62.53894182787467
