subject,nll,bic,model,m_min,m_min_rec,epsilon,epsilon_rec,nll_rec
26,24.768569156792132,59.420423158802876,mcutoff,8.499124233822855,8.83907516388608,0.042856228871518014,0.049999100767858774,27.791854068702143
