subject,nll,bic,model,m_min,m_min_rec,epsilon,epsilon_rec,nll_rec
176,77.60885735275397,165.10099955072656,mcutoff,7.434975435736513,7.297975155314045,0.24285662731219818,0.28571385729599097,83.75746240221598
