subject,nll,bic,model,m_min,m_min_rec,epsilon,epsilon_rec,nll_rec
143,91.81791499048153,193.51911482618166,mcutoff,7.6438120050026335,7.83151675178316,0.3642854453563601,0.39999979981141515,94.22135338157588
