subject,nll,bic,model,m_min,m_min_rec,epsilon,epsilon_rec,nll_rec
58,83.69794825830367,177.2064460734842,mcutoff,8.290930023888913,8.286763732641049,0.311110729831585,0.3333329978420108,85.9291427200697
