subject,nll,bic,model,m_min,m_min_rec,epsilon,epsilon_rec,nll_rec
71,90.64224946512851,191.16778377547564,mcutoff,7.762658703505833,7.1165889131263675,0.34999969801190295,0.32142821457892534,87.91154242386682
