subject,nll,bic,model,m_min,m_min_rec,epsilon,epsilon_rec,nll_rec
104,77.55643810727838,164.93818598602886,mcutoff,8.348738591099965,9.656303715523231,0.2573524524521773,0.28676427813796695,81.49492334649071
