subject,nll,bic,model,m_min,m_min_rec,epsilon,epsilon_rec,nll_rec
40,86.76895011098927,183.4068480882399,mcutoff,7.534446836672847,7.271782869873156,0.3165463950102845,0.33812916973951573,88.93011233655967
