subject,nll,bic,model,m_min,m_min_rec,epsilon,epsilon_rec,nll_rec
36,156.87552608522378,325.0062943978288,mcutoff,8.294347470952083,8.265682427712214,0.25179806409099786,0.20863250799989236,142.3743587973412
