subject,nll,bic,model,m_min,m_min_rec,epsilon,epsilon_rec,nll_rec
168,36.024329676416414,81.93194419805144,mcutoff,9.424089135574308,9.224116958838778,0.07142771598208755,0.12142781401771338,51.76635660581957
