subject,nll,bic,model,m_min,m_min_rec,epsilon,epsilon_rec,nll_rec
164,81.85415814098427,173.59160112718715,mcutoff,9.119634406670038,8.554539918860574,0.2714281111048081,0.2571423689971043,79.80632387045986
