subject,nll,bic,model,m_min,m_min_rec,epsilon,epsilon_rec,nll_rec
35,69.37846739084472,148.5968966333457,mcutoff,9.593695362109209,8.59805638167531,0.20437897282180534,0.160583258067504,60.36698410307039
