subject,nll,bic,model,m_min,m_min_rec,epsilon,epsilon_rec,nll_rec
47,-0.00013899983175413394,9.868669866597875,mcutoff,8.806252170267648,8.806252170267648,7.104317134576377e-13,7.104317134576377e-13,-0.00013899983175413394
