subject,nll,bic,model,m_min,m_min_rec,epsilon,epsilon_rec,nll_rec
13,74.01913666356637,157.92155817235135,mcutoff,5.8962823894292695,5.526771361159294,0.22142801280891417,0.13571355259276024,55.59466254421455
