subject,nll,bic,model,m_min,m_min_rec,epsilon,epsilon_rec,nll_rec
146,71.42022775030574,152.7237403458301,mcutoff,8.351655592715302,9.428971374850951,0.2071422726188486,0.22142801314706345,74.01913666356637
