subject,nll,bic,model,m_min,m_min_rec,epsilon,epsilon_rec,nll_rec
23,70.05605929562628,149.99540343647118,mcutoff,9.735115227267581,9.59274537365058,0.19999939743206988,0.13571355779644803,55.59466254421454
