subject,nll,bic,model,m_min,m_min_rec,epsilon,epsilon_rec,nll_rec
83,78.72664024691315,167.3365653390449,mcutoff,9.220183896583558,8.59906966928199,0.2499994966044928,0.2285708813067145,75.25593774657561
