subject,nll,bic,model,m_min,m_min_rec,epsilon,epsilon_rec,nll_rec
196,88.64244539370384,187.1681756326263,mcutoff,7.749275605356693,7.102865795423046,0.3285710890237424,0.33571395653778946,89.34096902195702
