subject,nll,bic,model,m_min,m_min_rec,epsilon,epsilon_rec,nll_rec
31,78.72664024691315,167.3365653390449,mcutoff,3.095555814952263,3.120260634810787,0.24999949502803318,0.2571423710838306,79.80632387045986
