subject,nll,bic,model,m_min,m_min_rec,epsilon,epsilon_rec,nll_rec
103,70.05605929562628,149.99540343647118,mcutoff,9.258150016579906,9.02405567368467,0.1999993956206464,0.18571365688098745,67.19252606005156
