subject,nll,bic,model,m_min,m_min_rec,epsilon,epsilon_rec,nll_rec
170,81.85415814098427,173.59160112718715,mcutoff,8.633664457135373,9.354450130522157,0.2714281143189164,0.31428534385840484,87.1478888922668
