subject,nll,bic,model,m_min,m_min_rec,epsilon,epsilon_rec,nll_rec
2,65.69056878210381,141.26442240942623,mcutoff,8.254668964690191,8.274419759185776,0.17857078582051514,0.21428513821483613,72.74089747855214
