subject,nll,bic,model,m_min,m_min_rec,epsilon,epsilon_rec,nll_rec
189,68.21528482418425,146.28507701868293,mcutoff,8.51498625494592,8.62443949518877,0.19565156631637828,0.1666659966057431,62.17717082382603
