subject,nll,bic,model,m_min,m_min_rec,epsilon,epsilon_rec,nll_rec
1,84.65633926738155,179.19596337998172,mcutoff,7.56694667422396,7.292759227036995,0.2928567221515202,0.2642852353118566,80.8486106100938
