subject,nll,bic,model,m_min,m_min_rec,epsilon,epsilon_rec,nll_rec
80,90.0074615534921,189.89820795220282,mcutoff,8.055381830619908,8.13450585841638,0.34285682549125834,0.36428544644548727,91.81791499048151
