subject,nll,bic,model,m_min,m_min_rec,epsilon,epsilon_rec,nll_rec
61,81.85415814098427,173.59160112718715,mcutoff,8.266971127081057,8.23123007666144,0.27142811116372073,0.2571423671840059,79.80632387045986
