subject,nll,bic,model,m_min,m_min_rec,epsilon,epsilon_rec,nll_rec
33,91.81791499048151,193.51911482618164,mcutoff,3.101894286778034,3.1850813090000774,0.36428544861369416,0.3785711824563616,92.87018142437134
