subject,nll,bic,model,m_min,m_min_rec,epsilon,epsilon_rec,nll_rec
29,78.72664024691315,167.3365653390449,mcutoff,8.20990876075805,8.239310049791708,0.2499994965816035,0.2499994938960411,78.72664024691315
