subject,nll,bic,model,m_min,m_min_rec,epsilon,epsilon_rec,nll_rec
93,92.35934612526619,194.60197709575098,mcutoff,8.243923264522785,6.253349181159419,0.37142831356247524,0.39285693030354807,93.80097717611977
