subject,nll,bic,model,m_min,m_min_rec,epsilon,epsilon_rec,nll_rec
135,81.85415814098427,173.59160112718715,mcutoff,1.8093479044161223,1.175180478384965,0.27142811144979634,0.2928567252630419,84.65633926738155
