subject,nll,bic,model,m_min,m_min_rec,epsilon,epsilon_rec,nll_rec
105,86.35108927593126,182.58546339708113,mcutoff,7.278681600779498,6.979817908616742,0.30714247066457184,0.2499994951881295,78.72664024691315
