subject,nll,bic,model,m_min,m_min_rec,epsilon,epsilon_rec,nll_rec
34,70.74644137680463,151.25848659878199,mcutoff,6.828536475656545,6.819839892871639,0.22727217907190594,0.17424177225929616,61.05630365231782
