subject,nll,bic,model,m_min,m_min_rec,epsilon,epsilon_rec,nll_rec
75,57.41600456065724,124.7152939665331,mcutoff,9.23577560878641,8.724030357626042,0.14285642624232173,0.17142791103514735,64.13990506889358
