subject,nll,bic,model,m_min,m_min_rec,epsilon,epsilon_rec,nll_rec
110,18.163417260999953,46.21011936721851,mcutoff,9.345475878927726,9.760835959456855,0.028570485957443856,0.042856227747912895,24.768569156792132
