subject,nll,bic,model,m_min,m_min_rec,epsilon,epsilon_rec,nll_rec
45,45.51133627508273,100.90595739538408,mcutoff,0.3288461529201596,1.847194887743815,0.0999992006573876,0.08571345803693525,40.95090558641558
