subject,nll,bic,model,m_min,m_min_rec,epsilon,epsilon_rec,nll_rec
59,73.76782283698887,157.40459354023912,mcutoff,7.870431286886488,6.9852509341263875,0.2230210237648146,0.1942439899657914,68.43212973827666
