subject,nll,bic,model,m_min,m_min_rec,epsilon,epsilon_rec,nll_rec
11,88.64244539370384,187.1681756326263,mcutoff,6.090695285244917,7.268412919655076,0.32857108144862585,0.29285672588696215,84.65633926738155
