subject,nll,bic,model,m_min,m_min_rec,epsilon,epsilon_rec,nll_rec
52,18.16341726099995,46.21011936721851,mcutoff,9.665893565642179,8.806252170267648,0.028570485904642444,7.104317134576377e-13,-0.00013999983054373201
