subject,nll,bic,model,m_min,m_min_rec,epsilon,epsilon_rec,nll_rec
88,83.75746240221599,177.3982096496506,mcutoff,8.379984177260223,9.607937761335211,0.2857138515339968,0.2571423700478538,79.80632387045986
