subject,nll,bic,model,m_min,m_min_rec,epsilon,epsilon_rec,nll_rec
124,78.72664024691315,167.3365653390449,mcutoff,3.111161764406952,3.145344093558393,0.24999950083878278,0.22857088270020778,75.2559377465756
