subject,nll,bic,model,m_min,m_min_rec,epsilon,epsilon_rec,nll_rec
21,91.24563856445143,192.37456197412146,mcutoff,8.270986464356954,8.292104303500349,0.35714256704176256,0.41428553988947625,94.9729862782215
