subject,nll,bic,model,m_min,m_min_rec,epsilon,epsilon_rec,nll_rec
177,87.1478888922668,184.17906262975222,mcutoff,7.182722400127975,7.352055848159594,0.31428534233005645,0.35714256922214727,91.24563856445143
