subject,nll,bic,model,m_min,m_min_rec,epsilon,epsilon_rec,nll_rec
25,84.65633926738155,179.19596337998172,mcutoff,7.786480359517994,7.0628635806222775,0.29285672539724833,0.31428534397549984,87.14788889226682
