subject,nll,bic,model,m_min,m_min_rec,epsilon,epsilon_rec,nll_rec
85,35.94994761284798,81.76884309195734,mcutoff,8.324029816436145,9.269482388467086,0.07194159031700799,0.07194159070032438,35.94994761284798
