subject,nll,bic,model,m_min,m_min_rec,epsilon,epsilon_rec,nll_rec
14,86.35108927593126,182.58546339708113,mcutoff,8.451168617523557,9.604807915580832,0.3071424707413649,0.2999995943579043,85.52072228796507
