subject,nll,bic,model,m_min,m_min_rec,epsilon,epsilon_rec,nll_rec
62,70.05605929562628,149.99540343647118,mcutoff,8.834022138193358,9.303738023191357,0.19999939751907816,0.17857078058178205,65.69056878210381
