subject,nll,bic,model,m_min,m_min_rec,epsilon,epsilon_rec,nll_rec
95,92.35934612526619,194.60197709575098,mcutoff,7.247493530993955,7.216830901279295,0.37142831134192683,0.26428524425803,80.8486106100938
