subject,nll,bic,model,m_min,m_min_rec,epsilon,epsilon_rec,nll_rec
7,88.64244539370384,187.1681756326263,mcutoff,7.980958071118653,8.177563874909547,0.3285710869174089,0.28571385302020175,83.75746240221599
