subject,nll,bic,model,m_min,m_min_rec,epsilon,epsilon_rec,nll_rec
57,82.82358276555917,175.53045037633694,mcutoff,7.384819995633746,7.046190145294656,0.27857098345943904,0.27857098587633994,82.82358276555917
