subject,nll,bic,model,m_min,m_min_rec,epsilon,epsilon_rec,nll_rec
186,80.84861061009379,171.58050606540618,mcutoff,6.150751674663657,5.524801052258317,0.2642852421015505,0.24285662767493427,77.60885735275397
