subject,nll,bic,model,m_min,m_min_rec,epsilon,epsilon_rec,nll_rec
140,53.71240006599433,117.30808497720727,mcutoff,8.990978024292426,9.050606978377354,0.12857068786706308,0.09285632903129606,43.273557538341514
