subject,nll,bic,model,m_min,m_min_rec,epsilon,epsilon_rec,nll_rec
120,67.19252606005156,144.26833696532174,mcutoff,9.146249182804528,8.958045713482804,0.18571365758912478,0.1999993989835545,70.05605929562628
