subject,nll,bic,model,m_min,m_min_rec,epsilon,epsilon_rec,nll_rec
185,88.64244539370384,187.1681756326263,mcutoff,7.492641605014362,7.990368532994063,0.32857108445598643,0.27857098292557075,82.82358276555917
