subject,nll,bic,model,m_min,m_min_rec,epsilon,epsilon_rec,nll_rec
126,77.60885735275397,165.10099955072656,mcutoff,8.389007581474726,8.391312682902218,0.24285662500968913,0.24285662570423688,77.60885735275397
