subject,nll,bic,model,m_min,m_min_rec,epsilon,epsilon_rec,nll_rec
12,77.32950410195468,164.52795607017075,mcutoff,8.296646498426401,9.370115737154181,0.24460380385910788,0.2733808426374625,81.53615243487427
