subject,nll,bic,model,m_min,m_min_rec,epsilon,epsilon_rec,nll_rec
39,88.64244539370384,187.1681756326263,mcutoff,3.1594209299207736,3.0955237298812226,0.3285710815025114,0.3499996971394277,90.64224946512851
