subject,nll,bic,model,m_min,m_min_rec,epsilon,epsilon_rec,nll_rec
96,84.30833106085147,178.48560998796432,mcutoff,8.309727145372957,8.665655118753206,0.29496361677171273,0.36690620600511015,91.36285176242134
