subject,nll,bic,model,m_min,m_min_rec,epsilon,epsilon_rec,nll_rec
113,69.83202007486935,149.53298801600008,mcutoff,3.0974790876439826,3.1259642573751947,0.2014382510430567,0.237409548225774,76.18230520117118
