subject,nll,bic,model,m_min,m_min_rec,epsilon,epsilon_rec,nll_rec
4,87.1478888922668,184.17906262975222,mcutoff,4.275177069667277,4.324989328480161,0.3142853406110838,0.22142801064970377,74.01913666356639
