subject,nll,bic,model,m_min,m_min_rec,epsilon,epsilon_rec,nll_rec
174,86.35108927593127,182.58546339708116,mcutoff,3.152236535379121,3.2328164220672484,0.3071424704949129,0.25714236790803785,79.80632387045986
