subject,nll,bic,model,m_min,m_min_rec,epsilon,epsilon_rec,nll_rec
69,82.82358276555917,175.53045037633694,mcutoff,9.765026277780823,8.496039028719904,0.2785709844228575,0.24285662890943877,77.60885735275397
