subject,nll,bic,model,m_min,m_min_rec,epsilon,epsilon_rec,nll_rec
94,79.80632387045986,169.49593258613834,mcutoff,6.801351918112676,6.833112887906243,0.2571423685223673,0.2999995987683396,85.52072228796507
