subject,nll,bic,model,m_min,m_min_rec,epsilon,epsilon_rec,nll_rec
46,83.75746240221599,177.3982096496506,mcutoff,8.810540307987019,9.697851440817864,0.28571385571013824,0.2357137537320153,76.45222434976478
