subject,nll,bic,model,m_min,m_min_rec,epsilon,epsilon_rec,nll_rec
54,84.65633926738155,179.19596337998172,mcutoff,7.737528875890348,7.855323492411419,0.2928567237550546,0.3499996951347178,90.64224946512853
