subject,nll,bic,model,m_min,m_min_rec,epsilon,epsilon_rec,nll_rec
156,82.82358276555915,175.53045037633692,mcutoff,8.07536274039468,7.95563604367119,0.2785709833921611,0.25714236840877713,79.80632387045986
