subject,nll,bic,model,m_min,m_min_rec,epsilon,epsilon_rec,nll_rec
166,68.64724026897122,147.17776538316105,mcutoff,3.082222013144812,3.0762893337833193,0.19285652635720696,0.20714226963644924,71.42022775030574
