subject,nll,bic,model,m_min,m_min_rec,epsilon,epsilon_rec,nll_rec
41,91.93461434110043,193.6797782390777,mcutoff,5.6131938920116795,6.6028495986547355,0.4222220671629118,0.4296294862439841,92.23311299503197
