subject,nll,bic,model,m_min,m_min_rec,epsilon,epsilon_rec,nll_rec
153,81.85415814098428,173.59160112718718,mcutoff,6.032243696724329,5.844235447808575,0.27142811153920654,0.22857088665120207,75.2559377465756
