subject,nll,bic,model,m_min,m_min_rec,epsilon,epsilon_rec,nll_rec
111,83.75746240221599,177.3982096496506,mcutoff,3.0974096277960594,3.06451104933564,0.28571385240006136,0.24999949675393943,78.72664024691315
