subject,nll,bic,model,m_min,m_min_rec,epsilon,epsilon_rec,nll_rec
155,68.64724026897122,147.17776538316105,mcutoff,8.263072737839293,8.264766261614783,0.19285652806191209,0.17857078338772706,65.6905687821038
