subject,nll,bic,model,m_min,m_min_rec,epsilon,epsilon_rec,nll_rec
109,82.38818791490533,174.60168560128275,mcutoff,5.061726377004328,5.062969636958268,0.2941172315518422,0.30882314206224254,84.06895895909322
