subject,nll,bic,model,m_min,m_min_rec,epsilon,epsilon_rec,nll_rec
116,74.01913666356639,157.92155817235138,mcutoff,9.220536179869443,8.655743984030929,0.22142801028600148,0.22857088098215828,75.2559377465756
