subject,nll,bic,model,alpha,alpha_rec,gamma,gamma_rec,beta,beta_rec,b_last,b_last_rec,nll_rec
122-alternatives,23.17286907923884,63.33971912667512,pt_b-last,0.6666004432104536,0.6932397173003999,0.7046223675170644,0.6642002608244376,9.98847915188272,12.00428565144766,-0.05229250230070773,-0.011654006640562207,20.7633216268773
