subject,nll,bic,model,alpha,alpha_rec,gamma,gamma_rec,beta,beta_rec,b_last,b_last_rec,nll_rec
120-attributes,11.060397606128417,39.11477618045427,pt_b-last,0.24988362659937477,0.24600454027762464,0.5183685478848533,0.5440443583855147,122.16871676040188,199.02295708726064,0.008658809185382248,0.00636681513031901,7.037039929997257
