subject,nll,bic,model,alpha,alpha_rec,gamma,gamma_rec,beta,beta_rec,b_last,b_last_rec,nll_rec
13-attributes,38.76361049394509,94.52120195608761,pt_b-last,0.36725006106058733,0.4706417233896493,0.3507998425177936,0.39977908696884296,12.129533690646843,12.546208020743222,0.059597958422630264,0.07134153423369344,31.835118861743457
