subject,nll,bic,model,alpha,alpha_rec,gamma,gamma_rec,beta,beta_rec,b_last,b_last_rec,nll_rec
48-alternatives,27.5167504891672,72.02748194653184,pt_b-last,1.2550130707146792,1.2489002532124436,1.0,1.0,2.0142542004798303,1.5014155966443832,0.07275476700637801,0.49772104518829685,29.48127820663966
