subject,nll,bic,model,alpha,alpha_rec,gamma,gamma_rec,beta,beta_rec,b_last,b_last_rec,nll_rec
178-alternatives,32.70387850903294,82.40173798626331,pt_b-last,0.5761125446768015,0.6097577441704178,1.0,1.0,4.360246363284264,3.640434028810105,0.06330777464451437,-0.04194963015033478,35.697758417141074
