subject,nll,bic,model,alpha,alpha_rec,gamma,gamma_rec,beta,beta_rec,b_last,b_last_rec,nll_rec
8-attributes,15.017281693243529,47.0285443546845,pt_b-last,0.25331336173562174,0.22397036057662903,0.5328368905535116,0.4633322587021423,69.32041066163153,130.0719113343683,-0.005750453229223657,-0.0038065421163618034,12.408813071401756
