subject,nll,bic,model,alpha,alpha_rec,gamma,gamma_rec,beta,beta_rec,b_last,b_last_rec,nll_rec
20-attributes,18.813803600008438,54.621588168214316,pt_b-last,0.4353182529917983,0.45191320895682807,0.9118256601467016,0.8160563581706329,12.300190853470923,9.873969655476898,-0.055146857648493294,-0.08618045518122944,25.052881582402236
