subject,nll,bic,model,alpha,alpha_rec,gamma,gamma_rec,beta,beta_rec,b_last,b_last_rec,nll_rec
140-alternatives,16.827438598928545,50.648858166054524,pt_b-last,0.1928653557345559,0.1547359342408229,0.6904991164889115,0.8651500465351104,21.28296858363709,17.38400895279605,0.013806221573860404,0.024017466368847388,13.230019342787156
