subject,nll,bic,model,alpha,alpha_rec,gamma,gamma_rec,beta,beta_rec,b_last,b_last_rec,nll_rec
178-attributes,28.742875490999293,74.47973195019603,pt_b-last,0.5133000971981792,0.5914746491928586,1.0,1.0,5.862934057931971,3.9878155759977463,-0.029314153051501684,-0.07380111789152435,33.88531830858457
