subject,nll,bic,model,alpha,alpha_rec,gamma,gamma_rec,beta,beta_rec,b_last,b_last_rec,nll_rec
131-attributes,28.008244651494056,73.01047027118555,pt_b-last,0.3922704064681822,0.3814185813679868,0.4509599604130814,0.46401353892380126,21.807295376810806,28.296005834553963,-0.018671468828876766,-0.013356628493440232,23.65638673225551
