subject,nll,bic,model,alpha,alpha_rec,gamma,gamma_rec,beta,beta_rec,b_last,b_last_rec,nll_rec
98-alternatives,32.02319129641016,81.04036356101776,pt_b-last,0.9120383527701102,0.41892508834847025,1.0,0.534548752782012,2.8882307257734983,17.896296508013066,0.020343864223082504,0.0023452144805583396,26.708942662204365
