subject,nll,bic,model,alpha,alpha_rec,gamma,gamma_rec,beta,beta_rec,b_last,b_last_rec,nll_rec
161-attributes,13.470563101674541,43.93510717154652,pt_b-last,0.3084476047776437,0.3371063403468189,0.6040400946968,0.6438797228160938,49.464182259727146,64.70253654236427,0.009404764141346427,6.587278050959546e-07,9.122526084698181
