subject,nll,bic,model,alpha,alpha_rec,gamma,gamma_rec,beta,beta_rec,b_last,b_last_rec,nll_rec
16-alternatives,19.03480003121893,55.06358103063529,pt_b-last,0.5174600980658587,0.31720673485427603,1.0,0.6115286214076835,9.944276576633282,53.42711196091018,0.05448230089095178,0.019555842561880327,11.91115307694284
