subject,nll,bic,model,alpha,alpha_rec,gamma,gamma_rec,beta,beta_rec,b_last,b_last_rec,nll_rec
78-alternatives,19.922739897264037,56.83946076272551,pt_b-last,1.0838958367289355,0.8398205044645609,1.0,0.783756998297308,5.252596615296952,10.411482404389764,0.030412661733001497,0.034273709903930305,17.699394446067537
