subject,nll,bic,model,alpha,alpha_rec,gamma,gamma_rec,beta,beta_rec,b_last,b_last_rec,nll_rec
23-attributes,21.680876652883022,60.35573427396348,pt_b-last,0.4731430563130349,0.4015738925848523,1.0,0.6978335442442902,8.668360520297014,11.776800178808347,0.05402173610101747,-0.007097503102490754,27.38358648004445
