subject,nll,bic,model,alpha,alpha_rec,gamma,gamma_rec,beta,beta_rec,b_last,b_last_rec,nll_rec
59-attributes,33.386795889275135,83.71001779693931,pt_b-last,0.5464024784840255,0.47999405584373545,0.5261915195907781,0.414777983382751,7.7803379923006215,14.894006699963589,0.037516053341419324,0.03584600336032722,29.695607589483267
