subject,nll,bic,model,alpha,alpha_rec,gamma,gamma_rec,beta,beta_rec,b_last,b_last_rec,nll_rec
149-alternatives,2.079074603156211,20.976919683876286,pt_b-last,0.0,0.0,0.5646632312363097,0.5646632191673232,200.0,200.0,0.04769956220387821,0.04769955569698943,2.079074603156571
