subject,nll,bic,model,alpha,alpha_rec,gamma,gamma_rec,beta,beta_rec,b_last,b_last_rec,nll_rec
153-attributes,22.39759665292593,61.7891742740493,pt_b-last,0.8110186324867954,0.8218948377636054,0.6616661422994844,0.6447755869367187,7.891586389629057,8.468523092457003,0.08547401215845744,0.10114821171873564,20.922521385517317
