subject,nll,bic,model,alpha,alpha_rec,gamma,gamma_rec,beta,beta_rec,b_last,b_last_rec,nll_rec
176-alternatives,22.378290088239442,61.750561144676325,pt_b-last,0.22210961042607177,0.2354491586798165,0.36101704626421305,0.41530156874310314,85.23223287490107,76.13366451863388,0.005201251837954476,0.0002668236043599078,19.85902712913779
