subject,nll,bic,model,alpha,alpha_rec,gamma,gamma_rec,beta,beta_rec,b_last,b_last_rec,nll_rec
53-attributes,18.26992139707628,53.533823762349996,pt_b-last,0.3354975880711914,0.2772432202405776,0.5952201093854306,0.5043147452854243,30.351969193651893,102.53704536584353,0.00018457357420996272,-0.008783908631164792,10.511451861424264
