subject,nll,bic,model,alpha,alpha_rec,gamma,gamma_rec,beta,beta_rec,b_last,b_last_rec,nll_rec
1-attributes,34.34128498175037,85.67655093169817,pt_b-last,0.483182408114133,0.30106392075392907,0.578801474840179,0.43712536460958756,8.199405294511235,23.299398594644444,0.028540865639919713,0.018532876386093806,31.19994132370491
