subject,nll,bic,model,alpha,alpha_rec,gamma,gamma_rec,beta,beta_rec,b_last,b_last_rec,nll_rec
140-attributes,21.079150941706178,59.1522828516098,pt_b-last,0.38160006782309897,0.27726975585805175,1.0,1.0,9.882873047949188,9.416908303518067,-0.012202351124382714,-0.008603890724518075,22.315914410182625
