subject,nll,bic,model,alpha,alpha_rec,gamma,gamma_rec,beta,beta_rec,b_last,b_last_rec,nll_rec
79-attributes,20.94509837339275,58.88417771498294,pt_b-last,0.33852881881806357,0.26247671143986206,1.0,0.5672433780041753,10.273240885981119,36.24495828936093,-0.05690989155814734,-0.022033813466333305,18.59453459735516
