subject,nll,bic,model,alpha,alpha_rec,gamma,gamma_rec,beta,beta_rec,b_last,b_last_rec,nll_rec
114-attributes,14.706376317441265,46.40673360307997,pt_b-last,0.2777758562520052,0.2767793271624101,0.4501349681861395,0.39837266925387116,74.07168166294635,200.0,2.2388105780800087e-05,-0.0017840086462283778,8.338077966540105
