subject,nll,bic,model,alpha,alpha_rec,gamma,gamma_rec,beta,beta_rec,b_last,b_last_rec,nll_rec
62-alternatives,27.07873357463083,71.1514481174591,pt_b-last,0.30710452762736024,0.2576401247148422,0.5398112050803685,0.4914995369124523,22.607475341272085,36.77897740136132,-0.0029903765190925622,0.000949091064066543,24.062641217864527
