subject,nll,bic,model,alpha,alpha_rec,gamma,gamma_rec,beta,beta_rec,b_last,b_last_rec,nll_rec
102-alternatives,25.524247969069744,68.04247690633693,pt_b-last,0.7701107712710373,0.46659256561132134,1.0,0.6786933422659065,5.1909008438313435,11.509932639684417,0.07716377068137366,0.07568075782726019,25.569905514426342
