subject,nll,bic,model,alpha,alpha_rec,gamma,gamma_rec,beta,beta_rec,b_last,b_last_rec,nll_rec
29-alternatives,34.62468136504589,86.24334369828921,pt_b-last,0.3719306507693502,0.3185362663865848,0.6993996572955221,0.6702804288723535,8.244069291429303,8.279811399532504,-0.05219273741850612,-0.05617831829764568,36.20865785545704
