subject,nll,bic,model,alpha,alpha_rec,gamma,gamma_rec,beta,beta_rec,b_last,b_last_rec,nll_rec
47-alternatives,-6.646622815043863e-05,16.93629308593274,pt_b-last,0.0,0.0,1.0,1.0,199.99943328580136,199.99943328580136,0.01862982400406968,0.01862982400406968,-6.646622815043863e-05
