subject,nll,bic,model,alpha,alpha_rec,gamma,gamma_rec,beta,beta_rec,b_last,b_last_rec,nll_rec
12-attributes,32.22010451465805,81.37663504770514,pt_b-last,0.547994431015596,0.4854933222551077,1.0,1.0,4.514085510607996,8.869710705386835,0.034687492171189334,-0.04833245018755681,21.54359971456338
