subject,nll,bic,model,alpha,alpha_rec,gamma,gamma_rec,beta,beta_rec,b_last,b_last_rec,nll_rec
3-alternatives,23.305147585647855,63.60427613949315,pt_b-last,0.3155795772466302,0.3091257755265228,0.6236701407545294,0.6361054059174235,21.36433932997749,20.889140130768318,-0.010794002250453238,-0.011054097520163278,23.121098007729397
