subject,nll,bic,model,alpha,alpha_rec,gamma,gamma_rec,beta,beta_rec,b_last,b_last_rec,nll_rec
197-attributes,-6.792161341693337e-05,16.877894977477595,pt_b-last,0.00042137153006915895,0.00042137153006915895,0.9993439456891933,0.9993439456891933,199.98965361532788,199.98965361532788,0.0004431563663007676,0.0004431563663007676,-6.792161341693337e-05
