subject,nll,bic,model,alpha,alpha_rec,gamma,gamma_rec,beta,beta_rec,b_last,b_last_rec,nll_rec
146-attributes,21.668974851989503,60.33193067217644,pt_b-last,0.5232567466534493,0.3369827228732895,1.0,0.7124259884923997,8.475708526082077,17.73205719347969,-0.01512777972401334,0.0009434663026387324,21.108710019795893
