subject,nll,bic,model,alpha,alpha_rec,gamma,gamma_rec,beta,beta_rec,b_last,b_last_rec,nll_rec
160-attributes,27.578678164113235,72.09378234661551,pt_b-last,0.31833419707250804,0.32757811614050325,0.48943009240819985,0.43477404064905684,21.46099117748274,25.384428534431052,0.032558892325642984,0.018768883804936996,28.30066706745196
