subject,nll,bic,model,alpha,alpha_rec,gamma,gamma_rec,beta,beta_rec,b_last,b_last_rec,nll_rec
80-attributes,17.996720089124395,52.98742114644622,pt_b-last,0.7555421646097995,0.4727733993441833,0.8047517342795767,0.5327400887047278,10.545666385791664,28.741579598787588,0.017038959598331526,-0.012320411423807728,17.492941192304933
