subject,nll,bic,model,alpha,alpha_rec,gamma,gamma_rec,beta,beta_rec,b_last,b_last_rec,nll_rec
174-attributes,20.738434630772545,58.470850229742524,pt_b-last,0.5934180646075077,0.6463873034183946,0.6175651463517683,0.6563665501855213,14.694308195488988,18.56114036406957,-0.05074236973585233,-0.03310598437728541,15.502594027328955
