subject,nll,bic,model,alpha,alpha_rec,gamma,gamma_rec,beta,beta_rec,b_last,b_last_rec,nll_rec
18-attributes,18.408116905494904,53.81021477918725,pt_b-last,0.977502130555697,0.932125400309479,1.0,0.9454827769796897,6.595459386338929,9.582253432255687,0.026146963157694363,-0.02270870850913833,14.807810143803213
