subject,nll,bic,model,alpha,alpha_rec,gamma,gamma_rec,beta,beta_rec,b_last,b_last_rec,nll_rec
100-alternatives,27.835143009881005,72.66426698795945,pt_b-last,0.5714762685508062,0.6067597605232375,1.0,1.0,5.826178768295681,12.278724562256443,0.04959366631991979,0.000991697412166681,15.314610907364928
