subject,nll,bic,model,alpha,alpha_rec,gamma,gamma_rec,beta,beta_rec,b_last,b_last_rec,nll_rec
159-alternatives,23.578579228598645,64.15113942539473,pt_b-last,0.6358065373661813,0.4589794080747088,0.6562185750548208,0.5656674852441484,10.631946634203894,30.995355157137798,0.051230879832819154,0.00702297354050843,15.368919360344426
