subject,nll,bic,model,alpha,alpha_rec,gamma,gamma_rec,beta,beta_rec,b_last,b_last_rec,nll_rec
84-alternatives,35.65737413814593,88.3087292444893,pt_b-last,0.6413120560308289,0.546408325659919,0.7849987460142335,1.0,4.344473979954402,4.210247411979674,-0.0777001187924915,-0.10013756211373648,34.77716553877847
