subject,nll,bic,model,alpha,alpha_rec,gamma,gamma_rec,beta,beta_rec,b_last,b_last_rec,nll_rec
97-attributes,21.70511883592939,60.404218640056214,pt_b-last,0.5367227300889259,0.5640348413444689,1.0,1.0,8.384358038818268,9.54110093347141,-0.05062924906126853,-0.14106753853235254,18.686875927704016
