subject,nll,bic,model,alpha,alpha_rec,gamma,gamma_rec,beta,beta_rec,b_last,b_last_rec,nll_rec
28-alternatives,19.963456687488595,56.92089434317462,pt_b-last,0.44237869494453147,0.41247228368017136,0.5785180593161942,0.5863496668350404,22.459969230814316,20.472990092026457,0.0009142482384117641,0.0013783160445305061,22.197178236866847
