subject,nll,bic,model,alpha,alpha_rec,gamma,gamma_rec,beta,beta_rec,b_last,b_last_rec,nll_rec
87-attributes,23.470188458680905,63.93435788555925,pt_b-last,0.27879494089614437,0.3298179651141202,0.6671516675343478,0.6533225650631136,17.728099432629662,20.95111268194585,-0.01336535790802711,-0.006332239483754694,21.395953424071518
