subject,nll,bic,model,alpha,alpha_rec,gamma,gamma_rec,beta,beta_rec,b_last,b_last_rec,nll_rec
0-attributes,39.23846601727931,95.47091300275605,pt_b-last,0.2470721900474884,0.23874908073398446,0.3404105631754139,0.303948265372433,25.878928726721686,47.84626066463768,-0.001275919557674297,-0.003486114858633001,34.54076972984527
