subject,nll,bic,model,alpha,alpha_rec,gamma,gamma_rec,beta,beta_rec,b_last,b_last_rec,nll_rec
188-attributes,20.68631894202617,58.36661885224977,pt_b-last,1.247949967972071,1.290880662471885,1.0,1.0,3.3081747916224606,2.6684412432470035,0.13455385191589747,0.15892636924978587,21.891218339561004
