subject,nll,bic,model,alpha,alpha_rec,gamma,gamma_rec,beta,beta_rec,b_last,b_last_rec,nll_rec
68-attributes,29.768624528694097,76.53123002558563,pt_b-last,1.779909757874657,1.587443322979541,0.5010409666309529,0.5962569842385078,0.4417688731220715,0.5945094517927458,1.0,1.0,30.60081833541003
