subject,nll,bic,model,alpha,alpha_rec,gamma,gamma_rec,beta,beta_rec,b_last,b_last_rec,nll_rec
180-alternatives,27.065590510949903,71.12516199009724,pt_b-last,0.23912323850707032,0.3131913346263906,0.4592510548714863,0.5797777875800098,32.17530515830801,19.3666016275084,0.01876179629463749,0.03875006516019038,25.61618172070323
