subject,nll,bic,model,alpha,alpha_rec,gamma,gamma_rec,beta,beta_rec,b_last,b_last_rec,nll_rec
133-alternatives,17.266039292564155,51.468504603517346,pt_b-last,0.3021998778196993,0.2650893852057646,0.6085165829037895,0.5281567509150848,33.597472968194865,102.19586745024006,-0.018908519912297733,-0.010120518214458429,11.399272244538938
