subject,nll,bic,model,alpha,alpha_rec,gamma,gamma_rec,beta,beta_rec,b_last,b_last_rec,nll_rec
124-alternatives,15.982388813480247,48.95875859515793,pt_b-last,1.0715853248723015,1.0986044738962513,0.8750359780319007,0.9969663079700214,7.75355432188936,5.970938499784501,0.07328443129470741,0.11665104269339824,17.670596879784764
