subject,nll,bic,model,alpha,alpha_rec,gamma,gamma_rec,beta,beta_rec,b_last,b_last_rec,nll_rec
107-alternatives,42.43576137741629,101.80794877322163,pt_b-last,0.05167977050006473,0.3860302478617453,0.28817255423084737,1.0,27.37517078653071,5.387910490479676,0.010776570975232378,0.12096896052754884,30.381065799078293
