subject,nll,bic,model,alpha,alpha_rec,gamma,gamma_rec,beta,beta_rec,b_last,b_last_rec,nll_rec
89-attributes,42.67307663293993,102.3401342340773,pt_b-last,0.6645692105389095,1.7928235255453013,0.3799649817921229,0.7697646809435417,3.4239074107549747,0.15831707893369945,0.1129555002577515,1.0,42.33244762244743
