subject,nll,bic,model,alpha,alpha_rec,gamma,gamma_rec,beta,beta_rec,b_last,b_last_rec,nll_rec
31-attributes,41.11236752808027,99.21871602435797,pt_b-last,0.642058608745892,0.3831529956326109,0.46432332819314986,0.3045876982061843,3.607808702575574,13.873351763832545,0.09944448341131679,0.012222094713187978,42.92499852971999
