subject,nll,bic,model,alpha,alpha_rec,gamma,gamma_rec,beta,beta_rec,b_last,b_last_rec,nll_rec
148-alternatives,20.479334761725326,57.952650491648086,pt_b-last,0.48778662244942683,0.33055573739981337,1.0,0.6778518634645806,9.452880832266008,33.01054883265413,0.03835489408699315,0.007002068646758363,14.529434024991561
