subject,nll,bic,model,alpha,alpha_rec,gamma,gamma_rec,beta,beta_rec,b_last,b_last_rec,nll_rec
112-alternatives,6.832075408835333,30.658131785868104,pt_b-last,0.2502394419919477,0.25300512273354436,0.47045681991814237,0.4786673173233172,200.0,200.0,0.005049742264467519,3.9684412549456886e-07,7.977772629697895
