subject,nll,bic,model,alpha,alpha_rec,gamma,gamma_rec,beta,beta_rec,b_last,b_last_rec,nll_rec
137-alternatives,9.761651487180954,36.517283942559345,pt_b-last,1.4464935588931458,2.883134281982403,0.28,1.0,7.622630689486554,0.28589030080803723,0.10783068765321367,1.0,9.7934564999382
