subject,nll,bic,model,alpha,alpha_rec,gamma,gamma_rec,beta,beta_rec,b_last,b_last_rec,nll_rec
23-alternatives,21.181024479815328,59.35602992782809,pt_b-last,0.5553102880706323,0.3083903151639882,1.0,0.580654306350141,8.822544729384072,25.095937054782933,-0.04746426842225369,-0.02010120102262153,23.133624336471243
