subject,nll,bic,model,alpha,alpha_rec,gamma,gamma_rec,beta,beta_rec,b_last,b_last_rec,nll_rec
114-alternatives,8.141462860872613,33.27690668994266,pt_b-last,0.24601790747335342,0.24639957738958,0.43369216860610427,0.45206124567448214,199.9945078773955,200.0,0.00613259917319478,0.007331851052477563,5.579911825561598
