subject,nll,bic,model,alpha,alpha_rec,gamma,gamma_rec,beta,beta_rec,b_last,b_last_rec,nll_rec
21-alternatives,19.30318313289728,55.600347233992,pt_b-last,1.0411617637736814,0.9859877829308421,1.0,0.9906091529153352,5.86296472041524,6.17110797684447,-0.02689116536071124,-0.02526392982664042,19.489262971472467
