subject,nll,bic,model,alpha,alpha_rec,gamma,gamma_rec,beta,beta_rec,b_last,b_last_rec,nll_rec
43-alternatives,27.729679967947636,72.45334090409271,pt_b-last,0.5310870963411021,0.47613628306606504,1.0,0.6695069753620618,6.122926242728856,13.410975899525209,0.0483318253364729,0.0516792302670332,23.627533212081314
