subject,nll,bic,model,alpha,alpha_rec,gamma,gamma_rec,beta,beta_rec,b_last,b_last_rec,nll_rec
142-attributes,11.57263569358607,40.13925235536958,pt_b-last,0.33312436846538535,0.4106408720363082,0.45652340106598266,0.5864935821306599,79.19576877273039,58.508900309264135,0.003593405299153534,-0.008277015785666213,7.221619941830155
