subject,nll,bic,model,alpha,alpha_rec,gamma,gamma_rec,beta,beta_rec,b_last,b_last_rec,nll_rec
86-alternatives,11.281269387496272,39.55651974318998,pt_b-last,0.12793585789004933,0.20073350150671937,0.9049386077193294,1.0,19.336088626924177,27.319179201788423,-0.025822297899111467,-0.02051350571078786,5.808287046723682
