subject,nll,bic,model,alpha,alpha_rec,gamma,gamma_rec,beta,beta_rec,b_last,b_last_rec,nll_rec
104-alternatives,31.338203386248455,79.43502574060261,pt_b-last,0.3052944756837428,0.29284554210980873,0.44041816808832596,0.5082146115855678,21.964655782996907,18.748759833879344,-0.008861674621215882,-0.022698593657757265,30.293366355251095
