subject,nll,bic,model,alpha,alpha_rec,gamma,gamma_rec,beta,beta_rec,b_last,b_last_rec,nll_rec
39-alternatives,27.045439110736144,71.08485918966973,pt_b-last,1.1526102497269113,1.0819579212881396,0.9224289250694012,1.0,2.2374162642216353,4.368364726973297,0.35410825150272895,0.26341454459815294,20.339431142264413
