subject,nll,bic,model,alpha,alpha_rec,gamma,gamma_rec,beta,beta_rec,b_last,b_last_rec,nll_rec
133-attributes,13.914956051156931,44.7663381207029,pt_b-last,0.23663224804297034,0.2298919642033931,0.49998843591778414,0.47306363688980224,94.88171536622036,118.5259755289224,-0.002301654045222114,-0.0019245673479738224,13.315730505205671
