subject,nll,bic,model,alpha,alpha_rec,gamma,gamma_rec,beta,beta_rec,b_last,b_last_rec,nll_rec
171-alternatives,34.35819349934806,85.65281301708517,pt_b-last,0.4700015156048075,0.4115363108788192,0.36838581360625544,0.30441997780831803,13.53252068712539,17.1500979411229,0.03773344811086805,0.034409927749456906,37.42706649185149
