subject,nll,bic,model,alpha,alpha_rec,gamma,gamma_rec,beta,beta_rec,b_last,b_last_rec,nll_rec
65-attributes,18.80152211505197,54.59702519830138,pt_b-last,0.5132512596012603,0.6404016025053056,0.8000349317439156,1.0,13.63030834194282,14.862727962761886,0.0005133443481346006,0.03605497993471879,12.172076719192683
