subject,nll,bic,model,alpha,alpha_rec,gamma,gamma_rec,beta,beta_rec,b_last,b_last_rec,nll_rec
195-attributes,19.307888334701257,55.609757637599955,pt_b-last,0.3526907109749819,0.29741501540535,1.0,1.0,11.063861547674271,14.060493498915035,-0.012411039552259213,0.002056397421791231,15.011657348716984
