subject,nll,bic,model,alpha,alpha_rec,gamma,gamma_rec,beta,beta_rec,b_last,b_last_rec,nll_rec
53-alternatives,20.026977128834197,57.04793522586583,pt_b-last,0.5304849835396653,0.6094462473767779,0.8836441427733589,1.0,11.239046416118665,17.62691902758183,-0.011908659272844244,-0.032294940850513154,11.217600521997559
