subject,nll,bic,model,alpha,alpha_rec,gamma,gamma_rec,beta,beta_rec,b_last,b_last_rec,nll_rec
175-alternatives,16.596278738148587,50.186538444494616,pt_b-last,1.0960452664278715,0.9536046699820366,1.0,0.7645823447416676,6.671061418882746,23.09720684484621,0.08436113982719436,0.06418226874709594,9.352087450061966
