subject,nll,bic,model,alpha,alpha_rec,gamma,gamma_rec,beta,beta_rec,b_last,b_last_rec,nll_rec
115-attributes,8.400801486838132,33.7955839418737,pt_b-last,0.915896340339719,0.5098355025667233,1.0,0.5851867431805107,18.344448983202675,200.0,2.461297369147412e-08,-0.002964513753974837,4.8097013224637895
