subject,nll,bic,model,alpha,alpha_rec,gamma,gamma_rec,beta,beta_rec,b_last,b_last_rec,nll_rec
111-alternatives,28.290915945701915,73.57581285960127,pt_b-last,1.095451258136898,0.9875017628789409,0.7762031774577915,0.6639975542853839,2.6980401709769373,2.971953819868707,-0.06310284293561723,-0.10777281734479288,31.197610942697914
