subject,nll,bic,model,alpha,alpha_rec,gamma,gamma_rec,beta,beta_rec,b_last,b_last_rec,nll_rec
95-alternatives,29.80292016145683,76.5998212911111,pt_b-last,0.309457989763487,0.3139359527176354,0.3183284909605683,0.28,45.69901442460386,47.92570070629067,-0.0046682488458805555,0.000970149811039477,32.700729148748344
