subject,nll,bic,model,alpha,alpha_rec,gamma,gamma_rec,beta,beta_rec,b_last,b_last_rec,nll_rec
196-alternatives,29.866167745446255,76.72631645908994,pt_b-last,0.9862752675386526,0.702105865120268,1.0,0.7742573647909778,2.8969880737267855,4.743423452588344,0.08486393618160809,0.1123956619916377,31.21390153151115
