subject,nll,bic,model,alpha,alpha_rec,gamma,gamma_rec,beta,beta_rec,b_last,b_last_rec,nll_rec
83-attributes,22.061240354500793,61.11646167719903,pt_b-last,0.5427205882063834,0.5113764790204809,1.0,1.0,8.169821278109522,16.250371984589222,-0.068671234266727,-0.03278075034634777,12.188301606396491
