subject,nll,bic,model,alpha,alpha_rec,gamma,gamma_rec,beta,beta_rec,b_last,b_last_rec,nll_rec
36-alternatives,63.18001642357754,146.0690475877839,pt_b-last,0.2868786389647047,0.35734018641984644,0.5030143059352047,0.5205532822810317,18.86503265995941,13.285036698942884,0.012835516788743605,0.017672007425538695,67.45489388587563
