subject,nll,bic,model,alpha,alpha_rec,gamma,gamma_rec,beta,beta_rec,b_last,b_last_rec,nll_rec
161-alternatives,8.130907723368896,33.25579641493523,pt_b-last,0.2915370825473208,0.27328662746735966,0.6252256929270247,0.5783201174559529,89.24997307105428,159.52406305025883,0.01385163722280412,0.010101923553399245,6.776463973687464
