subject,nll,bic,model,alpha,alpha_rec,gamma,gamma_rec,beta,beta_rec,b_last,b_last_rec,nll_rec
57-attributes,22.768597020067595,62.531175008332625,pt_b-last,0.4005989823712577,0.40589253816758436,0.48180665689300445,0.5084289394930205,26.91029971530314,21.308644106795064,-0.014751229122273406,0.0008863380414068621,25.04360698472546
