subject,nll,bic,model,alpha,alpha_rec,gamma,gamma_rec,beta,beta_rec,b_last,b_last_rec,nll_rec
0-alternatives,26.309985700778547,69.61395236975453,pt_b-last,0.304595061895959,0.3544123795859841,0.4002440824601038,0.4350132973257796,39.43842799123423,35.84318693719233,0.004233921361834463,0.004681031492410878,23.06580529180882
