subject,nll,bic,model,alpha,alpha_rec,gamma,gamma_rec,beta,beta_rec,b_last,b_last_rec,nll_rec
139-attributes,27.79861586218186,72.53365774275277,pt_b-last,1.0524192322817654,1.0195223395727195,1.0,1.0,2.8269284602287192,3.7413392859924697,-0.011144683315478823,-0.04392209836094359,24.788651281871118
