subject,nll,bic,model,alpha,alpha_rec,gamma,gamma_rec,beta,beta_rec,b_last,b_last_rec,nll_rec
143-alternatives,29.989600014797944,76.97318099779332,pt_b-last,0.9637410017455784,0.6784315237236762,1.0,0.6880806240026398,2.588772742025161,4.938843324045969,0.2825264104088206,0.08702869965364685,32.87576543639864
