subject,nll,bic,model,alpha,alpha_rec,gamma,gamma_rec,beta,beta_rec,b_last,b_last_rec,nll_rec
128-attributes,39.0768281291443,95.09008227667765,pt_b-last,0.5056293386423031,0.8326451493802449,0.8615508032744196,1.0,3.5404993059798597,2.549642400199464,-0.1198741342238056,-0.11042169980120942,35.00169032909546
