subject,nll,bic,model,alpha,alpha_rec,gamma,gamma_rec,beta,beta_rec,b_last,b_last_rec,nll_rec
44-attributes,12.283695519399926,41.56137200699729,pt_b-last,0.33077916167271315,0.30545766010344005,0.8298130709495445,0.7801621032419579,24.51600745752705,74.20904737869112,-0.02178647711265034,8.835662554452493e-08,4.803329465532946
