subject,nll,bic,model,alpha,alpha_rec,gamma,gamma_rec,beta,beta_rec,b_last,b_last_rec,nll_rec
58-alternatives,31.045222134406607,78.84906323691891,pt_b-last,0.5738301956589725,0.711012532569353,1.0,0.9114530890792101,4.575047194065952,4.526174524808561,0.020752646822794544,0.014237917746336063,29.951047697769965
