subject,nll,bic,model,alpha,alpha_rec,gamma,gamma_rec,beta,beta_rec,b_last,b_last_rec,nll_rec
138-alternatives,-6.999996499426464e-05,16.99384096826745,pt_b-last,4.331141999587702,4.331141999587702,0.4110224781867955,0.4110224781867955,32.68588995081025,32.68588995081025,0.7680023223260624,0.7680023223260624,-6.999996499426464e-05
