subject,nll,bic,model,alpha,alpha_rec,gamma,gamma_rec,beta,beta_rec,b_last,b_last_rec,nll_rec
126-attributes,28.046780540046747,73.08754204829093,pt_b-last,0.5504847020917379,0.33517408493224166,1.0,0.6058485526072067,5.789429814795529,21.262066680449784,0.006893358443835385,0.0071078999127322795,23.12529156262362
