subject,nll,bic,model,alpha,alpha_rec,gamma,gamma_rec,beta,beta_rec,b_last,b_last_rec,nll_rec
94-alternatives,24.567939234643095,66.12985943748363,pt_b-last,0.9586398554699672,0.9849754701162491,1.0,1.0,4.321485335781579,4.229203481908731,0.09126208082722495,0.004469685846774171,24.783739148682574
