subject,nll,bic,model,alpha,alpha_rec,gamma,gamma_rec,beta,beta_rec,b_last,b_last_rec,nll_rec
60-alternatives,21.977194579008344,60.94837012621413,pt_b-last,0.23687541162526737,0.24348766068032443,0.4631845610355518,0.4851854037909454,49.80111405565532,36.49759389584937,0.006106457671922874,0.004485176986197374,24.606336402740773
