subject,nll,bic,model,alpha,alpha_rec,gamma,gamma_rec,beta,beta_rec,b_last,b_last_rec,nll_rec
95-attributes,24.922883035228008,66.83974703865346,pt_b-last,0.5558659866783252,0.30499809750910417,0.565444401627753,0.31738009310719356,13.128129369964892,51.85956585423085,0.02934621706996748,0.024734788313584055,23.644656268268793
