subject,nll,bic,model,alpha,alpha_rec,gamma,gamma_rec,beta,beta_rec,b_last,b_last_rec,nll_rec
99-attributes,29.737110018718507,76.46820100563446,pt_b-last,0.5922513367894857,0.8302009970297229,0.822310300339696,1.0,6.11893615607836,2.9714387502617807,0.039190703325871726,0.07736296712553872,32.45683514071168
