subject,nll,bic,model,alpha,alpha_rec,gamma,gamma_rec,beta,beta_rec,b_last,b_last_rec,nll_rec
194-alternatives,33.276676973260926,83.54733491471929,pt_b-last,1.095334066904129,1.2679065206885054,1.0,0.797435399364741,1.589208081073057,1.4796791868370327,0.3797942291110146,0.6143745219944576,27.830022413270388
