subject,nll,bic,model,alpha,alpha_rec,gamma,gamma_rec,beta,beta_rec,b_last,b_last_rec,nll_rec
127-attributes,28.714370872302013,74.36516776299307,pt_b-last,0.4075183095359585,0.6307352923009506,0.41211730655915213,0.4832068977951949,21.176269561348853,11.246092267783535,0.004379076569590104,0.005593168052099677,26.232612920144522
