subject,nll,bic,model,alpha,alpha_rec,gamma,gamma_rec,beta,beta_rec,b_last,b_last_rec,nll_rec
46-attributes,21.550063479227596,60.094107926652626,pt_b-last,0.2894061537857986,0.2561673284872616,0.45293684508917476,0.40922330928395284,44.526020360079976,72.68450353312194,-0.0030803391635188747,-0.013693510969990934,18.794506222069565
