subject,nll,bic,model,alpha,alpha_rec,gamma,gamma_rec,beta,beta_rec,b_last,b_last_rec,nll_rec
5-alternatives,14.853671884738265,46.70132473767397,pt_b-last,1.9735175546410215,1.6900755208090112,0.6880829516207287,0.5697258689930645,0.8510903895929629,1.428828262396551,1.0,1.0,14.3826175250705
