subject,nll,bic,model,alpha,alpha_rec,gamma,gamma_rec,beta,beta_rec,b_last,b_last_rec,nll_rec
78-attributes,19.13676401184835,55.26750899189413,pt_b-last,0.9364411035841381,0.5267844328903115,1.0,0.6032608431788743,6.383217977574713,38.987840584479315,0.07738508473382112,0.014795011273010344,10.802170508180238
