subject,nll,bic,model,alpha,alpha_rec,gamma,gamma_rec,beta,beta_rec,b_last,b_last_rec,nll_rec
40-attributes,19.917310822462706,56.77104766331445,pt_b-last,0.9062856288259241,0.9069826475279744,0.9811000521520401,1.0,6.296914914804563,3.513375138902288,0.049074479481824654,0.03196335813565115,28.178773017483906
