subject,nll,bic,model,alpha,alpha_rec,gamma,gamma_rec,beta,beta_rec,b_last,b_last_rec,nll_rec
115-alternatives,12.984093123395146,42.96216721498773,pt_b-last,0.6652957954565658,0.8489198636933253,0.7588626139823839,1.0,18.210876719518968,13.39905496567084,0.027069033348423865,0.08425201046059726,10.610099608059876
