subject,nll,bic,model,alpha,alpha_rec,gamma,gamma_rec,beta,beta_rec,b_last,b_last_rec,nll_rec
189-alternatives,21.127269000886496,59.19096402016203,pt_b-last,0.42113682898283694,0.357962099889993,0.7251100081179376,0.6056830483672498,15.25324857213863,26.654828581434703,-0.0020159346279745223,-0.014343017222965593,18.50828168927953
