subject,nll,bic,model,alpha,alpha_rec,gamma,gamma_rec,beta,beta_rec,b_last,b_last_rec,nll_rec
1-alternatives,27.58084453888783,72.1556700459731,pt_b-last,0.4091537414543364,0.6251798328980053,0.5280587121752814,0.758295490489156,15.89207535036428,9.487968212253119,0.05081667100273714,0.045335624143675896,23.297697541166325
