subject,nll,bic,model,alpha,alpha_rec,gamma,gamma_rec,beta,beta_rec,b_last,b_last_rec,nll_rec
134-alternatives,26.66813710124577,70.33025517068897,pt_b-last,0.8633505544023007,0.5598990284629694,1.0,0.6606091743354362,4.40345526928865,13.39640129001609,0.007352100949565646,0.012300350353300864,22.166395727164957
