subject,nll,bic,model,alpha,alpha_rec,gamma,gamma_rec,beta,beta_rec,b_last,b_last_rec,nll_rec
16-attributes,22.446845892098402,61.88767275239424,pt_b-last,0.5279538370437586,0.5329385402428679,1.0,1.0,8.013695238403553,8.783857783955332,0.0205015258651412,0.019461256353070003,20.775106110992247
