subject,nll,bic,model,alpha,alpha_rec,gamma,gamma_rec,beta,beta_rec,b_last,b_last_rec,nll_rec
122-attributes,28.48264820290733,73.9592773740121,pt_b-last,0.49213197758726207,0.401372652060911,0.6582950925185429,0.5719530788746049,10.316983933648434,14.481017020285805,-0.007832152171579182,0.0021830691267632615,28.91470797866771
