subject,nll,bic,model,alpha,alpha_rec,gamma,gamma_rec,beta,beta_rec,b_last,b_last_rec,nll_rec
41-alternatives,45.97062526758864,108.8192813558817,pt_b-last,0.6102010892194917,1.4370059853559662,0.8600290515284463,0.28,0.717480198874524,0.5660736755444633,-0.4069856052276729,-0.6645902652196535,43.60196389016988
