subject,nll,bic,model,alpha,alpha_rec,gamma,gamma_rec,beta,beta_rec,b_last,b_last_rec,nll_rec
65-alternatives,11.924570893847495,40.84312275589242,pt_b-last,0.5922768957925988,0.5535127152139598,1.0,1.0,16.9152700026904,20.61327959398833,0.015969873803601077,-0.029416746459979982,10.342152715885852
