subject,nll,bic,model,alpha,alpha_rec,gamma,gamma_rec,beta,beta_rec,b_last,b_last_rec,nll_rec
197-alternatives,2.2340347546826402,21.40449552775432,pt_b-last,0.07177463773752235,0.07177477329546457,0.43693929574212304,0.4369392017588029,200.0,200.0,0.015259693511701845,0.015259647401272839,2.2340347546842216
