subject,nll,bic,model,alpha,alpha_rec,gamma,gamma_rec,beta,beta_rec,b_last,b_last_rec,nll_rec
145-attributes,16.540002086441245,50.07398514107993,pt_b-last,0.738489373654472,0.7950813809544368,1.0,1.0,9.226088152830014,7.161087526104694,0.04295931088774209,0.0006829808291692296,19.592468054475134
