subject,nll,bic,model,alpha,alpha_rec,gamma,gamma_rec,beta,beta_rec,b_last,b_last_rec,nll_rec
125-attributes,13.470562169923584,43.935105308044605,pt_b-last,0.30844736095747344,0.2510892226324563,0.6040396642628526,0.5044493719078996,49.46436853850053,182.19235488256575,0.00940475208379812,-0.003138969047956156,10.226182159974668
