subject,nll,bic,model,alpha,alpha_rec,gamma,gamma_rec,beta,beta_rec,b_last,b_last_rec,nll_rec
57-alternatives,21.846786154027008,60.68755327625145,pt_b-last,0.38662650143333865,0.5855873134763655,0.5179403793974922,0.576924158876739,26.822269378679835,22.050149371318504,0.001012843278929723,-0.04258991177188161,16.52887519053948
