subject,nll,bic,model,alpha,alpha_rec,gamma,gamma_rec,beta,beta_rec,b_last,b_last_rec,nll_rec
144-attributes,30.45130621244866,77.89659339309476,pt_b-last,0.8669516198608717,0.7435130850343215,0.7613442843929831,0.5714648363141505,3.8490136434684583,6.391021137282679,0.008414519666896816,0.12295135340535353,27.144293496578406
