subject,nll,bic,model,alpha,alpha_rec,gamma,gamma_rec,beta,beta_rec,b_last,b_last_rec,nll_rec
136-alternatives,24.484961248149904,65.96390346449725,pt_b-last,0.545996599134653,0.6238494508250917,1.0,1.0,7.401759016879626,6.134620735817498,-0.028201058298446078,0.047459098098818014,25.88928407056006
