subject,nll,bic,model,alpha,alpha_rec,gamma,gamma_rec,beta,beta_rec,b_last,b_last_rec,nll_rec
49-alternatives,10.974040368556324,38.94206170531008,pt_b-last,0.2832026386855352,0.29824846588808573,0.7182388462581655,1.0,39.66931212323109,200.0,-0.00710507427222551,0.018861558568637353,1.387840190320514
