subject,nll,bic,model,alpha,alpha_rec,gamma,gamma_rec,beta,beta_rec,b_last,b_last_rec,nll_rec
172-attributes,18.058042048539022,53.11006506527548,pt_b-last,0.8350267253399664,0.7426468597093996,0.29242739814962027,0.28,22.260598164446503,87.19983699664198,0.017123780713031708,-0.0037586128424560365,9.36761149838104
