subject,nll,bic,model,alpha,alpha_rec,gamma,gamma_rec,beta,beta_rec,b_last,b_last_rec,nll_rec
94-attributes,30.156563253876786,77.30710747595101,pt_b-last,0.5662226281149132,0.5365570272692297,0.579174956375775,0.529774144896817,9.228803917650458,8.957683224082599,-0.02906049753108937,-0.004193507206359555,32.98439499888815
