subject,nll,bic,model,alpha,alpha_rec,gamma,gamma_rec,beta,beta_rec,b_last,b_last_rec,nll_rec
124-attributes,21.493208023031293,59.98039701426002,pt_b-last,1.031803955800696,1.106367117844329,0.8167903080800625,0.9734206000231215,5.206816186710285,5.894593346884537,0.0007858262533281899,0.00012046439139583744,18.191918997570422
