subject,nll,bic,model,alpha,alpha_rec,gamma,gamma_rec,beta,beta_rec,b_last,b_last_rec,nll_rec
64-alternatives,27.027066552229705,71.04811407265684,pt_b-last,0.591526536389948,0.47804049152323674,1.0,1.0,5.889010315567483,12.374969617747286,0.0685800610309721,0.05228193882067052,15.970621686691947
