subject,nll,bic,model,alpha,alpha_rec,gamma,gamma_rec,beta,beta_rec,b_last,b_last_rec,nll_rec
182-alternatives,35.05718797127956,87.05080196094816,pt_b-last,0.9876149767387339,0.8660420665893759,0.9194954266736117,1.0,1.8456077267687725,3.2165784709650143,0.22752655893744675,0.1383091587053225,30.478897734537405
