subject,nll,bic,model,alpha,alpha_rec,gamma,gamma_rec,beta,beta_rec,b_last,b_last_rec,nll_rec
166-attributes,20.283157524127823,57.56029601645308,pt_b-last,2.0449005946600076,1.8213409707214083,1.0,0.9581643780597977,0.5028081802895186,0.6495374511200688,1.0,0.4916370325329763,23.354381324832865
