subject,nll,bic,model,alpha,alpha_rec,gamma,gamma_rec,beta,beta_rec,b_last,b_last_rec,nll_rec
141-alternatives,16.905982860556577,50.80594668931059,pt_b-last,0.21176461762200555,0.21124404548996023,0.4251414255801452,0.41415557018242855,94.43770110896155,120.02857726413582,-0.003732780591673642,-0.008756058772600208,14.476784850311047
