subject,nll,bic,model,alpha,alpha_rec,gamma,gamma_rec,beta,beta_rec,b_last,b_last_rec,nll_rec
10-alternatives,31.458083686647452,79.91014834149235,pt_b-last,0.49511471584113337,0.48365624806440827,0.6571955450832463,0.655718105313472,8.750873383481983,7.981535347275566,0.01806211683643046,0.03181445549188509,33.07437475473909
