subject,nll,bic,model,alpha,alpha_rec,gamma,gamma_rec,beta,beta_rec,b_last,b_last_rec,nll_rec
30-attributes,11.439214847084157,39.81485571255735,pt_b-last,0.3185963433709295,0.42007971866190275,0.7043117640643608,0.9085071007160017,39.53606951360875,16.01496187235966,-0.007242177199485475,-0.04125516889562182,14.933204921066794
