subject,nll,bic,model,alpha,alpha_rec,gamma,gamma_rec,beta,beta_rec,b_last,b_last_rec,nll_rec
150-alternatives,32.07648051043322,81.08938703925548,pt_b-last,0.5367735610580466,0.5030822718009953,0.4140876837187291,0.3038569994328091,10.780953186852164,16.80282217954121,0.054914398641611496,0.04180605264951997,33.23294783927701
