subject,nll,bic,model,alpha,alpha_rec,gamma,gamma_rec,beta,beta_rec,b_last,b_last_rec,nll_rec
123-alternatives,24.473812918505217,65.94160680520787,pt_b-last,1.143139103630092,1.0105217388474659,0.9647484212400417,0.773503019281221,3.3013839343254547,5.658114546891015,-0.03274198100801408,0.0016150789253028602,21.107630209785853
