subject,nll,bic,model,alpha,alpha_rec,gamma,gamma_rec,beta,beta_rec,b_last,b_last_rec,nll_rec
6-attributes,14.956094952562722,46.90617087332288,pt_b-last,0.4938430673510938,0.40449368142230596,1.0,0.8516001895904867,12.973506950800758,15.99462502153459,0.03418683194699404,0.025058783757654867,16.55997374892194
