subject,nll,bic,model,alpha,alpha_rec,gamma,gamma_rec,beta,beta_rec,b_last,b_last_rec,nll_rec
22-attributes,22.808219366632553,62.61041970146255,pt_b-last,0.3069636364556605,0.4406445954604859,0.6591732826026814,1.0,19.090726421066304,9.611205925834833,-0.013244767138526386,-0.062468708138960355,20.91459281695604
