subject,nll,bic,model,alpha,alpha_rec,gamma,gamma_rec,beta,beta_rec,b_last,b_last_rec,nll_rec
156-attributes,7.0661055082938145,31.126191984785066,pt_b-last,0.257312518878266,0.27543867940311667,0.4703740380793167,0.5003130263768045,199.98866296922088,200.0,0.004462577128714523,0.008206094890081997,4.846267073519937
