subject,nll,bic,model,alpha,alpha_rec,gamma,gamma_rec,beta,beta_rec,b_last,b_last_rec,nll_rec
176-attributes,33.44451514397891,83.88301125615526,pt_b-last,0.21386692726789158,0.10770132015918857,0.37042860049810067,0.28,29.038151996399282,85.51672728511436,0.02372708022904704,0.009909064440653733,28.556719234701728
