subject,nll,bic,model,alpha,alpha_rec,gamma,gamma_rec,beta,beta_rec,b_last,b_last_rec,nll_rec
106-attributes,35.80271685094581,88.59941467008905,pt_b-last,1.3465153561961618,1.6616557602263984,0.5465565381194387,0.45761976978786195,0.6905153314739053,0.6372191749054921,1.0,0.4363507703614064,29.77859740055743
