subject,nll,bic,model,alpha,alpha_rec,gamma,gamma_rec,beta,beta_rec,b_last,b_last_rec,nll_rec
177-alternatives,26.92473012388431,70.84344121596605,pt_b-last,0.6879376597460454,0.6808725410264417,0.7293696634560404,0.7169738105438062,6.902908921422296,16.30358810203002,0.08610170086644806,0.06586091708015562,14.871230004611592
