subject,nll,bic,model,alpha,alpha_rec,gamma,gamma_rec,beta,beta_rec,b_last,b_last_rec,nll_rec
50-attributes,12.685129440268696,42.364239848734826,pt_b-last,2.124553780946853,1.8733360883562586,0.9169859005522354,1.0,0.9468069008542116,1.867838643372789,0.5184898285164988,0.16694397939864694,9.866995407596592
