subject,nll,bic,model,alpha,alpha_rec,gamma,gamma_rec,beta,beta_rec,b_last,b_last_rec,nll_rec
195-alternatives,18.186508107583013,53.366997183363466,pt_b-last,0.48437683394073916,0.4052427714016689,0.9522477782133886,0.8100238981831965,11.858431514398868,23.677854887623067,-0.02756226074863677,0.0005087785117603256,12.970522244412033
