subject,nll,bic,model,alpha,alpha_rec,gamma,gamma_rec,beta,beta_rec,b_last,b_last_rec,nll_rec
14-attributes,26.03717404060437,69.06832904940617,pt_b-last,0.684344795066882,0.6807751723574118,1.0,1.0,5.509111198730647,6.01807998731001,0.047439955434473595,0.06652809605332613,24.48266822146024
