subject,nll,bic,model,alpha,alpha_rec,gamma,gamma_rec,beta,beta_rec,b_last,b_last_rec,nll_rec
89-alternatives,39.25756201844549,95.50910500508841,pt_b-last,1.0488558688374887,1.4436266254033139,0.713114068508695,0.9539394370559331,1.2059690680482373,0.67169217911219,0.3063978246904204,1.0,33.9955947714888
