subject,nll,bic,model,alpha,alpha_rec,gamma,gamma_rec,beta,beta_rec,b_last,b_last_rec,nll_rec
38-alternatives,24.11800304801665,65.22998706423074,pt_b-last,0.8869627173967934,0.6059091366167833,1.0,0.7123829866270117,5.007538710156064,13.095989444751893,-0.09956905606217512,-0.03581178705008162,19.949110334945573
