subject,nll,bic,model,alpha,alpha_rec,gamma,gamma_rec,beta,beta_rec,b_last,b_last_rec,nll_rec
17-attributes,37.374981199917855,91.62799322054013,pt_b-last,0.33300223779578647,0.18903257275296173,0.5386635786846669,0.39731807663608587,8.400812688547228,17.90911414990909,0.051353291437416966,0.008670089843433796,38.70923648385117
