subject,nll,bic,model,alpha,alpha_rec,gamma,gamma_rec,beta,beta_rec,b_last,b_last_rec,nll_rec
42-attributes,16.734757535751527,50.46349603970049,pt_b-last,0.2792373019555303,0.288205096141251,0.5282724504207887,0.5092091596444311,52.036443103341504,38.820553136692695,0.00709991631562951,-0.007597987643126876,20.691381023075277
