subject,nll,bic,model,alpha,alpha_rec,gamma,gamma_rec,beta,beta_rec,b_last,b_last_rec,nll_rec
96-alternatives,26.488913720145646,69.97180840848873,pt_b-last,0.5956774743168839,0.6544499798365591,0.8269404533472402,1.0,7.623694668621924,6.490296563087687,0.0207942290380993,0.02600353401392298,24.449614349872657
