subject,nll,bic,model,alpha,alpha_rec,gamma,gamma_rec,beta,beta_rec,b_last,b_last_rec,nll_rec
139-alternatives,28.577710660197038,73.85297039997663,pt_b-last,0.3670342351840654,0.35126440944772525,0.47244297353608716,0.43374779561814164,18.07984254907691,27.501067672965085,0.011786960779682628,0.004315360759232758,24.879173685608517
