subject,nll,bic,model,alpha,alpha_rec,gamma,gamma_rec,beta,beta_rec,b_last,b_last_rec,nll_rec
199-alternatives,35.71518571338809,88.42435239497361,pt_b-last,0.46238957062704317,0.378826786348952,0.29898437939014605,0.28,20.977926936329762,28.073077143953437,0.0032459642560357716,-0.013699655975495516,38.07812636041901
