subject,nll,bic,model,alpha,alpha_rec,gamma,gamma_rec,beta,beta_rec,b_last,b_last_rec,nll_rec
81-alternatives,26.36259112105507,69.66160826049918,pt_b-last,0.8323236118306386,0.7718345300459927,1.0,1.0,4.430246668189163,5.301053277555576,0.04696005739794168,0.04238807541912809,24.68552307683076
