subject,nll,bic,model,alpha,alpha_rec,gamma,gamma_rec,beta,beta_rec,b_last,b_last_rec,nll_rec
167-attributes,34.222296681013546,84.95313090220746,pt_b-last,0.46935899140116344,0.5337668947894547,0.3127206709634632,0.28679757470030565,15.052356883421387,18.983908629558506,0.0015513384526196468,-0.005067919439312138,30.970564898981458
