subject,nll,bic,model,alpha,alpha_rec,gamma,gamma_rec,beta,beta_rec,b_last,b_last_rec,nll_rec
75-attributes,8.586905771370681,34.167792510938796,pt_b-last,0.23284815085432675,0.2328669841440529,0.5340100157056111,0.5179876794697625,120.43525700582117,199.9539081088671,0.014519306437341414,0.00977980261785111,6.4864694730473005
