subject,nll,bic,model,alpha,alpha_rec,gamma,gamma_rec,beta,beta_rec,b_last,b_last_rec,nll_rec
135-alternatives,36.227913226125644,89.44980742044872,pt_b-last,1.8554952306899368,1.3763503175418565,0.698894392753692,0.4175052435607277,0.245499256014014,0.7186448666669872,0.45072187874906944,-0.40398290825653715,40.11192060076842
