subject,nll,bic,model,alpha,alpha_rec,gamma,gamma_rec,beta,beta_rec,b_last,b_last_rec,nll_rec
7-alternatives,34.804006926196486,86.6019948205904,pt_b-last,0.779873182603303,0.8656832237177731,1.0,1.0,3.0132617097457843,3.1415950205504455,-0.11602973474482296,-0.19099216009663716,31.906586014245097
