subject,nll,bic,model,alpha,alpha_rec,gamma,gamma_rec,beta,beta_rec,b_last,b_last_rec,nll_rec
137-attributes,4.73219402234335,26.458369012884138,pt_b-last,0.8615858967427866,0.940948970499515,0.28513416603845204,0.3474281635643647,199.6168176336491,200.0,-0.0029709336760961724,0.0037435386429663514,2.5889012642863594
