subject,nll,bic,model,alpha,alpha_rec,gamma,gamma_rec,beta,beta_rec,b_last,b_last_rec,nll_rec
87-alternatives,23.50100569040337,63.99599234900418,pt_b-last,0.39454792493011037,0.41664834552554597,0.7527933722199287,1.0,12.555998136039502,5.316727798872922,0.06613273648917387,0.1684216893387696,29.831895566419703
