subject,nll,bic,model,alpha,alpha_rec,gamma,gamma_rec,beta,beta_rec,b_last,b_last_rec,nll_rec
162-alternatives,24.59202939968134,66.17803976756012,pt_b-last,1.096099140159417,0.917484530466611,1.0,1.0,3.48342506593569,5.448982323496691,0.11065154833576803,-0.07551614558654646,22.185069237827793
