subject,nll,bic,model,alpha,alpha_rec,gamma,gamma_rec,beta,beta_rec,b_last,b_last_rec,nll_rec
77-alternatives,22.71871429023743,62.43140954867229,pt_b-last,0.37083977632986953,0.3692849479652792,1.0,1.0,9.207632410059203,12.399600012944223,0.03924230869563841,0.004611742926219359,17.76660187938282
