subject,nll,bic,model,alpha,alpha_rec,gamma,gamma_rec,beta,beta_rec,b_last,b_last_rec,nll_rec
61-alternatives,27.12291680221483,71.2398145726271,pt_b-last,0.6982488856780575,0.5766725865182495,1.0,0.8435802046945352,5.093974588336678,8.078755554688227,0.09836755054117036,0.0048775743266220835,25.657337945091705
