subject,nll,bic,model,alpha,alpha_rec,gamma,gamma_rec,beta,beta_rec,b_last,b_last_rec,nll_rec
10-attributes,29.672853189852614,76.33968734790267,pt_b-last,0.3697173917019924,0.24877864059443033,0.7216399980503423,0.43884261219514403,10.19267631268503,35.01126024891329,-0.026241998965916988,-0.005302612302606513,28.092702137939636
