subject,nll,bic,model,alpha,alpha_rec,gamma,gamma_rec,beta,beta_rec,b_last,b_last_rec,nll_rec
52-attributes,11.222448396479868,39.43887776115717,pt_b-last,0.0,0.0,0.3580322102928087,0.6972730296636078,105.96817221588515,200.0,0.0020287585175707023,-0.059881410498153494,0.8190779798247384
