subject,nll,bic,model,alpha,alpha_rec,gamma,gamma_rec,beta,beta_rec,b_last,b_last_rec,nll_rec
74-alternatives,30.294135356824672,77.16080961921547,pt_b-last,0.3426039937772066,0.25747948157184963,1.0,1.0,4.941086112245671,6.553456765335326,0.023865258008677087,-0.03945605075972015,26.871946895254254
