subject,nll,bic,model,alpha,alpha_rec,gamma,gamma_rec,beta,beta_rec,b_last,b_last_rec,nll_rec
110-attributes,5.694443366992282,28.382867702182,pt_b-last,0.07115910348648533,0.18447760071441074,0.35754237640917336,0.4923777660135265,200.0,200.0,0.002485215612289672,-0.007965304066782398,1.848436413813664
