subject,nll,bic,model,alpha,alpha_rec,gamma,gamma_rec,beta,beta_rec,b_last,b_last_rec,nll_rec
92-attributes,45.40322674064195,107.80043444948133,pt_b-last,1.0118659560216774,0.4814993605315313,1.0,0.28,0.5469326980284415,3.250761005728069,0.340747533273723,0.00551938367908554,48.01472733651728
