subject,nll,bic,model,alpha,alpha_rec,gamma,gamma_rec,beta,beta_rec,b_last,b_last_rec,nll_rec
13-alternatives,33.148205943465285,83.290392855128,pt_b-last,1.788525032650426,1.697453396942055,0.28,0.28,0.6719347068236592,0.7349377335825426,1.0,1.0,34.40916661021326
