subject,nll,bic,model,alpha,alpha_rec,gamma,gamma_rec,beta,beta_rec,b_last,b_last_rec,nll_rec
189-attributes,19.64985816079201,56.23614233997306,pt_b-last,0.47675782410502754,0.45344086849033455,1.0,1.0,9.712264369649246,7.631968781509829,0.0009802138462464017,0.03746590592578967,24.200900565989762
