subject,nll,bic,model,alpha,alpha_rec,gamma,gamma_rec,beta,beta_rec,b_last,b_last_rec,nll_rec
136-attributes,15.40657386479788,47.807128697793196,pt_b-last,0.4231051936882783,0.44306610232475635,1.0,1.0,13.200184252639318,9.343895941633372,0.03369574769589377,0.08568642616005294,20.568798066963264
