subject,nll,bic,model,alpha,alpha_rec,gamma,gamma_rec,beta,beta_rec,b_last,b_last_rec,nll_rec
26-attributes,6.613076530014861,30.220134028227157,pt_b-last,0.23475115331176769,0.22416517288516763,0.5786273841996323,0.5735227744377979,117.7722057505446,200.0,-0.008127466640374618,-0.02021973961355944,1.068789308376643
