subject,nll,bic,model,alpha,alpha_rec,gamma,gamma_rec,beta,beta_rec,b_last,b_last_rec,nll_rec
162-attributes,32.511011400961706,82.01600377012085,pt_b-last,1.1809680805984248,0.9454588147974258,1.0,0.8153377783221814,1.591034492506144,5.912589590832725,0.029610170290242724,-0.04511990506407043,22.41679225703054
