subject,nll,bic,model,alpha,alpha_rec,gamma,gamma_rec,beta,beta_rec,b_last,b_last_rec,nll_rec
21-attributes,20.31121602675092,57.61641302169927,pt_b-last,0.748821281841837,0.7671125529409104,1.0,1.0,7.2371092515865865,7.983975806307935,-0.020952701414621674,0.02261764567302679,18.308244494328203
