subject,nll,bic,model,alpha,alpha_rec,gamma,gamma_rec,beta,beta_rec,b_last,b_last_rec,nll_rec
126-alternatives,24.1353875983856,65.26475616496863,pt_b-last,0.5487959201491194,0.5698377472780626,1.0,1.0,7.435615460323914,7.2420562456974835,0.006892435276780615,0.024844473505989766,24.102105396352222
