subject,nll,bic,model,alpha,alpha_rec,gamma,gamma_rec,beta,beta_rec,b_last,b_last_rec,nll_rec
2-alternatives,28.08824134893586,73.17046366606915,pt_b-last,0.514936462957971,0.5304633156060943,1.0,1.0,5.941847369129116,4.979670876936653,0.08674175767845464,0.17913769502798718,29.218995471405282
