subject,nll,bic,model,alpha,alpha_rec,gamma,gamma_rec,beta,beta_rec,b_last,b_last_rec,nll_rec
77-attributes,19.274258198589866,55.54249736537717,pt_b-last,0.30436000170336336,0.08146819250635189,0.9981711746543801,0.707132369061074,11.10352070985382,26.313466989605057,-0.011488697874127658,-0.01039461998858393,10.070485279258481
