subject,nll,bic,model,alpha,alpha_rec,gamma,gamma_rec,beta,beta_rec,b_last,b_last_rec,nll_rec
75-alternatives,29.705185717971435,76.40435240414031,pt_b-last,0.2537564057649387,0.243882426634699,1.0,0.669656961384302,6.4356812342949565,10.618278710999471,0.07188626274415004,0.01997820649487372,31.92782791629441
