subject,nll,bic,model,alpha,alpha_rec,gamma,gamma_rec,beta,beta_rec,b_last,b_last_rec,nll_rec
198-alternatives,24.66158323072475,66.31714742964694,pt_b-last,0.6637043667452811,0.5999451512754491,1.0,1.0,6.388401379158724,5.172742800354672,0.006149650417755869,-0.08617719964254847,30.13009897409976
