subject,nll,bic,model,alpha,alpha_rec,gamma,gamma_rec,beta,beta_rec,b_last,b_last_rec,nll_rec
131-alternatives,31.033476798963477,79.06093456612439,pt_b-last,0.5605948198609957,0.47699855226025367,0.5526236302434924,0.5047551998308619,9.53063879155825,12.393062357586777,-0.004071022119573889,0.028963797368434487,30.895300370903385
