subject,nll,bic,model,alpha,alpha_rec,gamma,gamma_rec,beta,beta_rec,b_last,b_last_rec,nll_rec
116-alternatives,15.741153987704548,48.476288943606534,pt_b-last,0.29232174594087734,0.24929253888308014,0.5059616734493834,0.4371210747637842,55.350919291078036,83.5294403361982,0.003911798300714827,-0.0043951985004368225,16.645838634484694
