subject,nll,bic,model,alpha,alpha_rec,gamma,gamma_rec,beta,beta_rec,b_last,b_last_rec,nll_rec
56-attributes,2.2710048939269125,21.535990756051262,pt_b-last,0.0807466742344972,0.10883348374394325,0.4401966027239771,0.5169044800851086,200.0,200.0,-0.014505270134896501,-0.03372947726924271,4.1861210611922814
