subject,nll,bic,model,alpha,alpha_rec,gamma,gamma_rec,beta,beta_rec,b_last,b_last_rec,nll_rec
191-alternatives,16.94382577129253,50.881632510782495,pt_b-last,0.9672068051221269,1.1620743012746253,0.8231884082650357,0.9697135735570004,8.842960220551314,5.841940225447066,0.07958483809954493,0.12703145409004465,16.42813469280255
