subject,nll,bic,model,alpha,alpha_rec,gamma,gamma_rec,beta,beta_rec,b_last,b_last_rec,nll_rec
27-alternatives,28.145871987747316,73.28572494369207,pt_b-last,0.624255201574898,0.8284796791592803,0.6377135483547848,0.7126378595532384,8.762913295689541,4.80354605547201,-0.03295362157493982,0.008890097075109205,29.43102467789087
