subject,nll,bic,model,alpha,alpha_rec,gamma,gamma_rec,beta,beta_rec,b_last,b_last_rec,nll_rec
85-alternatives,15.880800626954485,48.75558222210641,pt_b-last,0.08649315338305494,0.11573436343209378,0.4043906915487871,0.41264994066506383,75.01535265870905,71.95975319671263,-0.009954806476074836,-0.015272315149358912,17.05362293994604
