subject,nll,bic,model,alpha,alpha_rec,gamma,gamma_rec,beta,beta_rec,b_last,b_last_rec,nll_rec
106-alternatives,35.61724033788035,88.17090669414974,pt_b-last,1.3383101508639603,1.3229465159665263,0.6120548103736166,0.5861558770785343,0.8513475762000116,1.25149361188554,0.14166278568670718,0.3876466073999902,29.594969337764816
