subject,nll,bic,model,alpha,alpha_rec,gamma,gamma_rec,beta,beta_rec,b_last,b_last_rec,nll_rec
92-alternatives,34.523424004384154,86.04082897696574,pt_b-last,0.2759648780279739,0.17671388883868602,0.4091156824748616,0.3894974614568909,22.710939997637638,16.75237397798331,0.019362885945903244,0.055668348986909665,36.09639389926306
