subject,nll,bic,model,alpha,alpha_rec,gamma,gamma_rec,beta,beta_rec,b_last,b_last_rec,nll_rec
105-attributes,24.58079664601966,66.15557426023676,pt_b-last,0.6712638102397216,0.586824216324332,0.7730632863493205,0.7191938013114919,8.017275900516593,7.4421698376699785,0.01744000946603551,0.03214028524637383,29.06785166775345
