subject,nll,bic,model,alpha,alpha_rec,gamma,gamma_rec,beta,beta_rec,b_last,b_last_rec,nll_rec
47-attributes,-6.991913385623375e-05,16.993841129929724,pt_b-last,0.0002990153930109152,0.0002990153930109152,0.9964226743777451,0.9964226743777451,199.94941853918343,199.94941853918343,0.0016741964964488432,0.0016741964964488432,-6.991913385623375e-05
