subject,nll,bic,model,alpha,alpha_rec,gamma,gamma_rec,beta,beta_rec,b_last,b_last_rec,nll_rec
175-attributes,22.61410115644098,62.164628331271004,pt_b-last,0.41040959866508975,0.5816078776189746,0.5501085167936544,0.7303581538111026,20.520493271490615,7.7574128644032285,0.02234532588362848,-0.007631911662709163,28.081173794397387
