subject,nll,bic,model,alpha,alpha_rec,gamma,gamma_rec,beta,beta_rec,b_last,b_last_rec,nll_rec
68-alternatives,0.006518140064726425,17.00701724832689,pt_b-last,2.2801614027468604,2.2801614027468604,0.8311666120047662,0.8311666120047662,200.0,200.0,-1.0,-1.0,0.006518140064726425
