subject,nll,bic,model,alpha,alpha_rec,gamma,gamma_rec,beta,beta_rec,b_last,b_last_rec,nll_rec
71-attributes,25.50327069153753,68.0005223512725,pt_b-last,0.5939363568809871,0.75349942729673,0.5383264570636398,0.6193074439424872,12.443923811132626,6.08598481642112,-0.027609591713468856,-0.029183000154479173,29.086824059714434
