subject,nll,bic,model,alpha,alpha_rec,gamma,gamma_rec,beta,beta_rec,b_last,b_last_rec,nll_rec
86-attributes,-6.992069142772524e-05,16.993841126814583,pt_b-last,0.00021424113859369598,0.00021424113859369598,0.9979841976963284,0.9979841976963284,199.92210379316805,199.92210379316805,0.0004990650272913566,0.0004990650272913566,-6.992069142772524e-05
