subject,nll,bic,model,alpha,alpha_rec,gamma,gamma_rec,beta,beta_rec,b_last,b_last_rec,nll_rec
144-alternatives,24.38304923622995,65.70252449084894,pt_b-last,0.4793937626788962,0.39683237522417447,0.4406774741881626,0.38111273714009514,21.518486879160207,39.227212866771524,0.0009568022481631466,-0.010846542453186503,21.544845292369715
