subject,nll,bic,model,alpha,alpha_rec,gamma,gamma_rec,beta,beta_rec,b_last,b_last_rec,nll_rec
76-alternatives,25.513368767664005,68.02071850352544,pt_b-last,0.6044562336893323,0.4601791463418546,1.0,0.851426341379443,6.512952316858784,8.928393509988378,0.00758099091654514,0.019723401624798048,26.105179939454505
