subject,nll,bic,model,alpha,alpha_rec,gamma,gamma_rec,beta,beta_rec,b_last,b_last_rec,nll_rec
26-alternatives,16.748661031572464,50.49130303134237,pt_b-last,0.18302358242484706,0.11574298491601659,0.6548989301504606,0.4206296125433626,24.09525093730417,60.06571729444738,-0.013367712235087672,0.004811876639265327,17.67315167887837
