subject,nll,bic,model,alpha,alpha_rec,gamma,gamma_rec,beta,beta_rec,b_last,b_last_rec,nll_rec
117-alternatives,14.26473407323933,45.5234491146761,pt_b-last,0.3929770054110353,0.3173634543052649,0.8582519998028302,0.6557035801320137,19.681894035708567,28.456214325263588,-0.04702184042728228,-0.005568248885244296,17.628991858093784
