subject,nll,bic,model,alpha,alpha_rec,gamma,gamma_rec,beta,beta_rec,b_last,b_last_rec,nll_rec
19-alternatives,21.502111101099235,59.940648220587505,pt_b-last,1.0806504870894555,0.7559713304503758,1.0,0.6737632663138428,4.657433350551578,14.839268370989886,-0.029562145473258358,0.012724632940867727,16.672274146331965
