subject,nll,bic,model,alpha,alpha_rec,gamma,gamma_rec,beta,beta_rec,b_last,b_last_rec,nll_rec
55-alternatives,24.171310351087378,65.33660167037219,pt_b-last,0.8079961623392532,0.8935427498655502,0.6770578849432488,0.761385364312011,7.271967967978554,4.054561502056892,0.054418961368787995,0.061053417897866655,29.08420385406863
