subject,nll,bic,model,alpha,alpha_rec,gamma,gamma_rec,beta,beta_rec,b_last,b_last_rec,nll_rec
96-attributes,24.99044876279839,66.91732354398582,pt_b-last,0.8259571434001024,0.8190001863943485,1.0,1.0,4.8589188541907165,7.003644405067959,-0.05158773036231467,-0.00079822580544369,19.31795831499001
