subject,nll,bic,model,alpha,alpha_rec,gamma,gamma_rec,beta,beta_rec,b_last,b_last_rec,nll_rec
149-attributes,5.837762744700367,28.611951507789772,pt_b-last,0.1497866496757996,0.04111419205819875,0.7313655357635586,0.42350537729253773,35.484343072257566,173.55989376064346,0.0009326681234222258,-0.017955356579092554,5.325477746272983
