subject,nll,bic,model,alpha,alpha_rec,gamma,gamma_rec,beta,beta_rec,b_last,b_last_rec,nll_rec
54-attributes,25.056262750318204,67.10650646883384,pt_b-last,1.046727285394576,0.9183557426180304,1.0,0.8409152386276363,3.3544658430871706,5.738318480971155,0.21375104699130182,0.165761206206947,21.75546762515892
