subject,nll,bic,model,alpha,alpha_rec,gamma,gamma_rec,beta,beta_rec,b_last,b_last_rec,nll_rec
69-alternatives,27.90632662168507,72.80663421156758,pt_b-last,0.8684323515763396,0.510415265079155,1.0,0.510950589340581,3.973365556411057,10.936223154978446,0.06494823358024629,-0.00235084250525205,32.075006150267996
