subject,nll,bic,model,alpha,alpha_rec,gamma,gamma_rec,beta,beta_rec,b_last,b_last_rec,nll_rec
41-attributes,45.99969295297938,108.81815638352262,pt_b-last,0.308002266711312,0.0,0.5242099224481523,0.724605642357556,1.5809693595079004,0.9917694034924547,-0.08287385236168876,0.380700410995295,44.84583394272446
