subject,nll,bic,model,alpha,alpha_rec,gamma,gamma_rec,beta,beta_rec,b_last,b_last_rec,nll_rec
22-alternatives,29.2193217242754,75.43262441674824,pt_b-last,0.21154076784100223,0.07866951663626114,0.622169103035802,0.3958136237322679,13.888305717276443,28.875559809127555,0.02335158452906244,0.02033657126374595,31.11437864685328
