subject,nll,bic,model,alpha,alpha_rec,gamma,gamma_rec,beta,beta_rec,b_last,b_last_rec,nll_rec
159-attributes,21.646798421168423,60.23002286072588,pt_b-last,0.6238118333692995,0.5993370993638881,0.7113727752092258,0.6607434619277954,11.231562094704257,8.826332273118744,0.02664630793680639,0.04065905796216954,27.188161449737002
