subject,nll,bic,model,alpha,alpha_rec,gamma,gamma_rec,beta,beta_rec,b_last,b_last_rec,nll_rec
30-alternatives,23.514845160792113,64.02367128978166,pt_b-last,0.39615285898423214,0.3328960146165692,0.649204732395426,0.5994365937845425,16.96280120024308,18.993658515417355,0.0020338804460444085,-0.02291037490970464,26.024051954177203
