subject,nll,bic,model,alpha,alpha_rec,gamma,gamma_rec,beta,beta_rec,b_last,b_last_rec,nll_rec
113-attributes,27.283658539206083,71.56129804660961,pt_b-last,1.8412274003121187,2.464235120745813,0.7238230958064609,0.9897062083947549,0.43160521849578354,0.10518830132586178,1.0,0.4231735927065845,31.08385842712647
