subject,nll,bic,model,alpha,alpha_rec,gamma,gamma_rec,beta,beta_rec,b_last,b_last_rec,nll_rec
185-alternatives,29.59938047630339,76.19274192080422,pt_b-last,0.697691703262637,0.4492122162587555,0.6206164909544544,0.47474858072579934,6.696542899770451,13.335763337278248,0.037756474619768464,-0.021834348181290774,33.069256479417945
