subject,nll,bic,model,alpha,alpha_rec,gamma,gamma_rec,beta,beta_rec,b_last,b_last_rec,nll_rec
188-alternatives,20.816488999344056,58.62695896688555,pt_b-last,1.287126341648575,1.5516446466609974,0.8045652878456392,1.0,2.6004867814716017,1.3499666826833454,0.009564417291855183,-0.38507999035738544,22.680768304181353
