subject,nll,bic,model,alpha,alpha_rec,gamma,gamma_rec,beta,beta_rec,b_last,b_last_rec,nll_rec
101-attributes,20.30118979432543,57.596360556848296,pt_b-last,0.0,0.19482394230799607,0.5679546900465191,1.0,22.24636497369608,16.646056128832605,-0.005892588327245122,0.02303039093507612,10.903488322019223
