subject,nll,bic,model,alpha,alpha_rec,gamma,gamma_rec,beta,beta_rec,b_last,b_last_rec,nll_rec
154-alternatives,4.830977329373399,26.655935626944235,pt_b-last,0.12555012651159675,0.15206120760755923,0.41532187206803234,0.43346814922452087,200.0,200.0,7.927166228859111e-05,0.0027642753006836985,5.009979560759463
