subject,nll,bic,model,alpha,alpha_rec,gamma,gamma_rec,beta,beta_rec,b_last,b_last_rec,nll_rec
184-alternatives,-6.746535541667819e-05,16.993846037486605,pt_b-last,0.0,0.0,1.0,1.0,199.9937281306218,199.9937281306218,0.018612670921461426,0.018612670921461426,-6.746535541667819e-05
