subject,nll,bic,model,alpha,alpha_rec,gamma,gamma_rec,beta,beta_rec,b_last,b_last_rec,nll_rec
111-attributes,25.258787615270872,67.51155619873919,pt_b-last,1.5871851008376916,1.371632214151779,0.9395560228696298,1.0,0.9634858283637395,1.9269713244547464,0.3012874998882159,0.14340698762044368,23.480801873067104
