subject,nll,bic,model,alpha,alpha_rec,gamma,gamma_rec,beta,beta_rec,b_last,b_last_rec,nll_rec
117-attributes,20.04222728291408,57.0784355340256,pt_b-last,0.4922067943877668,0.5262760300131211,1.0,1.0,9.531822172960672,7.648057765606005,-0.015076400131038451,-0.014495138412732348,23.478038243982322
