subject,nll,bic,model,alpha,alpha_rec,gamma,gamma_rec,beta,beta_rec,b_last,b_last_rec,nll_rec
142-alternatives,24.901910311126784,66.797801590451,pt_b-last,0.4333984937838391,0.4665998463385364,0.5906277385571616,0.5722117300114908,16.48272851739755,20.28899151896573,0.017485216055040137,0.030848498932894295,20.77248154291771
