subject,nll,bic,model,alpha,alpha_rec,gamma,gamma_rec,beta,beta_rec,b_last,b_last_rec,nll_rec
93-attributes,39.45567502139975,95.90533101099693,pt_b-last,0.9850736647812462,0.963131361772169,1.0,1.0,1.2778035323944814,1.5151877795821231,0.14010129110803596,0.11027026003783935,38.10613575047942
