subject,nll,bic,model,alpha,alpha_rec,gamma,gamma_rec,beta,beta_rec,b_last,b_last_rec,nll_rec
194-attributes,29.122530581485073,75.18148718135919,pt_b-last,0.6146542582938902,0.44087171420317023,0.835637713715534,0.6799447833787828,5.671908707294001,13.762970314798501,0.06816740960597717,0.022731173834346297,23.420913268322504
