subject,nll,bic,model,alpha,alpha_rec,gamma,gamma_rec,beta,beta_rec,b_last,b_last_rec,nll_rec
19-attributes,14.896693796321694,46.787368560840825,pt_b-last,0.8128703431690969,0.7884631066911874,0.8006866982735903,0.7905184766342153,12.648833177315714,13.795936584158422,-0.06810616437171449,-0.03298859323712992,14.287453116582956
