subject,nll,bic,model,alpha,alpha_rec,gamma,gamma_rec,beta,beta_rec,b_last,b_last_rec,nll_rec
49-attributes,8.692891300802826,34.32220861999469,pt_b-last,0.24292569859772717,0.11891200063241619,0.7029059897273093,0.5389627344511373,41.631293580288514,200.0,-0.009417910505254494,-0.03302765249538218,3.608073755738203
