subject,nll,bic,model,alpha,alpha_rec,gamma,gamma_rec,beta,beta_rec,b_last,b_last_rec,nll_rec
14-alternatives,18.625583899900754,54.24514876799894,pt_b-last,0.6325515161631766,0.4035234999750389,0.7864316639400483,0.5167660111811401,12.065262777012927,47.273912254909426,-0.013379541787422808,-0.010170920468016854,13.331799007878416
