subject,nll,bic,model,alpha,alpha_rec,gamma,gamma_rec,beta,beta_rec,b_last,b_last_rec,nll_rec
33-attributes,32.91298943189643,82.81995983199029,pt_b-last,0.5284133007647378,0.3538665874096894,0.38113956393487863,0.28,10.701624670289966,37.46365369590081,0.07483825844882477,0.037507399742648835,27.757508913558834
