subject,nll,bic,model,alpha,alpha_rec,gamma,gamma_rec,beta,beta_rec,b_last,b_last_rec,nll_rec
80-alternatives,13.218640229486402,43.43126142717024,pt_b-last,1.1714709660174678,1.1972297560071856,1.0,1.0,7.902965673253804,8.851066498975856,0.08974295403075357,0.08877668316944383,11.718506711760426
