subject,nll,bic,model,alpha,alpha_rec,gamma,gamma_rec,beta,beta_rec,b_last,b_last_rec,nll_rec
185-attributes,27.190916367952386,71.37581370410221,pt_b-last,0.8055964102051602,0.7543884000741676,1.0,1.0,4.4017247182949575,6.369970225168042,0.05616720637957339,0.09151535805119024,21.980268021659807
