subject,nll,bic,model,alpha,alpha_rec,gamma,gamma_rec,beta,beta_rec,b_last,b_last_rec,nll_rec
25-attributes,17.63361355449899,52.26120807719542,pt_b-last,0.8579231042238016,0.8730250197529736,0.7783865780403412,0.8675230791600342,9.60140234781435,12.333129683249522,0.10643843647817817,0.11721654452923215,13.330697266553464
