subject,nll,bic,model,alpha,alpha_rec,gamma,gamma_rec,beta,beta_rec,b_last,b_last_rec,nll_rec
128-alternatives,29.648606668188535,76.23363935476611,pt_b-last,0.7429444662965268,0.581925977507988,1.0,0.8907844349941866,4.087287215752361,4.878951594173712,0.06948776838319563,0.05781465091417368,32.17095366201061
