subject,nll,bic,model,alpha,alpha_rec,gamma,gamma_rec,beta,beta_rec,b_last,b_last_rec,nll_rec
73-alternatives,17.03445287917161,51.00533177673226,pt_b-last,0.28455842487039057,0.2726099024838349,0.5302459321595192,0.5035774444663655,50.02228103158644,66.93301109101152,0.0039032065923701566,0.0001219161690912653,15.46553590037869
