subject,nll,bic,model,alpha,alpha_rec,gamma,gamma_rec,beta,beta_rec,b_last,b_last_rec,nll_rec
33-alternatives,25.69910885110004,68.39219867039752,pt_b-last,0.7329083509520351,1.0498338329268415,0.8131554641813271,1.0,6.650370240505474,5.893530370572928,0.0223594991622399,0.0006183407499819372,19.107838769689405
