subject,nll,bic,model,alpha,alpha_rec,gamma,gamma_rec,beta,beta_rec,b_last,b_last_rec,nll_rec
2-attributes,25.634107396762627,68.2621957617227,pt_b-last,0.2788080503388621,0.2625389901663273,0.5083521866332266,0.447459503633087,28.32780213569713,46.516400272803935,0.004982034888328462,-0.005592478727677832,22.85298926611239
