subject,nll,bic,model,alpha,alpha_rec,gamma,gamma_rec,beta,beta_rec,b_last,b_last_rec,nll_rec
64-attributes,30.880585314655143,78.75515159750772,pt_b-last,0.46572774716417514,0.5488708364231404,1.0,1.0,5.293886205816251,4.506102484842849,0.04972668390851662,0.11989262570267147,31.189203172198
