subject,nll,bic,model,alpha,alpha_rec,gamma,gamma_rec,beta,beta_rec,b_last,b_last_rec,nll_rec
110-alternatives,2.517403044088165,22.028787056373766,pt_b-last,0.09852856171358079,0.09627216253839235,0.43532535438617137,0.4238441590734892,200.0,200.0,-0.009698645436905485,-0.01183362563980513,3.4431561521115284
