subject,nll,bic,model,alpha,alpha_rec,gamma,gamma_rec,beta,beta_rec,b_last,b_last_rec,nll_rec
51-attributes,34.88797788106341,86.59472623969067,pt_b-last,1.2275226384455533,0.7562268514723949,0.6313220984528967,0.4484781991534927,1.1615960058966583,6.008025458788988,-0.2878520618256438,-0.0690445169204584,31.725364603157452
