subject,nll,bic,model,alpha,alpha_rec,gamma,gamma_rec,beta,beta_rec,b_last,b_last_rec,nll_rec
84-attributes,25.756903106995953,68.50778718218935,pt_b-last,0.9243502284409458,0.7395766786504524,0.9844807486633563,1.0,3.359570505960634,4.876672170847684,0.3323790259177187,0.2739289891422071,23.936454250024028
