subject,nll,bic,model,alpha,alpha_rec,gamma,gamma_rec,beta,beta_rec,b_last,b_last_rec,nll_rec
88-alternatives,8.423019948094066,33.840020864385565,pt_b-last,0.2774857068767475,0.26310841384183326,0.42602058082898164,0.4334388714180356,143.7245723906875,200.0,-0.013609031277809078,-0.008025639510031617,3.862507125972374
