subject,nll,bic,model,alpha,alpha_rec,gamma,gamma_rec,beta,beta_rec,b_last,b_last_rec,nll_rec
29-attributes,33.733556914639124,84.46109479747568,pt_b-last,0.5845959215067127,0.6396765233056566,1.0,1.0,4.01586005139132,3.3280109085813416,-0.0062280391645264865,0.07286883913371188,34.86299310199333
