subject,nll,bic,model,alpha,alpha_rec,gamma,gamma_rec,beta,beta_rec,b_last,b_last_rec,nll_rec
25-alternatives,23.608571409609507,64.21112378741645,pt_b-last,1.1680412013424264,1.0200355127150584,1.0,0.8832301058344302,3.3214966853853896,5.555085342569338,0.04304935991489723,0.0011975276735583145,21.32145506743747
