subject,nll,bic,model,alpha,alpha_rec,gamma,gamma_rec,beta,beta_rec,b_last,b_last_rec,nll_rec
168-alternatives,16.091497668104864,49.17697630440716,pt_b-last,0.3131052400241652,0.2853908171689673,1.0,0.6822022935212005,13.656911600020013,23.464783593984084,0.020094958711452136,-0.005596894123413588,18.947997908638886
