subject,nll,bic,model,alpha,alpha_rec,gamma,gamma_rec,beta,beta_rec,b_last,b_last_rec,nll_rec
132-alternatives,26.24214565544811,69.42071732928525,pt_b-last,0.8793948504605534,0.6565537127820418,0.8229008885441969,0.6484800169564877,4.903163077305267,11.069632529764617,0.050013501050982755,0.02521113875059283,22.72444850273369
