subject,nll,bic,model,alpha,alpha_rec,gamma,gamma_rec,beta,beta_rec,b_last,b_last_rec,nll_rec
93-alternatives,39.0046459865366,95.00327294127064,pt_b-last,0.8792165073621063,0.729220233041429,1.0,1.0,1.728837769786037,3.1533067879258576,0.11330901064132191,0.055258032498119315,34.677874633018924
