subject,nll,bic,model,alpha,alpha_rec,gamma,gamma_rec,beta,beta_rec,b_last,b_last_rec,nll_rec
20-alternatives,16.906715115082736,50.807411198362914,pt_b-last,0.2788320025492475,0.2690103186921784,0.5518635892359315,0.5906006797031166,48.432112753433664,36.7578795872619,-0.010940370522058745,-0.017971837672433818,17.875655995869646
