,bf,error,time,code
"Alt., r=0.707",2.6120496889965934,3.132117621245131e-05,Wed May 26 16:40:13 2021,c7c759973778
