,bf,error,time,code
"Alt., r=0.707 0<d<Inf",0.3759618221835457,5.3433175916257386e-05,Wed May 26 16:40:13 2021,c7c719a17d9a
"Alt., r=0.707 !(0<d<Inf)",0.16029055119160202,1.79736312699671e-06,Wed May 26 16:40:13 2021,c7c7393d169b
