,bf,error,time,code
"Alt., r=0.707",0.6219031477938223,6.123548961061708e-05,Wed May 26 16:40:52 2021,c7c743cd661a
