,bf,error,time,code
"Alt., r=0.707",0.26812618669086163,0.00021279528994397725,Wed May 26 16:40:13 2021,c7c7741cf714
