,bf,error,time,code
"Alt., r=0.707 0<d<Inf",5.145402687436552,2.881870681353497e-06,Wed May 26 16:40:13 2021,c7c756bad53b
"Alt., r=0.707 !(0<d<Inf)",0.07869669048858359,5.480411856224993e-07,Wed May 26 16:40:13 2021,c7c740540f9
