subject,nll,bic,model,alpha,alpha_rec,theta,theta_rec,beta,beta_rec,b_last,b_last_rec,nll_rec
145-attributes,16.935108072225567,50.86419711264857,twostagewithin,0.7387552998991702,0.895895571772425,0.4679585252038407,0.8472520836143727,67.31044886463278,92.08947466799555,0.00204101298140853,-0.08356916428197114,13.064314193736775
