subject,nll,bic,model,alpha,alpha_rec,theta,theta_rec,beta,beta_rec,b_last,b_last_rec,nll_rec
102-alternatives,25.52424796907023,68.0424769063379,twostagewithin,0.7701108636183008,0.7372900555691645,1.0,1.0,30.57409256069799,26.9293782332787,0.013100943708070757,0.005871750418809111,27.461649121259946
