subject,nll,bic,model,alpha,alpha_rec,theta,theta_rec,beta,beta_rec,b_last,b_last_rec,nll_rec
137-alternatives,13.614633261347459,44.223247490892355,twostagewithin,3.0,2.7804600345841317,1.0,1.0,100.0,78.05796406856494,0.0049393408735253505,0.009537966976223848,19.24073486421354
