subject,nll,bic,model,alpha,alpha_rec,theta,theta_rec,beta,beta_rec,b_last,b_last_rec,nll_rec
166-attributes,21.12546610564774,59.24491317949291,twostagewithin,2.0386847937525836,2.0672678405007874,0.4212749828580524,0.911599314150337,76.81434494562691,68.31651515781041,-0.00873465797387144,0.08613510749272327,18.682559128723277
