subject,nll,bic,model,alpha,alpha_rec,theta,theta_rec,beta,beta_rec,b_last,b_last_rec,nll_rec
122-alternatives,24.23099751099155,65.45597599018053,twostagewithin,0.9400886903791418,0.9004275593447258,1.0,1.0,40.43827552341309,68.1575477136766,-0.01220315838459929,-0.015005376374251858,15.438081397588721
