subject,nll,bic,model,alpha,alpha_rec,theta,theta_rec,beta,beta_rec,b_last,b_last_rec,nll_rec
33-alternatives,25.410217941218068,67.81441685063358,twostagewithin,0.8877434155494768,0.9607358342798719,0.7936798044196461,0.722573949346554,39.19421466682966,47.903118867894136,0.0037888312125510834,0.0085839437414821,23.45039849713096
