subject,nll,bic,model,alpha,alpha_rec,theta,theta_rec,beta,beta_rec,b_last,b_last_rec,nll_rec
21-attributes,20.383543387030628,57.76106774225869,twostagewithin,0.7487163076346479,0.7041731492997573,0.411846918367873,0.13977540146170553,57.16701208180887,74.41918437156959,0.010047875544419506,0.021223820863953913,18.773074159306884
