subject,nll,bic,model,alpha,alpha_rec,theta,theta_rec,beta,beta_rec,b_last,b_last_rec,nll_rec
149-attributes,6.005051160744866,28.94652833987877,twostagewithin,0.1483219072949944,0.20679924311206255,0.33996461814869167,0.951370306129978,49.70904578420019,30.90675097891537,-0.06853392135424848,0.004862063676602357,9.300297254575183
