subject,nll,bic,model,alpha,alpha_rec,theta,theta_rec,beta,beta_rec,b_last,b_last_rec,nll_rec
54-attributes,27.19748562933684,71.38895222687111,twostagewithin,1.0484002541147996,0.9936539646944056,0.6376863869414794,0.1433298187548811,42.81896009238961,47.7129733135566,0.04212441493513233,-0.08257908018225076,30.133541522836715
