subject,nll,bic,model,alpha,alpha_rec,theta,theta_rec,beta,beta_rec,b_last,b_last_rec,nll_rec
185-alternatives,30.71365869406906,78.42129835633556,twostagewithin,1.1111875938727087,1.0777401379926532,0.8972533161130928,1.0,29.18111262046841,26.474430246622575,0.008419836996333427,0.016575412038814016,30.594405513509592
