subject,nll,bic,model,alpha,alpha_rec,theta,theta_rec,beta,beta_rec,b_last,b_last_rec,nll_rec
190-attributes,34.82427662363508,86.64253421546759,twostagewithin,1.2992593590140105,1.417988447355344,0.2911169841553737,0.9660120252780449,31.941873033261917,18.994878015601014,-0.08493950084333632,-0.034750688927436824,36.27409831449725
