subject,nll,bic,model,alpha,alpha_rec,theta,theta_rec,beta,beta_rec,b_last,b_last_rec,nll_rec
38-attributes,32.54244921416865,82.07887939653473,twostagewithin,0.7943828369041313,0.7366946694556183,0.17707667116483924,0.5776198889385717,34.02842572458868,23.323030027098554,-0.036339262376794045,0.06685848077238692,33.116496743205246
