subject,nll,bic,model,alpha,alpha_rec,theta,theta_rec,beta,beta_rec,b_last,b_last_rec,nll_rec
18-alternatives,24.900284808455776,66.794550585109,twostagewithin,0.8852413707741067,0.7840774234694051,0.8830515206295402,1.0,39.070584796073625,32.16930005673889,-0.009022776942544162,-0.006694467840208495,25.470446337560283
