subject,nll,bic,model,alpha,alpha_rec,theta,theta_rec,beta,beta_rec,b_last,b_last_rec,nll_rec
14-alternatives,18.868657376972845,54.73129572214313,twostagewithin,0.818737222583902,0.7478072115923482,1.0,1.0,48.93396800763846,43.9647185600242,-0.003264259280038555,-0.007304399379290516,19.313410103263728
