subject,nll,bic,model,alpha,alpha_rec,theta,theta_rec,beta,beta_rec,b_last,b_last_rec,nll_rec
111-alternatives,28.474273067746143,73.94252710368973,twostagewithin,1.3529174077384236,1.2612835263955573,0.8488428768061954,1.0,36.90311815317275,59.43790007781729,-0.004490869417491991,0.00014790329379753365,20.92390751036135
