subject,nll,bic,model,alpha,alpha_rec,theta,theta_rec,beta,beta_rec,b_last,b_last_rec,nll_rec
167-alternatives,21.660470676338747,59.20210900688598,twostagewithin,1.177042694109765,1.3806015779625032,0.7965356161895606,0.9651178556755018,36.47828566965889,30.179865580571025,-0.011114608079142888,0.005963748554127278,22.638557126934103
