subject,nll,bic,model,alpha,alpha_rec,theta,theta_rec,beta,beta_rec,b_last,b_last_rec,nll_rec
20-attributes,20.129336304481118,57.25265357715968,twostagewithin,0.4744262365704582,0.4612024414939651,0.20141095325023006,0.04820439982147566,47.627737416492145,61.661188113857065,0.0473998451946865,0.057853955065892304,17.659401857830147
