subject,nll,bic,model,alpha,alpha_rec,theta,theta_rec,beta,beta_rec,b_last,b_last_rec,nll_rec
35-alternatives,27.890300642146503,72.77458225249045,twostagewithin,0.2824294914256686,0.3638684051199967,0.9179806384585787,1.0,14.770217480699994,28.212195785313597,0.0011513753070738133,-0.02310762387001696,18.60857872929748
