subject,nll,bic,model,alpha,alpha_rec,theta,theta_rec,beta,beta_rec,b_last,b_last_rec,nll_rec
44-attributes,12.938938345259416,42.871857658716266,twostagewithin,0.3746027785376637,0.34738191782030514,0.4194582292039589,0.7865950576407927,54.93994465248644,68.30259571316036,-0.008126990785718624,-0.08347319301208403,7.772301256174951
