subject,nll,bic,model,alpha,alpha_rec,theta,theta_rec,beta,beta_rec,b_last,b_last_rec,nll_rec
151-alternatives,23.82260320274366,64.63918737368476,twostagewithin,0.4777886717566968,0.4916575611523978,1.0,0.5007575909131755,24.139707714359044,29.44923306061683,0.008142051900476515,0.027254840814309515,24.56727926700519
