subject,nll,bic,model,alpha,alpha_rec,theta,theta_rec,beta,beta_rec,b_last,b_last_rec,nll_rec
196-alternatives,29.75544856906641,76.50487810633025,twostagewithin,0.98806082385993,1.2358502092855126,0.8840734365394068,0.8960296756674215,29.9311978894524,67.34781264419416,0.008235571658276692,-0.011449598369263868,19.55290061793054
