subject,nll,bic,model,alpha,alpha_rec,theta,theta_rec,beta,beta_rec,b_last,b_last_rec,nll_rec
170-alternatives,18.761763963440877,54.51750889507919,twostagewithin,0.7344795885239478,0.8665920026409379,1.0,1.0,44.36839350873179,54.23100824813471,0.0042499315980711215,-0.0030897735573367237,18.267369771760258
