subject,nll,bic,model,alpha,alpha_rec,theta,theta_rec,beta,beta_rec,b_last,b_last_rec,nll_rec
52-attributes,12.642794788962592,42.27957054612262,twostagewithin,0.0,0.24371116683503202,0.18448979492260612,0.1410298151645464,26.342747945159925,41.85701224939856,0.018879396298001616,-0.03827780301430064,14.871974518636533
