subject,nll,bic,model,alpha,alpha_rec,theta,theta_rec,beta,beta_rec,b_last,b_last_rec,nll_rec
5-attributes,21.080771221822104,59.15552341184164,twostagewithin,2.081309150195835,2.428937514170817,0.4616410240396379,0.4601757418580465,76.13434772494732,63.10290354520514,0.029405612997849787,-0.019751091896589936,25.45325372770553
