subject,nll,bic,model,alpha,alpha_rec,theta,theta_rec,beta,beta_rec,b_last,b_last_rec,nll_rec
103-attributes,24.733123144194156,66.46022725658575,twostagewithin,0.48693434411610814,0.4799078296981387,0.17978292586921044,0.5938372511375991,38.494957070002386,28.307472388598143,0.05185770336396134,-0.024032590416211398,24.680505566353062
