subject,nll,bic,model,alpha,alpha_rec,theta,theta_rec,beta,beta_rec,b_last,b_last_rec,nll_rec
178-attributes,28.87647521033037,74.74693138885817,twostagewithin,0.5121857275493743,0.5442278906799177,0.8879436381816547,0.6063729860853156,19.919966812053275,22.829269912310195,-0.07070620249537861,0.05749627225120446,30.024406582576045
