subject,nll,bic,model,alpha,alpha_rec,theta,theta_rec,beta,beta_rec,b_last,b_last_rec,nll_rec
17-attributes,39.36846247282243,95.61495576634928,twostagewithin,0.5715396095683675,0.5465421779258715,0.1117203590767671,0.01029099988069676,16.994356179372797,36.073828662477474,-0.013211409429909449,0.040580211496431096,29.737242214041732
