subject,nll,bic,model,alpha,alpha_rec,theta,theta_rec,beta,beta_rec,b_last,b_last_rec,nll_rec
49-attributes,9.040699331582355,35.01782468155375,twostagewithin,0.27560246188346454,0.2558672890698674,0.6126087302153014,1.0,48.99474031154462,100.0,0.02468893926345446,-0.038226007585121284,2.796717965215243
