subject,nll,bic,model,alpha,alpha_rec,theta,theta_rec,beta,beta_rec,b_last,b_last_rec,nll_rec
199-attributes,32.06483839540115,81.12365775899974,twostagewithin,1.5042144242395716,1.7094581024729227,0.3040697236364552,0.26126013400657566,39.08949926946364,54.41260385153945,0.05010914766498884,-0.04541928429380371,27.54837455332384
