subject,nll,bic,model,alpha,alpha_rec,theta,theta_rec,beta,beta_rec,b_last,b_last_rec,nll_rec
136-alternatives,24.48496124814914,65.96390346449571,twostagewithin,0.5459965765560294,0.5534334869290839,1.0,0.7113669122853078,26.021460735328233,66.05315246773112,-0.008021745921328358,-0.0073401964661598575,13.020990982136109
