subject,nll,bic,model,alpha,alpha_rec,theta,theta_rec,beta,beta_rec,b_last,b_last_rec,nll_rec
189-attributes,19.65013252638093,56.2366910711509,twostagewithin,0.47677983031129745,0.45599747282796993,0.5891879401556109,0.002345914294121158,36.64386140342616,81.23038720670753,-0.052560091581130335,0.03528190386877479,13.749194281162907
