subject,nll,bic,model,alpha,alpha_rec,theta,theta_rec,beta,beta_rec,b_last,b_last_rec,nll_rec
67-alternatives,22.60603136658036,62.206043701358155,twostagewithin,0.3270218224108991,0.31018773594809584,1.0,1.0,20.823908533347513,21.646744181741578,-0.016425407098779148,-0.038317392116797536,21.604261584444316
