subject,nll,bic,model,alpha,alpha_rec,theta,theta_rec,beta,beta_rec,b_last,b_last_rec,nll_rec
171-alternatives,37.02098687525425,90.97839976889755,twostagewithin,1.2989843569220463,1.2222807543652567,1.0,1.0,14.538333821749962,14.55710834188136,0.03358946670983375,0.02239984913669522,37.77205637802019
