subject,nll,bic,model,alpha,alpha_rec,theta,theta_rec,beta,beta_rec,b_last,b_last_rec,nll_rec
166-alternatives,25.47194488178545,67.93787073176834,twostagewithin,2.022467520433413,1.958818101568616,1.0,0.45383603699972175,39.66553391930843,53.51016127258903,0.014642777034149271,0.008674852994651244,25.395075982854312
