subject,nll,bic,model,alpha,alpha_rec,theta,theta_rec,beta,beta_rec,b_last,b_last_rec,nll_rec
137-attributes,12.178795946077955,41.35157286035334,twostagewithin,3.0,3.0,1.0,0.6381952559636154,100.0,97.81963788046528,0.0996577092129558,-0.03578338553602902,20.155050510043033
