subject,nll,bic,model,alpha,alpha_rec,theta,theta_rec,beta,beta_rec,b_last,b_last_rec,nll_rec
30-alternatives,24.43808177984683,65.8701445278911,twostagewithin,0.6327066767093141,0.8579232072278243,1.0,1.0,28.77842757576869,38.464304318910486,0.0014431711894695163,-0.0029097122601846157,23.66086332366732
