subject,nll,bic,model,alpha,alpha_rec,theta,theta_rec,beta,beta_rec,b_last,b_last_rec,nll_rec
97-attributes,22.301284130454455,61.596549229106344,twostagewithin,0.5361289947649722,0.5387954368955644,0.2516361559598061,0.23961556281708088,44.294292367604136,53.57267978175386,0.001471917029947112,-0.04482084124865357,19.296029861823826
