subject,nll,bic,model,alpha,alpha_rec,theta,theta_rec,beta,beta_rec,b_last,b_last_rec,nll_rec
149-alternatives,3.136920232959945,23.092610943483752,twostagewithin,0.0,0.0,0.773493046862056,0.7554738447946836,43.38553162943151,22.198108075266788,0.045382278960945995,0.0318436257513453,9.265801460389142
