subject,nll,bic,model,alpha,alpha_rec,theta,theta_rec,beta,beta_rec,b_last,b_last_rec,nll_rec
99-alternatives,33.721500830123645,84.43698262844472,twostagewithin,0.6606145564671795,0.6122605895424214,1.0,1.0,17.645631394020647,25.032295587083755,-0.010605546232109991,0.006851604699057023,26.355667726556383
