subject,nll,bic,model,alpha,alpha_rec,theta,theta_rec,beta,beta_rec,b_last,b_last_rec,nll_rec
50-alternatives,22.141973135166612,61.277927238530665,twostagewithin,2.2429062652201734,2.6805089688312727,0.8120987550008875,0.7862243141404723,60.61120922344148,71.31985946696878,0.006204724248209504,0.009782852322822512,21.162496132182056
