subject,nll,bic,model,alpha,alpha_rec,theta,theta_rec,beta,beta_rec,b_last,b_last_rec,nll_rec
55-alternatives,25.63037200036483,68.25472496892709,twostagewithin,1.1567539497930217,1.1252157100751021,0.9816412797578472,1.0,41.036587340218,47.12745324082836,0.009131980046031421,0.00030564335171225337,24.100874408786478
