subject,nll,bic,model,alpha,alpha_rec,theta,theta_rec,beta,beta_rec,b_last,b_last_rec,nll_rec
6-attributes,15.401569725707882,47.7971204196132,twostagewithin,0.495037134887199,0.5558768306796973,0.783586457690669,1.0,44.303025332038736,100.0,-0.06801110367207668,0.08142621801520221,7.923910891255086
