subject,nll,bic,model,alpha,alpha_rec,theta,theta_rec,beta,beta_rec,b_last,b_last_rec,nll_rec
172-alternatives,19.649525600950295,56.29303217009803,twostagewithin,2.2257971091508977,2.302008648845427,0.8261924250298216,1.0,73.01124605751077,85.22399382388342,0.0032147186139505767,0.004886944232190195,17.094593451054266
