subject,nll,bic,model,alpha,alpha_rec,theta,theta_rec,beta,beta_rec,b_last,b_last_rec,nll_rec
197-alternatives,3.042540143707456,23.02150630580395,twostagewithin,0.0,0.0,0.8992276277593267,1.0,45.53055018809226,37.014224565593324,0.05872954414882966,0.05677084184345182,3.540343556739651
