subject,nll,bic,model,alpha,alpha_rec,theta,theta_rec,beta,beta_rec,b_last,b_last_rec,nll_rec
89-alternatives,39.63554566469705,96.26507229759153,twostagewithin,1.382348012574936,1.8698694077095563,1.0,1.0,12.890757316284656,7.39555717717132,0.028973419599215375,0.0935913504804999,41.321579749135914
