subject,nll,bic,model,alpha,alpha_rec,theta,theta_rec,beta,beta_rec,b_last,b_last_rec,nll_rec
65-alternatives,11.733281624558574,40.460544217314585,twostagewithin,0.5924831229144063,0.6076177883288175,0.8895777666509775,0.9225853252498079,71.46779061533354,100.0,0.0038445049314601615,0.011249251417350075,5.537117358963795
