subject,nll,bic,model,alpha,alpha_rec,theta,theta_rec,beta,beta_rec,b_last,b_last_rec,nll_rec
199-alternatives,39.16778853892018,95.32955804603779,twostagewithin,1.4617068231558996,2.111362245397344,0.43264556025384754,0.16795577823505264,20.26008046197524,25.206952752359168,0.0038591181889141967,0.02341237356207664,36.853951123263585
