subject,nll,bic,model,alpha,alpha_rec,theta,theta_rec,beta,beta_rec,b_last,b_last_rec,nll_rec
112-alternatives,18.192824341147073,53.37962965049158,twostagewithin,0.5742653031182656,0.6360264618078741,0.8673205113304799,0.8044762626380938,40.55303664685666,53.14830782062358,0.01349325300231549,0.019021391266988347,15.819523521528302
