subject,nll,bic,model,alpha,alpha_rec,theta,theta_rec,beta,beta_rec,b_last,b_last_rec,nll_rec
81-alternatives,26.36259112105506,69.66160826049916,twostagewithin,0.832323636219053,0.7812666281432745,1.0,1.0,30.11282755833892,55.79380877283814,0.006908840357721093,-0.005699897189529529,15.410176025663976
