subject,nll,bic,model,alpha,alpha_rec,theta,theta_rec,beta,beta_rec,b_last,b_last_rec,nll_rec
143-attributes,29.820567735473958,76.63511643914535,twostagewithin,1.2096740572596534,1.5843236470238564,0.145274532049851,0.10828611575582427,52.150697385546174,64.47889508212891,0.028635242793345575,0.09706244018004682,26.806219504624416
