subject,nll,bic,model,alpha,alpha_rec,theta,theta_rec,beta,beta_rec,b_last,b_last_rec,nll_rec
76-alternatives,25.513368767664087,68.02071850352561,twostagewithin,0.604456234393801,0.6510195040013632,1.0,0.8176946384247622,26.19595062453183,45.25179515853758,0.001884818490694919,-0.01832885355345699,18.963777964593675
