subject,nll,bic,model,alpha,alpha_rec,theta,theta_rec,beta,beta_rec,b_last,b_last_rec,nll_rec
23-attributes,22.418230936388994,61.83044284097542,twostagewithin,0.4746634673303589,0.5325547034222278,0.049865846342574495,0.38509241629645496,48.11531060550105,40.01790919867719,-0.039815865632904526,0.06200485656782109,22.214040904247874
