subject,nll,bic,model,alpha,alpha_rec,theta,theta_rec,beta,beta_rec,b_last,b_last_rec,nll_rec
87-alternatives,23.656828596414446,64.30763816102633,twostagewithin,0.5066415097506576,0.42928841251203914,0.8944506949280512,0.6708252701038805,25.264505133228177,20.452677200278988,0.033515766629097096,0.059728473000215374,25.68173750351987
