subject,nll,bic,model,alpha,alpha_rec,theta,theta_rec,beta,beta_rec,b_last,b_last_rec,nll_rec
58-attributes,24.938529823445045,66.81348566527913,twostagewithin,0.6907084561891443,0.572206791638308,0.21442819136868865,0.26028424965622526,46.56797286832172,30.50657225366281,-0.09293415297029183,0.032716178443932556,29.27981423064563
