subject,nll,bic,model,alpha,alpha_rec,theta,theta_rec,beta,beta_rec,b_last,b_last_rec,nll_rec
48-alternatives,27.386860237385545,71.76770144296853,twostagewithin,1.2546618029000465,1.2681089580947724,0.881659707848002,1.0,38.70134230508964,39.11699706305411,0.003793510374560086,-0.005051935859414614,26.669843276437547
