subject,nll,bic,model,alpha,alpha_rec,theta,theta_rec,beta,beta_rec,b_last,b_last_rec,nll_rec
179-attributes,24.89563850927237,66.78525798674218,twostagewithin,1.5623239733866983,1.577749172075768,0.410290069644466,0.5506424407326523,57.111414946920426,43.19830485781111,-0.03163843427633106,0.03826353564658951,27.849726797901056
