subject,nll,bic,model,alpha,alpha_rec,theta,theta_rec,beta,beta_rec,b_last,b_last_rec,nll_rec
128-alternatives,29.648606668188332,76.2336393547657,twostagewithin,0.7429444606259775,0.5917674440500865,1.0,0.8605595885161434,22.614112119947144,16.955112134740137,0.01255926032793989,0.033564111458568545,31.95543636416521
