subject,nll,bic,model,alpha,alpha_rec,theta,theta_rec,beta,beta_rec,b_last,b_last_rec,nll_rec
86-alternatives,9.95439841851403,36.9027778052255,twostagewithin,0.09398093947550548,0.0,0.574463598758166,0.3596140039514133,31.60125183610784,31.42707132856027,-0.017945107126374482,0.007822872155667838,9.873398991181055
