subject,nll,bic,model,alpha,alpha_rec,theta,theta_rec,beta,beta_rec,b_last,b_last_rec,nll_rec
110-alternatives,4.171748995884159,25.337478959965757,twostagewithin,0.03530585238536179,0.17573862106085072,1.0,1.0,35.40942502744379,100.0,-0.022881063910533694,-0.021805088777925585,1.4657268447053424
