subject,nll,bic,model,alpha,alpha_rec,theta,theta_rec,beta,beta_rec,b_last,b_last_rec,nll_rec
48-attributes,27.032150939794565,71.05828284778657,twostagewithin,1.2377611355590754,1.1485153152796868,0.12300095343527097,0.23131501090511886,65.54833705435553,71.01796020302369,-0.025790967446460568,0.07173191280585574,24.83928126127394
