subject,nll,bic,model,alpha,alpha_rec,theta,theta_rec,beta,beta_rec,b_last,b_last_rec,nll_rec
80-alternatives,13.341721077356175,43.67742312290979,twostagewithin,1.1706015655738777,1.1441249107380318,1.0,1.0,100.0,98.72278784441852,0.0062821133398529025,0.0106895531982693,14.565997639973556
