subject,nll,bic,model,alpha,alpha_rec,theta,theta_rec,beta,beta_rec,b_last,b_last_rec,nll_rec
56-alternatives,15.972909008049065,48.939798984295564,twostagewithin,0.22008327533971792,0.0,0.680101988015759,0.7142740603918751,25.932026479399276,16.785760739603887,0.013100078981021692,0.04470461836702381,14.673743555533067
