subject,nll,bic,model,alpha,alpha_rec,theta,theta_rec,beta,beta_rec,b_last,b_last_rec,nll_rec
155-alternatives,23.166960489580855,63.32790194735915,twostagewithin,0.31323171183810383,0.3139611996714719,1.0,0.7091194869658631,18.30871106185376,15.931636462240789,0.03548323892117352,0.04186241814854242,28.234133123430773
