subject,nll,bic,model,alpha,alpha_rec,theta,theta_rec,beta,beta_rec,b_last,b_last_rec,nll_rec
155-attributes,30.014237571481534,77.02245611116051,twostagewithin,0.22976571075793217,0.2269805528246198,0.15771330321496976,0.7011881945970384,19.037362173531072,9.976662971160591,-0.048271283309513004,0.010608329956462305,34.8478689355038
