subject,nll,bic,model,alpha,alpha_rec,theta,theta_rec,beta,beta_rec,b_last,b_last_rec,nll_rec
98-alternatives,31.995432479643323,80.98484592748409,twostagewithin,0.9112703802615049,0.9696468500317427,0.9330961946652967,1.0,24.414199914045305,27.976740744573426,0.0024051909966433128,-0.005546878008509246,30.29386780118145
