subject,nll,bic,model,alpha,alpha_rec,theta,theta_rec,beta,beta_rec,b_last,b_last_rec,nll_rec
17-alternatives,35.95998705042868,88.79800492156178,twostagewithin,0.7788172773523243,0.9364013654153541,0.8935488714576778,1.0,15.09344335429843,23.71659592848036,0.012798505635708387,-0.0020522069352199904,30.953578386772143
