subject,nll,bic,model,alpha,alpha_rec,theta,theta_rec,beta,beta_rec,b_last,b_last_rec,nll_rec
23-alternatives,21.181024479815882,59.3560299278292,twostagewithin,0.5553103265695399,0.6919684983883675,1.0,1.0,31.68868466089021,27.02827678596281,-0.013214684402455401,-0.006956071851174489,26.913465077905833
