subject,nll,bic,model,alpha,alpha_rec,theta,theta_rec,beta,beta_rec,b_last,b_last_rec,nll_rec
178-alternatives,32.70387850903311,82.40173798626365,twostagewithin,0.5761125911005495,0.5648748697620652,1.0,1.0,16.429472624249804,21.8120716172709,0.016801359280871876,0.013338388162239291,27.616192077285053
