subject,nll,bic,model,alpha,alpha_rec,theta,theta_rec,beta,beta_rec,b_last,b_last_rec,nll_rec
113-attributes,28.48607948524323,73.9661399386839,twostagewithin,2.357095827353948,2.671984582388629,0.21430812702093996,0.296053611248857,60.18059364753155,51.45546719717237,-0.024928720396916883,0.0009493721255871668,30.642719286478833
