subject,nll,bic,model,alpha,alpha_rec,theta,theta_rec,beta,beta_rec,b_last,b_last_rec,nll_rec
174-alternatives,23.62973958264739,64.25346013349221,twostagewithin,1.1921724189667555,1.3852096625673727,1.0,0.8795418217125971,49.09418339325576,84.8018353528077,0.000292390004095775,-0.006550753252674891,16.426179291717123
