subject,nll,bic,model,alpha,alpha_rec,theta,theta_rec,beta,beta_rec,b_last,b_last_rec,nll_rec
34-attributes,39.24486149924597,95.12525533193063,twostagewithin,1.1904560356939557,0.8450329624398518,0.8594039690273493,0.01468707001162149,10.26702628337908,14.462871732286812,0.07806750275562097,0.014624815649257328,40.279825859327744
