subject,nll,bic,model,alpha,alpha_rec,theta,theta_rec,beta,beta_rec,b_last,b_last_rec,nll_rec
182-attributes,37.65813985504923,92.31026067829589,twostagewithin,1.043953022994761,1.155131004236382,0.3612817909361825,0.4877013677022945,22.718556885285278,18.311614860028698,0.07627231373732962,-0.05395489029614231,39.44699925876618
