subject,nll,bic,model,alpha,alpha_rec,theta,theta_rec,beta,beta_rec,b_last,b_last_rec,nll_rec
83-attributes,23.108750740025854,63.21148244824914,twostagewithin,0.5420825258018163,0.5825336186839852,0.40635769275946754,0.8553661239417854,37.99662107089462,32.469953550532075,0.041755960422787536,-0.03930029278438412,22.002859793989018
