subject,nll,bic,model,alpha,alpha_rec,theta,theta_rec,beta,beta_rec,b_last,b_last_rec,nll_rec
85-attributes,15.569678209180836,48.075782436750714,twostagewithin,0.12482403678250534,0.23627148632451012,0.3539006998527612,0.2521624607931315,25.231917856739685,44.33845386197049,-0.014754777161660671,0.043202054562346964,11.89532959072668
