subject,nll,bic,model,alpha,alpha_rec,theta,theta_rec,beta,beta_rec,b_last,b_last_rec,nll_rec
97-alternatives,23.166451891420596,63.326884751038634,twostagewithin,0.5907847289849864,0.6563428508438505,1.0,1.0,27.42117153245524,29.95202793885682,0.030783697780165063,0.027981450684823755,23.088032488115562
