subject,nll,bic,model,alpha,alpha_rec,theta,theta_rec,beta,beta_rec,b_last,b_last_rec,nll_rec
42-attributes,20.15669538482334,57.30737173784412,twostagewithin,0.5255044314206938,0.6246779732263765,0.034389762186469316,0.6892476181299743,59.67613103649198,31.760262090433354,-0.0703329522511386,0.08768225819179908,24.955173029897836
