subject,nll,bic,model,alpha,alpha_rec,theta,theta_rec,beta,beta_rec,b_last,b_last_rec,nll_rec
44-alternatives,10.916459770000278,38.826900508197994,twostagewithin,0.3132132965339957,0.3091412053912884,0.6282623087536046,0.609331454433534,48.008496313502135,43.39906353258784,0.021232825825645382,0.0013383356794086968,12.14375684048964
