subject,nll,bic,model,alpha,alpha_rec,theta,theta_rec,beta,beta_rec,b_last,b_last_rec,nll_rec
5-alternatives,14.294788806795317,45.58355858178807,twostagewithin,2.7885768542833484,2.940947457135917,0.6748525677266095,0.8797691589008533,100.0,99.92364381135756,0.00783687474719442,0.004745666511149409,18.29454674142209
