subject,nll,bic,model,alpha,alpha_rec,theta,theta_rec,beta,beta_rec,b_last,b_last_rec,nll_rec
153-alternatives,31.774803512961963,80.54358799412137,twostagewithin,1.2583589407887197,1.1327132638490818,1.0,0.7815872069113547,26.582563345082097,36.09130889286377,0.006016819050075516,0.018946245357959097,27.243603347533547
