subject,nll,bic,model,alpha,alpha_rec,theta,theta_rec,beta,beta_rec,b_last,b_last_rec,nll_rec
160-alternatives,26.888131806098574,70.77024458039459,twostagewithin,0.9053199872261715,0.9332842692176413,1.0,1.0,30.807589229972884,30.990655545910503,0.01926865924733684,0.022590514179200858,26.762847018202617
