subject,nll,bic,model,alpha,alpha_rec,theta,theta_rec,beta,beta_rec,b_last,b_last_rec,nll_rec
11-attributes,32.746959254313154,82.48789947682374,twostagewithin,1.2259061028503542,1.4184156441968507,0.18638124502964057,0.10516292927805729,40.40050514562298,80.83260648506855,-0.033824019471692626,-0.053702261999339196,23.71354819918029
