subject,nll,bic,model,alpha,alpha_rec,theta,theta_rec,beta,beta_rec,b_last,b_last_rec,nll_rec
116-attributes,19.14031728531455,55.27461553882654,twostagewithin,0.6508725036630032,0.6252415406314885,0.6529046606157137,0.22498881306988122,47.421334203785435,45.47811599681908,-0.07767315123919544,-0.06214255466452974,24.311642197932237
