subject,nll,bic,model,alpha,alpha_rec,theta,theta_rec,beta,beta_rec,b_last,b_last_rec,nll_rec
198-alternatives,23.465088239081826,63.92415744636109,twostagewithin,0.6631679918143494,0.6095720499577725,0.6735482813945303,0.5099767634507646,38.299316434857886,36.596850835602936,0.0008535824525792041,0.0011919437610889694,25.01107307382016
