subject,nll,bic,model,alpha,alpha_rec,theta,theta_rec,beta,beta_rec,b_last,b_last_rec,nll_rec
33-attributes,38.591080578417085,94.1761421250316,twostagewithin,1.227266766059937,1.0512464203555865,0.2843019845111157,0.17428462163479852,23.2895333708701,27.789613196891885,0.016390232269253048,-0.09156396330222369,37.049550258807585
