subject,nll,bic,model,alpha,alpha_rec,theta,theta_rec,beta,beta_rec,b_last,b_last_rec,nll_rec
139-attributes,27.803158839320734,72.5427436970305,twostagewithin,1.051809858915969,1.1709794940307698,0.22203423957010615,0.3200944862781533,52.100904739448566,63.5336509858097,0.026572834127437342,-0.045654052200286836,24.764415215960668
