subject,nll,bic,model,alpha,alpha_rec,theta,theta_rec,beta,beta_rec,b_last,b_last_rec,nll_rec
53-attributes,19.299169576653224,55.59232012150389,twostagewithin,0.5817738262471704,0.5040178660479909,0.07645744011112394,0.03254206104434738,65.9805151480247,50.68122043385437,0.05150062613371165,-0.0517134218072874,22.520766102535237
