subject,nll,bic,model,alpha,alpha_rec,theta,theta_rec,beta,beta_rec,b_last,b_last_rec,nll_rec
66-alternatives,21.801486515188667,60.596953998574776,twostagewithin,0.597606355736449,0.6726250700228343,0.8400184272192817,0.8278701811535016,35.31345657935862,32.279271941080395,-0.011503485236409008,-0.01051391197431598,25.067390716854
