subject,nll,bic,model,alpha,alpha_rec,theta,theta_rec,beta,beta_rec,b_last,b_last_rec,nll_rec
65-attributes,18.97062090390835,54.93522277601414,twostagewithin,0.657279203961525,0.6817723814153177,0.7319992887250885,0.33929715963785984,46.06613444618173,89.0251026585592,-0.0017640844216499697,0.033601559537922675,13.44756327841548
