subject,nll,bic,model,alpha,alpha_rec,theta,theta_rec,beta,beta_rec,b_last,b_last_rec,nll_rec
3-attributes,25.773753724056213,68.54148841630986,twostagewithin,0.4569621056131531,0.5265001055150246,0.2972321135290153,0.9290223748732745,31.84316122792563,21.177790146781863,0.010933434191531722,-0.004805646214752313,27.673455012946068
