subject,nll,bic,model,alpha,alpha_rec,theta,theta_rec,beta,beta_rec,b_last,b_last_rec,nll_rec
163-attributes,47.42089995885053,111.8357808858985,twostagewithin,0.6016030352826146,0.6312198696262057,0.5498239533400278,0.7195791673978822,3.7825783184779187,3.7126685494158664,-0.03930531823510806,-0.052009922371821296,47.283295173782854
