subject,nll,bic,model,alpha,alpha_rec,theta,theta_rec,beta,beta_rec,b_last,b_last_rec,nll_rec
29-alternatives,34.922696679971125,86.83937432813968,twostagewithin,0.5003329183289984,0.3939026178967855,0.8909947613365198,0.5361530597012674,14.73957856967977,19.72006635222063,-0.02798082992588425,-0.025256710326406286,30.661464890567114
