subject,nll,bic,model,alpha,alpha_rec,theta,theta_rec,beta,beta_rec,b_last,b_last_rec,nll_rec
60-alternatives,26.57748531268221,70.14895159356186,twostagewithin,0.41119320560244327,0.36217433334691274,1.0,0.8220888020375642,18.819969872445004,20.487973155693123,0.017200410335333986,0.004591702758652403,25.52894775365363
