subject,nll,bic,model,alpha,alpha_rec,theta,theta_rec,beta,beta_rec,b_last,b_last_rec,nll_rec
36-attributes,71.114903903272,161.9963774969812,twostagewithin,0.3941763880801872,0.43109097965313636,0.9613191333192892,0.05978055516439665,11.107795500587716,19.29219235064495,-0.08913581472225295,-0.05481050361921869,74.59198170344342
