subject,nll,bic,model,alpha,alpha_rec,theta,theta_rec,beta,beta_rec,b_last,b_last_rec,nll_rec
39-attributes,29.37180817744642,75.73759732309028,twostagewithin,1.049120039497987,1.1085394286260268,0.43148138111287676,0.5997951747298852,41.56293197905069,39.411335180005736,0.031154528577660257,-0.050213450787754944,28.914673930356738
