subject,nll,bic,model,alpha,alpha_rec,theta,theta_rec,beta,beta_rec,b_last,b_last_rec,nll_rec
163-alternatives,36.91337127352625,90.76316856544155,twostagewithin,1.327544567864536,1.5854587534827984,1.0,0.8492745719176483,17.6291168308814,18.774722043421576,-0.00011889745842057594,0.005029609682237979,37.15007977149196
