subject,nll,bic,model,alpha,alpha_rec,theta,theta_rec,beta,beta_rec,b_last,b_last_rec,nll_rec
1-alternatives,29.236817092407797,75.46761515301303,twostagewithin,0.7780615552264745,0.7460417748260081,1.0,1.0,22.256653942904126,29.4386178287434,0.0342164456842079,0.017728350478380298,25.53317219499719
