subject,nll,bic,model,alpha,alpha_rec,theta,theta_rec,beta,beta_rec,b_last,b_last_rec,nll_rec
12-alternatives,29.94440514297943,76.8827912541563,twostagewithin,0.5878353845936906,0.6440476468264671,1.0,0.5742820482007802,18.63116378189204,15.893691960639627,0.031173556312682524,0.02770169886859747,36.33908529366505
