subject,nll,bic,model,alpha,alpha_rec,theta,theta_rec,beta,beta_rec,b_last,b_last_rec,nll_rec
101-attributes,20.47062163699679,57.93522424219101,twostagewithin,0.0,0.09295281227839239,0.8897576936729521,0.7833455378999694,11.414622276775042,13.19532862793379,-0.01629448991676117,-0.0683062246070925,22.44251782506973
