subject,nll,bic,model,alpha,alpha_rec,theta,theta_rec,beta,beta_rec,b_last,b_last_rec,nll_rec
26-alternatives,17.04332090133754,51.08062277087252,twostagewithin,0.22457126169236472,0.1446958705429768,1.0,0.9979643391798823,21.409252834692136,23.350503701892197,-0.0131962905021177,-0.05336075651772513,13.855749704562653
