subject,nll,bic,model,alpha,alpha_rec,theta,theta_rec,beta,beta_rec,b_last,b_last_rec,nll_rec
162-attributes,32.523035440174596,82.04005184854663,twostagewithin,1.1804386721741071,1.2632307451916953,0.3531479208274266,0.6725037579616517,35.81174342463715,23.762112621022222,0.012955914059008068,0.08421088735766136,35.24072107296449
