subject,nll,bic,model,alpha,alpha_rec,theta,theta_rec,beta,beta_rec,b_last,b_last_rec,nll_rec
27-attributes,22.325123685020703,61.64422833823885,twostagewithin,1.0727461091411803,1.0214177981846968,0.08445018620386092,0.7752209470373677,95.6509532735593,48.38487154510801,-0.09209473749053448,0.016504702081451696,24.2392942154767
