subject,nll,bic,model,alpha,alpha_rec,theta,theta_rec,beta,beta_rec,b_last,b_last_rec,nll_rec
31-attributes,42.98589851295571,102.96577799410885,twostagewithin,1.3455248062929441,1.5738371001603493,0.16173781356788197,0.18187495617873203,16.712983140733606,42.48422941556894,-0.08654250338765711,0.09109550032754217,32.33935780271708
