subject,nll,bic,model,alpha,alpha_rec,theta,theta_rec,beta,beta_rec,b_last,b_last_rec,nll_rec
142-alternatives,26.137597983080187,69.26917693435782,twostagewithin,0.7498053895368096,0.6457804291947633,1.0,0.7809944206460917,29.1935204353407,27.762546363793813,0.009492177029763755,0.03134747380590613,25.635877257568595
