subject,nll,bic,model,alpha,alpha_rec,theta,theta_rec,beta,beta_rec,b_last,b_last_rec,nll_rec
25-attributes,21.127967523272332,59.2499160147421,twostagewithin,1.0859426794258749,1.11273462750312,0.7346861085896434,0.7634967397032757,66.40464197488515,62.0206565591203,0.022694841850804615,-0.039837835347399556,21.942211323182562
