subject,nll,bic,model,alpha,alpha_rec,theta,theta_rec,beta,beta_rec,b_last,b_last_rec,nll_rec
177-attributes,27.538986535313686,72.07195403882481,twostagewithin,0.8292778735935539,0.7415378801846679,0.24294631889458532,0.791261778536265,45.99282942839606,25.451426154439773,0.01492806515431684,0.0866315192640679,29.846107063156115
