subject,nll,bic,model,alpha,alpha_rec,theta,theta_rec,beta,beta_rec,b_last,b_last_rec,nll_rec
29-attributes,33.7369913497221,84.46796366764164,twostagewithin,0.5843234319105127,0.6156997875691494,0.4785802851121234,0.059107084458744144,20.815654891401106,18.515597879120694,0.02592293536971109,0.04865877617484391,40.302811997394485
