subject,nll,bic,model,alpha,alpha_rec,theta,theta_rec,beta,beta_rec,b_last,b_last_rec,nll_rec
87-attributes,24.028766695285743,65.05151435876893,twostagewithin,0.3655216975548666,0.2843423595716891,0.21430598114011773,0.7385106768455927,32.37514913904368,23.4443193439951,-0.016557279072542952,-0.06144605414943836,19.936512643938737
