subject,nll,bic,model,alpha,alpha_rec,theta,theta_rec,beta,beta_rec,b_last,b_last_rec,nll_rec
22-attributes,23.569090479886952,64.13216192797134,twostagewithin,0.42004531960190633,0.32843090340233466,0.2426847438324735,0.1313627824553845,35.43186586039754,42.38079467423358,0.09390091180660937,-0.04542652231667321,18.974014353381968
