subject,nll,bic,model,alpha,alpha_rec,theta,theta_rec,beta,beta_rec,b_last,b_last_rec,nll_rec
147-attributes,29.776202077250897,76.54638512269923,twostagewithin,0.6048424892266282,0.651295424690539,0.680309611199924,0.7281697304494741,23.69942064808844,26.320029786666687,0.04994050028884165,-0.01696484025890468,28.361637905429426
