subject,nll,bic,model,alpha,alpha_rec,theta,theta_rec,beta,beta_rec,b_last,b_last_rec,nll_rec
195-alternatives,18.19165499716808,53.37729096253359,twostagewithin,0.5069694348671006,0.6082492384520028,1.0,0.6864031319397353,34.98419286598801,42.32813433212843,-0.009315711927013397,0.007974462912170254,20.338420052708553
