subject,nll,bic,model,alpha,alpha_rec,theta,theta_rec,beta,beta_rec,b_last,b_last_rec,nll_rec
26-attributes,9.614133222130462,36.22224741245836,twostagewithin,0.26352986921327753,0.2913918562980868,0.10803764648326628,0.21887214421335313,64.74116842200912,49.832782926407546,-0.03279336526467629,0.09976091494543132,13.399568115355805
