subject,nll,bic,model,alpha,alpha_rec,theta,theta_rec,beta,beta_rec,b_last,b_last_rec,nll_rec
115-attributes,8.970503449718361,34.93498786763416,twostagewithin,0.9150448898261174,0.9631894739006115,1.0,0.9602837370369138,100.0,99.65163275456365,0.0699808805650302,0.03494249185729741,12.628168689207245
