subject,nll,bic,model,alpha,alpha_rec,theta,theta_rec,beta,beta_rec,b_last,b_last_rec,nll_rec
75-attributes,15.086727079640344,47.16743512747813,twostagewithin,0.3070927028463294,0.3115659334731875,0.6834591700606619,0.11793739291554471,33.99830135265856,53.33788354025843,0.001035490520482152,-0.020342413709510388,14.667559706651756
