subject,nll,bic,model,alpha,alpha_rec,theta,theta_rec,beta,beta_rec,b_last,b_last_rec,nll_rec
125-attributes,15.640591780863739,48.275164529924915,twostagewithin,0.523262271374302,0.5587584043402825,0.9224876438823018,0.43991411012691867,42.85851974650248,59.77639198920103,-0.03406794399587334,-0.01528370355207549,16.00766441047379
