subject,nll,bic,model,alpha,alpha_rec,theta,theta_rec,beta,beta_rec,b_last,b_last_rec,nll_rec
81-attributes,26.183432530445433,69.36084602908831,twostagewithin,1.0696393384877703,0.9215258324917195,0.3423913197685655,0.4221722316216024,57.1047177581276,73.76545673105454,0.021458858695355954,-0.07168906104737698,19.74217543513699
