subject,nll,bic,model,alpha,alpha_rec,theta,theta_rec,beta,beta_rec,b_last,b_last_rec,nll_rec
19-alternatives,21.502111101099544,59.94064822058813,twostagewithin,1.080650487977074,1.1574871289505175,1.0,1.0,56.07860454951414,54.05553017244941,-0.0024551955843781685,-0.002412207163098421,22.300219649087595
