subject,nll,bic,model,alpha,alpha_rec,theta,theta_rec,beta,beta_rec,b_last,b_last_rec,nll_rec
77-alternatives,22.71871429023741,62.431409548672264,twostagewithin,0.37083979594295213,0.3458816983002078,1.0,0.9900461349350849,21.6265788746724,17.390812580211556,0.016707623733102472,0.03399079435938996,25.491568634731
