subject,nll,bic,model,alpha,alpha_rec,theta,theta_rec,beta,beta_rec,b_last,b_last_rec,nll_rec
123-alternatives,24.43178088887532,65.85754274594808,twostagewithin,1.1792328513708927,1.1514411424605344,0.9395603383805016,1.0,47.72709649665502,39.85694118148924,-0.002267293568814283,-0.008035279884281448,26.41932878081375
