subject,nll,bic,model,alpha,alpha_rec,theta,theta_rec,beta,beta_rec,b_last,b_last_rec,nll_rec
75-alternatives,29.70518571797151,76.40435240414045,twostagewithin,0.25375638936829925,0.301486666948628,1.0,0.8328801497531972,11.54385521662843,15.600852042440343,0.04007647537685556,0.037136466698668644,27.294751204099644
