subject,nll,bic,model,alpha,alpha_rec,theta,theta_rec,beta,beta_rec,b_last,b_last_rec,nll_rec
43-attributes,25.800586542380085,68.59515405295761,twostagewithin,0.3310624398470042,0.4540490871751792,0.20390289971260997,0.6525974197018946,27.86201815713759,23.49398453797358,-0.0027887287529706484,0.08624023885673032,26.878104403109845
