subject,nll,bic,model,alpha,alpha_rec,theta,theta_rec,beta,beta_rec,b_last,b_last_rec,nll_rec
3-alternatives,24.44250899464362,65.87899895748468,twostagewithin,0.47088301106758745,0.5518022737037612,1.0,1.0,23.653179965329496,30.347097520705958,-0.008424217294938127,-0.0035316698788140483,21.731347082902246
