subject,nll,bic,model,alpha,alpha_rec,theta,theta_rec,beta,beta_rec,b_last,b_last_rec,nll_rec
54-alternatives,22.34437187269225,61.68272471358193,twostagewithin,0.9764588303432108,0.9325016858718401,1.0,1.0,47.927372583371614,39.94760859605515,-0.002665859063783806,-0.009104367843371701,24.36231458918788
