subject,nll,bic,model,alpha,alpha_rec,theta,theta_rec,beta,beta_rec,b_last,b_last_rec,nll_rec
188-attributes,21.35341848423962,59.70081793667667,twostagewithin,1.2473740297258178,1.231610776786402,0.39012138608433594,0.8346767480843569,81.96154209686776,70.21094973024879,0.04582663305249029,-0.03024111131941214,19.939900015202245
