subject,nll,bic,model,alpha,alpha_rec,theta,theta_rec,beta,beta_rec,b_last,b_last_rec,nll_rec
85-alternatives,15.120776063288497,47.23553309477443,twostagewithin,0.08826996200080561,0.0,0.4847601984784981,0.4344860181643344,25.412534797418612,17.159684545052865,-0.030198357948249478,-0.045562874545859826,20.163293964416876
