subject,nll,bic,model,alpha,alpha_rec,theta,theta_rec,beta,beta_rec,b_last,b_last_rec,nll_rec
22-alternatives,29.262500878105527,75.51898272440849,twostagewithin,0.2768895376375226,0.2677185933203219,0.6975370606907627,1.0,14.761084277097646,9.910937771936666,0.02392161435371834,0.0627589691172099,32.17102915116381
