subject,nll,bic,model,alpha,alpha_rec,theta,theta_rec,beta,beta_rec,b_last,b_last_rec,nll_rec
171-attributes,32.391591139109465,81.77716324641636,twostagewithin,1.191482771684428,1.2455130441157254,0.14666370976608092,0.3153929987774142,42.761788802335104,42.987519096793875,0.005820810519123443,0.0624482697747619,30.566724428274327
