subject,nll,bic,model,alpha,alpha_rec,theta,theta_rec,beta,beta_rec,b_last,b_last_rec,nll_rec
56-attributes,4.055521196559026,25.10502336131549,twostagewithin,0.0,0.023355503356014228,0.7031903496303361,0.16603871790549504,32.74961831678799,37.55959096342986,0.00019294683273500814,0.000333028550538117,7.623316756025846
