subject,nll,bic,model,alpha,alpha_rec,theta,theta_rec,beta,beta_rec,b_last,b_last_rec,nll_rec
25-alternatives,23.32410960408421,63.64220017636586,twostagewithin,1.1677910675260879,1.25039932988475,0.8718081574745469,0.9053023057867108,52.82842140772691,40.570399585945566,0.0027339703904711147,0.006414613705530199,26.410567228645025
