subject,nll,bic,model,alpha,alpha_rec,theta,theta_rec,beta,beta_rec,b_last,b_last_rec,nll_rec
70-alternatives,22.10160232532388,61.1971856188452,twostagewithin,1.0878188423335429,1.200571182786497,0.8743937826674154,0.7880836125206294,50.16074385639487,78.9217415860276,0.018806402364908305,0.013004775705372028,17.501819345419033
