subject,nll,bic,model,alpha,alpha_rec,theta,theta_rec,beta,beta_rec,b_last,b_last_rec,nll_rec
156-alternatives,23.342247802043993,63.67847657228542,twostagewithin,0.9285205803216121,1.1232904818289404,1.0,1.0,41.35217584457714,47.26219017452151,0.010040756071659968,0.013956318620468167,23.08383312254024
