subject,nll,bic,model,alpha,alpha_rec,theta,theta_rec,beta,beta_rec,b_last,b_last_rec,nll_rec
60-attributes,30.082604907088886,77.1591907823752,twostagewithin,0.558550486801075,0.49797326262180175,0.07097679468872413,0.4245023147608999,34.695477316703474,20.94489236696664,-0.007777819310667589,0.01264029064547283,32.6911273124559
