subject,nll,bic,model,alpha,alpha_rec,theta,theta_rec,beta,beta_rec,b_last,b_last_rec,nll_rec
138-alternatives,9.894789400584791,36.78355976936702,twostagewithin,3.0,2.6859050157193898,1.0,0.8638023773431208,100.0,78.97058440321574,0.0014660015419251794,-0.007439113903230498,21.38037487376535
