subject,nll,bic,model,alpha,alpha_rec,theta,theta_rec,beta,beta_rec,b_last,b_last_rec,nll_rec
162-alternatives,24.592029399682858,66.17803976756315,twostagewithin,1.0960991816122194,1.0237929657745817,1.0,1.0,43.461606547895734,31.717001058889686,0.008868662837907923,0.021494920294482113,27.225875745239033
