subject,nll,bic,model,alpha,alpha_rec,theta,theta_rec,beta,beta_rec,b_last,b_last_rec,nll_rec
67-attributes,30.14458909961138,77.2831591674202,twostagewithin,0.46618482203954126,0.502081102676389,0.4338487352524365,0.1940191174627523,23.101496163930197,25.395947537837127,-0.06907456554256022,-0.06071122218279832,32.497925927137516
