subject,nll,bic,model,alpha,alpha_rec,theta,theta_rec,beta,beta_rec,b_last,b_last_rec,nll_rec
136-attributes,15.859355690580173,48.71269234935778,twostagewithin,0.42334985389280616,0.4915926816378118,0.5141171277545415,0.8997577438642272,45.0377941530373,51.17089863212808,-0.06592405014035554,-0.07431771142841961,12.47003241959604
