subject,nll,bic,model,alpha,alpha_rec,theta,theta_rec,beta,beta_rec,b_last,b_last_rec,nll_rec
40-alternatives,22.75929178703316,62.51256454226376,twostagewithin,0.9575891153428998,0.873145105275571,1.0,1.0,44.91223384918246,59.15235936819374,0.006384233611729514,-0.015856038419714186,16.902871559092073
