subject,nll,bic,model,alpha,alpha_rec,theta,theta_rec,beta,beta_rec,b_last,b_last_rec,nll_rec
114-attributes,20.606644718033838,58.20727040426512,twostagewithin,0.6904711756210105,0.7394151868001244,0.16911711471673904,0.044733364442661,63.96028239529174,76.77761823960694,-0.024416216839839345,0.038846435746082514,20.316117379970915
