subject,nll,bic,model,alpha,alpha_rec,theta,theta_rec,beta,beta_rec,b_last,b_last_rec,nll_rec
125-alternatives,15.600406630295229,48.1947942287879,twostagewithin,0.47604480409708283,0.4560195828939484,0.7601835446103647,1.0,45.07090995676393,50.79655326508624,-0.008809315308803887,-0.02329768371258976,11.9294696409686
