subject,nll,bic,model,alpha,alpha_rec,theta,theta_rec,beta,beta_rec,b_last,b_last_rec,nll_rec
19-attributes,16.979784009825046,50.953548987847526,twostagewithin,1.0044212938778434,0.9893694657883958,0.49737729398993363,0.937041169426716,97.57858758913015,81.86346963478518,-0.0032630341713858592,-0.040322764639930966,15.642422680649073
