subject,nll,bic,model,alpha,alpha_rec,theta,theta_rec,beta,beta_rec,b_last,b_last_rec,nll_rec
99-attributes,30.093423149262648,77.18082726672273,twostagewithin,0.7388076018627713,0.7612699963620443,0.45840460922731396,0.15858955743863076,30.703405570164033,32.120261859571976,-0.02938802929410932,0.0770921489737345,33.24392335280176
