subject,nll,bic,model,alpha,alpha_rec,theta,theta_rec,beta,beta_rec,b_last,b_last_rec,nll_rec
52-alternatives,8.405995874773478,33.805972717744396,twostagewithin,0.1396951396696222,0.057374331774279315,1.0,1.0,30.358803408589434,19.888999036775743,-0.025730418583062162,-0.020391574282404307,11.596106654288798
