subject,nll,bic,model,alpha,alpha_rec,theta,theta_rec,beta,beta_rec,b_last,b_last_rec,nll_rec
105-alternatives,20.441919738551352,57.877820445300145,twostagewithin,0.8868387065551414,1.0836719871661107,0.9357921296617833,0.9995214237269758,49.99435640852045,32.248491209372894,0.00022606325943643773,0.004377196956496257,28.8566724906101
