subject,nll,bic,model,alpha,alpha_rec,theta,theta_rec,beta,beta_rec,b_last,b_last_rec,nll_rec
175-alternatives,16.59627873814862,50.18653844449467,twostagewithin,1.096045277607515,1.0940782415700177,1.0,0.9290888133802239,83.22238497616361,100.0,0.0067623442946839266,0.008508779000854958,12.917553477173694
