subject,nll,bic,model,alpha,alpha_rec,theta,theta_rec,beta,beta_rec,b_last,b_last_rec,nll_rec
195-attributes,19.36328022731794,55.72054142283332,twostagewithin,0.35226356942919473,0.3059354061079216,0.9772565097713352,0.24599160091501218,24.999444243866428,36.25944502509693,-0.048249306387973645,0.06040875335885372,19.041840062579535
