subject,nll,bic,model,alpha,alpha_rec,theta,theta_rec,beta,beta_rec,b_last,b_last_rec,nll_rec
122-attributes,29.457570686400675,75.90912234099879,twostagewithin,0.7546441495285873,0.6804228189840402,0.43085919924089816,0.14230762575078518,33.04630608533531,42.25533086343258,0.012225715287909078,-0.07648176285297499,27.88542259373522
