subject,nll,bic,model,alpha,alpha_rec,theta,theta_rec,beta,beta_rec,b_last,b_last_rec,nll_rec
35-attributes,32.24751077138486,81.31379202033358,twostagewithin,0.46053287835913903,0.5515987279850444,0.22266497362891244,0.028227908001348813,21.432169694730604,36.1188491151673,0.0018836508806212128,0.00543593566622731,28.178870595679232
