subject,nll,bic,model,alpha,alpha_rec,theta,theta_rec,beta,beta_rec,b_last,b_last_rec,nll_rec
164-alternatives,9.760046929077731,36.514074826352896,twostagewithin,0.6320997569791836,0.6151452319664809,0.8752457983656815,0.808828048122207,88.74826732361262,97.25513705011922,-0.003807707533925373,-0.010634799773819576,9.372500262834468
