subject,nll,bic,model,alpha,alpha_rec,theta,theta_rec,beta,beta_rec,b_last,b_last_rec,nll_rec
127-attributes,32.30109842051862,81.53862285942628,twostagewithin,0.9851207240013731,1.0001709419962062,0.13508114657131284,0.31912218026946926,38.82208998610657,42.16308090360366,0.04986061819973793,-0.005451663777617033,29.32002879107418
