subject,nll,bic,model,alpha,alpha_rec,theta,theta_rec,beta,beta_rec,b_last,b_last_rec,nll_rec
39-alternatives,27.079698411229806,71.15337779065705,twostagewithin,1.2470419262061099,1.2909596002993433,1.0,0.9638569854203509,32.22567130883423,28.90534651568738,0.02463427953821228,0.002136261501485733,31.06688378723755
