subject,nll,bic,model,alpha,alpha_rec,theta,theta_rec,beta,beta_rec,b_last,b_last_rec,nll_rec
12-attributes,32.34924083449002,81.63490768736908,twostagewithin,0.5498693106919238,0.477028245315645,0.06794669198471727,0.4289049415469783,30.17775007277639,19.498975141515956,-0.062147490606151816,-0.013449830253213446,33.372232688447035
