subject,nll,bic,model,alpha,alpha_rec,theta,theta_rec,beta,beta_rec,b_last,b_last_rec,nll_rec
4-alternatives,43.86775557697145,104.72949212214033,twostagewithin,1.6560855106971581,1.3481517755272938,0.5155652857488768,1.0,11.735935216384577,7.626459624155582,0.006381749212303851,0.009471599846299255,44.861968689285014
