subject,nll,bic,model,alpha,alpha_rec,theta,theta_rec,beta,beta_rec,b_last,b_last_rec,nll_rec
140-attributes,21.126056553634804,59.24609407546704,twostagewithin,0.38120096992193725,0.41382434367655146,0.14796531400017593,0.5045729960418837,41.154138047775135,30.42624745263868,-0.04238690622882965,0.010480814104018377,22.66177999187667
