subject,nll,bic,model,alpha,alpha_rec,theta,theta_rec,beta,beta_rec,b_last,b_last_rec,nll_rec
141-alternatives,24.87953385532228,66.75304867884199,twostagewithin,0.36891204475008676,0.37140093053820394,1.0,0.9699555730049366,19.90437183750985,20.671281005904486,-0.008558743517731301,-0.0022268666743476893,24.389642620712074
