subject,nll,bic,model,alpha,alpha_rec,theta,theta_rec,beta,beta_rec,b_last,b_last_rec,nll_rec
46-alternatives,29.412775495718236,75.8195319596339,twostagewithin,0.7173098018933277,0.6877373770602032,1.0,1.0,20.839839897213725,18.479350915783847,0.03670151230946321,0.034847141114918385,31.201196493761504
