subject,nll,bic,model,alpha,alpha_rec,theta,theta_rec,beta,beta_rec,b_last,b_last_rec,nll_rec
102-attributes,22.92094252416376,62.83586601652496,twostagewithin,0.839208909881943,0.7212324357308757,0.047264788934229716,0.011010962819045175,73.34973291975368,70.7881604122045,-0.09173920548646658,-0.0352578885702795,21.90794927729592
