subject,nll,bic,model,alpha,alpha_rec,theta,theta_rec,beta,beta_rec,b_last,b_last_rec,nll_rec
57-alternatives,23.349122548003773,63.69222606420499,twostagewithin,0.8080327568942963,0.7582148036216074,0.9041767070726429,0.5751591883540329,38.86489059922363,40.444043744587475,0.0006093429170180561,-0.014332323592717534,25.157666056845212
