subject,nll,bic,model,alpha,alpha_rec,theta,theta_rec,beta,beta_rec,b_last,b_last_rec,nll_rec
28-attributes,27.74018717842966,72.47435532505676,twostagewithin,0.8127968342108681,0.7784572238153796,0.6794632365071515,0.20248005324398508,33.092318575431214,62.98043597570179,0.08889362373199852,-0.05084936463278871,22.011189507888318
