subject,nll,bic,model,alpha,alpha_rec,theta,theta_rec,beta,beta_rec,b_last,b_last_rec,nll_rec
92-alternatives,35.80264345482838,88.59926787785419,twostagewithin,0.6292634381990889,0.8276260449882399,0.49097870596913423,1.0,16.956780425388313,9.129541028091644,0.026265050352840224,0.1,36.91314921055885
