subject,nll,bic,model,alpha,alpha_rec,theta,theta_rec,beta,beta_rec,b_last,b_last_rec,nll_rec
127-alternatives,21.241614451956917,59.477209872111274,twostagewithin,0.7479135733523958,0.7430657523549788,0.7934725328202752,0.6554411735678197,43.30482884259226,79.50765843331558,0.010804622035563734,0.01149123936258387,14.144947244067065
