subject,nll,bic,model,alpha,alpha_rec,theta,theta_rec,beta,beta_rec,b_last,b_last_rec,nll_rec
84-attributes,31.18040560639526,79.35479218098796,twostagewithin,0.9468388456714053,1.1644775414793498,0.6483492397959909,0.46593962453953075,29.789163396177962,43.26095536103498,0.08483776757689683,-0.06429797978317418,28.987141703000074
