subject,nll,bic,model,alpha,alpha_rec,theta,theta_rec,beta,beta_rec,b_last,b_last_rec,nll_rec
95-alternatives,36.88956933019912,90.77311962859568,twostagewithin,0.9290687869322584,1.0183254903621748,1.0,0.8461103138931716,17.018641289622177,20.553041463007798,-0.008646923551082254,-0.011854658558802694,35.95999332596787
