subject,nll,bic,model,alpha,alpha_rec,theta,theta_rec,beta,beta_rec,b_last,b_last_rec,nll_rec
13-attributes,44.03472435393222,105.06342967606187,twostagewithin,0.9537043359619527,1.001504759193048,0.22725305330913695,0.5894666750553926,12.630917390641386,11.136756957713834,0.05422289029798999,-0.05978205177843039,43.14163905524848
