subject,nll,bic,model,alpha,alpha_rec,theta,theta_rec,beta,beta_rec,b_last,b_last_rec,nll_rec
106-attributes,38.97838621389427,94.95075339598597,twostagewithin,2.0735107106387933,1.487005311061079,0.14376989236504364,0.6744433418547808,27.789071453647242,25.179697964998827,-0.013487812602570627,0.08120564750269994,34.75507681084481
