subject,nll,bic,model,alpha,alpha_rec,theta,theta_rec,beta,beta_rec,b_last,b_last_rec,nll_rec
36-alternatives,66.81681129547894,153.3426373315867,twostagewithin,0.5133774664010096,0.572492745377921,1.0,1.0,14.224529209006453,17.108557546004164,0.018488866631571062,0.009297571602307955,63.47294428780288
