subject,nll,bic,model,alpha,alpha_rec,theta,theta_rec,beta,beta_rec,b_last,b_last_rec,nll_rec
0-attributes,42.20113794170251,101.39625685160246,twostagewithin,0.6352053003881626,0.6634449061147157,0.38090105692068243,0.7893802138262553,11.993530171700293,10.181622426201052,0.005317116509690046,-0.031824299973690975,41.469208596560655
