subject,nll,bic,model,alpha,alpha_rec,theta,theta_rec,beta,beta_rec,b_last,b_last_rec,nll_rec
153-attributes,25.89948386954562,68.79294870728867,twostagewithin,1.1913554156673813,1.2878220887033085,0.053942239934787306,0.7615158420387352,76.45297058778311,68.99843185205758,0.01751388301063599,0.017710874678777546,20.351805069743627
