subject,nll,bic,model,alpha,alpha_rec,theta,theta_rec,beta,beta_rec,b_last,b_last_rec,nll_rec
30-attributes,11.898248895343038,40.73292380907512,twostagewithin,0.41922887590286156,0.4714244921701436,0.21499694036276806,0.5033715097285402,72.29650000919656,84.77649596680935,0.06766751363332957,0.0808677912114758,8.49220527449243
