subject,nll,bic,model,alpha,alpha_rec,theta,theta_rec,beta,beta_rec,b_last,b_last_rec,nll_rec
69-attributes,29.172607324640815,75.33919561747906,twostagewithin,0.5308365958821247,0.5908740881642367,0.14527602562445277,0.15698700689364403,33.04697665472929,32.205072385406126,0.02810219985013762,0.03000151044526396,30.66232661592733
