subject,nll,bic,model,alpha,alpha_rec,theta,theta_rec,beta,beta_rec,b_last,b_last_rec,nll_rec
132-alternatives,26.331125496424747,69.59867701123854,twostagewithin,1.0562473562447057,1.0529022076541952,0.9347323831294484,1.0,38.504960818551226,55.239973003992624,0.006399357132273394,0.0027033160285686473,21.340740077925656
