subject,nll,bic,model,alpha,alpha_rec,theta,theta_rec,beta,beta_rec,b_last,b_last_rec,nll_rec
107-alternatives,43.015450413311186,102.96732684501141,twostagewithin,0.01766249164559162,0.145010559681239,1.0,1.0,2.6604929396987864,3.6700965551411278,0.1,0.05046417529499418,42.62817767277026
