subject,nll,bic,model,alpha,alpha_rec,theta,theta_rec,beta,beta_rec,b_last,b_last_rec,nll_rec
94-attributes,31.46376225476275,79.92150547772293,twostagewithin,1.064052468354079,1.3776794322130608,0.7160522923972659,0.38697787984948734,29.740158875636396,46.1867002180769,0.03136039150148289,-0.07366958909587602,28.722972010634983
