subject,nll,bic,model,alpha,alpha_rec,theta,theta_rec,beta,beta_rec,b_last,b_last_rec,nll_rec
174-attributes,24.23624842238613,65.4664778129697,twostagewithin,0.9745309841286569,0.9465306597399393,0.5691329664412996,0.19312917070487087,52.3343537293679,65.37628027919237,-0.043494055713805116,0.09066873944964,24.55592935316101
