subject,nll,bic,model,alpha,alpha_rec,theta,theta_rec,beta,beta_rec,b_last,b_last_rec,nll_rec
2-attributes,28.144506642322824,73.28299425284308,twostagewithin,0.5040299471834265,0.456797847655232,0.02988294430325875,0.21404765076509297,37.609458431806786,31.726855987800604,0.0702193369603508,-0.03623022828371624,27.099880755836033
