subject,nll,bic,model,alpha,alpha_rec,theta,theta_rec,beta,beta_rec,b_last,b_last_rec,nll_rec
135-attributes,42.967031882014616,102.92804473222667,twostagewithin,1.7554658078264123,1.585326167947929,0.41667465263986747,0.22059588009906225,14.35410452532924,21.477759208112243,0.036331649252003294,-0.023612232740300044,40.555107920318704
