subject,nll,bic,model,alpha,alpha_rec,theta,theta_rec,beta,beta_rec,b_last,b_last_rec,nll_rec
66-attributes,29.587893147103237,76.16976726240391,twostagewithin,0.8719969264505435,0.7381528134701704,0.4971625656305409,0.02259530512360726,34.712533955711905,54.65612543613084,-0.05202373740884554,-0.0476236878517508,26.43052907004974
