subject,nll,bic,model,alpha,alpha_rec,theta,theta_rec,beta,beta_rec,b_last,b_last_rec,nll_rec
133-attributes,20.275774756874274,57.48797553213758,twostagewithin,0.35342510516697834,0.310006004709278,0.38022053913460246,0.14808317463016726,34.021886211867645,31.649188759448307,-0.009957542369035144,0.03691513957991171,23.272844625607483
