subject,nll,bic,model,alpha,alpha_rec,theta,theta_rec,beta,beta_rec,b_last,b_last_rec,nll_rec
10-alternatives,32.19841758645943,81.39081614111629,twostagewithin,0.7670318929274305,0.8470078530933559,1.0,1.0,20.6458919040593,15.650825701021597,0.007859882613249164,0.011494132202620633,36.75516380972459
