subject,nll,bic,model,alpha,alpha_rec,theta,theta_rec,beta,beta_rec,b_last,b_last_rec,nll_rec
170-attributes,18.167726225841452,53.329433419880345,twostagewithin,0.569142555868832,0.5480989173426963,0.4198836660048528,0.2091253250091679,52.858567980594685,87.88233669931317,0.04464481177830462,0.08748130929818027,13.249683962585157
