subject,nll,bic,model,alpha,alpha_rec,theta,theta_rec,beta,beta_rec,b_last,b_last_rec,nll_rec
28-alternatives,21.274851529507984,59.5436840272134,twostagewithin,0.8263248172617287,0.8674019127749424,0.8575879721667811,0.8067498956862721,46.062133029703425,50.1801672582917,0.00035467173717260717,-0.020719816533229622,20.807571538183016
