subject,nll,bic,model,alpha,alpha_rec,theta,theta_rec,beta,beta_rec,b_last,b_last_rec,nll_rec
133-alternatives,17.959579422320417,52.855584863029875,twostagewithin,0.46274034120624946,0.5129751058343753,0.7555946234040858,0.5916780427034215,37.0680232417768,100.0,-0.015257423979938277,-0.004094299480919829,8.25923560583203
