subject,nll,bic,model,alpha,alpha_rec,theta,theta_rec,beta,beta_rec,b_last,b_last_rec,nll_rec
129-attributes,33.282795250325805,83.55957146884904,twostagewithin,1.0126078757054653,0.9278149049958178,0.1118647651546072,0.44692240277783557,39.07284331258153,30.171023410559496,0.08089092550284037,-0.05094947066926569,32.63256045590086
