subject,nll,bic,model,alpha,alpha_rec,theta,theta_rec,beta,beta_rec,b_last,b_last_rec,nll_rec
8-attributes,18.36519123673968,53.7243634416768,twostagewithin,0.3934251500423841,0.4347607672454837,0.8015877384476178,0.09280376422324306,31.2666567158941,47.709177272458575,-0.010125811452227063,0.018886071167920782,20.80322758787826
