subject,nll,bic,model,alpha,alpha_rec,theta,theta_rec,beta,beta_rec,b_last,b_last_rec,nll_rec
148-attributes,22.38483719663395,61.706100411656934,twostagewithin,0.4534311648533094,0.5116443156646758,0.12423200592679576,0.6019101090504468,42.42720577839796,47.56128636396921,0.04965422968223974,0.015960417743856703,15.952833866417874
