subject,nll,bic,model,alpha,alpha_rec,theta,theta_rec,beta,beta_rec,b_last,b_last_rec,nll_rec
93-attributes,39.669582757719745,96.33314648363692,twostagewithin,0.9821442386824836,0.9302338560320073,0.2237791506779448,0.545364405526588,20.711006755095752,18.152045114599158,0.005624566580948143,-0.0517591492145231,38.29294812113912
