subject,nll,bic,model,alpha,alpha_rec,theta,theta_rec,beta,beta_rec,b_last,b_last_rec,nll_rec
156-attributes,16.713031092699985,50.420043153597405,twostagewithin,0.63795568488728,0.6609309444154686,0.1033848121420227,0.619812117071196,82.38860274736092,79.40716660353948,0.0154721912585708,0.09641743404509062,12.351393448306306
