subject,nll,bic,model,alpha,alpha_rec,theta,theta_rec,beta,beta_rec,b_last,b_last_rec,nll_rec
180-alternatives,29.84592435104365,76.68582967028473,twostagewithin,0.4225953263438329,0.5233987770946376,1.0,0.9186177853061671,15.194950754865959,13.421936194449334,0.04014284962852801,0.05357810525471171,33.47523384545904
