subject,nll,bic,model,alpha,alpha_rec,theta,theta_rec,beta,beta_rec,b_last,b_last_rec,nll_rec
20-alternatives,19.53559671617488,56.06517440054719,twostagewithin,0.4825147336697125,0.46635607578446653,1.0,1.0,31.37684138749142,41.90200565948805,-0.014761171426128093,-0.016270963950315763,14.415789523813881
