subject,nll,bic,model,alpha,alpha_rec,theta,theta_rec,beta,beta_rec,b_last,b_last_rec,nll_rec
164-attributes,26.55968683159061,70.11335463137866,twostagewithin,0.7562216808913134,0.7941779615457238,0.26509964731878477,0.7554701115564262,44.66025213892606,47.013277361501984,-0.012792020519012948,-0.017382302007356843,20.87531066012917
