subject,nll,bic,model,alpha,alpha_rec,theta,theta_rec,beta,beta_rec,b_last,b_last_rec,nll_rec
71-attributes,28.055727214307026,73.10543539681149,twostagewithin,1.0625888153311807,1.3602826960838446,0.1511094691767917,0.38859805972767636,57.497648750089624,46.304288739818524,-0.016847073713625472,0.016545514474814227,28.69502408274878
