subject,nll,bic,model,alpha,alpha_rec,theta,theta_rec,beta,beta_rec,b_last,b_last_rec,nll_rec
104-alternatives,33.535242101579925,83.82910317126556,twostagewithin,0.6827778209683949,0.8421181098201035,1.0,1.0,16.219213781397656,22.731372231536664,-0.012942284671133562,-0.01177779180168554,30.519280283621274
