subject,nll,bic,model,alpha,alpha_rec,theta,theta_rec,beta,beta_rec,b_last,b_last_rec,nll_rec
131-attributes,31.666808037936857,80.32759704407115,twostagewithin,0.96700445467645,0.8628848579016519,0.14434413289953418,0.012679350764884023,41.914698448019074,31.535722373042667,-0.021279086716364318,-0.015081278206389916,36.293010321408104
