subject,nll,bic,model,alpha,alpha_rec,theta,theta_rec,beta,beta_rec,b_last,b_last_rec,nll_rec
45-alternatives,22.934541610530307,62.863064189258054,twostagewithin,2.8200926135337103,2.590805403048882,0.9440416603275908,1.0,64.70077108108416,58.35549959490988,0.0044711130040282696,-0.00209431059793045,23.8353480986832
