subject,nll,bic,model,alpha,alpha_rec,theta,theta_rec,beta,beta_rec,b_last,b_last_rec,nll_rec
46-attributes,25.470786444272534,67.9355538567425,twostagewithin,0.6759125448789687,0.5834259202589629,0.5038612003807257,0.5956612659652049,36.770898397471626,35.57594092879401,-0.052364132829352164,-0.06863619978779588,23.04638484141863
