subject,nll,bic,model,alpha,alpha_rec,theta,theta_rec,beta,beta_rec,b_last,b_last_rec,nll_rec
154-alternatives,8.775832005270818,34.54564497873908,twostagewithin,0.10500767766735818,0.1101096701307125,1.0,0.7175711150633395,25.04526978503005,28.652970578873905,0.008331242495664356,0.03418657210693128,9.500833165374143
