subject,nll,bic,model,alpha,alpha_rec,theta,theta_rec,beta,beta_rec,b_last,b_last_rec,nll_rec
150-alternatives,33.7264128896105,84.38925179761004,twostagewithin,1.350006766130599,1.6272338752318014,1.0,0.8746349680649369,19.102063673700787,23.246045655875395,0.02957950975424831,0.03816752294487433,30.517989690566864
