subject,nll,bic,model,alpha,alpha_rec,theta,theta_rec,beta,beta_rec,b_last,b_last_rec,nll_rec
100-alternatives,27.835143009880554,72.66426698795854,twostagewithin,0.5714763407986099,0.60437282098295,1.0,1.0,21.720014116687743,20.118962280385457,0.013302998553493303,0.02416022401766732,29.30943750963125
