subject,nll,bic,model,alpha,alpha_rec,theta,theta_rec,beta,beta_rec,b_last,b_last_rec,nll_rec
34-alternatives,40.078717848954916,97.03546651861426,twostagewithin,3.0,3.0,1.0,1.0,10.832384213135713,11.211473901652711,0.04344339195155406,0.04862437197682516,39.345275847325944
