subject,nll,bic,model,alpha,alpha_rec,theta,theta_rec,beta,beta_rec,b_last,b_last_rec,nll_rec
176-alternatives,32.770581455871294,82.53514387994002,twostagewithin,0.5361335094280515,0.6507883686614009,0.8947329168252786,1.0,16.2179122056536,12.874384806935987,0.02304215929454083,0.03377204618781385,36.48843312751787
