subject,nll,bic,model,alpha,alpha_rec,theta,theta_rec,beta,beta_rec,b_last,b_last_rec,nll_rec
184-attributes,8.34138138188804,33.67674373197352,twostagewithin,0.07189093405392075,0.03128447669803801,0.045596399163630244,0.3143339538772846,44.04801800153124,22.81402335905276,0.043028789735893636,0.004582968772730878,14.550394623221255
