subject,nll,bic,model,alpha,alpha_rec,theta,theta_rec,beta,beta_rec,b_last,b_last_rec,nll_rec
95-attributes,27.2803002018359,71.55458137186923,twostagewithin,0.9810032142420411,0.9182540231210244,0.9430119200586935,0.49869803886704306,34.24992880336232,49.27884031849795,0.007256906532607488,0.06425746358340004,24.9254835675148
