subject,nll,bic,model,alpha,alpha_rec,theta,theta_rec,beta,beta_rec,b_last,b_last_rec,nll_rec
198-attributes,23.894558021731367,64.78309701166017,twostagewithin,0.6020589154956824,0.5906474681853628,0.003416299798685777,0.01824362165500066,55.226796512219494,56.79084092252291,-0.03519287974820419,0.01954249842526077,22.894451032007908
