subject,nll,bic,model,alpha,alpha_rec,theta,theta_rec,beta,beta_rec,b_last,b_last_rec,nll_rec
126-attributes,28.053907475533038,73.10179591926351,twostagewithin,0.5507352004019274,0.5883984079478823,0.37526760926437064,0.3005097514781578,29.969012081474816,38.11876042495538,-0.019610999800351636,-0.08392885483284035,25.55404998426793
