subject,nll,bic,model,alpha,alpha_rec,theta,theta_rec,beta,beta_rec,b_last,b_last_rec,nll_rec
68-attributes,31.293056987170136,79.58009494253771,twostagewithin,2.890598266224523,3.0,0.4200753493444994,0.7923507848650575,46.5986131660536,30.701374780105013,-0.01771605540471425,0.041534149494989236,33.8915134630775
