subject,nll,bic,model,alpha,alpha_rec,theta,theta_rec,beta,beta_rec,b_last,b_last_rec,nll_rec
51-alternatives,36.4308261870793,89.85563334235603,twostagewithin,1.6734823727591073,1.8303972442706793,0.5058839694163317,0.5092435276959036,24.41184996174153,37.708305691857355,0.00929464590721214,0.013769118102451215,29.71329378414307
