subject,nll,bic,model,alpha,alpha_rec,theta,theta_rec,beta,beta_rec,b_last,b_last_rec,nll_rec
6-alternatives,12.22952092435212,41.45302281690168,twostagewithin,0.5213688261799928,0.5150541785976688,1.0,0.9167985094982644,55.11413264753523,100.0,-0.004634107841381634,-0.014490899895925268,3.444275537332282
