subject,nll,bic,model,alpha,alpha_rec,theta,theta_rec,beta,beta_rec,b_last,b_last_rec,nll_rec
7-attributes,30.504992232898637,78.00396543399471,twostagewithin,0.9903935819619133,1.1459025933621716,0.8196819011796852,0.5176407826707597,29.1117228764131,33.58968032435566,0.01550204659525516,-0.00020499267931519685,31.784611248815242
