subject,nll,bic,model,alpha,alpha_rec,theta,theta_rec,beta,beta_rec,b_last,b_last_rec,nll_rec
10-attributes,30.32112037823045,77.63622172465834,twostagewithin,0.48593641454531145,0.5173145884138842,0.4713902163036535,0.1207165630789881,22.863304341366128,29.915837491763895,-0.015228931210685371,0.03240661518001229,31.06185311262276
