subject,nll,bic,model,alpha,alpha_rec,theta,theta_rec,beta,beta_rec,b_last,b_last_rec,nll_rec
100-attributes,34.42186452244017,85.83771001307777,twostagewithin,0.8115402926872064,0.7473728470184418,0.035026912494492995,0.07546976474250573,34.37204226546329,32.396273372604476,-0.06628169624496318,0.020103105645517608,34.050799158823324
