subject,nll,bic,model,alpha,alpha_rec,theta,theta_rec,beta,beta_rec,b_last,b_last_rec,nll_rec
196-attributes,28.931980440544905,74.85794184928724,twostagewithin,1.0158484430680492,0.9586004705440705,0.3916828046775722,0.3263244953088526,43.410942964830554,60.853463381317404,0.05578715045815006,-0.04519132843753731,24.245083341216187
