subject,nll,bic,model,alpha,alpha_rec,theta,theta_rec,beta,beta_rec,b_last,b_last_rec,nll_rec
151-attributes,17.02362656935352,51.04123410690448,twostagewithin,0.612701475981704,0.5732071098057423,0.353519935238852,0.6232362263951949,63.90448515540786,76.19939089122497,0.05150731188663347,0.002061097522709332,12.296196534877435
