subject,nll,bic,model,alpha,alpha_rec,theta,theta_rec,beta,beta_rec,b_last,b_last_rec,nll_rec
144-alternatives,29.105150723294503,75.14672746497804,twostagewithin,1.0514772136810413,1.0219014546487515,1.0,0.6592551403953928,30.775144699302807,65.53920685681072,0.0009044314113085608,0.004894491209503888,19.867485424446258
