subject,nll,bic,model,alpha,alpha_rec,theta,theta_rec,beta,beta_rec,b_last,b_last_rec,nll_rec
154-attributes,13.540724708757189,44.07543038571181,twostagewithin,0.23801906046074134,0.2619560932761128,0.07380498079748081,0.040292043443957884,47.16777981415137,59.24517104000264,0.005930036818465868,0.035431996317573676,11.63589305796465
