subject,nll,bic,model,alpha,alpha_rec,theta,theta_rec,beta,beta_rec,b_last,b_last_rec,nll_rec
185-attributes,27.461152782620793,71.91628653343902,twostagewithin,0.8064947283882014,0.6489970217887463,0.603115722822343,0.05894623711236675,35.06419800358635,83.97670122579483,0.061603553433736094,0.05818335754955058,17.183015196747995
