subject,nll,bic,model,wp,wp_rec,beta,beta_rec,nll_rec
198,55.199603596005524,120.28249203722966,wa,0.9432858921311207,0.940175813720195,16.282692979197197,20.50433216479355,47.42597215516446
