subject,nll,bic,model,wp,wp_rec,beta,beta_rec,nll_rec
48,78.42050655092046,166.72429794705954,wa,0.8696613670118394,0.8823929802542445,4.317118582150999,5.751982725731432,73.56415371123012
