subject,nll,bic,model,wp,wp_rec,beta,beta_rec,nll_rec
124,50.043929640823094,109.9711441268648,wa,0.8902828537868596,0.8902051698264235,13.76962716480906,14.605610782341245,48.64354238869922
