subject,nll,bic,model,wp,wp_rec,beta,beta_rec,nll_rec
69,67.73948018078984,145.3622452067983,wa,0.9411663462411332,0.9352754267603013,10.649257963496945,11.20477398227065,65.73233023667115
