subject,nll,bic,model,wp,wp_rec,beta,beta_rec,nll_rec
42,30.545222500213924,70.97372984564646,wa,0.9454517314012724,0.9406055159998044,36.277768110641546,34.55064864246734,30.041973098757854
