subject,nll,bic,model,wp,wp_rec,beta,beta_rec,nll_rec
103,58.933174231206905,127.74963330763242,wa,0.9533345440041908,0.949004426849342,13.56482704869612,16.05475518474124,55.13636190860585
