subject,nll,bic,model,wp,wp_rec,beta,beta_rec,nll_rec
92,81.84970797060532,173.58270078642926,wa,0.9285925097571319,0.9276697512068205,5.908801428286056,4.702230095121122,86.18246755372063
