subject,nll,bic,model,wp,wp_rec,beta,beta_rec,nll_rec
25,45.532846551568696,100.948977948356,wa,0.9063828279823412,0.901345929020815,18.70502936393663,20.402990752073073,43.469833580676294
