subject,nll,bic,model,wp,wp_rec,beta,beta_rec,nll_rec
137,17.31116552753308,44.505615900284766,wa,0.6793117684750187,0.43926431102414976,10.17147404107309,5.227938034718821,13.816812614696246
