subject,nll,bic,model,wp,wp_rec,beta,beta_rec,nll_rec
90,36.92145447543301,83.72619379608463,wa,0.9540592900146834,0.9501528810606487,26.9193953456099,31.817588124962725,34.2951909056314
