subject,nll,bic,model,wp,wp_rec,beta,beta_rec,nll_rec
99,58.43587132428265,126.75502749378391,wa,0.9363629580758247,0.9347515113083671,14.269553366058709,17.797366415333016,50.85992016425237
