subject,nll,bic,model,wp,wp_rec,beta,beta_rec,nll_rec
0,64.81720371030212,139.51769226582286,wa,0.9284124267335631,0.9247357216362491,11.06210299825605,9.980282943819743,67.20113547131803
