subject,nll,bic,model,wp,wp_rec,beta,beta_rec,nll_rec
126,65.09431120600343,140.07190725722546,wa,0.9509896695461979,0.9553253542108108,11.2977490599491,9.075072412635137,70.25347328678392
