subject,nll,bic,model,wp,wp_rec,beta,beta_rec,nll_rec
26,28.970620274794467,67.82452539480754,wa,0.977857661465018,0.9823320977526506,19.67341545177816,18.160344736581465,29.109685681471923
