subject,nll,bic,model,wp,wp_rec,beta,beta_rec,nll_rec
57,48.489477995012564,106.86224083524374,wa,0.9286658952656155,0.9280874745005238,18.315343693046753,17.226930442298386,50.363931407324955
