subject,nll,bic,model,wp,wp_rec,beta,beta_rec,nll_rec
143,76.2584085864672,162.400102018153,wa,0.9095926118854211,0.9154742978656225,6.546730162608657,6.535824669118119,77.51801926510399
