subject,nll,bic,model,wp,wp_rec,beta,beta_rec,nll_rec
79,54.772966599786734,119.42921804479208,wa,0.9711598691509813,0.9664821939729175,11.575301590245399,12.905361777188489,53.54907740011823
