subject,nll,bic,model,wp,wp_rec,beta,beta_rec,nll_rec
112,18.240323058329782,46.36393096187817,wa,0.9453445184423375,0.9473108587982327,58.156257720603406,58.3412484516888,20.108634462494535
