subject,nll,bic,model,wp,wp_rec,beta,beta_rec,nll_rec
2,49.74840665170059,109.3800981486198,wa,0.9462944492247151,0.9486631749104538,19.425427921862752,22.048443104975664,45.54886610058005
