subject,nll,bic,model,wp,wp_rec,beta,beta_rec,nll_rec
74,68.45619104354829,146.60075626001375,wa,0.9754124407279829,0.9665817400980088,5.8564969295636,4.855405871679989,74.80725870867225
