subject,nll,bic,model,wp,wp_rec,beta,beta_rec,nll_rec
147,61.60844112304747,133.10016709131355,wa,0.9442645632197096,0.9416227884648942,13.166891832219036,18.87016149567492,50.40348722563452
