subject,nll,bic,model,wp,wp_rec,beta,beta_rec,nll_rec
39,61.66894338413823,133.22117161349507,wa,0.9045616533477403,0.8984116697567843,10.147534799323676,9.312789737609517,62.843174359461756
