subject,nll,bic,model,wp,wp_rec,beta,beta_rec,nll_rec
111,56.82764869570793,123.53858223663447,wa,0.8715028860335949,0.8776304995833685,9.215315089331554,11.686676243043765,51.55246815568504
