subject,nll,bic,model,wp,wp_rec,beta,beta_rec,nll_rec
64,72.13020059425895,154.14368603373651,wa,0.956132619100436,0.9562255271957897,8.421815856209951,8.133416609114187,73.06341280263304
