subject,nll,bic,model,wp,wp_rec,beta,beta_rec,nll_rec
142,42.7980563749538,95.47939759512622,wa,0.933997479942061,0.9373694908727986,22.495164806973563,22.781732125710203,43.179960611181855
