subject,nll,bic,model,wp,wp_rec,beta,beta_rec,nll_rec
178,71.52426328194382,152.93181140910625,wa,0.9521052769757268,0.9549553888021414,8.914742177438255,7.6280446065755125,75.06786361814642
