subject,nll,bic,model,wp,wp_rec,beta,beta_rec,nll_rec
194,78.82079375071976,167.5105353677009,wa,0.9247774495185481,0.926169582936351,6.447163328422529,7.466914968629337,75.33623911469381
