subject,nll,bic,model,wp,wp_rec,beta,beta_rec,nll_rec
141,27.131608520914295,64.1465018870472,wa,0.950850972281755,0.9508179132728742,41.51315115105965,47.27258028943237,24.27512710572446
