subject,nll,bic,model,wp,wp_rec,beta,beta_rec,nll_rec
7,72.36090164496358,154.60508813514576,wa,0.9288575766284342,0.9270012278930956,8.628286306934848,8.841548427608588,71.32930175270174
