subject,nll,bic,model,wp,wp_rec,beta,beta_rec,nll_rec
131,49.34504533272214,108.57337551066288,wa,0.9166895366453197,0.9179376432548756,16.6836172206711,20.485715621404687,43.95143839487472
