subject,nll,bic,model,wp,wp_rec,beta,beta_rec,nll_rec
115,57.65959891295306,125.20248267112473,wa,0.9276119203683373,0.9229318523436353,13.737018191319548,15.351333688718992,52.95424040230794
