subject,nll,bic,model,wp,wp_rec,beta,beta_rec,nll_rec
5,31.56882650082288,73.02093784686437,wa,0.8230208654627535,0.824553967330447,16.218261652862445,17.251485924330737,30.48569459606881
