subject,nll,bic,model,wp,wp_rec,beta,beta_rec,nll_rec
167,47.62417691764005,104.7382180920066,wa,0.8988653430479289,0.8911928175693404,10.929704681652623,11.227028894550353,45.69966611110041
