subject,nll,bic,model,wp,wp_rec,beta,beta_rec,nll_rec
31,75.9221967367699,161.72767831875842,wa,0.8844548474668086,0.9029874621424725,5.3807102781438045,5.24413166811332,80.60201387088705
