subject,nll,bic,model,wp,wp_rec,beta,beta_rec,nll_rec
85,33.46797400441169,76.80489587508475,wa,0.9872572515890196,0.9816784304062719,15.068595546891917,14.294157916851297,38.986989277421635
