subject,nll,bic,model,wp,wp_rec,beta,beta_rec,nll_rec
190,50.125487465923115,110.13425977706484,wa,0.916406042951948,0.9181798819042987,16.206554212762615,20.557396301742656,43.8704513258746
