subject,nll,bic,model,wp,wp_rec,beta,beta_rec,nll_rec
109,70.03509489995935,149.8954995713908,wa,0.913518438113013,0.889945333082736,7.880951963380193,6.923677843053225,68.17116913175369
