subject,nll,bic,model,wp,wp_rec,beta,beta_rec,nll_rec
44,40.1939595653675,90.27120397595361,wa,0.9692398689888361,0.9697720374888373,17.301431220199685,12.144048246433256,53.76781585460802
