subject,nll,bic,model,wp,wp_rec,beta,beta_rec,nll_rec
20,49.87626729007445,109.63581942536752,wa,0.9534021241645493,0.9511426975854879,18.106328185791707,20.250586769545123,47.389700283420254
