subject,nll,bic,model,wp,wp_rec,beta,beta_rec,nll_rec
161,41.183084260868014,92.24945336695464,wa,0.952925405648341,0.9493330737197809,24.049213512297403,22.11189269768746,45.299494291672445
