subject,nll,bic,model,wp,wp_rec,beta,beta_rec,nll_rec
179,52.63965742188853,115.16259968899567,wa,0.8219789986819591,0.8286586127147229,7.187995991899797,6.7275658432841,56.110792664131374
