subject,nll,bic,model,wp,wp_rec,beta,beta_rec,nll_rec
11,71.95532129879993,153.79392744281847,wa,0.8957706665526105,0.884280120047258,6.791808651211656,6.913375042161713,68.56991447727127
