subject,nll,bic,model,wp,wp_rec,beta,beta_rec,nll_rec
77,52.10490634740431,114.09309754002723,wa,0.9773383816278595,0.9681497309116238,11.251858128932488,8.363413274999449,68.13065833762488
