subject,nll,bic,model,wp,wp_rec,beta,beta_rec,nll_rec
95,65.76966537031285,141.4226155858443,wa,0.91213199939283,0.9176054119575757,9.466983130291018,9.680008181432854,66.44316625572887
