subject,nll,bic,model,wp,wp_rec,beta,beta_rec,nll_rec
132,60.14337261926984,130.15569310480106,wa,0.9039969865286676,0.8957322035863066,10.379855104643466,9.803032348518434,59.91858187186092
