subject,nll,bic,model,wp,wp_rec,beta,beta_rec,nll_rec
127,61.218469982409836,132.30588783108107,wa,0.9260748212380372,0.9208777858698549,11.914627576636311,10.44689822258158,64.1665423573391
