subject,nll,bic,model,wp,wp_rec,beta,beta_rec,nll_rec
49,30.286580073556706,70.44210801337479,wa,0.9733873764082819,0.9796328366849936,20.648250931503423,14.869095807902365,38.81097660673314
