subject,nll,bic,model,wp,wp_rec,beta,beta_rec,nll_rec
59,53.56677209378092,117.00249205382322,wa,0.9080758889129017,0.9011352788337779,13.39474678701066,15.891879687646679,48.177485342226646
