subject,nll,bic,model,wp,wp_rec,beta,beta_rec,nll_rec
100,75.23081605206532,160.34491694934925,wa,0.9422789248445562,0.9479415365210302,8.056076780194028,9.583616868790584,70.27250216816736
