subject,nll,bic,model,wp,wp_rec,beta,beta_rec,nll_rec
113,62.51804083312343,134.90502953250825,wa,0.7455715513888241,0.7645521305037508,3.1443941370427098,3.5473030677704234,61.92345808241677
