subject,nll,bic,model,wp,wp_rec,beta,beta_rec,nll_rec
51,76.80972157864596,163.45940500894818,wa,0.8474851445653756,0.8638272960235927,3.669249513065217,8.286659190865995,57.72982544689624
