subject,nll,bic,model,wp,wp_rec,beta,beta_rec,nll_rec
129,50.84142394452587,111.56613273427035,wa,0.918664070918499,0.9076153879699428,16.009934711592827,26.336721310555706,39.022608632180074
