subject,nll,bic,model,wp,wp_rec,beta,beta_rec,nll_rec
186,79.25847695748165,168.4002387601819,wa,0.8956622351703117,0.8492264501122375,5.211837370977727,4.548282175397578,72.48684403537501
