subject,nll,bic,model,wp,wp_rec,beta,beta_rec,nll_rec
133,38.8132548027492,87.4810169758128,wa,0.9537842776841234,0.9502462427120837,24.944925075349335,33.68888069638274,32.10272740766228
