subject,nll,bic,model,wp,wp_rec,beta,beta_rec,nll_rec
150,54.82057930077393,119.49566597186227,wa,0.9059431779894552,0.9050484309302856,12.306108669601711,13.326136295375525,52.371686167214776
