subject,nll,bic,model,wp,wp_rec,beta,beta_rec,nll_rec
50,46.08225564229722,102.04779612981305,wa,0.8141536790018912,0.789697871404314,8.498837606951069,6.716626748833394,47.37008502079611
