subject,nll,bic,model,wp,wp_rec,beta,beta_rec,nll_rec
120,50.86243010607049,111.6081450573596,wa,0.9521728468341816,0.9530722259932517,17.862630176224567,23.55423598823103,41.745478947416366
