subject,nll,bic,model,wp,wp_rec,beta,beta_rec,nll_rec
136,58.760636858410805,127.40455856204022,wa,0.9581972954336996,0.9574684987630341,12.756313567593018,10.9513226250013,63.95210674375788
