subject,nll,bic,model,wp,wp_rec,beta,beta_rec,nll_rec
76,57.96673290176274,125.80241366978686,wa,0.9476790547438064,0.9480980611073037,14.501647158970009,15.88394315351655,55.197228037193845
