subject,nll,bic,model,wp,wp_rec,beta,beta_rec,nll_rec
40,50.81762876265383,111.50420539156904,wa,0.9229349696993457,0.9302200811826966,16.402731627963753,19.182363999787807,47.27411862941808
