subject,nll,bic,model,wp,wp_rec,beta,beta_rec,nll_rec
18,53.00694050350005,115.8971658522187,wa,0.925041896200901,0.9204850539756985,15.549326219110624,11.56943659161709,61.45503939886535
