subject,nll,bic,model,wp,wp_rec,beta,beta_rec,nll_rec
34,69.32569604134551,148.41699592786375,wa,0.9095241330855057,0.909246417152641,7.238942578391173,5.807319091812977,74.85877491727604
