subject,nll,bic,model,wp,wp_rec,beta,beta_rec,nll_rec
153,57.3873502597901,124.6579853647988,wa,0.8982961338020105,0.8950294049638541,11.13069632484445,11.124675533527098,56.67975161330324
