subject,nll,bic,model,wp,wp_rec,beta,beta_rec,nll_rec
35,52.563247490880826,114.96645683341791,wa,0.9518980373346351,0.9549151662951202,16.12663360549322,16.638577531655258,50.30260217252309
