subject,nll,bic,model,wp,wp_rec,beta,beta_rec,nll_rec
33,72.98909448664195,155.8614738185025,wa,0.9079954286917036,0.9105578507946867,7.2486650545433715,9.408260253144844,65.56790291199175
