subject,nll,bic,model,wp,wp_rec,beta,beta_rec,nll_rec
96,61.97625722806909,133.82146232239955,wa,0.9350368237166868,0.9382801144886803,12.373812905336774,13.48228718222247,59.85179770356244
