subject,nll,bic,model,wp,wp_rec,beta,beta_rec,nll_rec
14,63.91740523990762,137.71809532503386,wa,0.9370086717902993,0.9405311536378846,11.998625411733975,14.898737976814454,57.72549009263908
