subject,nll,bic,model,wp,wp_rec,beta,beta_rec,nll_rec
19,58.456480623506934,126.78190911327525,wa,0.9122685961846301,0.926844911847781,11.841661996031737,14.872057704720252,54.71492602020898
