subject,nll,bic,model,wp,wp_rec,beta,beta_rec,nll_rec
21,60.48156978058515,130.8464244063889,wa,0.9267895844256635,0.9378267850465573,12.517771185377944,15.729032686773214,55.603212346378854
