subject,nll,bic,model,wp,wp_rec,beta,beta_rec,nll_rec
75,48.80281874811375,107.48892234144611,wa,0.9673953278176796,0.9704935879401033,14.378726217346163,11.626785540321329,55.009087206265946
