subject,nll,bic,model,wp,wp_rec,beta,beta_rec,nll_rec
17,64.958399621062,139.7421090135961,wa,0.9330727354926883,0.9409522592533358,10.713407878895115,12.501024220742927,61.553524576776034
