subject,nll,bic,model,wp,wp_rec,beta,beta_rec,nll_rec
45,29.261865151605228,68.40701514842907,wa,0.7649859079241229,0.8024352947261922,10.491478640872167,16.36068893702014,26.269570700521292
