subject,nll,bic,model,wp,wp_rec,beta,beta_rec,nll_rec
52,21.5812960603669,53.0458769659524,wa,0.9880590024779388,0.9949147117769778,20.48443696887504,19.817126685430583,19.57348714474395
