subject,nll,bic,model,wp,wp_rec,beta,beta_rec,nll_rec
8,39.5824697242187,89.048224293656,wa,0.9496493891121575,0.9525866761077297,26.647417913642183,23.921431909271796,41.54380824432154
