subject,nll,bic,model,wp,wp_rec,beta,beta_rec,nll_rec
47,-0.00012652352438574253,9.868694819212612,wa,0.9918030452305101,0.9918030452305101,199.9997976922872,199.9997976922872,-0.00012652352438574253
