subject,nll,bic,model,wp,wp_rec,beta,beta_rec,nll_rec
185,66.13434855846127,142.15198196214115,wa,0.9199948108045658,0.9226549821850647,9.959531287461104,13.648766652007764,56.65341503032948
