subject,nll,bic,model,wp,wp_rec,beta,beta_rec,nll_rec
54,60.48209040207384,130.84746564936628,wa,0.9169553541420133,0.9171426428605198,11.601468536794833,13.75542837213012,55.14626212559724
