subject,nll,bic,model,wp,wp_rec,beta,beta_rec,nll_rec
68,44.94828077667122,99.77984639856105,wa,0.0,0.0,1.0323535048483161,0.9805707759187087,46.8597991359655
