subject,nll,bic,model,wp,wp_rec,beta,beta_rec,nll_rec
43,64.50795878033406,138.89920240588674,wa,0.9637868083888366,0.9673636456643059,9.887257558618955,9.250399428323036,65.09470245859899
