subject,nll,bic,model,wp,wp_rec,beta,beta_rec,nll_rec
174,63.73882418731618,137.36093321985098,wa,0.907488066495613,0.8877818104608551,9.72479168711374,9.399887935711307,60.00283871562665
