subject,nll,bic,model,wp,wp_rec,beta,beta_rec,nll_rec
78,49.193900535755134,108.27108591672888,wa,0.918946969252308,0.9184748202431672,16.960909867374788,13.545672919708169,55.92014229456611
