subject,nll,bic,model,wp,wp_rec,beta,beta_rec,nll_rec
84,69.99356442870831,149.87041370263523,wa,0.9236096286022607,0.9283675843587601,9.036259504400642,12.092026441042902,61.980207664798755
