subject,nll,bic,model,wp,wp_rec,beta,beta_rec,nll_rec
195,41.29798483167598,92.47925450857058,wa,0.9538826415066055,0.9549767096108392,23.512559086067704,23.40832473373631,40.69490730361565
