subject,nll,bic,model,wp,wp_rec,beta,beta_rec,nll_rec
80,56.215989458426705,122.31526376207202,wa,0.9123418735662815,0.9149794189955813,12.84019603815277,10.552866662223542,63.02310441236773
