subject,nll,bic,model,wp,wp_rec,beta,beta_rec,nll_rec
144,59.775572899587544,129.42009366543647,wa,0.9036129454166415,0.9088543443216731,10.474066421593259,7.959288073780256,69.6933314161908
