subject,nll,bic,model,wp,wp_rec,beta,beta_rec,nll_rec
160,51.04476765593902,111.95848317813942,wa,0.9330477061653948,0.9344910096913722,17.271856446086492,21.903442534966757,43.46977218664544
