subject,nll,bic,model,wp,wp_rec,beta,beta_rec,nll_rec
157,-0.00012752357609848293,9.88302979806641,wa,0.9917960655791802,0.9917960655791802,199.99974631492844,199.99974631492844,-0.00012752357609848293
