subject,nll,bic,model,wp,wp_rec,beta,beta_rec,nll_rec
154,22.617051778697792,55.117388402614196,wa,0.9779500814468017,0.9775856027181642,23.621924209236134,23.64197829738982,22.81654430530385
