subject,nll,bic,model,wp,wp_rec,beta,beta_rec,nll_rec
4,74.37616381225439,158.6356124697274,wa,0.8838366152374981,0.8662922494542536,5.658349550724895,3.6467801741111168,81.76977672810239
