subject,nll,bic,model,wp,wp_rec,beta,beta_rec,nll_rec
148,44.35779269370096,98.5845332536633,wa,0.9502068340915897,0.9453570478918507,22.28038853126913,28.317748746142346,37.62967738837776
