subject,nll,bic,model,wp,wp_rec,beta,beta_rec,nll_rec
87,55.847106363172315,121.57749757156324,wa,0.9553443736022349,0.9546536227000194,14.571350839606778,17.77782913055667,49.81038643824114
