subject,nll,bic,model,wp,wp_rec,beta,beta_rec,nll_rec
135,80.04023568633579,169.9637562178902,wa,0.7475090914804331,0.0,1.7905844757933416,0.4056229693229312,77.62673180754439
