subject,nll,bic,model,wp,wp_rec,beta,beta_rec,nll_rec
1,61.40133796026483,132.68596076574826,wa,0.9271547403409173,0.9257209775730103,12.200459012273507,11.432457925640882,63.14260042153849
