subject,nll,bic,model,wp,wp_rec,beta,beta_rec,nll_rec
106,72.9042555227384,155.67745891173817,wa,0.8490104721889256,0.875736391020792,4.377240800994363,5.137171430159434,74.61755963823687
