subject,nll,bic,model,wp,wp_rec,beta,beta_rec,nll_rec
138,-0.00013899993048861127,9.868669866400406,wa,0.16513397449726025,0.16513397449726025,133.96276921296894,133.96276921296894,-0.00013899993048861127
