subject,nll,bic,model,wp,wp_rec,beta,beta_rec,nll_rec
38,64.9423791819766,139.76804320917182,wa,0.9289060571486791,0.9333795797346076,11.0564361167218,11.2280469695277,65.36059627372848
