subject,nll,bic,model,wp,wp_rec,beta,beta_rec,nll_rec
67,49.07164377488266,108.02657239498393,wa,0.9534728895719633,0.9531100585858758,18.55123091592176,20.31685494052775,46.379762876141996
