subject,nll,bic,model,wp,wp_rec,beta,beta_rec,nll_rec
151,50.86170150817919,111.60668786157699,wa,0.9488624459462721,0.9526643361494072,18.501230172110215,21.884798461870858,44.27605086324954
