subject,nll,bic,model,wp,wp_rec,beta,beta_rec,nll_rec
10,61.59116419737266,133.06561323996394,wa,0.9409913349078579,0.9458014494042969,13.142254068907103,16.000584295616413,55.70247990247383
