subject,nll,bic,model,wp,wp_rec,beta,beta_rec,nll_rec
12,60.639639383041605,131.1482266323446,wa,0.943475606787111,0.9498209245065677,13.59492648914327,10.618522939913007,67.06356906938751
