subject,nll,bic,model,wp,wp_rec,beta,beta_rec,nll_rec
83,54.105713471077976,118.09471178737456,wa,0.948529962776381,0.9461052266818457,16.667594616743507,14.513520204608513,58.60537251593976
