subject,nll,bic,model,wp,wp_rec,beta,beta_rec,nll_rec
189,58.20615486264559,126.26681709560559,wa,0.9534799696676953,0.9593492073551468,13.33781843713654,11.559194244944331,60.277700793395354
