subject,nll,bic,model,wp,wp_rec,beta,beta_rec,b_last,b_last_rec,nll_rec
36-attributes,68.36048235719693,151.54589198222178,wa_dn_b-last,0.6656580342339135,0.6302146036344607,12.363083189756072,15.344756859372715,0.004567906432110092,-0.0006012766968976853,65.52567272777131
