subject,nll,bic,model,wp,wp_rec,beta,beta_rec,b_last,b_last_rec,nll_rec
11-alternatives,29.417951866358013,71.58138945886411,wa_dn_b-last,0.46169040733664657,0.47753912187341,21.233618942435633,23.94609007058913,-0.02266631093475953,-0.012447872983775648,28.32632565871644
