subject,nll,bic,model,wp,wp_rec,beta,beta_rec,b_last,b_last_rec,nll_rec
189-alternatives,22.154040573754273,57.010400661300324,wa_dn_b-last,0.6147063801385221,0.6040252792815596,29.007143310102364,26.428391161828664,-0.00178874749213615,-0.016031023358026097,24.38810837458505
