subject,nll,bic,model,wp,wp_rec,beta,beta_rec,b_last,b_last_rec,nll_rec
101-attributes,21.167521981137302,55.080529688422686,wa_dn_b-last,1.0,0.7919146119444236,9.136839918533145,14.077263864483259,-0.0152143828136184,-0.02543102988110063,23.292260311829196
