subject,nll,bic,model,wp,wp_rec,beta,beta_rec,b_last,b_last_rec,nll_rec
33-attributes,32.380843357173035,77.50717244049414,wa_dn_b-last,0.44681257367083643,0.4704268166060065,13.80162445614225,9.843169977715295,0.054068099217571414,0.06955345538327284,36.55312383616126
