subject,nll,bic,model,wp,wp_rec,beta,beta_rec,b_last,b_last_rec,nll_rec
67-alternatives,25.23473134919565,63.21494842453937,wa_dn_b-last,0.705322303022058,0.7017083536625244,17.80797618346241,16.34694866152206,-0.01894109163915918,-0.02551625135566318,27.238376967212332
