subject,nll,bic,model,wp,wp_rec,beta,beta_rec,b_last,b_last_rec,nll_rec
57-alternatives,24.784147567220476,62.313780860589034,wa_dn_b-last,0.5479018182507506,0.5626332151165339,29.96423468161594,25.369748849853803,0.000504001815194497,-0.008204861292681059,27.284480025102187
