subject,nll,bic,model,wp,wp_rec,beta,beta_rec,b_last,b_last_rec,nll_rec
69-attributes,27.82183774596661,68.3891612180813,wa_dn_b-last,0.6335791643877453,0.6459545307797202,20.459445830150564,16.68325927891853,-0.004448307715633165,0.014086460263764122,30.25234552218011
