subject,nll,bic,model,wp,wp_rec,beta,beta_rec,b_last,b_last_rec,nll_rec
30-attributes,13.296885068067073,39.296089649925925,wa_dn_b-last,0.6628969826486667,0.6414564435279687,40.1774460823235,43.626760649155806,-0.0064919454259830065,0.011305939092887764,13.852266792787649
