subject,nll,bic,model,wp,wp_rec,beta,beta_rec,b_last,b_last_rec,nll_rec
12-attributes,30.486773578359735,73.67586667051125,wa_dn_b-last,0.6237965501483314,0.6153057637489492,17.853165096363835,24.366295433844453,0.007176770879176273,-0.034589371833055216,25.46580240767541
