subject,nll,bic,model,wp,wp_rec,beta,beta_rec,b_last,b_last_rec,nll_rec
150-attributes,25.92440556142127,64.55113063663433,wa_dn_b-last,0.49869355307670993,0.49435442018032,26.112899940208436,28.670223811005933,0.019291495164501984,0.022818890103267465,24.312775831287066
