subject,nll,bic,model,wp,wp_rec,beta,beta_rec,b_last,b_last_rec,nll_rec
141-attributes,18.84644552685456,50.438376779857194,wa_dn_b-last,0.6460461803898921,0.6894543955343527,32.1126630749891,37.402517518875825,-0.021756289245529345,-0.03549746294381684,13.639334668189184
