subject,nll,bic,model,wp,wp_rec,beta,beta_rec,b_last,b_last_rec,nll_rec
80-alternatives,13.963621263183695,40.67272825251547,wa_dn_b-last,0.46848933195367354,0.470254560554815,77.35829250694272,71.94629642639946,0.008583159111826482,0.005884892873970624,14.743497045828171
