subject,nll,bic,model,wp,wp_rec,beta,beta_rec,b_last,b_last_rec,nll_rec
129-attributes,32.01422392022119,76.77393356659046,wa_dn_b-last,0.5309810055919861,0.5568563463222523,18.840618510530774,24.458025851821326,0.006115436494826841,-0.022304527250330594,27.612724797754765
