subject,nll,bic,model,wp,wp_rec,beta,beta_rec,b_last,b_last_rec,nll_rec
38-alternatives,24.630499959378966,62.00648564490601,wa_dn_b-last,0.5385306663535273,0.5305736319710835,30.440406727780346,22.60099554544506,-0.01615109415517374,-0.021831282727348904,29.3067699470952
