subject,nll,bic,model,wp,wp_rec,beta,beta_rec,b_last,b_last_rec,nll_rec
47-attributes,-4.732190938802757e-05,12.745391082329302,wa_dn_b-last,1.0,1.0,199.99986288962026,199.99986288962026,-4.682241663146661e-06,-4.682241663146661e-06,-4.732190938802757e-05
