subject,nll,bic,model,wp,wp_rec,beta,beta_rec,b_last,b_last_rec,nll_rec
21-attributes,22.53874327474567,57.822972275639415,wa_dn_b-last,0.5639731126221249,0.580737795254172,32.89171653954481,23.106546547990813,-0.00419286152811513,0.005346405642716391,28.10678440251115
