subject,nll,bic,model,wp,wp_rec,beta,beta_rec,b_last,b_last_rec,nll_rec
5-alternatives,19.02413488374622,50.79375549364052,wa_dn_b-last,0.2971536296413997,0.2938860660029957,26.942408142225467,26.743118843490713,0.02478760703319852,0.025224962569747836,18.88869923085281
