subject,nll,bic,model,wp,wp_rec,beta,beta_rec,b_last,b_last_rec,nll_rec
1-alternatives,28.84144391672065,70.42837355958937,wa_dn_b-last,0.5464282116433774,0.562320582743395,21.327698484367794,20.922025161181878,0.03474721678338428,0.01084578076840041,30.18183136908993
