subject,nll,bic,model,wp,wp_rec,beta,beta_rec,b_last,b_last_rec,nll_rec
39-alternatives,25.475474147747907,63.696434021643896,wa_dn_b-last,0.48115486107109623,0.4984638827799952,26.448418225727675,22.459483356788454,0.031110178459695947,0.0487338007957148,26.479048659817387
