subject,nll,bic,model,wp,wp_rec,beta,beta_rec,b_last,b_last_rec,nll_rec
103-alternatives,22.963578846919045,58.67264341998617,wa_dn_b-last,0.6486668733598613,0.6426280630983847,25.429962964384288,24.292811881643107,-0.010104806092668655,-0.009819557436214146,24.258612167445573
