subject,nll,bic,model,wp,wp_rec,beta,beta_rec,b_last,b_last_rec,nll_rec
40-attributes,21.02123779971208,54.744795113215936,wa_dn_b-last,0.524286758152968,0.514029221272789,38.30336901888209,39.54403668921502,0.00770126817989816,0.01514585368333822,20.572979568333704
