subject,nll,bic,model,wp,wp_rec,beta,beta_rec,b_last,b_last_rec,nll_rec
136-attributes,15.653438326778758,44.0523623797056,wa_dn_b-last,0.6733783546878541,0.6737429413136977,33.41581339573884,37.90421364910641,0.013334847406459047,-0.006789556156058903,13.411927841959342
