subject,nll,bic,model,wp,wp_rec,beta,beta_rec,b_last,b_last_rec,nll_rec
90-alternatives,16.59825650523336,45.94199873661479,wa_dn_b-last,0.6338658007100384,0.6655480739128465,38.67775969318387,44.014185068791775,-0.010058858394588421,-0.025917688412274858,12.877512383232565
