subject,nll,bic,model,wp,wp_rec,beta,beta_rec,b_last,b_last_rec,nll_rec
89-alternatives,36.467123841773585,85.67973340969525,wa_dn_b-last,0.41352643335271333,0.46956857233016225,10.942038611608341,14.13612663123556,0.028881381329882022,-0.008356028938631348,35.566041255509546
