subject,nll,bic,model,wp,wp_rec,beta,beta_rec,b_last,b_last_rec,nll_rec
14-attributes,29.33220464867606,71.4098950235002,wa_dn_b-last,0.5826594041871999,0.5864301869348596,21.223554448408276,21.000233555085938,0.010622133383860949,0.020740437220504383,29.039078382846206
