subject,nll,bic,model,wp,wp_rec,beta,beta_rec,b_last,b_last_rec,nll_rec
102-alternatives,25.05495348988968,62.85539270592744,wa_dn_b-last,0.5625550228574829,0.5387195047330704,28.465575094116055,30.343594361825918,0.013737328601678192,0.013016042953415559,24.52678219370111
