subject,nll,bic,model,wp,wp_rec,beta,beta_rec,b_last,b_last_rec,nll_rec
18-attributes,20.75773897746577,54.260963681079616,wa_dn_b-last,0.5148940841581454,0.519580458111552,40.11698580269565,46.11129344488123,0.0038089315511738967,0.018619741113029865,18.205062643919074
