subject,nll,bic,model,wp,wp_rec,beta,beta_rec,b_last,b_last_rec,nll_rec
180-alternatives,29.827699217553302,72.40088416125468,wa_dn_b-last,0.6370370333150189,0.6455551896082681,17.067062915656646,16.205504102647314,0.031768024825343424,0.008666279748333785,30.997545516040844
