subject,nll,bic,model,wp,wp_rec,beta,beta_rec,b_last,b_last_rec,nll_rec
124-alternatives,13.932794409639955,40.61107454542799,wa_dn_b-last,0.44658128232865973,0.4572588289219194,86.12922450680628,132.4206388778759,0.0075315829819349745,0.002332197449534531,10.37313959375924
