subject,nll,bic,model,wp,wp_rec,beta,beta_rec,b_last,b_last_rec,nll_rec
188-attributes,23.210828043193168,59.16714181253441,wa_dn_b-last,0.4483671624201081,0.4209095334741939,33.125116601095684,29.41661721918745,0.011795387634378833,0.004409906266243703,24.238618143344908
