subject,nll,bic,model,wp,wp_rec,beta,beta_rec,b_last,b_last_rec,nll_rec
17-alternatives,34.6239513218882,81.90642575930472,wa_dn_b-last,0.5581623892559635,0.5508629723471706,14.17063302629329,12.445976725443709,0.008599718520494503,0.010314674714216031,36.2471778695783
