subject,nll,bic,model,wp,wp_rec,beta,beta_rec,b_last,b_last_rec,nll_rec
157-alternatives,-4.682233686874809e-05,12.74539208147434,wa_dn_b-last,1.0,1.0,199.99992612663425,199.99992612663425,0.000113415109924718,0.000113415109924718,-4.682233686874809e-05
