subject,nll,bic,model,wp,wp_rec,beta,beta_rec,b_last,b_last_rec,nll_rec
30-alternatives,24.683366236768133,62.11221819968435,wa_dn_b-last,0.6017266922846095,0.6085269876037446,27.168935620007854,29.63648627374355,0.0006941695339724003,0.0292055651480487,22.238532024975754
