subject,nll,bic,model,wp,wp_rec,beta,beta_rec,b_last,b_last_rec,nll_rec
55-attributes,26.465750543523278,65.63382060083833,wa_dn_b-last,0.483467490607003,0.46802130703703665,26.449834527160437,21.543105861676008,0.013065397145008602,0.024602619190072898,28.425127998402903
