subject,nll,bic,model,wp,wp_rec,beta,beta_rec,b_last,b_last_rec,nll_rec
97-alternatives,25.65556646237915,64.05661865090637,wa_dn_b-last,0.5876671739217466,0.6139206443024947,25.405927689888347,16.227753549613645,0.028996749272278376,0.025416469707088028,31.983743073351796
