subject,nll,bic,model,wp,wp_rec,beta,beta_rec,b_last,b_last_rec,nll_rec
114-attributes,19.210057364303466,51.16560045475501,wa_dn_b-last,0.575334042864293,0.5344517235336641,38.68694844928869,40.826696158418954,6.268954909390474e-05,0.011815385675194297,19.778880714271413
