subject,nll,bic,model,wp,wp_rec,beta,beta_rec,b_last,b_last_rec,nll_rec
1-attributes,34.146837657050646,81.03916104024937,wa_dn_b-last,0.5324122565504742,0.5111574027466397,15.975125049359777,24.470898145055767,0.012803070818184999,0.02275479800137021,27.421568706030005
