subject,nll,bic,model,wp,wp_rec,beta,beta_rec,b_last,b_last_rec,nll_rec
47-alternatives,-4.582175170537907e-05,12.702227870288368,wa_dn_b-last,1.0,1.0,199.99950536880038,199.99950536880038,0.00010823935554900188,0.00010823935554900188,-4.582175170537907e-05
