subject,nll,bic,model,wp,wp_rec,beta,beta_rec,b_last,b_last_rec,nll_rec
116-alternatives,19.1513215064355,51.04812873901908,wa_dn_b-last,0.5928600495150287,0.6022849806065487,37.7475328724262,44.4813237173081,0.004845876579508703,-0.0044715524630099,16.05487979925898
