subject,nll,bic,model,wp,wp_rec,beta,beta_rec,b_last,b_last_rec,nll_rec
10-attributes,29.082634753304866,70.91075523275781,wa_dn_b-last,0.6393571120943252,0.6793827516223969,18.68450834291018,13.494205864408073,-0.01571070875892998,-0.04554236707135632,31.98688217703095
