subject,nll,bic,model,wp,wp_rec,beta,beta_rec,b_last,b_last_rec,nll_rec
60-alternatives,26.42878620969031,65.60305814552869,wa_dn_b-last,0.6387648303855826,0.6235093516315972,21.572598505728656,24.871427430635798,0.012271486443384409,0.0009015005285456305,25.055879829464793
