subject,nll,bic,model,wp,wp_rec,beta,beta_rec,b_last,b_last_rec,nll_rec
159-alternatives,23.391875412546614,59.52923655124131,wa_dn_b-last,0.5102681973758405,0.5320307781417378,33.17778914550337,30.286751845757152,0.016167340461912875,0.02556714145478676,24.08458074225316
