subject,nll,bic,model,wp,wp_rec,beta,beta_rec,b_last,b_last_rec,nll_rec
171-attributes,27.93897842795047,68.62344258204902,wa_dn_b-last,0.4882044391027018,0.5084800811283966,22.746230021309856,16.793382636444868,-0.03662211544091646,-0.03559311690140025,33.071994904192486
