subject,nll,bic,model,wp,wp_rec,beta,beta_rec,b_last,b_last_rec,nll_rec
98-attributes,27.90114956104901,68.5477848482461,wa_dn_b-last,0.5556451901770806,0.5335835994049641,23.945169281928813,24.82256376569961,0.01424895964370891,0.013768935629551544,27.611018817936436
