subject,nll,bic,model,wp,wp_rec,beta,beta_rec,b_last,b_last_rec,nll_rec
3-alternatives,22.81449369734463,58.37447312083734,wa_dn_b-last,0.6337982190978068,0.6461429533981853,27.20667504948846,24.110039175882587,-0.009598407246188606,0.0010446393742907542,24.05830327409643
