subject,nll,bic,model,wp,wp_rec,beta,beta_rec,b_last,b_last_rec,nll_rec
56-attributes,6.6906497920729855,26.12678531029405,wa_dn_b-last,0.9598980511031422,1.0,21.257933168711013,41.661799721761724,-0.02107292646103193,-0.0749137546242038,3.4377675741688463
