subject,nll,bic,model,wp,wp_rec,beta,beta_rec,b_last,b_last_rec,nll_rec
133-alternatives,19.049760259965996,50.80184003372377,wa_dn_b-last,0.6454634726237544,0.6361046488259748,30.872429434413945,42.21168882987995,-0.01856913691271096,0.00904232391820415,14.225059523064731
