subject,nll,bic,model,wp,wp_rec,beta,beta_rec,b_last,b_last_rec,nll_rec
87-attributes,25.31032168403553,63.36612909421913,wa_dn_b-last,0.6932955292798593,0.7499756402092262,18.51958901155379,15.936506625733806,-0.011915489898388807,-0.01408735980997115,23.67868824521877
