subject,nll,bic,model,wp,wp_rec,beta,beta_rec,b_last,b_last_rec,nll_rec
94-attributes,30.549499277868122,73.84448428188432,wa_dn_b-last,0.517989767136547,0.5050963753366782,20.887816967550446,22.660154660574477,-0.013422805305994137,-0.017719244981042628,29.140367244537366
