subject,nll,bic,model,wp,wp_rec,beta,beta_rec,b_last,b_last_rec,nll_rec
120-attributes,18.504485946917537,49.75445761998316,wa_dn_b-last,0.6601989626782188,0.6993552826811689,30.366289992430236,50.71264316330349,0.02393393663093192,0.05423827418081619,10.199550697049359
