subject,nll,bic,model,wp,wp_rec,beta,beta_rec,b_last,b_last_rec,nll_rec
106-attributes,36.14207940649817,85.02964453914441,wa_dn_b-last,0.32034728316989447,0.4789860121410326,7.213009168291286,10.706234409808902,0.09262717768197021,0.027238768733398085,38.11732799998225
