subject,nll,bic,model,wp,wp_rec,beta,beta_rec,b_last,b_last_rec,nll_rec
175-attributes,23.61531590690338,59.93295132759854,wa_dn_b-last,0.5537475075129165,0.5399682962959103,30.393607464817315,38.8657789268056,0.013677589784060959,0.025005017477717936,19.524007867688265
