subject,nll,bic,model,wp,wp_rec,beta,beta_rec,b_last,b_last_rec,nll_rec
186-attributes,39.841009061429936,92.42750384900795,wa_dn_b-last,0.35035271888860875,0.12222056943471729,3.444748116593507,0.9667128333553929,0.24799568453243906,1.0,40.46912368003269
