subject,nll,bic,model,wp,wp_rec,beta,beta_rec,b_last,b_last_rec,nll_rec
28-alternatives,19.383781177065963,51.51304808028,wa_dn_b-last,0.5494947010102117,0.5789091579728617,41.02802764365407,41.14337411382885,0.000218349257910656,-0.008649967880311984,18.22622823930609
