subject,nll,bic,model,wp,wp_rec,beta,beta_rec,b_last,b_last_rec,nll_rec
44-alternatives,9.509484807889306,31.76445534192669,wa_dn_b-last,0.7321405045415179,0.7663628298379647,38.40947079087265,37.810635397909955,0.02926452509264465,0.060927810816969005,8.81893924814002
