subject,nll,bic,model,wp,wp_rec,beta,beta_rec,b_last,b_last_rec,nll_rec
114-alternatives,20.564815866713108,53.8751174595743,wa_dn_b-last,0.5856923008018449,0.5776221971141254,35.29303907347453,29.769143683352404,0.013767737318560706,0.02736051551189575,23.448677477638498
