subject,nll,bic,model,wp,wp_rec,beta,beta_rec,b_last,b_last_rec,nll_rec
23-alternatives,21.919887931306413,56.5852615887609,wa_dn_b-last,0.630609746305024,0.6509022803331491,28.9620250060888,25.10275508127152,-0.014608151955944407,0.006570928445494733,22.88447136034077
