subject,nll,bic,model,wp,wp_rec,beta,beta_rec,b_last,b_last_rec,nll_rec
72-attributes,22.398750221754838,57.499819957301455,wa_dn_b-last,0.7623196050697794,0.759088619283806,16.309105017933696,14.381577908393453,-0.043095913763192224,-0.0503471028483132,25.24074664596297
