subject,nll,bic,model,wp,wp_rec,beta,beta_rec,b_last,b_last_rec,nll_rec
124-attributes,21.122447297892357,54.99038032193279,wa_dn_b-last,0.45999978609697184,0.4491655962251003,41.19915967311006,63.08276951116462,2.8946578212308417e-05,1.1324550045447531e-06,16.900930993318465
