subject,nll,bic,model,wp,wp_rec,beta,beta_rec,b_last,b_last_rec,nll_rec
43-attributes,21.647154954229958,56.039795634608,wa_dn_b-last,0.7200515638223678,0.7257130520554067,19.751294788276933,22.86534553117054,-0.0060101797396840745,0.02564492330358384,18.035918638995362
