subject,nll,bic,model,wp,wp_rec,beta,beta_rec,b_last,b_last_rec,nll_rec
49-alternatives,10.591246162422715,33.92797805099351,wa_dn_b-last,0.7149191472368788,0.7285689520272207,38.35862532928463,56.11913713570828,-0.007958044359734061,-0.018583267949995413,6.178544567961195
