subject,nll,bic,model,wp,wp_rec,beta,beta_rec,b_last,b_last_rec,nll_rec
144-alternatives,26.725159471191077,66.15263845617393,wa_dn_b-last,0.4740899450575578,0.46936086695902685,26.431143472225358,34.924729744133785,0.0003476005916574921,-0.035080660718373236,21.01013291342358
