subject,nll,bic,model,wp,wp_rec,beta,beta_rec,b_last,b_last_rec,nll_rec
7-alternatives,31.249245985277522,75.24397769670313,wa_dn_b-last,0.5777911729418667,0.5822129697984456,19.186016577422233,28.523793547379444,-0.023654942616597466,-0.0537572124348081,23.244334286097946
