subject,nll,bic,model,wp,wp_rec,beta,beta_rec,b_last,b_last_rec,nll_rec
88-alternatives,17.715208502651887,48.175902731451856,wa_dn_b-last,0.5616190147465986,0.5726894663191276,44.53226473158077,35.54284652885567,-0.020912980310182086,-0.021256651220793784,21.1216152766477
