subject,nll,bic,model,wp,wp_rec,beta,beta_rec,b_last,b_last_rec,nll_rec
127-alternatives,23.146193704664284,59.037873135476644,wa_dn_b-last,0.5649077136470215,0.5347800944416802,31.705200815745734,36.83494664978625,0.013423784338543477,0.008228802130321677,21.598219079581277
