subject,nll,bic,model,wp,wp_rec,beta,beta_rec,b_last,b_last_rec,nll_rec
36-alternatives,64.40224241871732,143.58624589290625,wa_dn_b-last,0.6148445144605553,0.6340194245184363,15.949497072015532,14.77912593712299,0.012966154080864097,0.014334711697764561,64.91538368510436
