subject,nll,bic,model,wp,wp_rec,beta,beta_rec,b_last,b_last_rec,nll_rec
10-alternatives,28.91678697405266,70.5790596742534,wa_dn_b-last,0.5565045844525096,0.5823708318915881,23.00323034931225,33.04143365461035,0.005580242229353417,0.009318919595863426,21.897849662173087
