subject,nll,bic,model,wp,wp_rec,beta,beta_rec,b_last,b_last_rec,nll_rec
59-alternatives,33.38038432708537,79.50625438031882,wa_dn_b-last,0.48239495615806655,0.49010107901886507,16.42329312299775,18.72268204003194,0.013159111967328817,0.006660555136548258,31.903707528035422
