subject,nll,bic,model,wp,wp_rec,beta,beta_rec,b_last,b_last_rec,nll_rec
13-attributes,37.88813439053516,88.52175450721839,wa_dn_b-last,0.5002764728943832,0.4270172464117091,8.81964280689827,6.876361544027299,0.07580108988018192,0.09936757532193129,38.716531866245845
