subject,nll,bic,model,wp,wp_rec,beta,beta_rec,b_last,b_last_rec,nll_rec
78-attributes,16.647889387561065,46.041264501270206,wa_dn_b-last,0.5332132508239491,0.5543420331681452,50.65226818718941,57.73089980556532,0.0113523686641444,0.008410238945370756,13.681494933490743
