subject,nll,bic,model,wp,wp_rec,beta,beta_rec,b_last,b_last_rec,nll_rec
194-attributes,28.10168058798567,68.90568068976312,wa_dn_b-last,0.5710190129076677,0.5710630353753371,22.116219078593478,23.989343877824567,0.016972962133869087,0.011509907917321741,26.967106405897837
