subject,nll,bic,model,wp,wp_rec,beta,beta_rec,b_last,b_last_rec,nll_rec
5-attributes,16.817741501585353,46.38096872931878,wa_dn_b-last,0.34193834711981114,0.3558795710334352,42.45978059738448,43.58996296787162,0.004402093908872194,-0.004161895895021923,17.14866485702473
