subject,nll,bic,model,wp,wp_rec,beta,beta_rec,b_last,b_last_rec,nll_rec
199-alternatives,36.93345283353728,86.61239139322264,wa_dn_b-last,0.4146188627237615,0.42191593052546755,11.336931705040648,14.086347756102057,-0.0007178062912249695,0.06913620894680775,30.263841256642753
