subject,nll,bic,model,wp,wp_rec,beta,beta_rec,b_last,b_last_rec,nll_rec
128-attributes,39.22636556304982,91.15505063989141,wa_dn_b-last,0.6086395274361125,0.6654336075194192,9.550213116028377,10.052977940372557,-0.04683093717292217,-0.04845177206570547,36.93717850521246
