subject,nll,bic,model,wp,wp_rec,beta,beta_rec,b_last,b_last_rec,nll_rec
141-alternatives,28.872130293458856,70.4897463130658,wa_dn_b-last,0.669113972097502,0.6558310473737576,16.99865104253066,16.117418354037774,-0.010232293066549188,0.002691170765242744,30.57300197975607
