subject,nll,bic,model,wp,wp_rec,beta,beta_rec,b_last,b_last_rec,nll_rec
175-alternatives,16.636807059177276,46.019099844502634,wa_dn_b-last,0.4877283160839554,0.4710166943861402,56.70831176083342,92.54711561376908,0.010090707051661566,0.008360206042489366,12.117498512418752
