subject,nll,bic,model,wp,wp_rec,beta,beta_rec,b_last,b_last_rec,nll_rec
142-alternatives,25.943630531802906,64.6327467897539,wa_dn_b-last,0.5573101657299786,0.5449401625342449,27.387568564808525,33.65709315299693,0.009405359024144504,0.016917261664357384,22.573462740580833
