subject,nll,bic,model,wp,wp_rec,beta,beta_rec,b_last,b_last_rec,nll_rec
81-attributes,28.715459388767623,70.17640450368333,wa_dn_b-last,0.5120074804377521,0.5079710345809136,23.68445755326216,21.906841167354298,-0.003989131308049075,-0.003974783964809227,29.852860372137464
