subject,nll,bic,model,wp,wp_rec,beta,beta_rec,b_last,b_last_rec,nll_rec
156-alternatives,19.282827098442045,51.31113992303217,wa_dn_b-last,0.5426080934040484,0.5473033841181454,41.63897947520657,45.84627885034819,0.012170370430892547,0.02440020633232868,17.37618266421004
