subject,nll,bic,model,wp,wp_rec,beta,beta_rec,b_last,b_last_rec,nll_rec
7-attributes,27.363579618700747,67.47264496354957,wa_dn_b-last,0.544987533395964,0.5458961260650581,25.502763802356434,38.2950352842949,-0.0040557866312223795,-0.01628670607195031,20.428758778610426
