subject,nll,bic,model,wp,wp_rec,beta,beta_rec,b_last,b_last_rec,nll_rec
122-alternatives,24.309867055215623,61.36521983657933,wa_dn_b-last,0.5118342135169739,0.5336270311141497,31.750953756383286,25.357389398504882,-0.015531091398451791,-0.0036114722182432825,27.77761968955042
