subject,nll,bic,model,wp,wp_rec,beta,beta_rec,b_last,b_last_rec,nll_rec
172-attributes,21.131837530594964,55.009160787338004,wa_dn_b-last,0.26084008421030613,0.30740004291545797,19.456128042123094,22.650148579761325,0.016935161519557176,0.006862776075049269,22.311459655052122
