subject,nll,bic,model,wp,wp_rec,beta,beta_rec,b_last,b_last_rec,nll_rec
128-alternatives,31.83612345421908,76.37456642222995,wa_dn_b-last,0.5674018549610902,0.6011237308224457,17.696369826988196,21.204832952592113,0.014351221518574353,0.028488137981221438,27.47440335138916
