subject,nll,bic,model,wp,wp_rec,beta,beta_rec,b_last,b_last_rec,nll_rec
176-attributes,35.707293162442646,84.16007205103337,wa_dn_b-last,0.614757347588143,0.8721594598152802,10.873492406167017,8.645088475949889,0.05705940371710995,0.0419013431926809,28.118893803805708
