subject,nll,bic,model,wp,wp_rec,beta,beta_rec,b_last,b_last_rec,nll_rec
112-attributes,14.56790113672569,41.88128799959946,wa_dn_b-last,0.5912042100905288,0.5859017510911736,49.23596579820982,44.76855612273332,-0.004716203997964443,-0.00458084814351431,16.295075865212457
