subject,nll,bic,model,wp,wp_rec,beta,beta_rec,b_last,b_last_rec,nll_rec
106-alternatives,37.3256469840464,87.35361348188458,wa_dn_b-last,0.3164829548251822,0.3676466796802514,7.958099068906545,11.568408086299323,0.010476015858866925,-0.019366237535229303,34.49578952631665
