subject,nll,bic,model,wp,wp_rec,beta,beta_rec,b_last,b_last_rec,nll_rec
148-attributes,24.364535435006474,61.431390383804725,wa_dn_b-last,0.6277347134624237,0.6739565787864045,24.91670499808316,12.246532328219375,-0.030282844462033047,-0.030494243425974114,33.68040561799316
