subject,nll,bic,model,wp,wp_rec,beta,beta_rec,b_last,b_last_rec,nll_rec
103-attributes,21.51483434270055,55.77515441154918,wa_dn_b-last,0.6329676005420576,0.6168846858220848,28.952765009985132,28.298913042417006,0.0002993137617783338,0.0003030854500968205,22.984867804516874
