subject,nll,bic,model,wp,wp_rec,beta,beta_rec,b_last,b_last_rec,nll_rec
125-alternatives,17.869924898588284,48.48533552332465,wa_dn_b-last,0.6402663447213871,0.6458949287438787,34.884695830552644,30.86701342671391,-0.010235357797340864,-0.004858130487244099,19.55364662428993
