subject,nll,bic,model,wp,wp_rec,beta,beta_rec,b_last,b_last_rec,nll_rec
147-attributes,29.56359616499175,71.87267805613158,wa_dn_b-last,0.6043078021577791,0.5113848366645845,19.4611704525428,17.770647753426587,0.022161312485400902,-0.00887646764829772,32.91818568147107
