subject,nll,bic,model,wp,wp_rec,beta,beta_rec,b_last,b_last_rec,nll_rec
160-alternatives,23.317379741533138,59.38024520921435,wa_dn_b-last,0.5533765542763976,0.5252709288035912,31.508546766032346,47.433621333049665,0.02171641846155988,0.018822940274358872,17.69263830128604
