subject,nll,bic,model,wp,wp_rec,beta,beta_rec,b_last,b_last_rec,nll_rec
25-alternatives,25.18572914546673,63.116944017081536,wa_dn_b-last,0.48120732939397304,0.49597706011157083,30.24099640365752,41.35558371512022,0.004469763082858657,-0.007048237931203482,20.84658929728359
