subject,nll,bic,model,wp,wp_rec,beta,beta_rec,b_last,b_last_rec,nll_rec
140-alternatives,17.059748448114888,46.86498262237785,wa_dn_b-last,0.7809196540112443,0.691768862148611,19.024933673688754,42.78368289687911,0.01401510312351183,0.023771620733643594,10.88354524506616
