subject,nll,bic,model,wp,wp_rec,beta,beta_rec,b_last,b_last_rec,nll_rec
58-attributes,26.01031117695746,64.72294186770671,wa_dn_b-last,0.5718092829556205,0.5709959956625708,25.811329440006638,21.55992122288669,-0.005347601509699415,-0.0005677103448893033,29.013940486742904
