subject,nll,bic,model,wp,wp_rec,beta,beta_rec,b_last,b_last_rec,nll_rec
139-attributes,28.4248475633979,69.55201464058757,wa_dn_b-last,0.5094938718874414,0.5078515285036288,23.03417186860185,18.22845099676813,-0.001469461705854759,0.004132939287623399,31.725490070217308
