subject,nll,bic,model,wp,wp_rec,beta,beta_rec,b_last,b_last_rec,nll_rec
26-alternatives,18.558554611545034,49.862594949238144,wa_dn_b-last,0.8651702318694693,0.722522729489248,13.835131113293942,34.59135600517203,-0.01931982538905453,-0.033239964970565805,12.18408259831728
