subject,nll,bic,model,wp,wp_rec,beta,beta_rec,b_last,b_last_rec,nll_rec
61-alternatives,24.028608956876234,60.80270363990054,wa_dn_b-last,0.5836865061404648,0.6063777066444885,28.894623046622655,23.636141594899513,0.01869465011710145,0.01576203142563162,26.610675985801116
