subject,nll,bic,model,wp,wp_rec,beta,beta_rec,b_last,b_last_rec,nll_rec
144-attributes,30.316100139187103,73.37768600452229,wa_dn_b-last,0.4748809354512802,0.5239150304177655,20.49376035013203,14.090449303990779,0.0008446901829078409,0.0027927815144228405,36.05790940573331
