subject,nll,bic,model,wp,wp_rec,beta,beta_rec,b_last,b_last_rec,nll_rec
135-attributes,39.48366987185083,91.71282546984973,wa_dn_b-last,0.2960532380969864,0.33831727301175146,5.400107356904711,9.083846860307451,0.09458880922860402,0.037131995667881695,35.87299041211876
