subject,nll,bic,model,wp,wp_rec,beta,beta_rec,b_last,b_last_rec,nll_rec
60-attributes,28.296297488545537,69.33808070323916,wa_dn_b-last,0.5960415214789534,0.5766854250751967,22.25573186554848,34.231029405077095,-0.004225192006525621,-0.0043120523551073014,21.3892467391124
