subject,nll,bic,model,wp,wp_rec,beta,beta_rec,b_last,b_last_rec,nll_rec
101-alternatives,19.86213842421394,52.46976257457595,wa_dn_b-last,0.925151923391099,1.0,11.045295881303575,7.546732335241451,0.013890860091609288,0.025615517560719087,25.291672918221227
