subject,nll,bic,model,wp,wp_rec,beta,beta_rec,b_last,b_last_rec,nll_rec
164-alternatives,10.443806014089931,33.63309775432794,wa_dn_b-last,0.5937134229667306,0.6114023847607218,65.37236024468102,182.9618698682652,-0.005091716498828726,-0.010422604957738914,3.6097364259447944
