subject,nll,bic,model,wp,wp_rec,beta,beta_rec,b_last,b_last_rec,nll_rec
195-alternatives,16.836922864017723,46.41933145418352,wa_dn_b-last,0.6254353374812515,0.6174227647512097,39.52821377386908,46.313288805356564,-0.009647401098824863,-0.004656793741603642,14.795454183490644
