subject,nll,bic,model,wp,wp_rec,beta,beta_rec,b_last,b_last_rec,nll_rec
172-alternatives,22.266138859124993,57.27776344439806,wa_dn_b-last,0.35643212680115405,0.37641214570377574,28.728361799065418,29.67827934808553,0.005435876587452546,0.009610047271246314,22.602228520678807
