subject,nll,bic,model,wp,wp_rec,beta,beta_rec,b_last,b_last_rec,nll_rec
146-attributes,19.85821108847577,52.461907903099615,wa_dn_b-last,0.6252919272503488,0.6226335072382221,32.74789798290816,28.021645028439817,-0.004839782403344483,-0.009693667049252548,22.851533064077746
