subject,nll,bic,model,wp,wp_rec,beta,beta_rec,b_last,b_last_rec,nll_rec
151-alternatives,22.669769964361656,58.08502565487139,wa_dn_b-last,0.6499144719761475,0.6410451900830219,25.501528285191434,18.126100428977043,0.006505640888962546,-0.009541462511625074,29.608135214174016
