subject,nll,bic,model,wp,wp_rec,beta,beta_rec,b_last,b_last_rec,nll_rec
79-alternatives,26.70778638077088,66.16105848768984,wa_dn_b-last,0.7963136452809533,1.0,11.170258627966826,6.7910120385075565,0.06155933415781539,0.09838730446766338,26.954843533570944
