subject,nll,bic,model,wp,wp_rec,beta,beta_rec,b_last,b_last_rec,nll_rec
132-attributes,21.41320377892266,55.571893283993404,wa_dn_b-last,0.4623572986184945,0.44458133239742614,33.93212457008005,35.004453146365584,0.03185038872230247,0.03607354748079815,20.093070111916113
