subject,nll,bic,model,wp,wp_rec,beta,beta_rec,b_last,b_last_rec,nll_rec
13-alternatives,35.90466746888051,84.5548206639091,wa_dn_b-last,0.3590064101459634,0.3528477913525283,9.219444617727515,8.809561154141381,0.05458483777222773,0.06675123572583319,35.74223142373562
