subject,nll,bic,model,wp,wp_rec,beta,beta_rec,b_last,b_last_rec,nll_rec
48-alternatives,28.415790175870775,69.57706607788963,wa_dn_b-last,0.45476985428779526,0.4810209242384037,22.97856259036559,49.92274900357817,0.005605481478984794,-0.003262482891987318,18.651939268400497
