subject,nll,bic,model,wp,wp_rec,beta,beta_rec,b_last,b_last_rec,nll_rec
19-attributes,17.23636629171039,47.218218309568854,wa_dn_b-last,0.5009029832872554,0.5115294962939704,52.14649922600084,64.36190116381785,-0.014011178637933929,-0.020905489933582672,14.080422286717058
