subject,nll,bic,model,wp,wp_rec,beta,beta_rec,b_last,b_last_rec,nll_rec
85-alternatives,20.96812087233297,54.681727470814025,wa_dn_b-last,0.9132643348360014,0.7442644718183881,11.384886019041277,21.098228678504206,-0.0467423627540441,0.0022475257976936943,18.1410684543119
