subject,nll,bic,model,wp,wp_rec,beta,beta_rec,b_last,b_last_rec,nll_rec
145-attributes,17.949057869700916,48.64360146554991,wa_dn_b-last,0.5610439449594536,0.553136457532207,42.93500982747463,94.01484343876386,0.008580054810448651,-0.004187803262786123,8.344051368418755
