subject,nll,bic,model,wp,wp_rec,beta,beta_rec,b_last,b_last_rec,nll_rec
98-alternatives,34.205004410141434,81.15549454643094,wa_dn_b-last,0.5474790529551647,0.551790989921468,16.348684051694722,28.181254043291474,0.0022775646639804407,0.013578136737355397,25.475721416856643
