subject,nll,bic,model,wp,wp_rec,beta,beta_rec,b_last,b_last_rec,nll_rec
115-alternatives,13.544507948980057,39.83450162410819,wa_dn_b-last,0.5289085764670678,0.5351334800169609,66.3342847275502,45.54624156641402,0.007132222396221779,0.003985890524502665,18.329536202521613
