subject,nll,bic,model,wp,wp_rec,beta,beta_rec,b_last,b_last_rec,nll_rec
107-attributes,39.81326976907002,92.32885905193181,wa_dn_b-last,0.7278898960338434,0.827154420136965,6.378037193056857,5.1016987929286,0.012420735149683644,-0.008204334180314904,39.68803066391325
