subject,nll,bic,model,wp,wp_rec,beta,beta_rec,b_last,b_last_rec,nll_rec
42-alternatives,17.880113474192218,48.50571267453252,wa_dn_b-last,0.5870303852306943,0.5781946255712483,41.500236042338294,54.75741970542772,-0.013270031804302114,-0.030955589223852584,14.730817238824622
