subject,nll,bic,model,wp,wp_rec,beta,beta_rec,b_last,b_last_rec,nll_rec
31-alternatives,40.30236408053628,93.35021388722063,wa_dn_b-last,0.36939458055869157,0.4554799405987376,7.099007254002848,16.99406203121523,0.03802545685581174,0.03526231471747317,31.100681342088308
