subject,nll,bic,model,wp,wp_rec,beta,beta_rec,b_last,b_last_rec,nll_rec
162-alternatives,23.168317650486266,59.08212102712061,wa_dn_b-last,0.4908854410710536,0.4569897478144071,34.441491428805186,31.77039391735806,0.011822494084066437,0.028692798080466604,22.675399788918003
