subject,nll,bic,model,wp,wp_rec,beta,beta_rec,b_last,b_last_rec,nll_rec
6-attributes,14.953341414913462,42.652168555975,wa_dn_b-last,0.6327261977939314,0.6087558924318963,42.451992528330564,32.40766895340058,0.010562271485405148,0.014421491597122775,20.8967630403206
