subject,nll,bic,model,wp,wp_rec,beta,beta_rec,b_last,b_last_rec,nll_rec
177-alternatives,25.0490456025137,62.84357693117548,wa_dn_b-last,0.5203773667716002,0.5298454045759555,29.061651741604525,35.776835141433516,0.02139732978023214,0.028413057229206264,21.336391453421754
