subject,nll,bic,model,wp,wp_rec,beta,beta_rec,b_last,b_last_rec,nll_rec
89-attributes,42.20613334656998,97.15775241928803,wa_dn_b-last,0.3320610192345789,0.3325564070626567,4.774819241461747,5.63960402107389,0.07523258200860804,0.08797714572526398,39.98642920268216
