subject,nll,bic,model,wp,wp_rec,beta,beta_rec,b_last,b_last_rec,nll_rec
20-alternatives,21.82611506669285,56.397715859533776,wa_dn_b-last,0.6404782978583204,0.6296857944494102,28.01658817720247,24.8294631486739,-0.01517279534682033,0.0009222359921780656,24.689522612446208
