subject,nll,bic,model,wp,wp_rec,beta,beta_rec,b_last,b_last_rec,nll_rec
199-attributes,28.755927878838918,70.25734148382591,wa_dn_b-last,0.39669396928011125,0.42303832756124476,19.49303077684667,34.67088892815561,-0.00426608125781609,0.007846006386874285,22.306641890833728
