subject,nll,bic,model,wp,wp_rec,beta,beta_rec,b_last,b_last_rec,nll_rec
16-attributes,22.05320322280398,56.851892171756035,wa_dn_b-last,0.6211533572724117,0.6563000679692055,29.308697161924833,23.896204603696678,0.005238893009919381,-0.005090440056594195,23.358165616013274
