subject,nll,bic,model,wp,wp_rec,beta,beta_rec,b_last,b_last_rec,nll_rec
84-attributes,24.45464831532825,61.654782356804574,wa_dn_b-last,0.5294387359336646,0.5551810622383236,26.621632060805588,26.016497335705562,0.04493708564227963,0.07714748887762962,21.12468854580897
