subject,nll,bic,model,wp,wp_rec,beta,beta_rec,b_last,b_last_rec,nll_rec
0-attributes,41.3820600067933,95.50960573973468,wa_dn_b-last,0.5637673158695423,0.5361648512929832,8.785740615780265,8.26995546842232,-0.00673008416306064,-0.01438433708508039,42.10492491392233
