subject,nll,bic,model,wp,wp_rec,beta,beta_rec,b_last,b_last_rec,nll_rec
155-alternatives,28.508627186725775,69.76274009959963,wa_dn_b-last,0.7084953348836257,0.7124084427413848,14.140547702240543,11.218315380829758,0.03478687629476143,0.04871727048437704,31.887866760087892
