subject,nll,bic,model,wp,wp_rec,beta,beta_rec,b_last,b_last_rec,nll_rec
167-attributes,35.63210673693465,83.64561662900458,wa_dn_b-last,0.44823675080905423,0.45723100131461103,9.228104040796074,3.7082127363325053,-0.003957662111281542,0.11500807690205528,39.38582556231813
