subject,nll,bic,model,wp,wp_rec,beta,beta_rec,b_last,b_last_rec,nll_rec
156-attributes,13.09244176003639,38.93036924622086,wa_dn_b-last,0.5831632496878253,0.5744927926378017,55.05876744439376,42.855295718463346,0.009638539047004952,0.017747181535600277,17.56644178172677
