subject,nll,bic,model,wp,wp_rec,beta,beta_rec,b_last,b_last_rec,nll_rec
8-attributes,21.268060325756995,55.28160637766207,wa_dn_b-last,0.6657020494011253,0.6724804968340488,25.693676408789358,31.11508999118567,-0.011446658740641663,0.00029459489357251076,16.957773583283217
