subject,nll,bic,model,wp,wp_rec,beta,beta_rec,b_last,b_last_rec,nll_rec
22-alternatives,29.39811409336119,71.54171391287046,wa_dn_b-last,0.7361976646242567,0.7993714199737668,12.38950882069586,7.431160759818335,0.023125368771377768,0.01744735176606073,35.41185163653054
