subject,nll,bic,model,wp,wp_rec,beta,beta_rec,b_last,b_last_rec,nll_rec
35-alternatives,30.771728528707413,74.2889427835629,wa_dn_b-last,0.7189215127176419,0.6461832989747088,12.595101325559114,16.427715608008395,-0.0025035595212386714,0.014646202059230501,30.584352322694773
