subject,nll,bic,model,wp,wp_rec,beta,beta_rec,b_last,b_last_rec,nll_rec
49-attributes,9.798372604372087,32.29906472253595,wa_dn_b-last,0.7755281724470533,0.771238901929459,29.457094535906045,31.189698328687097,-0.011697729053864306,-0.011766382488376149,9.288521218760755
