subject,nll,bic,model,wp,wp_rec,beta,beta_rec,b_last,b_last_rec,nll_rec
168-attributes,10.349218620339808,33.4439229668277,wa_dn_b-last,0.8136393225583789,0.836172141084886,24.261853692709497,26.25387195985649,-0.012771284266235309,-0.015932923828071658,8.043670712241925
