subject,nll,bic,model,wp,wp_rec,beta,beta_rec,b_last,b_last_rec,nll_rec
131-alternatives,30.735160712489115,74.21580715112631,wa_dn_b-last,0.5088770306198852,0.5105452403807956,20.871699127590873,24.11702819435408,-0.003470690682293083,-0.012378018811700548,28.549114328015527
