subject,nll,bic,model,wp,wp_rec,beta,beta_rec,b_last,b_last_rec,nll_rec
51-attributes,33.98317440639584,80.58042667096458,wa_dn_b-last,0.3344058277705575,0.2527363908684011,10.291372460556799,5.973460319350764,-0.03788628764111982,-0.0974191175215696,37.52436170552002
