subject,nll,bic,model,wp,wp_rec,beta,beta_rec,b_last,b_last_rec,nll_rec
45-attributes,14.63442827514868,42.01434227644544,wa_dn_b-last,0.2723721439630648,0.2857978232685619,33.69256442199968,173.50478259974577,-0.006380513235277861,0.009135432866260285,3.7821317989714323
