subject,nll,bic,model,wp,wp_rec,beta,beta_rec,b_last,b_last_rec,nll_rec
74-alternatives,25.902219081730102,64.2338423426348,wa_dn_b-last,0.7450759494206541,0.6955627643747964,12.161904991233564,22.147252747520195,0.001998926552664358,-0.016802938987393684,18.7400533638844
