subject,nll,bic,model,wp,wp_rec,beta,beta_rec,b_last,b_last_rec,nll_rec
68-alternatives,9.309765947975821,31.36501762209972,wa_dn_b-last,0.13983036525063144,0.13192588625330434,27.130914449364575,23.021857406251225,-0.02782961163301928,0.0048201277341665015,10.417418395021125
