subject,nll,bic,model,wp,wp_rec,beta,beta_rec,b_last,b_last_rec,nll_rec
178-attributes,26.839042546368667,66.42357081888541,wa_dn_b-last,0.6494707430520801,0.625919522288806,20.414572930126532,21.862956112796127,-0.0103894847848715,-0.009745071442623744,27.130923044074798
