subject,nll,bic,model,wp,wp_rec,beta,beta_rec,b_last,b_last_rec,nll_rec
59-attributes,30.922007984047273,74.54633548188633,wa_dn_b-last,0.506429660553625,0.4951887121695682,18.969189594164938,15.04447874976935,0.01290939938404741,0.004540450469064121,34.20369739388963
