subject,nll,bic,model,wp,wp_rec,beta,beta_rec,b_last,b_last_rec,nll_rec
139-alternatives,27.761760322528808,68.04668245474453,wa_dn_b-last,0.5453752720407445,0.49238260406649526,20.646233331928137,26.117283325708872,0.007676294437606966,0.012668542860429203,24.64003189173711
