subject,nll,bic,model,wp,wp_rec,beta,beta_rec,b_last,b_last_rec,nll_rec
50-alternatives,24.481401546850762,61.7082888198496,wa_dn_b-last,0.34599361179831944,0.3477145493377431,22.759493913798618,18.07041976165279,0.012120062724504768,0.020500455860805806,27.292713836492037
