subject,nll,bic,model,wp,wp_rec,beta,beta_rec,b_last,b_last_rec,nll_rec
148-alternatives,21.94784026981547,56.64116626577902,wa_dn_b-last,0.6339187083976457,0.6425760276220124,28.238759751739092,34.083130868474186,0.011072902480788533,0.011304077550885248,17.945044189607746
