subject,nll,bic,model,wp,wp_rec,beta,beta_rec,b_last,b_last_rec,nll_rec
137-attributes,9.757544742975588,32.260575212099255,wa_dn_b-last,0.20930722432084137,0.21990220712710737,32.70757413186181,60.3855779646601,-0.010910587328901709,-0.02704470746807803,5.029733283328391
