subject,nll,bic,model,wp,wp_rec,beta,beta_rec,b_last,b_last_rec,nll_rec
95-alternatives,33.97656715447258,80.69862003509324,wa_dn_b-last,0.4753578929968974,0.5299178962145676,16.002196856422632,14.768787980720335,-0.01393699913954979,-0.008302283005482023,35.73522111861776
