subject,nll,bic,model,wp,wp_rec,beta,beta_rec,b_last,b_last_rec,nll_rec
100-alternatives,26.569344981189644,65.88417568852736,wa_dn_b-last,0.6120578746050785,0.5935961921332235,23.47318483818215,20.820403496638406,0.01098847240774789,0.0012865645780305377,29.596505783776653
