subject,nll,bic,model,wp,wp_rec,beta,beta_rec,b_last,b_last_rec,nll_rec
146-alternatives,14.988240421215004,42.72196656857808,wa_dn_b-last,0.6366782278532205,0.6211499946825164,41.81566854033138,75.05670452053472,0.01097366693232472,-0.004823970462128338,8.91284002645029
