subject,nll,bic,model,wp,wp_rec,beta,beta_rec,b_last,b_last_rec,nll_rec
76-alternatives,29.485295359480066,71.71607644510821,wa_dn_b-last,0.5880533382457569,0.6062909382530689,21.219856492072193,23.164338281346097,0.0012195582998537251,0.0259087059143385,26.592493720552177
