subject,nll,bic,model,wp,wp_rec,beta,beta_rec,b_last,b_last_rec,nll_rec
163-attributes,45.42450445720862,103.59449464056532,wa_dn_b-last,0.5779514902827384,0.6630603126042732,4.845629237055513,2.0576462571788703,-0.060419991917812554,-0.15190432862101413,47.25749918184533
