subject,nll,bic,model,wp,wp_rec,beta,beta_rec,b_last,b_last_rec,nll_rec
96-alternatives,26.16436525335262,65.07421623285332,wa_dn_b-last,0.570921080716387,0.5907619905325514,26.60577328308588,26.971426772947176,0.005185570245148571,0.0006916416981233207,25.295427634880376
