subject,nll,bic,model,wp,wp_rec,beta,beta_rec,b_last,b_last_rec,nll_rec
23-attributes,23.628222964051954,60.00193165425199,wa_dn_b-last,0.6387829050918937,0.6269756085717719,24.934790125340783,37.46663715132106,0.016707905387262124,0.010200370894501648,17.36810262976917
