subject,nll,bic,model,wp,wp_rec,beta,beta_rec,b_last,b_last_rec,nll_rec
6-alternatives,12.521922343869656,37.78933041388739,wa_dn_b-last,0.6221534829196893,0.6224383309337432,53.47994805538974,63.13650777206818,-0.0048386391854762624,-0.019877046728478905,10.567492048738007
