subject,nll,bic,model,wp,wp_rec,beta,beta_rec,b_last,b_last_rec,nll_rec
72-alternatives,28.682439209284418,70.06719793236061,wa_dn_b-last,0.693286628451244,0.7781823056727079,14.721932694010246,8.83311956683915,0.019862117411949914,0.026095338183725218,32.59626238060802
