subject,nll,bic,model,wp,wp_rec,beta,beta_rec,b_last,b_last_rec,nll_rec
83-alternatives,20.166036923809692,53.07755957376746,wa_dn_b-last,0.6108771293639981,0.6044997962552409,34.019177505877785,33.100583573256436,0.005140919008866797,-0.018091204203745884,21.09335140309751
