subject,nll,bic,model,wp,wp_rec,beta,beta_rec,b_last,b_last_rec,nll_rec
117-alternatives,14.401824632864827,41.549134991877736,wa_dn_b-last,0.6615281922644847,0.6354412401801307,40.06415749193365,48.3088241441924,-0.02438754938968923,-0.010616610357721934,13.02151468127289
