subject,nll,bic,model,wp,wp_rec,beta,beta_rec,b_last,b_last_rec,nll_rec
66-alternatives,20.02539001631155,52.796265758771185,wa_dn_b-last,0.5986432462512289,0.579249098428605,35.71944173312301,49.410035878295474,-0.01333837273572007,-0.017991644322765187,15.41688248680254
