subject,nll,bic,model,wp,wp_rec,beta,beta_rec,b_last,b_last_rec,nll_rec
90-attributes,17.276656791664784,47.298799309477644,wa_dn_b-last,0.6915310626214678,0.7323922423181799,28.017102236823067,34.730314480994586,0.0004946296241091138,-0.05352551150857273,12.271944875511771
