subject,nll,bic,model,wp,wp_rec,beta,beta_rec,b_last,b_last_rec,nll_rec
52-alternatives,9.648504788203669,32.042495302555416,wa_dn_b-last,0.8702979971725638,0.7427523574862788,21.948927709517683,41.437559976983614,-0.032246320033822606,-0.04015887118360988,8.735742113271785
