subject,nll,bic,model,wp,wp_rec,beta,beta_rec,b_last,b_last_rec,nll_rec
57-attributes,26.60297410846954,65.95143394308715,wa_dn_b-last,0.5276975880938435,0.5194695020699963,26.93828606582571,17.106885140147362,-0.012595456417112854,-0.0036688642396601905,33.50542237070238
