subject,nll,bic,model,wp,wp_rec,beta,beta_rec,b_last,b_last_rec,nll_rec
185-alternatives,28.31501367449991,69.3755130751479,wa_dn_b-last,0.48356917513172465,0.5160124087405453,23.861961287102734,27.073015097563193,0.009794967873421967,0.009095437136695474,26.69196844170736
