subject,nll,bic,model,wp,wp_rec,beta,beta_rec,b_last,b_last_rec,nll_rec
132-alternatives,28.312650194297266,69.32761990238632,wa_dn_b-last,0.48434916647176124,0.5200263938480044,23.13316380052647,17.767683812627865,0.009197472919452242,0.016296820904618984,32.156014697409056
