subject,nll,bic,model,wp,wp_rec,beta,beta_rec,b_last,b_last_rec,nll_rec
194-alternatives,34.22627170135563,81.19802912885933,wa_dn_b-last,0.5029322596370086,0.45027195905967493,14.308871737309211,15.01765482689267,0.03865870982890088,0.05118519401064669,31.575972505715693
