subject,nll,bic,model,wp,wp_rec,beta,beta_rec,b_last,b_last_rec,nll_rec
62-attributes,24.960085964300923,62.66565765474992,wa_dn_b-last,0.6264415781986848,0.6474903591617189,24.60444836758218,55.93452910185238,-0.004625278665719988,-0.024747169402575032,10.685371315757072
