subject,nll,bic,model,wp,wp_rec,beta,beta_rec,b_last,b_last_rec,nll_rec
151-attributes,19.57350285281746,51.892491431783,wa_dn_b-last,0.6019097773431368,0.5798450196297659,35.78725617441474,45.032808853579795,0.004754940077162695,-0.022349189200582823,16.783987731106006
