subject,nll,bic,model,wp,wp_rec,beta,beta_rec,b_last,b_last_rec,nll_rec
162-attributes,31.931048350515198,76.60758242717847,wa_dn_b-last,0.47402823755333734,0.5406429729471705,18.216354485148692,17.179695815085196,0.0012813943463273404,-0.0036753582576967113,33.47561270494561
