subject,nll,bic,model,wp,wp_rec,beta,beta_rec,b_last,b_last_rec,nll_rec
145-alternatives,21.046518534298187,54.83852279474445,wa_dn_b-last,0.55672776902894,0.5834252169416073,36.00760493388521,31.89551609371748,0.021346940582238984,0.027303066254084612,22.13318177173273
