subject,nll,bic,model,wp,wp_rec,beta,beta_rec,b_last,b_last_rec,nll_rec
43-alternatives,25.505368927285303,63.75622358071868,wa_dn_b-last,0.6406860804744342,0.668221965493733,22.559761296323476,19.630083921849042,0.012120358628970374,0.00795130672547225,26.084074933700798
