subject,nll,bic,model,wp,wp_rec,beta,beta_rec,b_last,b_last_rec,nll_rec
86-attributes,-4.732182736967574e-05,12.74539108249334,wa_dn_b-last,1.0,1.0,199.9997982878881,199.9997982878881,4.343642909599759e-06,4.343642909599759e-06,-4.732182736967574e-05
