subject,nll,bic,model,wp,wp_rec,beta,beta_rec,b_last,b_last_rec,nll_rec
126-attributes,25.770909747529856,64.28730522120779,wa_dn_b-last,0.6145676571245541,0.6045038865711541,24.40902059113924,24.82879613843678,0.0005279114233656203,-0.014109418563306553,26.00594163551915
