subject,nll,bic,model,wp,wp_rec,beta,beta_rec,b_last,b_last_rec,nll_rec
153-attributes,21.712512119830613,56.1705099658093,wa_dn_b-last,0.4674016410249475,0.4641912306227224,36.694418280889685,29.04130516453621,0.018809265520439798,0.03422073543438946,23.384545361590536
