subject,nll,bic,model,wp,wp_rec,beta,beta_rec,b_last,b_last_rec,nll_rec
0-alternatives,31.912444397572276,76.57037452129263,wa_dn_b-last,0.5380529060406393,0.5135547119207113,19.13548564574845,21.64967091381884,0.006454639218789835,-0.01275659571270655,30.169091251073795
