subject,nll,bic,model,wp,wp_rec,beta,beta_rec,b_last,b_last_rec,nll_rec
164-attributes,25.4773247678794,63.70013526190688,wa_dn_b-last,0.5778225745988895,0.5953401320433764,27.158994715278364,19.900967103764128,-0.013325362818301894,-0.009181005000566254,30.19848374271762
