subject,nll,bic,model,wp,wp_rec,beta,beta_rec,b_last,b_last_rec,nll_rec
92-attributes,45.359972739553896,103.46543120525587,wa_dn_b-last,0.5262987958333545,0.46644411230511884,4.622615589675163,3.369716164393462,0.03205925698595086,0.1082750062682447,45.21974511828593
