subject,nll,bic,model,wp,wp_rec,beta,beta_rec,b_last,b_last_rec,nll_rec
113-attributes,27.709474311909386,68.16443434996685,wa_dn_b-last,0.2544794434057909,0.2884995480148269,12.239051259420211,12.526261836249384,0.03310991924326029,0.03845424143877914,28.83017214228006
