subject,nll,bic,model,wp,wp_rec,beta,beta_rec,b_last,b_last_rec,nll_rec
134-alternatives,26.688038051196237,66.12156182854055,wa_dn_b-last,0.545120091470984,0.5360586033132055,26.822684700872045,35.89472577876028,0.000661297405500106,0.00030834061623812714,22.092503351010915
