subject,nll,bic,model,wp,wp_rec,beta,beta_rec,b_last,b_last_rec,nll_rec
76-attributes,28.078167772534577,68.85865505886093,wa_dn_b-last,0.647195621984504,0.6488603586409034,18.643228354056085,28.374200969083155,-0.014626623624831537,0.001555498628147798,20.142203862995032
