subject,nll,bic,model,wp,wp_rec,beta,beta_rec,b_last,b_last_rec,nll_rec
102-attributes,20.375371997147695,53.496229720443466,wa_dn_b-last,0.5638862342185723,0.5713541230582391,37.08977366682598,37.51448793776465,0.004373741416291779,-0.004306688039030975,19.92565898631573
