subject,nll,bic,model,wp,wp_rec,beta,beta_rec,b_last,b_last_rec,nll_rec
179-attributes,21.04135445658116,54.8281946393104,wa_dn_b-last,0.36098986784939596,0.34717770685820376,31.813914480577242,26.78021651393114,0.004710543252850863,-0.009778472713571783,22.503718951476063
