subject,nll,bic,model,wp,wp_rec,beta,beta_rec,b_last,b_last_rec,nll_rec
4-attributes,36.447266409720605,85.64001854558929,wa_dn_b-last,0.42983501904119054,0.48103247298790586,11.49537592659883,14.067513143468764,0.019186832995259126,0.014761707107066544,35.22089301619893
