subject,nll,bic,model,wp,wp_rec,beta,beta_rec,b_last,b_last_rec,nll_rec
64-attributes,31.617579639892515,75.98064500593311,wa_dn_b-last,0.6924379000352118,0.7153185879060143,12.865476967052475,10.446312157661676,0.01943502208124124,0.024660698843381453,33.65070810722801
