subject,nll,bic,model,wp,wp_rec,beta,beta_rec,b_last,b_last_rec,nll_rec
192-alternatives,-4.6822291664256806e-05,12.74539208156475,wa_dn_b-last,1.0,1.0,199.99989012209798,199.99989012209798,0.00010788252424477233,0.00010788252424477233,-4.6822291664256806e-05
