subject,nll,bic,model,wp,wp_rec,beta,beta_rec,b_last,b_last_rec,nll_rec
75-alternatives,29.890508498388247,72.52650272292458,wa_dn_b-last,0.7615144536005338,0.7581487876386861,10.906697354939563,10.324825627971348,0.0367950860928058,0.05722283879184996,30.550978572313813
