subject,nll,bic,model,wp,wp_rec,beta,beta_rec,b_last,b_last_rec,nll_rec
16-alternatives,22.291607391705686,57.328700509559454,wa_dn_b-last,0.6217830004510683,0.6279813466758614,28.867243345033316,18.130863665376914,0.015511604696880529,0.0019087378795663568,30.266265390392025
