subject,nll,bic,model,wp,wp_rec,beta,beta_rec,b_last,b_last_rec,nll_rec
27-attributes,25.940940866312022,64.62736745877213,wa_dn_b-last,0.47847700878555693,0.4537502183308244,27.93337205457048,28.491412436038253,0.00858872287088033,0.004378803776234472,25.42709488996665
