subject,nll,bic,model,wp,wp_rec,beta,beta_rec,b_last,b_last_rec,nll_rec
38-attributes,29.097638586421542,70.94076289899117,wa_dn_b-last,0.5504518464088871,0.5383694433319309,22.618972459344523,29.236409254869358,-0.017966081888521838,0.012945243509750607,24.983915376966557
