subject,nll,bic,model,wp,wp_rec,beta,beta_rec,b_last,b_last_rec,nll_rec
166-alternatives,26.266167022034022,65.27781977021613,wa_dn_b-last,0.36784572686215816,0.37008167602577297,20.562909277964064,23.00215750822678,0.023571199906019694,0.011447386136815596,25.45128867237835
