subject,nll,bic,model,wp,wp_rec,beta,beta_rec,b_last,b_last_rec,nll_rec
110-attributes,13.59451047536054,39.93450667686916,wa_dn_b-last,0.9110279110837793,1.0,15.016084952336913,17.91571870590267,0.026578786775091293,0.06776268542744238,7.839219709078119
