subject,nll,bic,model,wp,wp_rec,beta,beta_rec,b_last,b_last_rec,nll_rec
154-attributes,12.07512541188744,36.89573654992296,wa_dn_b-last,0.8040352054362906,0.9326773443598485,22.59151004206378,28.567306668988106,0.028989459321292013,-0.05325133136502365,5.446167610854478
