subject,nll,bic,model,wp,wp_rec,beta,beta_rec,b_last,b_last_rec,nll_rec
142-attributes,15.70635901378436,44.1582037537168,wa_dn_b-last,0.5480880345668436,0.5567445081567477,51.53507478628478,42.63819426386809,0.004045164390203264,-0.004172794893560051,18.27043676113545
