subject,nll,bic,model,wp,wp_rec,beta,beta_rec,b_last,b_last_rec,nll_rec
2-attributes,27.328310157694293,67.40210604153667,wa_dn_b-last,0.6202783653076676,0.5944664317893975,21.85431678165937,23.659976742669425,0.006005860349448501,0.0248751641021042,26.64731333458066
