subject,nll,bic,model,wp,wp_rec,beta,beta_rec,b_last,b_last_rec,nll_rec
86-alternatives,8.73387550584628,30.21323673784064,wa_dn_b-last,0.9658005610916838,0.9367442382171809,18.8255464545964,36.49473969935606,-0.040134762877632076,-0.0993886749452743,5.606655614826287
