subject,nll,bic,model,wp,wp_rec,beta,beta_rec,b_last,b_last_rec,nll_rec
190-alternatives,24.137040002059504,61.01956573026709,wa_dn_b-last,0.530394165934756,0.4995693519774864,31.90446200249847,29.78087716193722,0.0004195250929705313,0.012670614793639687,25.181416151356498
