subject,nll,bic,model,wp,wp_rec,beta,beta_rec,b_last,b_last_rec,nll_rec
125-attributes,15.551818749826335,43.84912322580075,wa_dn_b-last,0.6281055896726627,0.6318115541940484,41.73362682717454,43.915654460498956,0.010262880336317842,0.01052095348195054,14.503725651011171
