subject,nll,bic,model,wp,wp_rec,beta,beta_rec,b_last,b_last_rec,nll_rec
77-alternatives,18.326097873725438,49.39768147359895,wa_dn_b-last,0.7031066780104561,0.7279709055448367,25.18031800579339,21.43879294961215,0.015715415143092316,0.010091786125313276,19.211811256117826
