subject,nll,bic,model,wp,wp_rec,beta,beta_rec,b_last,b_last_rec,nll_rec
40-alternatives,22.63249497604342,58.010475678234926,wa_dn_b-last,0.5159310496713783,0.4988933904562629,35.46415836827214,45.09637828432408,0.008063679875076763,0.003707802142936931,19.57403530883579
