subject,nll,bic,model,wp,wp_rec,beta,beta_rec,b_last,b_last_rec,nll_rec
184-alternatives,-4.68222916642568e-05,12.74539208156475,wa_dn_b-last,1.0,1.0,199.99989012209866,199.99989012209866,0.0001078825249224003,0.0001078825249224003,-4.68222916642568e-05
