subject,nll,bic,model,wp,wp_rec,beta,beta_rec,b_last,b_last_rec,nll_rec
198-attributes,24.941868032425784,62.62922179099965,wa_dn_b-last,0.6096519031772092,0.6148013234771269,25.998333546046123,29.02591282402526,-0.004469284601067752,0.010031140454895197,22.554931873862405
