subject,nll,bic,model,wp,wp_rec,beta,beta_rec,b_last,b_last_rec,nll_rec
67-attributes,29.899363225732937,72.54421217761396,wa_dn_b-last,0.6324412607574614,0.6947754513233326,18.19782478771265,16.105935959630724,-0.021130002273485264,-0.018465192564862665,27.940990302594738
