subject,nll,bic,model,wp,wp_rec,beta,beta_rec,b_last,b_last_rec,nll_rec
131-attributes,29.64610268813523,72.03769110241853,wa_dn_b-last,0.522275355745232,0.48599288162224075,22.044397099962083,19.40706327717715,-0.017885753655854115,-0.0237924314474621,31.02464175888815
