subject,nll,bic,model,wp,wp_rec,beta,beta_rec,b_last,b_last_rec,nll_rec
179-alternatives,22.548687933783913,57.84286159371591,wa_dn_b-last,0.30946021434099225,0.3230821448506492,23.098913669102156,24.568373939421466,-0.01625668267570549,-0.004368172955985334,22.60578397804436
