subject,nll,bic,model,wp,wp_rec,beta,beta_rec,b_last,b_last_rec,nll_rec
19-alternatives,21.614751314470684,55.93182214273315,wa_dn_b-last,0.48304486890770343,0.4802002351876195,39.65776908906672,29.34283781409111,-0.0033926935584761625,0.008619185881466951,25.454589389602237
