subject,nll,bic,model,wp,wp_rec,beta,beta_rec,b_last,b_last_rec,nll_rec
140-attributes,19.492244946768622,51.72997561968532,wa_dn_b-last,0.683756455937006,0.6456533921200527,25.923672170246732,25.696776157955057,-0.005977234910509009,0.0005021537473859547,22.77464446189352
