subject,nll,bic,model,wp,wp_rec,beta,beta_rec,b_last,b_last_rec,nll_rec
136-alternatives,21.927549389959264,56.60058450606661,wa_dn_b-last,0.6285208948335702,0.6452929987855254,29.149375363111016,37.55269978290486,-0.00946332042629218,-0.021602270130716035,16.472807699925365
