subject,nll,bic,model,wp,wp_rec,beta,beta_rec,b_last,b_last_rec,nll_rec
78-alternatives,22.32881542120877,57.40311656856562,wa_dn_b-last,0.4868025403729488,0.46819751605738696,37.36553086745122,29.77431020170647,0.003956703770195145,0.008563835197680544,25.15311888511212
