subject,nll,bic,model,wp,wp_rec,beta,beta_rec,b_last,b_last_rec,nll_rec
50-attributes,14.44659365977842,41.63867304570492,wa_dn_b-last,0.3331401906366396,0.3182262326077794,50.56153439714868,63.63215534425545,0.008619193222938396,-0.004228228352757387,11.71014819327747
