subject,nll,bic,model,wp,wp_rec,beta,beta_rec,b_last,b_last_rec,nll_rec
104-attributes,25.417860239993544,63.581206206135164,wa_dn_b-last,0.607573474834293,0.6215329163354368,25.424152281970578,33.422378616206835,0.0004432422568691547,0.010035282241694365,19.66770013221354
