subject,nll,bic,model,wp,wp_rec,beta,beta_rec,b_last,b_last_rec,nll_rec
143-alternatives,31.691935394277444,76.12935651470296,wa_dn_b-last,0.5111175086545539,0.5691251715956149,17.09861503926456,20.70028894293414,0.039442667968169115,0.04093832694289659,28.57708591866606
