subject,nll,bic,model,wp,wp_rec,beta,beta_rec,b_last,b_last_rec,nll_rec
160-attributes,26.987516215033374,66.67735194385853,wa_dn_b-last,0.5752528191317035,0.5876121039040587,23.235032565662966,19.64307395321116,0.029614295514221428,0.006657305316423485,30.181816088326922
