subject,nll,bic,model,wp,wp_rec,beta,beta_rec,b_last,b_last_rec,nll_rec
191-alternatives,19.514930783179835,51.775347292507746,wa_dn_b-last,0.4465252094516151,0.44350461430610616,45.53065749844304,43.1055846073752,0.01353595670010804,0.010414448326077254,20.336449210662455
