subject,nll,bic,model,wp,wp_rec,beta,beta_rec,b_last,b_last_rec,nll_rec
105-alternatives,18.131820713741362,49.0091271536308,wa_dn_b-last,0.5325761969678197,0.5157315007192206,46.61077169538096,98.00063636168673,0.00013768627662938968,-0.006819619733210068,9.821218811485368
