subject,nll,bic,model,wp,wp_rec,beta,beta_rec,b_last,b_last_rec,nll_rec
27-alternatives,27.680443066376245,68.10637185890057,wa_dn_b-last,0.5080308948278222,0.48109594418283386,25.552543685587235,55.88434283167328,-0.012173336284788151,-0.006484934653297041,17.18433416406992
