subject,nll,bic,model,wp,wp_rec,beta,beta_rec,b_last,b_last_rec,nll_rec
94-alternatives,24.07515117004162,60.89578806623132,wa_dn_b-last,0.5309498744487666,0.5205335531550316,31.49057376598264,31.61820066148867,0.012718083338380147,0.020742462839397503,23.79012317840282
