subject,nll,bic,model,wp,wp_rec,beta,beta_rec,b_last,b_last_rec,nll_rec
65-alternatives,13.210966265699653,39.16741825754738,wa_dn_b-last,0.6123909483954111,0.6154783432468619,52.34561375264059,54.080033589554866,0.004916545618312057,0.004939170920886175,12.658467549948176
