subject,nll,bic,model,wp,wp_rec,beta,beta_rec,b_last,b_last_rec,nll_rec
105-attributes,27.438317143887712,67.6221200139235,wa_dn_b-last,0.5297925779231141,0.5605711012500186,25.54063269126587,20.932111204248805,0.004747728724619118,-0.018452058649209558,30.19514008642163
