subject,nll,bic,model,wp,wp_rec,beta,beta_rec,b_last,b_last_rec,nll_rec
33-alternatives,25.790653061981214,64.32679185011051,wa_dn_b-last,0.515797015112751,0.5220290770023522,28.950031920550888,18.803293230448404,0.004655558564151511,0.016549142770677813,31.822631645331043
