subject,nll,bic,model,alpha,alpha_rec,theta,theta_rec,beta,beta_rec,b_last,b_last_rec,nll_rec
4,58.84205202224853,137.45067373493427,twostagewithin,1.208025638907165,1.0974176802416447,0.717456515717123,0.9238318871547181,35.94522146358377,23.87495891143518,0.0013431849314850307,0.010419615628102749,66.05103955241398
