subject,nll,bic,model,alpha,alpha_rec,theta,theta_rec,beta,beta_rec,b_last,b_last_rec,nll_rec
7,94.8525127728152,209.47159523606763,twostagewithin,0.22590222597604526,0.5740646338067393,1.0,0.3335166091718442,1.7035591723788825,5.642858644571759,0.1,0.1,90.26759409405653
