subject,nll,bic,model,alpha,alpha_rec,theta,theta_rec,beta,beta_rec,b_last,b_last_rec,nll_rec
2,31.684237103060234,83.07748894674928,twostagewithin,0.6497383668330132,0.693864427356451,1.0,1.0,49.16401950112449,59.432599841878314,-0.02027053792566489,-0.031636355839933156,27.657117314009263
