subject,nll,bic,model,alpha,alpha_rec,theta,theta_rec,beta,beta_rec,b_last,b_last_rec,nll_rec
5,46.5503144292741,112.86719854898541,twostagewithin,0.5176476179068864,0.5448733015892734,0.8776224410082674,1.0,27.617938472737492,38.16408410943577,0.006863507877347112,-0.018319208871059055,35.12776885646113
