subject,nll,bic,model,alpha,alpha_rec,theta,theta_rec,beta,beta_rec,b_last,b_last_rec,nll_rec
16,87.33289417036619,194.2271848536194,twostagewithin,0.8442854888303727,0.5894719332561349,1.0,1.0,5.015395775315739,3.822838845641524,0.0463082683881503,0.1,87.30766179501701
