subject,nll,bic,model,alpha,alpha_rec,theta,theta_rec,beta,beta_rec,b_last,b_last_rec,nll_rec
6,78.09242262323204,175.9514149369013,twostagewithin,0.7871687268609879,0.7967343573565275,1.0,1.0,11.976484787058501,11.391381124647701,0.029279472764882956,0.018006166601784303,79.9698246624962
