subject,nll,bic,model,alpha,alpha_rec,theta,theta_rec,beta,beta_rec,b_last,b_last_rec,nll_rec
3,19.732520560026934,59.231610810491084,twostagewithin,0.32936388244021264,0.25486519610293357,0.8201499354071619,0.626848914469678,52.26299761164089,53.906574022691046,-0.01937428295043125,-0.031666912707635005,16.280087163097484
