subject,nll,bic,model,alpha,alpha_rec,theta,theta_rec,beta,beta_rec,b_last,b_last_rec,nll_rec
15,53.05185781999921,125.84161137252119,twostagewithin,0.5688325084658156,0.6147053540324997,0.7916974749692981,0.694895335396116,25.862683323729996,38.14195469772944,-0.002801779592956557,-0.0032279886089702408,43.59906509887924
