subject,nll,bic,model,alpha,alpha_rec,theta,theta_rec,beta,beta_rec,b_last,b_last_rec,nll_rec
8,54.681177470905496,129.12892463224821,twostagewithin,0.7301028406776301,0.6856113611680295,1.0,1.0,26.096165036195465,23.476515935137634,0.019013580377040533,0.025480090949428387,56.35360799588355
