subject,nll,bic,model,alpha,alpha_rec,theta,theta_rec,beta,beta_rec,b_last,b_last_rec,nll_rec
18,58.003807744803666,135.77418518004455,twostagewithin,0.548416573754291,0.452914890203618,1.0,1.0,18.78501867673587,16.930231410146547,0.04344798617984502,0.011645381370879438,59.28607835180755
