subject,nll,bic,model,alpha,alpha_rec,theta,theta_rec,beta,beta_rec,b_last,b_last_rec,nll_rec
13,52.836293696675185,125.43915708378759,twostagewithin,0.6095201809284302,0.6962954964031522,0.9857912964184959,0.6355746743131915,25.019537289531996,32.873576041479396,-0.011936823262186022,-0.030062620899185506,52.88255317323187
