subject,nll,bic,model,alpha,alpha_rec,theta,theta_rec,beta,beta_rec,b_last,b_last_rec,nll_rec
11,74.08188149180218,167.90165871612712,twostagewithin,1.3036112672961522,1.3052098651635244,0.3669320018606851,0.22766236457083586,23.86029947086633,28.880911567249044,0.003925622534934092,0.021913435259819012,68.84810009368515
