subject,nll,bic,model,wp,wp_rec,beta,beta_rec,b_last,b_last_rec,nll_rec
20,48.506074941838236,111.83707715150439,wa_b-last,0.9532991668758705,0.9525773965371396,18.989670660344913,20.697911063949867,-0.022383916357352485,-0.04515658752993961,45.35757146428898
