subject,nll,bic,model,wp,wp_rec,beta,beta_rec,b_last,b_last_rec,nll_rec
86,14.472705361222433,43.77033799027278,wa_b-last,1.0,1.0,22.68059792325525,19.662239623589926,-0.013237605460384709,0.013061728018106284,17.59817042439077
