subject,nll,bic,model,wp,wp_rec,beta,beta_rec,b_last,b_last_rec,nll_rec
174,63.365427864682125,141.55578299719215,wa_b-last,0.9075956711004217,0.9136469214762719,9.928442053706137,10.083909709052662,-0.019210602559883033,0.0049202941490222194,64.01346181004678
