subject,nll,bic,model,wp,wp_rec,beta,beta_rec,b_last,b_last_rec,nll_rec
7,71.96731524532018,158.75955775846828,wa_b-last,0.9288667921735758,0.9297419047925365,8.849374479632433,6.643366420906655,-0.020661004792003734,0.031262291998925676,78.16598915151278
