subject,nll,bic,model,wp,wp_rec,beta,beta_rec,b_last,b_last_rec,nll_rec
134,66.88234002298337,148.58960731379466,wa_b-last,0.9283914245766203,0.9214120755326871,10.343294970381756,7.875660445168445,0.0007271619366233104,-0.031542379010281174,73.95442207010575
