subject,nll,bic,model,wp,wp_rec,beta,beta_rec,b_last,b_last_rec,nll_rec
105,55.017298538150314,124.85952434412854,wa_b-last,0.9269148017835286,0.9295006482799464,14.75530430422346,18.381038544360877,0.005637230505237617,0.0009424871486927742,48.53245026130507
