subject,nll,bic,model,wp,wp_rec,beta,beta_rec,b_last,b_last_rec,nll_rec
70,50.929375083380734,116.68367743458938,wa_b-last,0.9254670110625169,0.9291759359252654,16.11229013423682,13.921682123082473,0.027476526128009552,0.03323067920428852,56.17558251113489
