subject,nll,bic,model,wp,wp_rec,beta,beta_rec,b_last,b_last_rec,nll_rec
68,44.16396901260256,103.15286529303303,wa_b-last,0.0,0.0,1.018551134834197,0.9397187260235045,0.33156009331388203,0.7245349384831009,45.60184331340576
