subject,nll,bic,model,wp,wp_rec,beta,beta_rec,b_last,b_last_rec,nll_rec
141,24.92924812983147,64.68342352749086,wa_b-last,0.9508925425950714,0.9522971663778139,45.14663223639224,51.541980903671785,-0.016994826816580523,-0.03590351018605009,20.823456736005383
