subject,nll,bic,model,wp,wp_rec,beta,beta_rec,b_last,b_last_rec,nll_rec
34,66.94314381220185,148.5346933921628,wa_b-last,0.9085640541699153,0.8940979916728288,7.1012915856071315,4.823528413435477,0.06449331400627034,0.10372420404778561,72.43999083743992
