subject,nll,bic,model,wp,wp_rec,beta,beta_rec,b_last,b_last_rec,nll_rec
46,54.99444505477806,124.81381737738404,wa_b-last,0.936625198729132,0.9369820661914716,15.516495342414055,16.751802289928527,0.023283560061636174,0.050902550185349005,50.53387099328977
