subject,nll,bic,model,wp,wp_rec,beta,beta_rec,b_last,b_last_rec,nll_rec
73,45.24985023118029,105.2814615178322,wa_b-last,0.9470615975606083,0.9436432507461141,21.868376922318767,25.37202205451925,0.016567302112091717,0.025252703681149194,40.27606851509159
