subject,nll,bic,model,wp,wp_rec,beta,beta_rec,b_last,b_last_rec,nll_rec
100,74.70667498581196,164.23827723945183,wa_b-last,0.9425146022982057,0.9404337523240672,7.891417872149195,9.279776579334118,0.025842292537877645,0.00737918501366313,71.3010760839139
