subject,nll,bic,model,wp,wp_rec,beta,beta_rec,b_last,b_last_rec,nll_rec
75,46.06051029497071,106.94594785776934,wa_b-last,0.9690319679700211,0.9674649600892802,14.420504257871348,14.104414751330822,0.043123951188651186,0.04205373288363614,47.936346011559905
