subject,nll,bic,model,wp,wp_rec,beta,beta_rec,b_last,b_last_rec,nll_rec
5,30.262371482906268,75.34967023364045,wa_b-last,0.8228300404829251,0.8444034206037427,16.80864390388154,25.728569343905804,0.03116788495149797,0.04594004550314594,24.424199246907534
