subject,nll,bic,model,wp,wp_rec,beta,beta_rec,b_last,b_last_rec,nll_rec
39,61.06610729872723,136.95714186528238,wa_b-last,0.9044405822584047,0.8869549122511611,10.06599859274632,10.470231300436872,0.024263405275395628,0.024256882432205418,55.86393427174855
