subject,nll,bic,model,wp,wp_rec,beta,beta_rec,b_last,b_last_rec,nll_rec
155,46.11692677733615,107.05878082250021,wa_b-last,0.9577325783268645,0.9639705742952106,18.404615997390337,15.950503980495341,0.020226932263969308,0.03320411971890899,46.21682376791862
