subject,nll,bic,model,wp,wp_rec,beta,beta_rec,b_last,b_last_rec,nll_rec
25,43.827750667755495,102.48042860333891,wa_b-last,0.9064807835042106,0.9061832640346631,19.147062811167018,17.118718265763842,0.025132564143235787,0.034723507244067905,45.55232909147767
