subject,nll,bic,model,wp,wp_rec,beta,beta_rec,b_last,b_last_rec,nll_rec
79,54.56877376029023,123.96247478840837,wa_b-last,0.9718069762,0.9739938618400175,11.377910777025381,17.96198979150112,0.013658530215849106,-0.012242348357661635,35.55702156327072
