subject,nll,bic,model,wp,wp_rec,beta,beta_rec,b_last,b_last_rec,nll_rec
126,65.05586829146529,144.9366638507585,wa_b-last,0.9510539567946247,0.9514511428644544,11.23941458576926,11.048360501488506,0.005324630395022391,0.0265207522217444,64.38839852748596
