subject,nll,bic,model,wp,wp_rec,beta,beta_rec,b_last,b_last_rec,nll_rec
44,40.07412444603949,94.9731761599069,wa_b-last,0.9694829858105306,0.9588918691549503,17.1754549782083,22.911436169565164,0.008222648865403023,-0.013872713605342105,38.57494424462157
