subject,nll,bic,model,wp,wp_rec,beta,beta_rec,b_last,b_last_rec,nll_rec
109,69.89342189627446,154.52480844975707,wa_b-last,0.9134630412348087,0.9229283585841732,7.808745161602985,9.729359992798228,0.014150102441226171,0.029219277778703256,64.83138207010757
