subject,nll,bic,model,wp,wp_rec,beta,beta_rec,b_last,b_last_rec,nll_rec
156,38.51333807998347,91.85160342779486,wa_b-last,0.9363484971506366,0.9376369961156836,25.80592756524817,22.280021421900457,0.016630618721879573,0.029987409171827788,43.25907702282247
