subject,nll,bic,model,wp,wp_rec,beta,beta_rec,b_last,b_last_rec,nll_rec
0,64.81720157237457,144.45933041257706,wa_b-last,0.9284123587075184,0.9364113512774745,11.061744977378215,11.116354550697718,4.0544232299859324e-05,0.04195908193904723,63.87394224471227
