subject,nll,bic,model,wp,wp_rec,beta,beta_rec,b_last,b_last_rec,nll_rec
101,38.70959646370531,92.24412019523854,wa_b-last,1.0,0.9934764051320475,11.448486295773693,15.665823508756073,0.004289564222987407,0.00361351026720483,28.637347767971065
