subject,nll,bic,model,wp,wp_rec,beta,beta_rec,b_last,b_last_rec,nll_rec
48,77.88737401086766,170.59967528956324,wa_b-last,0.867826580548692,0.8722235001389299,4.14687484227275,4.157886112711826,0.048788990552918,0.04851963357713573,78.72795174595365
