subject,nll,bic,model,wp,wp_rec,beta,beta_rec,b_last,b_last_rec,nll_rec
161,40.13316807056742,95.09126340896276,wa_b-last,0.9530043979878794,0.9484001165930053,24.51807099592234,26.671748549290843,0.01666002622148529,0.01533409235709722,39.4741403774634
