subject,nll,bic,model,wp,wp_rec,beta,beta_rec,b_last,b_last_rec,nll_rec
143,72.77421855597542,160.37336437977876,wa_b-last,0.9087854301274108,0.9200433298922635,6.3999796758214105,7.091204592789405,0.08256966377522493,0.02295720950881903,75.45747880381418
