subject,nll,bic,model,wp,wp_rec,beta,beta_rec,b_last,b_last_rec,nll_rec
21,60.44133872687822,135.70760472158435,wa_b-last,0.9267979212744263,0.9253578199201452,12.572310137629914,11.594710977013193,-0.005092009123514196,0.012075765676597402,62.23118179639398
