subject,nll,bic,model,wp,wp_rec,beta,beta_rec,b_last,b_last_rec,nll_rec
64,71.01622764549109,156.8573825588101,wa_b-last,0.9571298017146682,0.9438927308646103,8.161691240355692,9.621803121528577,0.03754014280309305,0.05651494489614353,66.99571157534476
