subject,nll,bic,model,wp,wp_rec,beta,beta_rec,b_last,b_last_rec,nll_rec
147,61.03085953680568,136.88664634143927,wa_b-last,0.9443332295459503,0.9404094387651334,13.095728119840144,14.14009616191899,0.018226688516625886,0.03180570499022414,57.771949178940716
