subject,nll,bic,model,wp,wp_rec,beta,beta_rec,b_last,b_last_rec,nll_rec
178,71.43993680904322,157.70480088591435,wa_b-last,0.9522773897297628,0.9456914224863603,8.823871289467231,8.631805279512037,0.009561629745232605,0.06217819328623596,69.47607910896566
