subject,nll,bic,model,wp,wp_rec,beta,beta_rec,b_last,b_last_rec,nll_rec
184,10.213513936546667,35.25195514092125,wa_b-last,0.9972692189665692,1.0,28.90870809093078,23.7956344656212,-0.022837618349402896,-0.0020292069986046443,12.56975916770645
