subject,nll,bic,model,wp,wp_rec,beta,beta_rec,b_last,b_last_rec,nll_rec
27,65.31072498819515,145.4463772442182,wa_b-last,0.9106433615867962,0.9137530628546456,9.485490575610422,11.297749546190634,0.0007897794339873695,0.017003885030535064,59.99820255747786
