subject,nll,bic,model,wp,wp_rec,beta,beta_rec,b_last,b_last_rec,nll_rec
12,59.487882903166934,133.77918760572595,wa_b-last,0.9435429184561495,0.9420492013879005,13.595368572777737,12.286660501507956,0.02509053739242441,0.03897383123950262,61.408524705018095
