subject,nll,bic,model,wp,wp_rec,beta,beta_rec,b_last,b_last_rec,nll_rec
116,48.25846255653296,111.34185238089384,wa_b-last,0.9435833396894054,0.9420499124217441,20.359362939602526,16.327947751306585,-0.002351867165084537,0.02227871015609713,54.14972925609888
