subject,nll,bic,model,wp,wp_rec,beta,beta_rec,b_last,b_last_rec,nll_rec
142,42.42569381150153,99.67631489083098,wa_b-last,0.9340076572364214,0.9335670767901351,22.636383387521743,22.259190986433268,0.010467055198916669,0.010530666292958986,42.886955615943045
