subject,nll,bic,model,wp,wp_rec,beta,beta_rec,b_last,b_last_rec,nll_rec
136,58.7279774569637,132.28088218175532,wa_b-last,0.9582841901189314,0.960356268355298,12.694805991478372,14.859468563570674,0.004622028930707473,-0.000686817261880885,52.40614704896808
