subject,nll,bic,model,wp,wp_rec,beta,beta_rec,b_last,b_last_rec,nll_rec
57,48.24739499142416,111.31971725067623,wa_b-last,0.9286753135954768,0.9290573211711831,18.49815247493827,12.64359028408426,-0.009611851725328371,-0.0010078451427098845,60.73210485408254
