subject,nll,bic,model,wp,wp_rec,beta,beta_rec,b_last,b_last_rec,nll_rec
168,30.66093769438845,76.14680265660482,wa_b-last,0.971291725029447,0.9729455184147968,21.297743726905633,22.00209954271544,0.002310143556403452,0.007931400532665845,28.188176029890773
