subject,nll,bic,model,wp,wp_rec,beta,beta_rec,b_last,b_last_rec,nll_rec
93,85.80033522575529,186.4255977193385,wa_b-last,0.9268866740993369,0.9389387598896843,4.435005675477301,4.084978575799379,0.04581210044702261,0.029167123082759844,88.0023855816136
