subject,nll,bic,model,wp,wp_rec,beta,beta_rec,b_last,b_last_rec,nll_rec
128,78.12962072959868,171.04100251466897,wa_b-last,0.9391438365536545,0.9382133103774738,6.96998711059293,9.323242798203967,-0.011508537766041292,-0.03663176954594786,70.85471888236071
