subject,nll,bic,model,wp,wp_rec,beta,beta_rec,b_last,b_last_rec,nll_rec
137,17.184240153199124,49.19340757422616,wa_b-last,0.6778125760051726,0.7038300584889767,10.11786150117603,11.233117821657201,0.022395923289913904,0.0016743599232641898,17.97765759408702
