subject,nll,bic,model,wp,wp_rec,beta,beta_rec,b_last,b_last_rec,nll_rec
47,-0.00013541525653467713,14.803150968879006,wa_b-last,1.0,1.0,199.99946901028227,199.99946901028227,0.016721460929507586,0.016721460929507586,-0.00013541525653467713
