subject,nll,bic,model,wp,wp_rec,beta,beta_rec,b_last,b_last_rec,nll_rec
198,55.19232656362542,125.20958039507876,wa_b-last,0.9432829190526644,0.9483664460495506,16.30460020894026,18.47736171155445,-0.0017478623193200168,-0.018387569359429062,51.05347027591984
