subject,nll,bic,model,wp,wp_rec,beta,beta_rec,b_last,b_last_rec,nll_rec
18,52.93279449139328,120.69051625061448,wa_b-last,0.9250481551656725,0.9085168848428163,15.625212413025755,9.770443239203622,-0.005970464039237793,-0.009374925763300027,64.02283266666468
