subject,nll,bic,model,wp,wp_rec,beta,beta_rec,b_last,b_last_rec,nll_rec
197,2.250269060368306,19.26048089822099,wa_b-last,0.979737908959208,0.9797379090776062,199.95111367639436,199.95111367704104,0.021224913063782044,0.021224913549765898,2.2502690603679016
