subject,nll,bic,model,wp,wp_rec,beta,beta_rec,b_last,b_last_rec,nll_rec
150,51.587137949492146,117.95603695445591,wa_b-last,0.9061073424852555,0.9128180095628051,12.674633188360778,15.354589392180824,0.04839988018180646,0.06885799170945218,45.078877825139344
