subject,nll,bic,model,wp,wp_rec,beta,beta_rec,b_last,b_last_rec,nll_rec
19,57.95690212890914,130.71722605721035,wa_b-last,0.9123280603705227,0.9071244116252408,12.09027552936791,11.297141010930368,-0.019068194513108296,-0.0014735084371039677,58.72204054308568
