subject,nll,bic,model,wp,wp_rec,beta,beta_rec,b_last,b_last_rec,nll_rec
16,44.65301468869076,104.13095664520944,wa_b-last,0.9483002167196288,0.9457369508966227,22.499131206098365,22.689009895786103,0.013073484187148729,-0.005559161632195296,45.00172188433745
