subject,nll,bic,model,wp,wp_rec,beta,beta_rec,b_last,b_last_rec,nll_rec
189,58.205737775157374,131.19323660578635,wa_b-last,0.9534833524847823,0.9511342575632132,13.331726798854826,13.689314860498813,0.000497225422900932,0.031188521401951764,56.66350559931789
