subject,nll,bic,model,wp,wp_rec,beta,beta_rec,b_last,b_last_rec,nll_rec
191,60.745832987176826,136.31659324218157,wa_b-last,0.8945552858520754,0.8976279366311194,9.32068509004031,10.886165066704798,0.03192914145985219,0.003541957450382055,57.81407699866061
