subject,nll,bic,model,wp,wp_rec,beta,beta_rec,b_last,b_last_rec,nll_rec
4,74.25664342443729,163.3382141167025,wa_b-last,0.8834609933819422,0.9124329045595194,5.578142414449137,7.038198245328393,0.01766776836705048,-0.0052286845807769005,74.9776031545766
