subject,nll,bic,model,wp,wp_rec,beta,beta_rec,b_last,b_last_rec,nll_rec
133,37.998434321862675,90.77862969919697,wa_b-last,0.9536717713745956,0.9520720682103205,25.789905252670653,23.36912360365123,-0.014542585580348077,-0.01423805411306896,41.9905302358345
