subject,nll,bic,model,wp,wp_rec,beta,beta_rec,b_last,b_last_rec,nll_rec
103,58.90181763782171,132.62856254347133,wa_b-last,0.9532891367366461,0.949376314804963,13.630919082951747,11.340736798800242,-0.0042012226325657135,0.025514186156981547,64.14243281546968
