subject,nll,bic,model,wp,wp_rec,beta,beta_rec,b_last,b_last_rec,nll_rec
107,83.77412691754499,182.33001489056159,wa_b-last,0.9702365624220449,0.9685751645122357,4.03985312662796,4.153622908766835,0.04417103089488073,0.0928005543966495,81.5371647894942
