subject,nll,bic,model,wp,wp_rec,beta,beta_rec,b_last,b_last_rec,nll_rec
170,45.66552332507771,106.15597391798333,wa_b-last,0.9428250943288099,0.9397354979425114,21.97569384817997,22.714931849149547,0.000636051389841757,-0.005856935624421252,43.96230201699032
