subject,nll,bic,model,wp,wp_rec,beta,beta_rec,b_last,b_last_rec,nll_rec
190,48.7388024672887,112.30253220240532,wa_b-last,0.9164871302797997,0.915089157857989,16.883619178963436,15.084044969213597,-0.02489953692453352,-0.037643030254095496,51.42119181752313
