subject,nll,bic,model,wp,wp_rec,beta,beta_rec,b_last,b_last_rec,nll_rec
62,43.8166792054775,102.45828567878291,wa_b-last,0.945909883405152,0.9438316739946063,23.569672165854808,28.723933342013503,-0.005580159981631458,-0.005816580369628595,37.26917680719416
