subject,nll,bic,model,wp,wp_rec,beta,beta_rec,b_last,b_last_rec,nll_rec
172,40.77538747212655,96.37570221208102,wa_b-last,0.8180395360905719,0.8142513936886729,10.515012177132174,13.526913302657801,0.024200999583415938,0.04963483995175325,32.982779878844596
