subject,nll,bic,model,wp,wp_rec,beta,beta_rec,b_last,b_last_rec,nll_rec
55,52.0783105264432,118.96004285227846,wa_b-last,0.9037071766570575,0.9053834373350222,13.38099086020245,10.835951459793833,0.02750648972497653,0.02714721863090048,58.62808507235157
