subject,nll,bic,model,wp,wp_rec,beta,beta_rec,b_last,b_last_rec,nll_rec
194,76.1408684235501,167.0851586464923,wa_b-last,0.9243302407659363,0.9230491074509158,6.19875104086299,4.814086430452064,0.07294838711105765,0.10983098027203382,79.67052939058419
