subject,nll,bic,model,wp,wp_rec,beta,beta_rec,b_last,b_last_rec,nll_rec
97,47.44428850080915,109.71350426944622,wa_b-last,0.9450676042775175,0.9447606267087462,20.766672554291926,31.837555717095597,0.010278152978122207,0.015144662994996444,34.14039374076506
