subject,nll,bic,model,wp,wp_rec,beta,beta_rec,b_last,b_last_rec,nll_rec
26,28.254976964670895,71.33488119716971,wa_b-last,0.9771228793591402,0.9786080562722859,20.833013645610286,14.89776798615585,-0.02087620621703418,-0.0047822528884427255,39.63791236495001
