subject,nll,bic,model,wp,wp_rec,beta,beta_rec,b_last,b_last_rec,nll_rec
2,48.863394333674115,112.55171593517615,wa_b-last,0.9463147265152977,0.9436796700801884,19.62565816812976,21.101762700989127,0.017054105450830366,0.0358239558329343,45.53964899093069
