subject,nll,bic,model,wp,wp_rec,beta,beta_rec,b_last,b_last_rec,nll_rec
41,91.72768091000265,198.17118615532058,wa_b-last,0.9321209810502513,1.0,1.6181187855800891,0.6384671978258281,-0.14013724139593553,-0.14187255165901883,92.94041364903285
