subject,nll,bic,model,wp,wp_rec,beta,beta_rec,b_last,b_last_rec,nll_rec
117,51.05834362284526,116.94161451351843,wa_b-last,0.9560206716653192,0.9615892379189758,16.826532171527862,13.116387746331322,-0.01610557178247206,-0.012195665436540526,56.288743203690615
