subject,nll,bic,model,wp,wp_rec,beta,beta_rec,b_last,b_last_rec,nll_rec
28,40.490828917562766,95.80658510295345,wa_b-last,0.9317592350017009,0.9308222222831096,23.796668628282607,37.40305950789807,0.0037144902383702536,-0.006304769377736028,27.363479227322003
