subject,nll,bic,model,wp,wp_rec,beta,beta_rec,b_last,b_last_rec,nll_rec
51,76.79756151898319,168.35506581545076,wa_b-last,0.8479978135991691,0.8147914931657819,3.7008568395838783,4.048367486234572,-0.008385157348189532,-0.0691757799448381,68.17285938129268
