subject,nll,bic,model,wp,wp_rec,beta,beta_rec,b_last,b_last_rec,nll_rec
83,53.92813419107347,122.68119564997485,wa_b-last,0.9484959084265784,0.9437333832926474,16.835330576651454,13.36530932406173,-0.008482076331067626,-0.011797692711278113,61.35123258917495
