subject,nll,bic,model,wp,wp_rec,beta,beta_rec,b_last,b_last_rec,nll_rec
115,57.48005626665902,129.78503980114596,wa_b-last,0.9276006879047565,0.924460584815429,13.693206582313806,16.115699929428786,0.010107112692736512,0.012509262215927974,51.402586233388945
