subject,nll,bic,model,wp,wp_rec,beta,beta_rec,b_last,b_last_rec,nll_rec
180,53.948975245789015,122.72287775940595,wa_b-last,0.947682378545681,0.9504033504015982,16.531644372001644,14.72088723716504,0.015394187374188652,-0.01183091193419911,57.579929043900535
