subject,nll,bic,model,wp,wp_rec,beta,beta_rec,b_last,b_last_rec,nll_rec
99,58.4319617431552,131.68885075413831,wa_b-last,0.9363628366731553,0.9327148260509384,14.284812092495363,15.614385606532954,-0.001420035949225745,0.012549967695382013,54.35355371743199
