subject,nll,bic,model,wp,wp_rec,beta,beta_rec,b_last,b_last_rec,nll_rec
135,78.35006634885383,171.52505996553558,wa_b-last,0.6928149880175158,0.8403050906950748,1.3681289915381325,2.4303713706793846,0.2656444539369033,0.07190943757957884,84.71907139023418
