subject,nll,bic,model,wp,wp_rec,beta,beta_rec,b_last,b_last_rec,nll_rec
43,64.3016092150504,143.42814569792873,wa_b-last,0.9642932343048349,0.9594674394178659,9.721938178220835,10.64216132790806,0.014508173729731075,0.007167896984901702,63.78603049260718
