subject,nll,bic,model,wp,wp_rec,beta,beta_rec,b_last,b_last_rec,nll_rec
61,60.48502462081562,135.79497650945916,wa_b-last,0.9373133430447561,0.9378981739989555,13.299861503507183,11.873063900503704,0.010332231341637733,0.03994673096261927,62.20157442895345
