subject,nll,bic,model,wp,wp_rec,beta,beta_rec,b_last,b_last_rec,nll_rec
8,39.44143783199779,93.7078029318235,wa_b-last,0.9496424504519194,0.952146050201502,26.811068211552953,22.280902275927158,-0.005629218289119685,0.003990239991640567,43.906115143901104
