subject,nll,bic,model,wp,wp_rec,beta,beta_rec,b_last,b_last_rec,nll_rec
125,34.91167307140342,84.64827341063476,wa_b-last,0.9499235196506142,0.948444595577215,31.21196608949984,21.62662519133884,0.00021330942025292362,0.0038859459681451617,46.10773224220412
