subject,nll,bic,model,wp,wp_rec,beta,beta_rec,b_last,b_last_rec,nll_rec
129,50.67634922272201,116.17762571327194,wa_b-last,0.9186711584083047,0.9159134893976283,15.985648230818365,15.111722673416152,0.008835022238926103,0.032968187756230956,50.59598893762519
