subject,nll,bic,model,wp,wp_rec,beta,beta_rec,b_last,b_last_rec,nll_rec
140,43.028715748561176,100.88235876495027,wa_b-last,0.967267600974077,0.9708649320703863,16.68933111812827,15.596810411182881,0.003303765896298426,-0.00533562643240989,43.23575079568468
