subject,nll,bic,model,wp,wp_rec,beta,beta_rec,b_last,b_last_rec,nll_rec
84,69.09313468382787,153.01119663548366,wa_b-last,0.9235020280838961,0.9018060524486137,8.921227026921944,6.7155128279046,0.031272326860598845,0.06796583835687897,70.8269805418858
