subject,nll,bic,model,wp,wp_rec,beta,beta_rec,b_last,b_last_rec,nll_rec
171,61.85773283200603,138.51888746340413,wa_b-last,0.9007990483444708,0.8992114087443889,9.641141691839701,8.573675096507952,-0.012419664598405914,-0.011785803366316381,65.15672034980977
