subject,nll,bic,model,wp,wp_rec,beta,beta_rec,b_last,b_last_rec,nll_rec
69,67.62421719129816,150.07336165042423,wa_b-last,0.9412063627761442,0.9450906928150345,10.5712051697576,13.455391439568109,0.009573024017544453,-0.004386534541351606,61.01872858723098
