subject,nll,bic,model,wp,wp_rec,beta,beta_rec,b_last,b_last_rec,nll_rec
120,50.6790738323715,116.18307493257092,wa_b-last,0.9522254589747485,0.9512427101434554,17.818107782643416,16.992639021464072,0.008395257738597508,0.026013056877521947,51.60240927555884
