subject,nll,bic,model,wp,wp_rec,beta,beta_rec,b_last,b_last_rec,nll_rec
80,55.64765009570696,126.12022745924183,wa_b-last,0.9123204492918507,0.9056519317713442,12.806740816094678,14.055357322216967,0.019431545280265358,0.02657800207844902,51.25111760003813
