subject,nll,bic,model,wp,wp_rec,beta,beta_rec,b_last,b_last_rec,nll_rec
22,54.61139534978338,124.04771796739468,wa_b-last,0.9587754474628039,0.9620161466837024,14.275765506267604,11.108450212404811,0.003506198607893206,-0.0020736700080723554,61.51907263930708
