subject,nll,bic,model,wp,wp_rec,beta,beta_rec,b_last,b_last_rec,nll_rec
199,66.19682534064764,147.2185779491232,wa_b-last,0.8709596348383235,0.8584249297932164,6.720285815138263,5.090196239069605,-0.0022051045507980086,0.045359616338695334,70.18049157733341
