subject,nll,bic,model,wp,wp_rec,beta,beta_rec,b_last,b_last_rec,nll_rec
164,55.45938233082488,125.74369192947768,wa_b-last,0.9411376339798134,0.9388006875252897,16.12613656744677,14.398133539872841,-0.012093879921439718,-0.015820824427181402,58.72973234705935
