subject,nll,bic,model,wp,wp_rec,beta,beta_rec,b_last,b_last_rec,nll_rec
94,53.10679001949122,121.03850730681036,wa_b-last,0.9199698218146787,0.9186107860677823,14.96303903775979,19.4039830892624,0.0016234811010061572,-0.013288700779485234,45.361379284393074
