subject,nll,bic,model,wp,wp_rec,beta,beta_rec,b_last,b_last_rec,nll_rec
106,70.9727983877957,156.7490185749835,wa_b-last,0.844421011503376,0.8363360226740048,4.1139207278957555,3.095874078000869,0.0978307864934448,0.1693189212426018,75.02167952414052
