subject,nll,bic,model,wp,wp_rec,beta,beta_rec,b_last,b_last_rec,nll_rec
146,43.23507678423668,101.29508083630128,wa_b-last,0.9503520366258545,0.9487310562136883,23.363783653937773,25.819305527943165,0.0037311630269840803,0.009449218170476706,40.56299098193739
