subject,nll,bic,model,wp,wp_rec,beta,beta_rec,b_last,b_last_rec,nll_rec
112,17.857180852858455,50.53928897354482,wa_b-last,0.9453123833801892,0.9448736097664866,59.394427805226606,63.302533307870654,0.006527837182944238,5.825715815925145e-06,15.870658265073576
