subject,nll,bic,model,wp,wp_rec,beta,beta_rec,b_last,b_last_rec,nll_rec
92,80.9599088212768,176.7447449103815,wa_b-last,0.9286555728670519,0.9261967103395571,5.709982564182468,6.320255206665886,0.04445441562548549,0.05099257764735236,77.95897008488575
