subject,nll,bic,model,wp,wp_rec,beta,beta_rec,b_last,b_last_rec,nll_rec
96,61.96706402035878,138.73754984010964,wa_b-last,0.9350262231490273,0.9274590818792607,12.398440580749245,11.44415450155174,-0.0024298424964372786,0.0015775232796141285,62.796902227308095
