subject,nll,bic,model,wp,wp_rec,beta,beta_rec,b_last,b_last_rec,nll_rec
163,79.4829837489782,173.76938929734848,wa_b-last,0.9128130883261651,0.9135303380048984,5.881283698582767,5.902535750979363,-0.03701230326967148,-0.03058357195125943,79.50214129980479
