subject,nll,bic,model,wp,wp_rec,beta,beta_rec,b_last,b_last_rec,nll_rec
88,29.012479113197656,72.84988549422323,wa_b-last,0.9398787350830765,0.9424901806477646,36.13715224777743,50.50391079786053,-0.01964595087762505,-0.030121171523743343,22.31032165909026
