subject,nll,bic,model,wp,wp_rec,beta,beta_rec,b_last,b_last_rec,nll_rec
167,46.993319082415326,108.2214345499204,wa_b-last,0.8989615277058429,0.8900345269460311,11.322575779553212,9.210839458566348,-0.02548693371173984,0.005452832894346104,50.15677685633182
