subject,nll,bic,model,wp,wp_rec,beta,beta_rec,b_last,b_last_rec,nll_rec
123,50.82377231402106,116.47247189587004,wa_b-last,0.8985363603195842,0.8943966856662618,14.231718174833688,13.32255316843283,-0.0068315202548212195,-0.04225754388162572,50.90022994042171
