subject,nll,bic,model,wp,wp_rec,beta,beta_rec,b_last,b_last_rec,nll_rec
154,22.154091817000626,59.13311090182916,wa_b-last,0.9786132381706734,0.9724928018961341,23.52925519916253,21.4861754637746,0.016503402020733464,0.007883180432365864,29.353910453721085
