subject,nll,bic,model,wp,wp_rec,beta,beta_rec,b_last,b_last_rec,nll_rec
3,45.640304316796374,106.10553590142067,wa_b-last,0.9494899867976132,0.9541188605711987,21.859382943258694,24.90766103388277,-0.002384080632937952,-0.019009194297892832,39.437595019444714
