subject,nll,bic,model,wp,wp_rec,beta,beta_rec,b_last,b_last_rec,nll_rec
182,63.31418817510484,141.43179814960175,wa_b-last,0.9172867855766328,0.9187914204851668,10.105183824515594,12.142183022477264,0.03765450520794261,0.020012647823503284,58.75090685153752
