subject,nll,bic,model,wp,wp_rec,beta,beta_rec,b_last,b_last_rec,nll_rec
102,58.06220941978214,130.9493461073922,wa_b-last,0.9341730491729785,0.9326161815817935,13.97414176013954,15.838163708599806,0.017356458965543692,0.019706846867851974,53.56938748780844
