subject,nll,bic,model,wp,wp_rec,beta,beta_rec,b_last,b_last_rec,nll_rec
166,44.271645446573864,103.36821816097564,wa_b-last,0.8505322044186187,0.8492928584481221,11.723248587206143,16.243260938613542,0.04288600336376196,0.05942595312407846,35.00532563884006
