subject,nll,bic,model,wp,wp_rec,beta,beta_rec,b_last,b_last_rec,nll_rec
127,60.765302848393524,136.33402749617912,wa_b-last,0.9261286222310641,0.9280899189002337,11.856636627384875,12.418097088201973,0.017957286247343447,0.025527354289311258,59.370282517589075
