subject,nll,bic,model,wp,wp_rec,beta,beta_rec,b_last,b_last_rec,nll_rec
104,63.035323572112915,140.80861180143398,wa_b-last,0.9413907886797162,0.9359127471452157,11.729502962241344,12.212701131096265,-0.005968544884926776,-0.022605428741137027,61.49712912919986
