subject,nll,bic,model,wp,wp_rec,beta,beta_rec,b_last,b_last_rec,nll_rec
78,48.61968209439878,112.06429145662548,wa_b-last,0.9189835612001552,0.9177877890180355,17.025103307877316,20.59749667075619,0.015787630163159656,0.007285672805157936,43.66142464691546
