subject,nll,bic,model,wp,wp_rec,beta,beta_rec,b_last,b_last_rec,nll_rec
36,130.45834436078485,277.7995520626416,wa_b-last,0.9486835166566133,0.9443146171100019,11.045035721561522,11.55888897614891,0.012696614010724626,0.017621254957746076,128.35763200840518
