subject,nll,bic,model,wp,wp_rec,beta,beta_rec,b_last,b_last_rec,nll_rec
17,63.924298403987464,142.58656146518308,wa_b-last,0.933017489557449,0.9309230417589939,10.623137996328897,11.712108839102834,0.029274852028554593,0.04879584225947539,59.201542761811844
