subject,nll,bic,model,wp,wp_rec,beta,beta_rec,b_last,b_last_rec,nll_rec
40,50.247524059640256,115.29846991867258,wa_b-last,0.9229600217014599,0.9288538951021682,16.464726016712195,17.505607759009546,0.016046808920594766,0.022581467061234317,49.25833465863458
