subject,nll,bic,model,wp,wp_rec,beta,beta_rec,b_last,b_last_rec,nll_rec
153,56.19588767179523,127.21670261141837,wa_b-last,0.8981585546655234,0.8915703112421595,11.101260429951745,10.987424583974096,0.032154481098145865,0.06917276715762387,52.385285260579906
