subject,nll,bic,model,wp,wp_rec,beta,beta_rec,b_last,b_last_rec,nll_rec
33,70.52456694507016,155.87406115796824,wa_b-last,0.9074143897373398,0.9067907475696213,7.123064497746939,5.348726711719126,0.06375565025058769,0.08297091120001655,77.43506581785644
