subject,nll,bic,model,wp,wp_rec,beta,beta_rec,b_last,b_last_rec,nll_rec
159,59.95549450458786,134.7144108085678,wa_b-last,0.9218912625503397,0.9201334093289099,11.652829020072211,13.190154916663388,0.029872729791651714,0.023261296466149606,55.994040432667745
