subject,nll,bic,model,wp,wp_rec,beta,beta_rec,b_last,b_last_rec,nll_rec
113,62.2144336378334,139.23228907505887,wa_b-last,0.7349776191678984,0.6174567037355366,2.932627392454454,2.1267276498181173,0.060140175918428414,-0.0015330266403298539,58.23221211901863
