subject,nll,bic,model,wp,wp_rec,beta,beta_rec,b_last,b_last_rec,nll_rec
14,63.82815746519107,142.48124219821005,wa_b-last,0.9370147943180474,0.9422746730390976,11.940282679299566,11.13179446683592,0.0077057756341163425,-0.0033090413585222414,66.57801771711891
