subject,nll,bic,model,wp,wp_rec,beta,beta_rec,b_last,b_last_rec,nll_rec
131,48.65030254832995,112.12553236448781,wa_b-last,0.9167267118128803,0.9151277889936391,17.074066523812384,28.217840251191255,-0.017398993834810028,-0.029641771866996403,35.285056195775816
