subject,nll,bic,model,wp,wp_rec,beta,beta_rec,b_last,b_last_rec,nll_rec
132,57.35016392057741,129.50374964054689,wa_b-last,0.9039418905547739,0.8791404863209018,10.510875099321629,12.276942414102727,0.051408103825287765,0.05001661958688906,47.62616590668362
