subject,nll,bic,model,wp,wp_rec,beta,beta_rec,b_last,b_last_rec,nll_rec
90,36.769402540428516,88.36373234868495,wa_b-last,0.95404665570645,0.954131865373954,27.115420288885083,26.26076366658783,-0.006043510753473307,-0.009272495294339118,37.73462677693118
