subject,nll,bic,model,alpha,alpha_rec,theta,theta_rec,wp,wp_rec,eta,eta_rec,w_between_attwise,w_between_attwise_rec,w_between_altwise,w_between_altwise_rec,beta,beta_rec,b_last,b_last_rec,nll_rec
2,32.07290448761263,103.5638384564829,twostagemixturenoscaling,0.6544065505027783,0.7652916664743846,1.0,1.0,0.5957419962842617,0.561774201008535,0.0,0.0,0.0,0.0,0.8281490734344836,0.8410194133618445,62.408949463866854,72.4021873887679,-0.002954816189758785,-0.001298077347189713,30.805419601621153
