subject,nll,bic,model,alpha,alpha_rec,theta,theta_rec,wp,wp_rec,eta,eta_rec,w_between_attwise,w_between_attwise_rec,w_between_altwise,w_between_altwise_rec,beta,beta_rec,b_last,b_last_rec,nll_rec
8,42.7412530197238,125.01564542032203,twostagemixturenoscaling,2.3762492786136797,1.7402877013346716,1.0,0.0,0.6520023398193227,0.6487109134554795,0.23605305065055215,0.2260463274082469,0.687447678099726,0.4964245295369138,0.75379627989098,0.6834471984488717,62.41879822184466,98.719858560369,0.008247797135033175,0.012606972037651987,32.465210490708444
