subject,nll,bic,model,alpha,alpha_rec,theta,theta_rec,wp,wp_rec,eta,eta_rec,w_between_attwise,w_between_attwise_rec,w_between_altwise,w_between_altwise_rec,beta,beta_rec,b_last,b_last_rec,nll_rec
19,18.22756577809913,75.98827093707268,twostagemixturenoscaling,1.5882335572820045,2.3560069989580694,1.0,1.0,1.0,0.867476912421251,0.0,0.0,0.7427454669755401,0.8255069435461725,0.6592685833277339,0.7599877480868178,59.08837209626654,79.19654707398851,0.003625732704232565,-0.004863161824789843,17.51740090438159
