subject,nll,bic,model,alpha,alpha_rec,theta,theta_rec,wp,wp_rec,eta,eta_rec,w_between_attwise,w_between_attwise_rec,w_between_altwise,w_between_altwise_rec,beta,beta_rec,b_last,b_last_rec,nll_rec
11,69.12372436953069,177.7232402041069,twostagemixturenoscaling,0.5566782611680848,1.8643008751203356,0.28409005986304786,0.30396879763829554,0.0,0.7053695920988858,0.2195041359300922,0.0,0.2966175481378656,0.2632167621286175,0.4244058352721698,0.0,19.73540923974329,42.364777721177035,0.0019493398609215058,0.002618276634664871,63.090854402497555
