subject,nll,bic,model,alpha,alpha_rec,theta,theta_rec,wp,wp_rec,eta,eta_rec,w_between_attwise,w_between_attwise_rec,w_between_altwise,w_between_altwise_rec,beta,beta_rec,b_last,b_last_rec,nll_rec
15,47.86793375584803,135.2116589767416,twostagemixturenoscaling,0.0,0.10527117349785983,0.6726176504796199,0.887760977392037,0.46425213785900266,0.129249142068626,1.0,0.39874979191156834,0.6725270631839376,0.3845477594676225,0.6624618295077535,0.3990390666346384,29.943488601064793,38.47587404288136,0.01575734974473981,0.01987213431067225,41.301714782175054
