subject,nll,bic,model,alpha,alpha_rec,theta,theta_rec,wp,wp_rec,eta,eta_rec,w_between_attwise,w_between_attwise_rec,w_between_altwise,w_between_altwise_rec,beta,beta_rec,b_last,b_last_rec,nll_rec
5,37.68818025207745,114.90949988502933,twostagemixturenoscaling,0.0,0.0,0.8681844104407372,1.0,0.3566080679077364,0.47150465665098484,0.3046253717822424,0.5467490713316561,0.6542560205459939,0.781857838159673,0.6294893985400086,0.7330041466819539,51.58991369716324,52.813692230749794,0.0018418311454979398,0.007684539664821884,33.08505106104194
