subject,nll,bic,model,alpha,alpha_rec,gamma,gamma_rec,beta,beta_rec,nll_rec
197-alternatives,3.0703967077197727,18.843112929231324,pt,0.08691567747751804,0.160014940381378,0.3968785199319766,1.0,200.0,23.892936290212443,6.4386725100165565
