subject,nll,bic,model,alpha,alpha_rec,gamma,gamma_rec,beta,beta_rec,nll_rec
174-alternatives,23.630534616717647,60.00655495958337,pt,1.1921429738125078,1.081888256816891,1.0,0.8674757716782999,3.155515990633894,6.0904201589561255,18.458191578156505
