subject,nll,bic,model,alpha,alpha_rec,gamma,gamma_rec,beta,beta_rec,nll_rec
191-alternatives,18.31673824596433,49.37896221807674,pt,0.9657362654850125,1.2107599983369965,0.8213683649771089,1.0,8.296830592707575,5.059006550682383,17.275127017814107
