subject,nll,bic,model,alpha,alpha_rec,gamma,gamma_rec,beta,beta_rec,nll_rec
45-attributes,9.469723533634626,31.68493279341733,pt,2.7893704896568647,3.4426151061394017,1.0,1.0,0.3953611000144518,0.12157209824230157,7.137194607380865
