subject,nll,bic,model,alpha,alpha_rec,gamma,gamma_rec,beta,beta_rec,nll_rec
136-attributes,15.859355690580218,44.464197107308514,pt,0.4233498532165889,0.5311311223782558,1.0,1.0,12.863427080181518,8.762543100556767,20.923185647063864
