subject,nll,bic,model,alpha,alpha_rec,gamma,gamma_rec,beta,beta_rec,nll_rec
199-alternatives,35.74180606470092,84.22909785554991,pt,0.4654745345621674,0.39734364804381606,0.30205612659392445,0.32769174653813343,20.521898621558385,22.34865667006667,35.62150937379485
