subject,nll,bic,model,alpha,alpha_rec,gamma,gamma_rec,beta,beta_rec,nll_rec
70-alternatives,24.674741250611625,62.094968227371325,pt,0.7757333836550301,0.9821772962147592,0.7062140846791196,0.7903063224685448,7.5655188681474135,4.048767081516259,26.580616891588598
