subject,nll,bic,model,alpha,alpha_rec,gamma,gamma_rec,beta,beta_rec,nll_rec
110-alternatives,3.141667681962636,19.02882109007335,pt,0.08143158563981526,0.10907998224034217,0.3949701105564986,0.38696354448707393,200.0,200.0,6.095790847184398
