subject,nll,bic,model,alpha,alpha_rec,gamma,gamma_rec,beta,beta_rec,nll_rec
114-attributes,14.706382465042864,42.158250656233804,pt,0.277775419307459,0.25764202441187484,0.45013451482751904,0.43776153432063203,74.07247401719557,118.95793413539741,11.321222822079504
