subject,nll,bic,model,alpha,alpha_rec,gamma,gamma_rec,beta,beta_rec,nll_rec
70-attributes,18.169674474021065,49.084834674190205,pt,0.3243798297586214,0.2875632124754685,0.4891904728006593,0.47549821895347616,42.26792953177133,61.09145107313754,15.556967017131488
