subject,nll,bic,model,alpha,alpha_rec,gamma,gamma_rec,beta,beta_rec,nll_rec
2-alternatives,29.29511606042799,71.33571784700406,pt,0.520554335957691,0.6594791577358966,1.0,1.0,5.8409011520431955,5.036390276639115,29.025882182422798
