subject,nll,bic,model,alpha,alpha_rec,gamma,gamma_rec,beta,beta_rec,nll_rec
0-alternatives,26.428982000853544,65.60344972785516,pt,0.3050064378241494,0.39432301667888214,0.4009053282128992,0.5370153038756869,39.455165395723775,25.02980511368665,21.737708869550318
