subject,nll,bic,model,alpha,alpha_rec,gamma,gamma_rec,beta,beta_rec,nll_rec
67-attributes,29.86725910197984,72.48000393010776,pt,0.3270167515714476,0.40080543447741335,0.6414280113513015,1.0,12.793107798044932,7.221046413463804,26.66170190761402
