subject,nll,bic,model,alpha,alpha_rec,gamma,gamma_rec,beta,beta_rec,nll_rec
54-alternatives,22.30039533293226,57.3462763920126,pt,0.8539080961935983,0.41157344390862594,0.8720281978462913,0.4754025298556171,6.613201067727324,198.50415285365585,8.625179363030995
