subject,nll,bic,model,alpha,alpha_rec,gamma,gamma_rec,beta,beta_rec,nll_rec
132-attributes,23.330004841636452,59.40549540942098,pt,0.8350932461884287,1.0151935372603096,0.7194863524996239,0.7612737992650602,7.23172197850837,3.1323749586086986,28.49004149143481
