subject,nll,bic,model,alpha,alpha_rec,gamma,gamma_rec,beta,beta_rec,nll_rec
148-attributes,17.257596596444124,47.217512706680026,pt,0.23870682167559443,0.23042906890391746,0.4540504805012079,0.4508130939389627,75.88196004978317,69.50654497440624,18.382116557443933
