subject,nll,bic,model,alpha,alpha_rec,gamma,gamma_rec,beta,beta_rec,nll_rec
186-alternatives,37.91906426526416,88.5836142566764,pt,0.3489579059305058,0.39756905438477363,0.2916342951940111,0.30805468652525625,28.56770283669063,22.116676895430444,37.55657428456095
