subject,nll,bic,model,alpha,alpha_rec,gamma,gamma_rec,beta,beta_rec,nll_rec
28-attributes,26.104105329403502,64.95369638495508,pt,0.39180681451454735,0.5090182482964528,0.5264307177296127,0.5304380388493662,19.69192283627939,24.073926590864875,18.971439787489203
