subject,nll,bic,model,alpha,alpha_rec,gamma,gamma_rec,beta,beta_rec,nll_rec
164-alternatives,9.556224729943926,31.85793518603593,pt,0.3687577931559781,0.29920832472603764,0.6350829189829515,0.5636318453973768,52.663411322864846,200.0,5.204978103573324
