subject,nll,bic,model,alpha,alpha_rec,gamma,gamma_rec,beta,beta_rec,nll_rec
65-attributes,18.801664651334367,50.348815028816816,pt,0.5132570752479794,0.8344682389764664,0.8000402483562876,1.0,13.63101996796938,5.112052530897962,24.389819693936467
