subject,nll,bic,model,alpha,alpha_rec,gamma,gamma_rec,beta,beta_rec,nll_rec
40-attributes,20.21763067513584,53.13758086406346,pt,0.9121536959325419,0.8840124035682142,0.9866696701053589,0.8143475593985987,6.119430649291758,10.798158191559533,16.245638568017064
