subject,nll,bic,model,alpha,alpha_rec,gamma,gamma_rec,beta,beta_rec,nll_rec
45-alternatives,18.13693707564814,49.01935987744436,pt,1.010877563480407,0.9921536266109825,0.2999638976887209,0.28,12.50163736657096,14.916021427946424,17.972444633139844
