subject,nll,bic,model,alpha,alpha_rec,gamma,gamma_rec,beta,beta_rec,nll_rec
21-alternatives,19.379819191958767,51.50512411006561,pt,1.041141886763325,0.9625406936496513,1.0,0.8491372770754275,5.829184186729782,21.96903743121127,10.63825552604302
