subject,nll,bic,model,alpha,alpha_rec,gamma,gamma_rec,beta,beta_rec,nll_rec
84-alternatives,36.31108954515941,85.3676648164669,pt,0.6451008064381741,0.7658205170801702,0.7907550311674945,1.0,4.033784493153091,2.6554190180036867,36.68245026007865
