subject,nll,bic,model,alpha,alpha_rec,gamma,gamma_rec,beta,beta_rec,nll_rec
12-alternatives,30.86800782962184,74.48150138539175,pt,0.4018974251798041,0.4489725058149486,0.6611233500995037,0.6332191084877393,10.7810513629736,11.700127915171528,29.053871977648836
