subject,nll,bic,model,alpha,alpha_rec,gamma,gamma_rec,beta,beta_rec,nll_rec
98-alternatives,32.041408380700986,76.82830248755005,pt,0.9123826343623634,0.7479799920802886,1.0,0.8469233596228446,2.900487508585103,3.9832037738047825,33.01430754246074
