subject,nll,bic,model,alpha,alpha_rec,gamma,gamma_rec,beta,beta_rec,nll_rec
77-attributes,19.321311416075655,51.38810855829939,pt,0.30387714254647513,0.2764122830394522,0.9995405775135336,0.875894109755248,10.999681297815972,13.901599345694208,18.31685366433395
