subject,nll,bic,model,alpha,alpha_rec,gamma,gamma_rec,beta,beta_rec,nll_rec
8-alternatives,19.96794924428003,52.681384214708146,pt,0.28393580337731,0.2669774305346336,0.5043879430922353,0.5307607546089842,43.22426605057433,55.10588869648015,17.1241430476098
