subject,nll,bic,model,alpha,alpha_rec,gamma,gamma_rec,beta,beta_rec,nll_rec
132-alternatives,26.502625506576862,65.7075705269455,pt,0.8781854868477854,0.9480260883784356,0.8210914356706073,0.9335109264674538,4.909611810118591,4.852773886296307,24.05102229709279
