subject,nll,bic,model,alpha,alpha_rec,gamma,gamma_rec,beta,beta_rec,nll_rec
1-alternatives,30.54485468062295,73.83519508739398,pt,0.41521723687457684,0.8434952664270792,0.5346771256384539,1.0,14.475651854993165,4.7247085047794,25.961613532873884
