subject,nll,bic,model,alpha,alpha_rec,gamma,gamma_rec,beta,beta_rec,nll_rec
8-attributes,15.411228325213772,43.56794237657562,pt,0.2532657687903733,0.2995659963768054,0.532732605229985,0.6610334524498013,67.45912010487376,26.83434262329962,17.94591509122728
