subject,nll,bic,model,alpha,alpha_rec,gamma,gamma_rec,beta,beta_rec,nll_rec
148-alternatives,20.89519411054091,54.5358739472299,pt,0.48959384044113013,0.47528826485156495,1.0,0.96177636167328,9.375264279335667,7.989695497089947,25.098695343004277
