subject,nll,bic,model,alpha,alpha_rec,gamma,gamma_rec,beta,beta_rec,nll_rec
135-attributes,41.89066643678982,96.52681859972772,pt,1.0319383265418112,0.36354082619891176,0.5002134836802133,0.29402250331359686,1.234460630435463,30.62627077654081,34.99867665364815
