subject,nll,bic,model,alpha,alpha_rec,gamma,gamma_rec,beta,beta_rec,nll_rec
77-alternatives,23.182267732027668,59.11002119020341,pt,0.37339232220606766,0.40934533914739646,1.0,1.0,9.187365595739047,8.504384055748433,24.173855438402317
