subject,nll,bic,model,alpha,alpha_rec,gamma,gamma_rec,beta,beta_rec,nll_rec
162-alternatives,25.195318390030074,63.136122506208224,pt,1.0962195482421082,1.1338539056747199,1.0,1.0,3.444267822316529,3.0731353284059963,25.718655957362923
