subject,nll,bic,model,alpha,alpha_rec,gamma,gamma_rec,beta,beta_rec,nll_rec
124-alternatives,16.81990628221309,46.385298290574255,pt,1.069337473999314,0.9531153017845144,0.873402792087165,0.7878434340617724,7.435964295326337,21.501154102556793,12.398588915363327
