subject,nll,bic,model,alpha,alpha_rec,gamma,gamma_rec,beta,beta_rec,nll_rec
155-attributes,27.82312074914077,68.39172722442962,pt,0.15111814009346639,0.19799736073085958,0.397232697259907,0.4261403568383318,42.08638331602586,45.17402397468701,25.36466025840174
