subject,nll,bic,model,alpha,alpha_rec,gamma,gamma_rec,beta,beta_rec,nll_rec
154-attributes,13.539157016935746,39.82379976001957,pt,0.2352783475078485,0.18794873727204348,0.9776115328438085,0.6100857047067304,15.017608368604007,30.02923562207561,15.013245613591941
