subject,nll,bic,model,alpha,alpha_rec,gamma,gamma_rec,beta,beta_rec,nll_rec
97-alternatives,22.46776405127147,57.68101382869102,pt,0.27743044787939836,0.2669718736652151,0.4600865698120058,0.4348774156912599,43.89418358037387,52.1747586447014,22.021650467254876
