subject,nll,bic,model,alpha,alpha_rec,gamma,gamma_rec,beta,beta_rec,nll_rec
172-attributes,18.47702453200528,49.69953479015864,pt,0.8357727323297683,0.8708038297317017,0.2954893807184565,0.28,21.779119571812274,32.016185156046426,12.76105982934439
