subject,nll,bic,model,alpha,alpha_rec,gamma,gamma_rec,beta,beta_rec,nll_rec
18-attributes,18.494859497534662,49.7352047212174,pt,0.9775884474804597,0.9827522921755418,1.0,1.0,6.565458075929557,5.777304830158354,20.162578844757643
