subject,nll,bic,model,alpha,alpha_rec,gamma,gamma_rec,beta,beta_rec,nll_rec
23-alternatives,21.7420536388212,56.229593003790484,pt,0.5540316582029174,0.543754274264043,1.0,1.0,8.461998042521397,6.149274038645743,27.85219405151867
