subject,nll,bic,model,alpha,alpha_rec,gamma,gamma_rec,beta,beta_rec,nll_rec
168-alternatives,16.274613735809318,45.29471319776671,pt,0.3148254637730185,0.33494371360831643,1.0,1.0,13.68029722820946,15.73998527646312,14.240163738210358
