subject,nll,bic,model,alpha,alpha_rec,gamma,gamma_rec,beta,beta_rec,nll_rec
46-alternatives,31.70786550199575,76.16121673013959,pt,0.4118014893971778,0.25966500545833215,0.5757885347556405,0.3983969904204084,12.309916116004958,37.755932223898206,29.972743384021815
