subject,nll,bic,model,alpha,alpha_rec,gamma,gamma_rec,beta,beta_rec,nll_rec
122-attributes,28.512485572724444,69.77045687159696,pt,0.49185477244206016,0.5281146932282518,0.6580511263013997,0.7333257758524367,10.278030325350205,11.156300065217982,23.65571023272561
