subject,nll,bic,model,alpha,alpha_rec,gamma,gamma_rec,beta,beta_rec,nll_rec
83-attributes,23.108750740025886,58.962987206199855,pt,0.5420825190699979,0.4403575321382638,1.0,0.9338481500316513,7.668815280266107,12.863869237334553,17.253386017381793
