subject,nll,bic,model,alpha,alpha_rec,gamma,gamma_rec,beta,beta_rec,nll_rec
4-attributes,34.747632937291606,82.24075160073129,pt,0.4262775300831128,1.2451078453453646,0.30971149872807113,0.6695309580409724,22.721154393833995,1.2899588246137903,33.20740485445104
