subject,nll,bic,model,alpha,alpha_rec,gamma,gamma_rec,beta,beta_rec,nll_rec
40-alternatives,21.104585183471652,54.95465609309139,pt,0.5030927169492081,0.6067060056421992,0.5527852641130708,0.5973797817884718,20.210879824694548,20.4378369717719,16.87373021043514
