subject,nll,bic,model,alpha,alpha_rec,gamma,gamma_rec,beta,beta_rec,nll_rec
145-attributes,16.935108072225567,46.61570187059921,pt,0.7387552976833708,0.7551004215489391,1.0,1.0,9.015938919377636,7.745237071685879,19.04675957110794
