subject,nll,bic,model,alpha,alpha_rec,gamma,gamma_rec,beta,beta_rec,nll_rec
116-attributes,18.71890185192954,50.183289430007164,pt,0.4255165507625563,0.4940439037708674,0.6850069323157225,0.6912072772520059,19.323859897909873,26.01794558143068,12.042534233021508
