subject,nll,bic,model,alpha,alpha_rec,gamma,gamma_rec,beta,beta_rec,nll_rec
179-alternatives,23.86013147200559,60.46574867015926,pt,1.2498942538566913,2.038986865802427,0.5286612721529628,0.8353102885124974,2.5814317041418486,0.5896341179701232,19.372512556982542
