subject,nll,bic,model,alpha,alpha_rec,gamma,gamma_rec,beta,beta_rec,nll_rec
86-alternatives,11.618637195086302,35.982760116320684,pt,0.11324211389660285,0.18024658483113296,0.9125520451366739,0.9965602014322773,18.018313900714798,17.02069496656093,11.282453889086659
