subject,nll,bic,model,alpha,alpha_rec,gamma,gamma_rec,beta,beta_rec,nll_rec
20-alternatives,17.665765398924645,48.07701652399737,pt,0.2784540318549854,0.26216913780033113,0.5514953737195348,0.514002948472942,45.98615912100222,63.95557412867336,16.540033197844636
