subject,nll,bic,model,alpha,alpha_rec,gamma,gamma_rec,beta,beta_rec,nll_rec
190-alternatives,24.23819651214841,61.2218787504449,pt,0.5450606024172693,0.568633512365486,0.6208429649942002,0.6059360047241216,13.20972851924792,17.201419073057256,19.903181675836578
