subject,nll,bic,model,alpha,alpha_rec,gamma,gamma_rec,beta,beta_rec,nll_rec
138-attributes,-6.899996549434658e-05,12.70218151386079,pt,3.0324874383027725,3.0324874383027725,0.34416343687221884,0.34416343687221884,71.44878635900054,71.44878635900054,-6.899996549434658e-05
