subject,nll,bic,model,alpha,alpha_rec,gamma,gamma_rec,beta,beta_rec,nll_rec
90-attributes,15.25078132707809,43.247048380304264,pt,0.27905413413011015,0.27404605122583886,0.6520972714550517,0.6593667919753802,34.717126150932366,36.20451838452103,14.277085992935126
