subject,nll,bic,model,alpha,alpha_rec,gamma,gamma_rec,beta,beta_rec,nll_rec
27-alternatives,28.520277654340912,69.7860410348299,pt,0.6211627654434251,0.4964806427609414,0.6347524687930889,0.5779186048563719,8.586349551008912,11.69130585144999,29.341819831555153
