subject,nll,bic,model,alpha,alpha_rec,gamma,gamma_rec,beta,beta_rec,nll_rec
92-attributes,45.67322868493954,104.09194309602715,pt,0.9928706360472666,0.3288804825370884,1.0,0.2962900273699182,0.6053468894996238,13.675595579380262,45.29417040056537
