subject,nll,bic,model,alpha,alpha_rec,gamma,gamma_rec,beta,beta_rec,nll_rec
123-alternatives,24.520446922695903,61.78637957153988,pt,1.14368428246814,1.1224358233827512,0.9650535827103366,0.9959479579650197,3.277938190921607,3.4044260793927728,24.671661218052613
