subject,nll,bic,model,alpha,alpha_rec,gamma,gamma_rec,beta,beta_rec,nll_rec
162-attributes,32.5230354401746,77.79155660649728,pt,1.180438696433339,0.9670983343381373,1.0,0.8277799422570198,1.599197293050705,2.0588911521382474,35.47825337176591
