subject,nll,bic,model,alpha,alpha_rec,gamma,gamma_rec,beta,beta_rec,nll_rec
41-alternatives,46.649057083544896,105.95663728261812,pt,0.6332244030334084,1.1784897508978998,0.9429721543502334,1.0,0.5185477752244394,0.25444963366281886,46.072276340972834
