subject,nll,bic,model,alpha,alpha_rec,gamma,gamma_rec,beta,beta_rec,nll_rec
39-alternatives,29.923126837798534,72.59173940174514,pt,1.1269125398229045,0.9398065720070008,0.9110477324220444,0.7738388766788167,2.2700903080020804,2.253408446183632,36.019819076189904
