subject,nll,bic,model,alpha,alpha_rec,gamma,gamma_rec,beta,beta_rec,nll_rec
137-attributes,5.023058867773941,22.791603461695964,pt,0.8550120492976829,0.8367259141383319,0.2804097484474268,0.28,199.99661855445174,130.07398708075698,5.721848844503243
