subject,nll,bic,model,alpha,alpha_rec,gamma,gamma_rec,beta,beta_rec,nll_rec
107-attributes,41.63024286109303,95.96280523597784,pt,0.15121499292026166,0.0,1.0,0.4231757147185357,3.0647547453101223,19.47923033743305,34.64461967612605
