subject,nll,bic,model,alpha,alpha_rec,gamma,gamma_rec,beta,beta_rec,nll_rec
128-alternatives,30.041334226886395,72.78498796756458,pt,0.7433841778554142,0.49409827164608616,1.0,0.6195019255588471,4.1312874464392815,10.198749288806987,29.977504164681132
