subject,nll,bic,model,alpha,alpha_rec,gamma,gamma_rec,beta,beta_rec,nll_rec
144-attributes,30.45660722154242,73.65870016923292,pt,0.8673608858888561,1.1499139246848122,0.7618186172103113,0.8686490679032791,3.8524379658301964,1.0266725978767324,38.89997601958646
