subject,nll,bic,model,alpha,alpha_rec,gamma,gamma_rec,beta,beta_rec,nll_rec
93-alternatives,39.257401821345205,91.26028936883849,pt,0.8795233150402385,0.3756718137576455,1.0,0.35877103898229995,1.7765398422580867,16.743521013649623,38.82959798498622
