subject,nll,bic,model,alpha,alpha_rec,gamma,gamma_rec,beta,beta_rec,nll_rec
105-alternatives,19.85096540958838,52.44741654532484,pt,0.6433758066605197,0.5174020319390674,0.7381399576861635,0.5938098256246123,11.952348580787993,25.11278900530686,16.102137005739984
