subject,nll,bic,model,alpha,alpha_rec,gamma,gamma_rec,beta,beta_rec,nll_rec
174-attributes,22.5068165463595,57.75911881886708,pt,0.5903326439677727,0.3357441982113803,0.6143619498116322,0.41696354481510073,13.484435708925119,36.31707038934971,24.475698547093273
