subject,nll,bic,model,alpha,alpha_rec,gamma,gamma_rec,beta,beta_rec,nll_rec
149-attributes,5.838587313677099,24.379494141145976,pt,0.15007098068743813,0.24352507999825604,0.7309222566327254,0.9852697359142909,35.55418556369928,192.51167038854516,2.2492675806248337
