subject,nll,bic,model,alpha,alpha_rec,gamma,gamma_rec,beta,beta_rec,nll_rec
14-alternatives,18.699884816307694,50.145255358763464,pt,0.6317101360055865,0.7223930614299563,0.7856156285025859,0.7964419014499493,12.011502329994885,7.8352049469736365,23.69175575257221
