subject,nll,bic,model,alpha,alpha_rec,gamma,gamma_rec,beta,beta_rec,nll_rec
103-attributes,24.70150167978495,62.14848908571798,pt,0.4518787062446501,0.3973320788380111,0.91740523037619,0.6905060896769788,8.56630852389588,16.97156313810284,21.48488969717845
