subject,nll,bic,model,alpha,alpha_rec,gamma,gamma_rec,beta,beta_rec,nll_rec
100-alternatives,28.208492302387857,69.1624703309238,pt,0.5741511581237041,0.4135774530143359,1.0,0.661725562565291,5.832353638298976,9.70445626426238,32.290964923940074
