subject,nll,bic,model,alpha,alpha_rec,gamma,gamma_rec,beta,beta_rec,nll_rec
149-alternatives,3.9829971962703032,20.580072250713506,pt,0.06871047026897725,0.035123918289067545,0.5045235145870203,0.3624143078097385,78.93950040315984,200.0,4.190319532664504
