subject,nll,bic,model,alpha,alpha_rec,gamma,gamma_rec,beta,beta_rec,nll_rec
60-alternatives,22.311763568135355,57.369012862418785,pt,0.23706756835316278,0.23919095215190278,0.4633526746162836,0.3965450956126193,49.611907608621465,69.67149084134928,22.133935013443487
