subject,nll,bic,model,alpha,alpha_rec,gamma,gamma_rec,beta,beta_rec,nll_rec
53-alternatives,20.082549024235863,52.91058377461981,pt,0.5311187125684151,0.48872035097411404,0.8850194944961438,0.7473918675405624,11.133810635698506,9.951937572021903,26.844563852571156
