subject,nll,bic,model,alpha,alpha_rec,gamma,gamma_rec,beta,beta_rec,nll_rec
2-attributes,25.717429765889282,64.18034525792665,pt,0.27871631894936405,0.26499481767919564,0.5081150696494803,0.42885494273265884,28.41379255996696,37.11144643908267,27.282177398950655
