subject,nll,bic,model,alpha,alpha_rec,gamma,gamma_rec,beta,beta_rec,nll_rec
115-attributes,8.400801486838018,29.547088699824116,pt,0.9158963598881821,0.5772681288082634,1.0,0.6650311464956135,18.34444082370965,200.0,4.499958638858027
