subject,nll,bic,model,alpha,alpha_rec,gamma,gamma_rec,beta,beta_rec,nll_rec
177-attributes,25.656337564364147,64.05816085487638,pt,0.4247761391407405,0.3827378015147252,0.5414961914825175,0.4729105603680259,17.986508221280246,32.625045143229094,21.038332152797704
