subject,nll,bic,model,alpha,alpha_rec,gamma,gamma_rec,beta,beta_rec,nll_rec
199-attributes,30.264140234570487,73.27376619528906,pt,0.8757957067403497,0.7274440046265921,0.5281149165949524,0.53089009540868,4.394237171492968,7.083917846972176,28.983679955520078
