subject,nll,bic,model,alpha,alpha_rec,gamma,gamma_rec,beta,beta_rec,nll_rec
166-attributes,21.125466105647735,54.99641793744355,pt,2.038684757576274,2.148633899574407,1.0,1.0,0.4993507149364111,0.3075609972752422,25.20531309582333
