subject,nll,bic,model,alpha,alpha_rec,gamma,gamma_rec,beta,beta_rec,nll_rec
33-alternatives,25.790459862235085,64.32640545061825,pt,0.7340242567201128,0.5563164751165385,0.8139715589233755,0.6222394086238756,6.646152103881187,13.91821347220923,23.00393106692727
