subject,nll,bic,model,alpha,alpha_rec,gamma,gamma_rec,beta,beta_rec,nll_rec
19-alternatives,21.568145795568043,55.838611104927864,pt,1.0806319726711442,0.94411322656497,1.0,0.9188660043733421,4.633608610783916,8.956410316355349,16.100649700576305
