subject,nll,bic,model,alpha,alpha_rec,gamma,gamma_rec,beta,beta_rec,nll_rec
156-alternatives,23.988996962236072,60.72347965062022,pt,0.9307198445105479,0.7740858901292599,1.0,0.9810959738422291,4.7785444643792,4.600245049767694,28.261287343995015
