subject,nll,bic,model,alpha,alpha_rec,gamma,gamma_rec,beta,beta_rec,nll_rec
114-alternatives,9.821300528318176,32.38808678278443,pt,0.24454988847967943,0.2512147939848775,0.43177332146515585,0.47250768247001385,169.75143202014294,200.0,8.32352351231233
