subject,nll,bic,model,alpha,alpha_rec,gamma,gamma_rec,beta,beta_rec,nll_rec
48-alternatives,27.61402192689923,67.97352957994654,pt,1.2537155480649333,1.149850823206284,1.0,0.9317837144002465,2.0322011005199356,2.1866512109317515,29.750455372045014
