subject,nll,bic,model,alpha,alpha_rec,gamma,gamma_rec,beta,beta_rec,nll_rec
112-attributes,11.207142954237005,35.15977163462209,pt,0.2879745176872778,0.26616106717146715,0.5148744590468193,0.4953201699906915,84.78546233912958,200.0,6.976093247651778
