subject,nll,bic,model,alpha,alpha_rec,gamma,gamma_rec,beta,beta_rec,nll_rec
16-alternatives,19.897648062346622,52.54078185084133,pt,0.5203835706358543,0.34504181894781716,1.0,0.6776221229037802,9.66463869356059,31.658976258508282,14.837074918586149
