subject,nll,bic,model,alpha,alpha_rec,gamma,gamma_rec,beta,beta_rec,nll_rec
161-alternatives,9.788780988101898,32.32304770235187,pt,0.28928939405827603,0.2725798647599519,0.6221497071447037,0.5735544224455077,74.36804714300348,64.76238354354031,13.7562674710642
