subject,nll,bic,model,alpha,alpha_rec,gamma,gamma_rec,beta,beta_rec,nll_rec
186-attributes,44.749166804470526,102.24381933508913,pt,0.3753840833537199,0.36882846260560115,0.28,0.28,14.173269900078026,14.157954702351683,44.91660076936606
