subject,nll,bic,model,alpha,alpha_rec,gamma,gamma_rec,beta,beta_rec,nll_rec
41-attributes,46.13582105811412,104.88571997440113,pt,0.2897849514110475,0.0,0.5222409535145945,0.28,1.4387819819273249,1.3573876341752833,46.42785850169111
