subject,nll,bic,model,alpha,alpha_rec,gamma,gamma_rec,beta,beta_rec,nll_rec
170-alternatives,16.0908649111406,44.927215548429274,pt,0.3497078179214774,0.2969524448396295,0.5157830827780885,0.49396051257018947,41.45037785297743,108.66646749298376,7.59927997601107
