subject,nll,bic,model,alpha,alpha_rec,gamma,gamma_rec,beta,beta_rec,nll_rec
179-attributes,20.692724502160498,54.13093473046908,pt,0.8383889698047503,0.5335774632453825,0.4588519043234173,0.28,10.290014775623645,51.16914843374966,19.591096147876918
