subject,nll,bic,model,alpha,alpha_rec,gamma,gamma_rec,beta,beta_rec,nll_rec
172-alternatives,19.72357300635992,52.19263173886792,pt,1.6010505166637794,1.6162559610316383,0.732970363098991,0.7265680917340641,1.3724743777712671,0.8761971701819051,25.896812695113614
