subject,nll,bic,model,alpha,alpha_rec,gamma,gamma_rec,beta,beta_rec,nll_rec
164-attributes,26.559686831590618,65.86485938932931,pt,0.7562216739052093,0.5603705920231012,1.0,0.749239612469862,4.952154998696377,16.720276374087135,15.569667454021845
