subject,nll,bic,model,alpha,alpha_rec,gamma,gamma_rec,beta,beta_rec,nll_rec
151-attributes,16.550298283350543,45.84608229284916,pt,0.37765424135166453,0.3587770606117314,0.6488547339634768,0.5879440559524739,26.84528145657821,27.80844853782589,18.74497633048555
