subject,nll,bic,model,alpha,alpha_rec,gamma,gamma_rec,beta,beta_rec,nll_rec
48-attributes,27.012204785194356,66.76989529653679,pt,1.1872582555520548,1.3802297721337649,0.9513016434409739,1.0,2.3680932018594114,1.8078268844197374,24.295415946943457
