subject,nll,bic,model,alpha,alpha_rec,gamma,gamma_rec,beta,beta_rec,nll_rec
88-attributes,17.98572318174589,48.716932089639855,pt,0.31447864226076566,0.3969816798304571,0.5229089606859237,0.6641164441161361,40.03842978180897,21.797676005505824,18.431615066064786
