subject,nll,bic,model,alpha,alpha_rec,gamma,gamma_rec,beta,beta_rec,nll_rec
157-attributes,-6.992134633854481e-05,12.745345883455402,pt,7.857100145836071e-05,7.857100145836071e-05,0.9992645453835182,0.9992645453835182,199.98818716935847,199.98818716935847,-6.992134633854481e-05
