subject,nll,bic,model,alpha,alpha_rec,gamma,gamma_rec,beta,beta_rec,nll_rec
171-alternatives,35.86037262930143,84.42306477239464,pt,0.48726805696756975,0.6508515587243319,0.38671552143401416,0.456202326585909,12.190160196985667,6.1668133901007804,35.92254399328434
