subject,nll,bic,model,alpha,alpha_rec,gamma,gamma_rec,beta,beta_rec,nll_rec
69-alternatives,28.209781177323503,69.16504808079509,pt,0.8701415220550155,0.8775100382039281,1.0,1.0,3.974466120198,3.853928661099975,28.533440565748933
