subject,nll,bic,model,alpha,alpha_rec,gamma,gamma_rec,beta,beta_rec,nll_rec
94-attributes,30.50619785537876,73.75788143690559,pt,0.5623965522330364,0.3469318337314771,0.57552948644866,0.4251376212926677,9.099208778098102,33.704456432881514,24.589633485645496
