subject,nll,bic,model,alpha,alpha_rec,gamma,gamma_rec,beta,beta_rec,nll_rec
102-alternatives,26.18125482790077,65.10799538194962,pt,0.772329500131288,0.8458099424045267,1.0,1.0,5.121786239184223,3.7909399265879657,29.530225296813626
