subject,nll,bic,model,alpha,alpha_rec,gamma,gamma_rec,beta,beta_rec,nll_rec
189-attributes,19.650132526380936,52.00258456655365,pt,0.4767798304766083,0.5518466179785352,1.0,1.0,9.713297001685202,15.427471226418419,12.92926311593918
