subject,nll,bic,model,alpha,alpha_rec,gamma,gamma_rec,beta,beta_rec,nll_rec
51-alternatives,37.41077311350267,87.56703195315342,pt,1.71804258061288,1.0398730792444837,1.0,0.5078307484691994,0.3536171981234466,2.531564807254228,32.96388849185271
