subject,nll,bic,model,alpha,alpha_rec,gamma,gamma_rec,beta,beta_rec,nll_rec
95-alternatives,30.014190552151828,72.77386683045174,pt,0.3066978275759079,0.2582558882899151,0.31437702981837856,0.2956120227015889,46.052682331800064,108.84750247036199,21.84570108722671
