subject,nll,bic,model,alpha,alpha_rec,gamma,gamma_rec,beta,beta_rec,nll_rec
3-attributes,22.010280754374865,56.76604723489781,pt,0.2509905666236208,0.18364435186355588,0.4823002806206174,0.426861272166458,44.084543098830565,49.2669958952359,23.450431269329176
