subject,nll,bic,model,alpha,alpha_rec,gamma,gamma_rec,beta,beta_rec,nll_rec
36-attributes,71.114903903272,157.0547350743719,pt,0.39417637169059494,0.39802509871574954,1.0,0.9186649768371603,4.3951102083954945,5.326998833132422,68.06130350436281
