subject,nll,bic,model,alpha,alpha_rec,gamma,gamma_rec,beta,beta_rec,nll_rec
72-alternatives,28.74945837159623,70.20123625698423,pt,0.3127594994900882,0.31158090493583707,0.7166885519423516,1.0,11.332168389790551,6.5467272450081,29.721720324330818
