subject,nll,bic,model,alpha,alpha_rec,gamma,gamma_rec,beta,beta_rec,nll_rec
109-alternatives,34.192583445049536,81.0436900056274,pt,0.7164456546324764,1.0682617373735488,0.6866415752590345,1.0,4.097642198671315,2.0643039612953804,31.505619975992207
