subject,nll,bic,model,alpha,alpha_rec,gamma,gamma_rec,beta,beta_rec,nll_rec
29-attributes,33.7369913497221,80.21946842559228,pt,0.5843234196304773,0.39051161670957496,1.0,0.6152105510181752,4.007574104944688,12.766723394793571,29.60779874737274
