subject,nll,bic,model,alpha,alpha_rec,gamma,gamma_rec,beta,beta_rec,nll_rec
106-attributes,38.8733965240329,90.49227877421387,pt,1.7645681954810393,0.5473131002482994,0.8034330254258353,0.28,0.25011345681571645,15.060218644651117,37.83499717974291
