subject,nll,bic,model,alpha,alpha_rec,gamma,gamma_rec,beta,beta_rec,nll_rec
137-alternatives,10.694801060228912,34.1350878466059,pt,1.3695829184550092,3.5492271946578944,0.28,1.0,8.692079759754456,0.03920039466691881,15.742698823157985
