subject,nll,bic,model,alpha,alpha_rec,gamma,gamma_rec,beta,beta_rec,nll_rec
161-attributes,13.929756734576346,40.60499919530077,pt,0.30811901021916327,0.268598092654277,0.6034490629402312,0.5396118831191251,47.91310161386347,88.28097394010976,12.62288384690384
