subject,nll,bic,model,alpha,alpha_rec,gamma,gamma_rec,beta,beta_rec,nll_rec
7-attributes,30.504992232898648,73.75547019194538,pt,0.990393598975273,1.1809025231208343,1.0,0.9907618432252316,2.707944747540601,2.396837228958506,27.20334943495705
