subject,nll,bic,model,alpha,alpha_rec,gamma,gamma_rec,beta,beta_rec,nll_rec
6-alternatives,6.743964168528043,26.233414063204165,pt,0.2635951469077154,0.2648124999370794,0.5255478337733106,0.5520361853725229,200.0,200.0,4.458263952702752
