subject,nll,bic,model,alpha,alpha_rec,gamma,gamma_rec,beta,beta_rec,nll_rec
22-alternatives,29.710196884540622,72.16587949522932,pt,0.21696285022971068,0.4686186464304259,0.616134896944092,1.0,14.368457500753863,7.446212436330759,25.68771374356454
