subject,nll,bic,model,alpha,alpha_rec,gamma,gamma_rec,beta,beta_rec,nll_rec
177-alternatives,28.489661284900723,69.72480829594953,pt,0.7007769504054512,0.46589649447796627,0.7394220978179769,0.5149612845381937,6.467859629932652,19.755775450206265,24.12649183546992
