subject,nll,bic,model,alpha,alpha_rec,gamma,gamma_rec,beta,beta_rec,nll_rec
136-alternatives,24.649210491061062,62.0439067082702,pt,0.5448737049564192,0.5881318458577626,1.0,1.0,7.28069718313767,7.517968386975171,23.273694633531164
