subject,nll,bic,model,alpha,alpha_rec,gamma,gamma_rec,beta,beta_rec,nll_rec
56-attributes,3.0571768465570854,18.85983941926225,pt,0.07073412849054955,0.17885562411116268,0.3860788374734639,0.49348400645979273,200.0,200.0,2.5694805330241524
