subject,nll,bic,model,alpha,alpha_rec,gamma,gamma_rec,beta,beta_rec,nll_rec
73-alternatives,17.138683596722434,46.979686707236645,pt,0.2843369494599326,0.26636700328914065,0.5299955019627691,0.4702775552426966,49.98896022647803,84.38055514788692,13.915811380471416
