subject,nll,bic,model,alpha,alpha_rec,gamma,gamma_rec,beta,beta_rec,nll_rec
38-alternatives,25.045326839881252,62.836139405910586,pt,0.8864372940653594,0.4121934171947041,1.0,0.5368546690358483,4.724218818170764,19.896024472257242,25.063432287763394
