subject,nll,bic,model,alpha,alpha_rec,gamma,gamma_rec,beta,beta_rec,nll_rec
167-alternatives,21.700670984918354,55.31221771049307,pt,0.808893862046563,0.5592787018586199,0.6840630420694547,0.5687030438557119,5.421322731069374,13.146472690319579,19.056463645419498
