subject,nll,bic,model,alpha,alpha_rec,gamma,gamma_rec,beta,beta_rec,nll_rec
99-attributes,30.01718746223967,72.77986065062741,pt,0.5940690718727085,0.6374517223021727,0.8233480254317065,0.8861156494092429,6.110267132090405,5.021406352793571,30.914353720656408
