subject,nll,bic,model,alpha,alpha_rec,gamma,gamma_rec,beta,beta_rec,nll_rec
196-attributes,28.931980440544915,70.60944660723791,pt,1.0158484603364046,0.8086153992698992,1.0,0.7641390016073548,2.9124670283045453,7.184239476482413,23.490168175369316
