subject,nll,bic,model,alpha,alpha_rec,gamma,gamma_rec,beta,beta_rec,nll_rec
123-attributes,20.305170020091133,53.35582576633034,pt,1.2202523328041013,1.3533604127903103,1.0,1.0,3.774753534487494,2.607939010501335,20.33748575158075
