subject,nll,bic,model,alpha,alpha_rec,gamma,gamma_rec,beta,beta_rec,nll_rec
50-attributes,13.180231814286639,39.10594935472136,pt,2.1034089437872963,1.444762163850122,0.9076572346498375,0.6212192433788806,0.9582563236572932,6.442192947762528,10.006565120497461
