subject,nll,bic,model,alpha,alpha_rec,gamma,gamma_rec,beta,beta_rec,nll_rec
14-attributes,26.323171728020416,65.39182918218891,pt,0.685250516349452,0.6634280438710153,1.0,0.9576696317527721,5.487728926803109,6.314438435847922,25.122446974258036
