subject,nll,bic,model,alpha,alpha_rec,gamma,gamma_rec,beta,beta_rec,nll_rec
176-attributes,36.186842207239366,85.1191701406268,pt,0.22411129458144888,0.24481126994192698,0.38253425681439684,0.41092940199155364,26.912366334222888,21.5922577905722,36.62015709605114
