subject,nll,bic,model,alpha,alpha_rec,gamma,gamma_rec,beta,beta_rec,nll_rec
84-attributes,31.18019412627325,75.10587397869458,pt,0.9407720982222417,0.6872673886751088,0.9937175446658252,0.6502519934294912,2.8123391024411157,6.8504010771743005,29.07008606479428
