subject,nll,bic,model,alpha,alpha_rec,gamma,gamma_rec,beta,beta_rec,nll_rec
34-attributes,37.06430725929172,86.60526376866247,pt,0.3734434048063999,0.3637071131505046,0.36597101628811346,0.3609138250407694,13.974094336020833,18.478135981123653,34.453317928529025
