subject,nll,bic,model,alpha,alpha_rec,gamma,gamma_rec,beta,beta_rec,nll_rec
81-alternatives,26.546227810692233,65.79477513517625,pt,0.8348776060899963,0.962673925824987,1.0,1.0,4.430321295529988,3.249090877697069,28.52152566216085
