subject,nll,bic,model,alpha,alpha_rec,gamma,gamma_rec,beta,beta_rec,nll_rec
17-attributes,38.572873263513394,89.80426964255511,pt,0.3408113461228239,0.2595151515355722,0.5464416495260136,0.3940430621183372,8.44042729652334,17.20123032362084,39.01588497813785
