subject,nll,bic,model,alpha,alpha_rec,gamma,gamma_rec,beta,beta_rec,nll_rec
160-attributes,29.819359897030736,72.34103930785325,pt,0.32674753914347426,0.4271193452903123,0.49733534948368674,0.558975608512173,19.770399438117355,12.41674706514419,30.838564680251473
