subject,nll,bic,model,alpha,alpha_rec,gamma,gamma_rec,beta,beta_rec,nll_rec
140-attributes,21.126056553634804,54.99759883341768,pt,0.3812009748990429,0.2521938932877984,1.0,1.0,9.8199962328523,11.285208792808264,18.50968091219238
