subject,nll,bic,model,alpha,alpha_rec,gamma,gamma_rec,beta,beta_rec,nll_rec
58-alternatives,31.09077481176781,74.7505138496149,pt,0.5752157492538303,0.4581093801730253,1.0,1.0,4.5957496299633345,6.083693817234762,28.391201646019745
