subject,nll,bic,model,alpha,alpha_rec,gamma,gamma_rec,beta,beta_rec,nll_rec
180-attributes,30.741735799122395,74.22895732439287,pt,0.25356131889744954,0.18660632241559294,0.47697255016316176,0.362768090049843,23.82317713996148,49.23222359512489,30.0819688314679
