subject,nll,bic,model,alpha,alpha_rec,gamma,gamma_rec,beta,beta_rec,nll_rec
113-attributes,28.162903216740858,69.07129215962979,pt,1.8466213725248615,3.1306243919793793,0.7418200258984751,0.9284522071295023,0.43267007031849003,0.037076878049335335,25.446160088849393
