subject,nll,bic,model,alpha,alpha_rec,gamma,gamma_rec,beta,beta_rec,nll_rec
103-alternatives,25.63447746806799,64.01444066228406,pt,0.49709678314866,0.42918780210676916,1.0,1.0,7.255276890564669,9.997667529147686,20.74818324375397
