subject,nll,bic,model,alpha,alpha_rec,gamma,gamma_rec,beta,beta_rec,nll_rec
88-alternatives,12.354533021734078,37.45455176961623,pt,0.2724122098391489,0.3241187321830688,0.4169318737260779,0.4694509827493519,107.09964368286361,57.815196738293835,14.798637717683075
