subject,nll,bic,model,alpha,alpha_rec,gamma,gamma_rec,beta,beta_rec,nll_rec
44-alternatives,14.611464245729389,41.968414217606856,pt,0.3202690122367885,0.3254323443848495,1.0,1.0,15.25468840136126,13.108475169590735,17.03692994081542
