subject,nll,bic,model,alpha,alpha_rec,gamma,gamma_rec,beta,beta_rec,nll_rec
5-attributes,16.386144105036927,45.51777393622193,pt,0.7961941191037795,0.7735793129771813,0.3477144573280393,0.307915913992512,23.443072244730093,19.42602823645078,21.85007976399609
