subject,nll,bic,model,alpha,alpha_rec,gamma,gamma_rec,beta,beta_rec,nll_rec
75-alternatives,30.719300059739563,74.18408584562721,pt,0.27295913152752393,0.3279765546609362,1.0,1.0,6.419563809631218,4.796793731473688,35.49826216465683
