subject,nll,bic,model,alpha,alpha_rec,gamma,gamma_rec,beta,beta_rec,nll_rec
13-attributes,42.33371914155447,97.41292400925701,pt,0.38799518525425847,0.42965845003428677,0.38434292453098207,0.48219431516851635,10.169163508818182,8.79412103939384,38.8424467034918
