subject,nll,bic,model,alpha,alpha_rec,gamma,gamma_rec,beta,beta_rec,nll_rec
111-alternatives,28.422744655067493,69.59097503628307,pt,1.0966166592494362,1.0408717370858582,0.775402226525119,0.9203912285107494,2.643709475488314,3.067430024138402,28.42113983965098
