subject,nll,bic,model,alpha,alpha_rec,gamma,gamma_rec,beta,beta_rec,nll_rec
188-attributes,21.353418484239636,55.452322694627355,pt,1.2473740391215047,1.1856383169946636,1.0,1.0,3.222988736652839,6.054697096644131,15.92035553037048
