subject,nll,bic,model,alpha,alpha_rec,gamma,gamma_rec,beta,beta_rec,nll_rec
129-alternatives,29.74125562776898,72.22799698168603,pt,1.0358607455200022,1.0374224482908476,1.0,1.0,2.7612928778636827,3.5194171737073505,26.305842422770084
