subject,nll,bic,model,alpha,alpha_rec,gamma,gamma_rec,beta,beta_rec,nll_rec
62-attributes,19.973149247585187,52.69178422131846,pt,0.2628030219870027,0.24730404422997285,0.4924617323460832,0.44022925532047774,48.31800400481212,91.36903832665774,15.557740040040292
