subject,nll,bic,model,alpha,alpha_rec,gamma,gamma_rec,beta,beta_rec,nll_rec
135-alternatives,36.30022253136934,85.34593078888676,pt,1.8293119504805868,2.4809638827776284,0.6993959225592175,0.8781442229742429,0.2645475092041258,0.11167791698421052,29.109017806603536
