subject,nll,bic,model,alpha,alpha_rec,gamma,gamma_rec,beta,beta_rec,nll_rec
52-alternatives,6.514118070004274,25.773721866156627,pt,0.13268328665714252,0.07884566293100918,0.45590273502102635,0.3746801335968097,112.65597523493946,200.0,4.890802697975618
