subject,nll,bic,model,alpha,alpha_rec,gamma,gamma_rec,beta,beta_rec,nll_rec
98-attributes,29.035569048666357,70.8166238234808,pt,0.5481225318060212,1.0170240394870789,0.7106948702402834,1.0,8.224754398212378,2.442004998177326,31.258018144510757
