subject,nll,bic,model,alpha,alpha_rec,gamma,gamma_rec,beta,beta_rec,nll_rec
44-attributes,12.799285185071724,38.344056096291524,pt,0.32943559989954285,0.3768083690785749,0.8263382503627494,1.0,23.564445068416656,16.68361337839872,12.718936447206312
