subject,nll,bic,model,alpha,alpha_rec,gamma,gamma_rec,beta,beta_rec,nll_rec
12-attributes,32.34924083449003,77.40080118277184,pt,0.5498693123280122,0.5411383439811808,1.0,1.0,4.5429412581320685,2.5867689147057615,40.33147694223996
