subject,nll,bic,model,alpha,alpha_rec,gamma,gamma_rec,beta,beta_rec,nll_rec
59-attributes,33.859230102746984,80.42077971928575,pt,0.5555624843849831,0.40173906862937664,0.5391923085305493,0.4189266788787393,7.526425661864983,11.129532886840838,38.659086208081796
