subject,nll,bic,model,alpha,alpha_rec,gamma,gamma_rec,beta,beta_rec,nll_rec
138-alternatives,-6.999996499426464e-05,12.74534572621809,pt,3.0324874383027725,3.0324874383027725,0.34416343687221884,0.34416343687221884,71.44878635900054,71.44878635900054,-6.999996499426464e-05
