subject,nll,bic,model,alpha,alpha_rec,gamma,gamma_rec,beta,beta_rec,nll_rec
7-alternatives,35.48544824655663,83.71638221926133,pt,0.7768668516613852,0.7855114228504086,1.0,1.0,2.8441720507054753,3.7701855466134777,31.026699079409436
