subject,nll,bic,model,alpha,alpha_rec,gamma,gamma_rec,beta,beta_rec,nll_rec
126-attributes,28.053907475533045,68.85330067721416,pt,0.5507351939536829,0.5996458587383844,1.0,1.0,5.798216885338196,9.074394105497705,19.44168738591025
