subject,nll,bic,model,alpha,alpha_rec,gamma,gamma_rec,beta,beta_rec,nll_rec
20-attributes,20.082903962235516,52.911293650619115,pt,0.43393395367169263,0.2744165235340372,0.9091966401624486,0.5027159192398153,11.384517317218421,60.62654435967591,16.214312108617282
