subject,nll,bic,model,alpha,alpha_rec,gamma,gamma_rec,beta,beta_rec,nll_rec
112-alternatives,8.273066154365738,29.291618034879555,pt,0.24842541010693586,0.23939546393525962,0.4710039098070329,0.44680439842382397,200.0,200.0,8.13238855646341
