subject,nll,bic,model,alpha,alpha_rec,gamma,gamma_rec,beta,beta_rec,nll_rec
46-attributes,21.61356139745893,55.972608521065936,pt,0.2894111878609795,0.3204676952417962,0.45292914767394243,0.47333605318347016,44.275783759496285,34.652401922428524,22.623418910445874
