subject,nll,bic,model,alpha,alpha_rec,gamma,gamma_rec,beta,beta_rec,nll_rec
87-attributes,23.677417275762227,60.10032027767254,pt,0.27888061075989884,0.23801046706460718,0.6695905601328332,0.46939638942564266,17.25968188566342,29.632740974538876,28.273120089524355
