subject,nll,bic,model,alpha,alpha_rec,gamma,gamma_rec,beta,beta_rec,nll_rec
163-alternatives,35.97250595822689,84.64733143024556,pt,0.577993508789722,0.9047780600301074,0.5030704225882284,0.7112238181004503,6.838657051160131,3.4724869892934604,30.845758834579954
