subject,nll,bic,model,alpha,alpha_rec,gamma,gamma_rec,beta,beta_rec,nll_rec
141-attributes,13.458693827470182,39.662873381088446,pt,0.25081934956808416,0.26573206398779037,0.5096972470462324,0.5083830560356459,102.95713366571482,70.71275253785748,15.370359924278223
