subject,nll,bic,model,alpha,alpha_rec,gamma,gamma_rec,beta,beta_rec,nll_rec
125-alternatives,15.745999837708263,44.237485401564605,pt,0.30894568435299713,0.30883702288827397,0.6261039973805799,0.6406929022786961,37.609114076958555,67.46152131716923,9.184244896826522
