subject,nll,bic,model,alpha,alpha_rec,gamma,gamma_rec,beta,beta_rec,nll_rec
194-attributes,29.839720895576253,72.38176130494429,pt,0.6112397040634383,0.8239595417091943,0.8339694983672036,1.0,5.703681169800995,4.887388058650566,24.651211829280687
