subject,nll,bic,model,alpha,alpha_rec,gamma,gamma_rec,beta,beta_rec,nll_rec
73-attributes,18.248807307575994,49.19993412894377,pt,0.29965973145541064,0.27595805277523644,0.5352253018013332,0.44705754344176574,40.78107685268853,69.1786744006913,15.988702531125389
