subject,nll,bic,model,alpha,alpha_rec,gamma,gamma_rec,beta,beta_rec,nll_rec
27-attributes,22.32512368502073,57.395733096189545,pt,1.072746086894727,1.0516576107346998,1.0,1.0,4.386547248765622,2.981424242506204,27.790947170637587
