subject,nll,bic,model,alpha,alpha_rec,gamma,gamma_rec,beta,beta_rec,nll_rec
106-alternatives,35.70156797675461,84.105455467301,pt,1.3105614879222625,1.546678098067609,0.60837940453208,0.8238430034676529,0.9275399243566452,0.6801146286255381,32.11360495355395
