subject,nll,bic,model,alpha,alpha_rec,gamma,gamma_rec,beta,beta_rec,nll_rec
79-alternatives,28.60891987635616,69.9633254788604,pt,0.2756930391848899,0.27584193652567024,1.0,0.9873485111575119,7.149759416620147,6.401030372139964,31.03131515518016
