subject,nll,bic,model,alpha,alpha_rec,gamma,gamma_rec,beta,beta_rec,nll_rec
36-alternatives,63.796537242622634,142.37483554071687,pt,0.2877376376055376,0.23195760035214175,0.5031372635836284,0.49180031116959094,19.01316410196815,18.110090903323922,67.59281394229001
