subject,nll,bic,model,alpha,alpha_rec,gamma,gamma_rec,beta,beta_rec,nll_rec
75-attributes,12.248328674599835,37.24214307534775,pt,0.23609590793520305,0.24901222140618737,0.5398140879915189,0.5444530536103594,82.83711142853561,69.20015454405058,14.428676977480428
