subject,nll,bic,model,alpha,alpha_rec,gamma,gamma_rec,beta,beta_rec,nll_rec
18-alternatives,25.540897377595634,63.82728048133934,pt,0.8867041009981375,1.0213310712712693,1.0,1.0,4.58123330993399,4.394223813941578,23.535275144880746
