subject,nll,bic,model,alpha,alpha_rec,gamma,gamma_rec,beta,beta_rec,nll_rec
23-attributes,22.418230936388998,57.58194759892608,pt,0.47466345882593025,0.4948025774675421,1.0,1.0,8.466884712522958,11.445310156289523,16.907731433330202
