subject,nll,bic,model,alpha,alpha_rec,gamma,gamma_rec,beta,beta_rec,nll_rec
102-attributes,22.92094252416377,58.587370774475616,pt,0.8392089077050462,0.8924147242325313,1.0,0.863649224983053,5.561809689494818,7.835939764835057,19.28456332168528
