subject,nll,bic,model,alpha,alpha_rec,gamma,gamma_rec,beta,beta_rec,nll_rec
25-alternatives,23.68767980795872,60.12084534206552,pt,1.167787095169513,1.2923004912682612,1.0,1.0,3.326395228919795,3.7237513845436467,18.292642066567936
