subject,nll,bic,model,alpha,alpha_rec,gamma,gamma_rec,beta,beta_rec,nll_rec
55-attributes,26.868241134134166,66.43880178206011,pt,0.6865071284959673,0.6474704551089018,0.6333077213633656,0.7039735984208614,8.02662711509083,5.079504083486823,33.2323436009838
