subject,nll,bic,model,alpha,alpha_rec,gamma,gamma_rec,beta,beta_rec,nll_rec
94-alternatives,25.189309718953776,63.124105164055635,pt,0.9605746970663424,0.6363224646731396,1.0,0.6633065876808545,4.255265798252385,17.39473586066558,16.548380725733
