subject,nll,bic,model,alpha,alpha_rec,gamma,gamma_rec,beta,beta_rec,nll_rec
198-alternatives,24.6675858441144,62.08065741437687,pt,0.6638865848981355,0.5367730114930326,1.0,0.6781815091018562,6.396490390203447,12.784031412706986,23.10588549467875
