subject,nll,bic,model,alpha,alpha_rec,gamma,gamma_rec,beta,beta_rec,nll_rec
129-attributes,32.370188063281475,77.48586185271103,pt,0.5069530083009837,0.3483340767362647,0.5565351263661547,0.37379511121100195,9.522788848822458,23.081866704139742,33.67486638375088
