subject,nll,bic,model,alpha,alpha_rec,gamma,gamma_rec,beta,beta_rec,nll_rec
139-attributes,27.803158839320737,68.30863719243325,pt,1.0518098641736242,1.0041785740437932,1.0,1.0,2.825457543358039,4.651738839708096,22.143072476812783
