subject,nll,bic,model,alpha,alpha_rec,gamma,gamma_rec,beta,beta_rec,nll_rec
90-alternatives,14.117848886266097,40.981183498680274,pt,0.29292949272428553,0.2735445076818159,0.587014426677385,0.552520157274481,53.83014488586979,61.86338132567334,14.981230652104925
