subject,nll,bic,model,alpha,alpha_rec,gamma,gamma_rec,beta,beta_rec,nll_rec
171-attributes,31.63186412750165,76.00921398115138,pt,0.7610169893219658,0.8260996386596049,0.6476555671297545,0.6396470159388116,4.848685797935515,7.100753594794065,24.26601805917545
