subject,nll,bic,model,alpha,alpha_rec,gamma,gamma_rec,beta,beta_rec,nll_rec
25-attributes,20.514646082917885,53.774777891983845,pt,0.8684611253725346,0.7260125211323923,0.784340681765154,0.7327106568373258,8.092389024460875,10.473647414698245,20.27883552030031
