subject,nll,bic,model,alpha,alpha_rec,gamma,gamma_rec,beta,beta_rec,nll_rec
127-alternatives,22.469734145698027,57.68495401754413,pt,0.7496789532117489,0.6136335497743892,1.0,0.7156510347765156,6.504504662080666,12.85597275896161,19.92864117817877
