subject,nll,bic,model,alpha,alpha_rec,gamma,gamma_rec,beta,beta_rec,nll_rec
120-alternatives,23.8966899352029,60.538865596553876,pt,0.5762332658050567,0.5685972933022877,1.0,0.9982575187156058,7.350105269618613,6.3025289952494665,26.920806077086546
