subject,nll,bic,model,alpha,alpha_rec,gamma,gamma_rec,beta,beta_rec,nll_rec
117-alternatives,15.929955498251442,44.605396722650966,pt,0.3900284984969405,0.5692598321416572,0.8506846505358573,1.0,17.37135379839713,64.29005511773836,5.0831424122659286
