subject,nll,bic,model,alpha,alpha_rec,gamma,gamma_rec,beta,beta_rec,nll_rec
74-alternatives,30.36241376390072,73.15423170697603,pt,0.3435850956934411,0.0,1.0,1.0,4.993089267511774,5.172904743355021,32.215946227168935
