subject,nll,bic,model,alpha,alpha_rec,gamma,gamma_rec,beta,beta_rec,nll_rec
87-alternatives,26.067970883537917,64.88142749322391,pt,0.3840833178140743,0.3321286381630968,0.7274160678235099,0.698610251573616,12.502572370801259,18.809195779355395,21.319604284685933
