subject,nll,bic,model,alpha,alpha_rec,gamma,gamma_rec,beta,beta_rec,nll_rec
47-attributes,-6.992152077350605e-05,12.745345883106532,pt,4.180490346961108e-05,4.180490346961108e-05,0.9996590459770911,0.9996590459770911,199.9553292722169,199.9553292722169,-6.992152077350605e-05
