subject,nll,bic,model,alpha,alpha_rec,gamma,gamma_rec,beta,beta_rec,nll_rec
16-attributes,22.541794443738393,57.82907461362487,pt,0.528535207454002,0.505937102170527,1.0,1.0,8.011616330747154,12.89101925141837,15.084295816761145
