subject,nll,bic,model,alpha,alpha_rec,gamma,gamma_rec,beta,beta_rec,nll_rec
131-alternatives,31.041066047219676,74.82761782058743,pt,0.5597550504937485,0.5855070092162736,0.5518591962350853,0.4383136438310445,9.530580347839889,12.812875306503297,28.663609225832985
