subject,nll,bic,model,alpha,alpha_rec,gamma,gamma_rec,beta,beta_rec,nll_rec
47-alternatives,-6.076692179629069e-05,12.702197979948185,pt,0.06809485117415445,0.06809485117415445,1.0,1.0,199.99849022318696,199.99849022318696,-6.076692179629069e-05
