subject,nll,bic,model,alpha,alpha_rec,gamma,gamma_rec,beta,beta_rec,nll_rec
29-alternatives,35.63817301430244,84.02183175475295,pt,0.37199905222072005,0.33330804394700764,0.708548628197543,0.7221292237752903,7.44921713101943,11.83204875926231,28.055026976769998
