subject,nll,bic,model,alpha,alpha_rec,gamma,gamma_rec,beta,beta_rec,nll_rec
30-alternatives,23.51924726766592,59.783980261479925,pt,0.3961456272202863,0.3393542805034062,0.6491574402562571,0.5691137263694929,16.982363696221086,32.2666125380349,18.35767958011957
