subject,nll,bic,model,alpha,alpha_rec,gamma,gamma_rec,beta,beta_rec,nll_rec
142-alternatives,25.230794411312914,63.2070745487739,pt,0.43453701286360624,0.48668350882380484,0.5916391337804601,0.6336642353748073,16.34842062472167,13.374832819568343,25.381004131902138
