subject,nll,bic,model,alpha,alpha_rec,gamma,gamma_rec,beta,beta_rec,nll_rec
4-alternatives,42.183750118901784,97.11298596395164,pt,0.44616021238941667,1.2450249486211065,0.28,0.5844450167364895,15.558675134974429,0.9886992305167522,37.83838987882652
