subject,nll,bic,model,alpha,alpha_rec,gamma,gamma_rec,beta,beta_rec,nll_rec
175-alternatives,17.42509606065375,47.595677847455576,pt,1.0961896019724588,0.9766484224366637,1.0,0.8535119605754764,6.344816486741661,10.143181353616047,15.931848256033067
