subject,nll,bic,model,alpha,alpha_rec,gamma,gamma_rec,beta,beta_rec,nll_rec
17-alternatives,34.48487450787539,81.6282721312791,pt,0.3527480947549332,0.29212580371627733,0.46165408465815544,0.4044051053763903,15.044970118832705,22.237658160178018,34.509247513260924
