subject,nll,bic,model,alpha,alpha_rec,gamma,gamma_rec,beta,beta_rec,nll_rec
10-attributes,30.00961170359244,72.76470913333296,pt,0.369758711654807,0.22854777358658787,0.7243620035803808,0.5617085712688317,9.837043971246342,20.734554926893072,26.591086130736148
