subject,nll,bic,model,alpha,alpha_rec,gamma,gamma_rec,beta,beta_rec,nll_rec
150-alternatives,33.9556421002607,80.61360371431317,pt,0.5788414856376488,0.48060302152539097,0.4467643287475169,0.36453109742473444,8.882900689925489,21.780478135338164,28.040297313083006
