subject,nll,bic,model,alpha,alpha_rec,gamma,gamma_rec,beta,beta_rec,nll_rec
42-attributes,17.10348536917568,46.952456464499434,pt,0.27883858431632697,0.2853967050465615,0.5278478811750158,0.5104700057918455,51.19583798722203,63.07633930211697,14.582597260701297
