subject,nll,bic,model,alpha,alpha_rec,gamma,gamma_rec,beta,beta_rec,nll_rec
59-alternatives,32.11696826858089,76.97942226330986,pt,0.4403613255475141,0.35549914909190083,0.39512897366879546,0.3899254774842309,17.93412028648069,36.12550749515752,25.367980020662955
