subject,nll,bic,model,alpha,alpha_rec,gamma,gamma_rec,beta,beta_rec,nll_rec
151-alternatives,23.966165925507017,60.677817577162116,pt,0.47899976455421256,0.4098079745304682,1.0,1.0,8.053325774215049,11.678972112450987,18.249387492662883
