subject,nll,bic,model,alpha,alpha_rec,gamma,gamma_rec,beta,beta_rec,nll_rec
146-attributes,21.7241494007604,56.19378452766888,pt,0.5229591567171098,0.5180983299220169,1.0,0.8716286737775171,8.427166507688439,11.401597239338235,19.87039710529342
