subject,nll,bic,model,alpha,alpha_rec,gamma,gamma_rec,beta,beta_rec,b_last,b_last_rec,nll_rec
133,33.40341173056808,86.51583820176498,pt_b-last,0.2559242388236766,0.281531033871341,0.5336038713880223,0.6504812138221014,54.95323435898395,31.20454127960751,-0.007602561604311579,-0.009976908404649643,32.68860965128657
