subject,nll,bic,model,alpha,alpha_rec,gamma,gamma_rec,beta,beta_rec,b_last,b_last_rec,nll_rec
174,48.50503374731005,116.77663718505733,pt_b-last,0.9676262710912622,0.9415671420768457,0.8853120600495276,0.8316435399517892,4.7942249561583905,8.06655675349253,-0.06316477439491876,-0.07088198022469039,37.05225293534217
