subject,nll,bic,model,alpha,alpha_rec,gamma,gamma_rec,beta,beta_rec,b_last,b_last_rec,nll_rec
184,9.9041226350381,39.574814960513415,pt_b-last,0.07182620128612215,0.07993387153473433,0.8470466586914922,1.0,32.68916214501706,36.08977814759435,-0.022668056386511832,-0.04854613310852228,8.66372904974246
