subject,nll,bic,model,alpha,alpha_rec,gamma,gamma_rec,beta,beta_rec,b_last,b_last_rec,nll_rec
38,56.625801611404555,133.01817291324633,pt_b-last,0.5974754995910951,0.5905742152381642,0.7309015586869682,0.7627335470686651,7.819460292182576,9.153573029984594,-0.05163215561210032,-0.0942378075600125,49.56587395727192
