subject,nll,bic,model,alpha,alpha_rec,gamma,gamma_rec,beta,beta_rec,b_last,b_last_rec,nll_rec
16,41.847818026913856,103.46220574426493,pt_b-last,0.5227194334170062,0.4364063326741915,1.0,1.0,8.841315953470204,11.960431673710044,0.03809369365668258,0.0592928036520169,33.79869259887136
