subject,nll,bic,model,alpha,alpha_rec,gamma,gamma_rec,beta,beta_rec,b_last,b_last_rec,nll_rec
93,78.55549333564092,176.87755636171906,pt_b-last,0.9263256502188838,0.9180749933133607,1.0,1.0,1.4992252875783405,1.8742218437434817,0.12499244243627666,0.13308924922299167,73.39324198362408
