subject,nll,bic,model,alpha,alpha_rec,gamma,gamma_rec,beta,beta_rec,b_last,b_last_rec,nll_rec
26,25.803431743495747,71.37343317742871,pt_b-last,0.20043290145217038,0.21187925721731787,0.6335913441209646,0.695977960877083,33.55456251944838,30.14757637330979,-0.014998559651179522,-0.008933766934503812,22.915539341452174
