subject,nll,bic,model,alpha,alpha_rec,gamma,gamma_rec,beta,beta_rec,b_last,b_last_rec,nll_rec
50,36.884173573101904,93.53491683664103,pt_b-last,2.2266091464594435,2.3389115956091313,0.9864179062813297,1.0,0.42431252298662187,0.38948865344668687,0.9209591256441236,1.0,34.55343449629635
