subject,nll,bic,model,alpha,alpha_rec,gamma,gamma_rec,beta,beta_rec,b_last,b_last_rec,nll_rec
197,2.9811321861981264,25.642188075708752,pt_b-last,0.07267289940675317,0.07267285233537339,0.4428534521702432,0.44285335790715563,200.0,200.0,0.012548001142814442,0.012547985790186508,2.9811321861980296
