subject,nll,bic,model,alpha,alpha_rec,gamma,gamma_rec,beta,beta_rec,b_last,b_last_rec,nll_rec
188,43.905229686072985,107.5770290625832,pt_b-last,1.379428330913641,1.2758707812046497,1.0,0.8697290467475975,2.1399003609644422,2.1908544252359348,0.10558018805370253,-0.0745632825366981,48.94966520733142
