subject,nll,bic,model,alpha,alpha_rec,gamma,gamma_rec,beta,beta_rec,b_last,b_last_rec,nll_rec
103,50.32623750791315,120.41904470626352,pt_b-last,0.49247085065833,0.41045391095341344,1.0,0.8540371137608926,7.358156891352104,12.39369406570822,-0.010502747820180541,0.008735157934952716,41.65805945439522
