subject,nll,bic,model,alpha,alpha_rec,gamma,gamma_rec,beta,beta_rec,b_last,b_last_rec,nll_rec
56,22.255466714394302,64.27750311922583,pt_b-last,0.15815033429914654,0.153439877434959,0.5197928808521242,0.47620638061882054,54.62739538153841,109.66149112843159,0.0007173526646372734,-0.007163041003624753,13.782464575115606
