subject,nll,bic,model,alpha,alpha_rec,gamma,gamma_rec,beta,beta_rec,b_last,b_last_rec,nll_rec
95,57.283387553527284,134.33334479749178,pt_b-last,0.38198599476747686,0.4711605666141503,0.39723314887485167,0.5058945672789923,25.770333872302018,20.210139549795457,0.0022093178381114276,-0.011838995866696182,47.53691782243216
