subject,nll,bic,model,alpha,alpha_rec,gamma,gamma_rec,beta,beta_rec,b_last,b_last_rec,nll_rec
175,45.55899379484654,110.85588332221585,pt_b-last,0.922557248877676,0.9074164231699949,0.9586258081723694,1.0,5.143283241332071,7.339445891458191,0.08328582001417599,0.1388582623462412,33.88495435086566
