subject,nll,bic,model,alpha,alpha_rec,gamma,gamma_rec,beta,beta_rec,b_last,b_last_rec,nll_rec
45,30.07821186728373,79.92299342500468,pt_b-last,1.1275922581998232,1.0104415514817109,0.3572549419933154,0.28,8.744567785818054,15.272385732894186,0.004742995671550506,0.011828054822780286,32.5560776135777
