subject,nll,bic,model,alpha,alpha_rec,gamma,gamma_rec,beta,beta_rec,b_last,b_last_rec,nll_rec
195,39.43323514414527,98.63303997872777,pt_b-last,0.40978626988323846,0.3848821250575166,0.9709338482754158,1.0,11.066674276939052,9.629028834055614,-0.019073988355514798,-0.02507059242007495,43.97758069660745
