subject,nll,bic,model,alpha,alpha_rec,gamma,gamma_rec,beta,beta_rec,b_last,b_last_rec,nll_rec
7,66.41671200568328,152.59999370180378,pt_b-last,0.8832554137359617,0.904230399358336,1.0,1.0,2.7663376982110925,2.6656875660038866,-0.07774192303952694,-0.09749132048185662,66.47026122186051
