subject,nll,bic,model,alpha,alpha_rec,gamma,gamma_rec,beta,beta_rec,b_last,b_last_rec,nll_rec
125,29.830113751089463,79.42679719261614,pt_b-last,0.30797017384550535,0.36167134947680984,0.612812935256004,0.6997153248144187,42.42077332806736,30.160327278907594,0.0001315085336194115,0.0039192669413368915,28.420888053215943
