subject,nll,bic,model,alpha,alpha_rec,gamma,gamma_rec,beta,beta_rec,b_last,b_last_rec,nll_rec
94,57.24948922201214,134.26554813446148,pt_b-last,0.7651326152347933,0.6156450564454126,0.7839183806465302,0.6038983984553923,5.3689926093260105,9.285713557797314,0.005617107361989403,-0.020094277980103284,56.04592840929439
