subject,nll,bic,model,alpha,alpha_rec,gamma,gamma_rec,beta,beta_rec,b_last,b_last_rec,nll_rec
115,22.816259878160167,65.39908944675756,pt_b-last,0.8012378763185106,0.6549721627118964,0.8854876587890032,0.8342311131355264,15.478453555285466,15.447117178468167,0.018039313446942658,0.05553717938669326,26.439921622838508
