subject,nll,bic,model,alpha,alpha_rec,gamma,gamma_rec,beta,beta_rec,b_last,b_last_rec,nll_rec
96,52.218890788195054,124.17567730891287,pt_b-last,0.7258474152603465,0.7252230017353648,0.9466917411182361,1.0,5.598426350216344,4.921433356279697,-0.006967477969213165,0.028989567767296998,54.65199160391249
