subject,nll,bic,model,alpha,alpha_rec,gamma,gamma_rec,beta,beta_rec,b_last,b_last_rec,nll_rec
127,56.1383949307832,132.01468559408917,pt_b-last,0.5319782214082511,0.6322623810118488,0.6382290686376756,0.7426884915742694,9.963557877492216,7.381209211909332,0.024108324918475917,-0.005078705226479592,55.371604248957034
