subject,nll,bic,model,alpha,alpha_rec,gamma,gamma_rec,beta,beta_rec,b_last,b_last_rec,nll_rec
128,72.58241229507354,164.8738393307759,pt_b-last,0.6558419838036649,0.8907033533240188,1.0,1.0,3.112661282193608,2.279861403659431,-0.03400097105992449,-0.21944545178943728,70.23109784140638
