subject,nll,bic,model,alpha,alpha_rec,gamma,gamma_rec,beta,beta_rec,b_last,b_last_rec,nll_rec
97,45.14388186491833,110.05433342027388,pt_b-last,0.29132026496188107,0.2593171037659882,0.5066979903046426,0.4573709411457792,34.23393664831014,75.4838293534383,0.006677377561383275,-0.0025030245331338226,32.38723779177115
