subject,nll,bic,model,alpha,alpha_rec,gamma,gamma_rec,beta,beta_rec,b_last,b_last_rec,nll_rec
52,19.27264308446813,58.31185585937347,pt_b-last,0.05774291863951466,0.12793705891512744,0.4055088633567782,0.46266126743147956,94.00409462035029,59.010765215147295,-0.0026891332666996223,-0.0052761634723213074,27.71680127174389
