subject,nll,bic,model,alpha,alpha_rec,gamma,gamma_rec,beta,beta_rec,b_last,b_last_rec,nll_rec
135,77.8247115107502,175.41599271193763,pt_b-last,1.3976526234783528,1.4083496440536167,0.5381807405728687,0.5193619055073797,0.5672541133105042,0.6670708695873124,0.6049818359231425,0.45685937576740593,74.10300799499356
