subject,nll,bic,model,alpha,alpha_rec,gamma,gamma_rec,beta,beta_rec,b_last,b_last_rec,nll_rec
155,50.388215060190724,120.54299981081866,pt_b-last,0.17438902388289335,0.16319813329220845,0.42398809772389096,0.42046689439323753,42.939226278674205,58.008244918320436,0.008514689301220874,0.010066983932807538,40.48344828899404
