subject,nll,bic,model,alpha,alpha_rec,gamma,gamma_rec,beta,beta_rec,b_last,b_last_rec,nll_rec
89,82.69117464354423,185.14891897752568,pt_b-last,0.910854888907642,0.7656736001772715,0.5726858128442387,0.682339970415891,1.441150126046266,2.246836742314508,0.2610853284374583,0.13710825887131867,80.17392411503116
