subject,nll,bic,model,alpha,alpha_rec,gamma,gamma_rec,beta,beta_rec,b_last,b_last_rec,nll_rec
12,62.57621649081895,144.89032871416066,pt_b-last,0.5019987912060316,0.4951840227354548,0.8738267567104806,0.8921250948226681,5.856425701081283,4.464312935872253,0.0609512707241555,0.07779686675894322,70.16776274698174
