subject,nll,bic,model,alpha,alpha_rec,gamma,gamma_rec,beta,beta_rec,b_last,b_last_rec,nll_rec
44,27.952779146387392,75.672127983212,pt_b-last,0.3440851691946047,0.3346264380115654,0.9827329057177595,1.0,16.108042106060697,23.14763160122272,0.009103800745656147,0.023500367587078047,18.703434778485306
