subject,nll,bic,model,alpha,alpha_rec,gamma,gamma_rec,beta,beta_rec,b_last,b_last_rec,nll_rec
150,59.25557934279294,138.2201734262147,pt_b-last,0.5765205914750621,0.6962637032134639,0.5058234795957969,0.5664869892580969,9.279906251198357,7.055627157994044,0.05962894104353144,0.11146742978821854,54.071005668232445
