subject,nll,bic,model,alpha,alpha_rec,gamma,gamma_rec,beta,beta_rec,b_last,b_last_rec,nll_rec
141,30.999927347177362,81.76642438479195,pt_b-last,0.23399884963456274,0.21630818082630823,0.4717420330558399,0.41913586753639387,88.74883331916517,138.865140165238,-0.00644326392381699,-0.004186365751004698,26.639699225346128
