subject,nll,bic,model,alpha,alpha_rec,gamma,gamma_rec,beta,beta_rec,b_last,b_last_rec,nll_rec
81,54.127019604728794,127.99193494198036,pt_b-last,0.9468670744416989,0.74854412607161,1.0,0.7772380076877177,3.681486446736908,7.658836608473361,0.012370543103816052,-0.03931641016665521,46.982910384824244
