subject,nll,bic,model,alpha,alpha_rec,gamma,gamma_rec,beta,beta_rec,b_last,b_last_rec,nll_rec
48,54.4776291031814,128.72182789680002,pt_b-last,1.2464340817290245,1.2977694543306009,1.0,1.0,2.0670480975295433,1.3892177426064707,0.0672914228423667,-0.16804254515411912,62.792185601425146
