subject,nll,bic,model,alpha,alpha_rec,gamma,gamma_rec,beta,beta_rec,b_last,b_last_rec,nll_rec
154,22.2780345677776,64.32263882599241,pt_b-last,0.17761316754685133,0.04677032061198942,0.6806733752227697,0.641641553180997,29.176634777046864,34.566530143483156,0.013076385194202464,-0.0012863291922713563,15.960880927971424
