subject,nll,bic,model,alpha,alpha_rec,gamma,gamma_rec,beta,beta_rec,b_last,b_last_rec,nll_rec
164,41.07696104956686,101.92049178957095,pt_b-last,0.6951452347175732,0.7024965192725139,1.0,1.0,7.730871951050235,8.040722338861961,-0.03859698085316541,-0.008566834039206732,39.32892697481297
