subject,nll,bic,model,alpha,alpha_rec,gamma,gamma_rec,beta,beta_rec,b_last,b_last_rec,nll_rec
113,61.04750565618221,141.83290704488718,pt_b-last,2.1454418569362286,1.11077993478037,0.6807024848963679,0.42195429528725875,0.17945664341862919,2.5885118411348924,1.0,0.057906431657216116,61.62194681561132
