subject,nll,bic,model,alpha,alpha_rec,gamma,gamma_rec,beta,beta_rec,b_last,b_last_rec,nll_rec
36,137.28130082330753,297.0730861013776,pt_b-last,0.32288665200200023,0.45666496941461343,0.6466862450446293,1.0,9.31806671573125,4.8255983408407745,0.017567152669328106,0.021847718190507244,132.16707965309925
