subject,nll,bic,model,alpha,alpha_rec,gamma,gamma_rec,beta,beta_rec,b_last,b_last_rec,nll_rec
39,58.78311449425984,137.3327986789569,pt_b-last,0.9153333362107982,1.0929303525040197,0.8022420804068433,1.0,3.664302294531434,3.067987682879602,0.06506811856221435,0.09943919176290948,52.56738251539399
