subject,nll,bic,model,alpha,alpha_rec,gamma,gamma_rec,beta,beta_rec,b_last,b_last_rec,nll_rec
19,38.15256392908138,96.04302359068552,pt_b-last,0.9626949862444634,0.8725476799068278,0.9172800106745032,0.7725193697921716,6.943877575460321,7.449577970014611,-0.058370154578720364,-0.09547107113368174,42.201810140687044
