subject,nll,bic,model,alpha,alpha_rec,gamma,gamma_rec,beta,beta_rec,b_last,b_last_rec,nll_rec
61,57.5327345386318,134.83203876770082,pt_b-last,0.7038230176704996,0.49446339435530706,1.0,0.6617452161998533,4.685708038184345,11.302482799086377,0.03204941087855764,-0.0023238566951591898,53.86315736618589
