subject,nll,bic,model,alpha,alpha_rec,gamma,gamma_rec,beta,beta_rec,b_last,b_last_rec,nll_rec
176,59.515350315736285,138.7972703219098,pt_b-last,0.22281984576227237,0.203194285723368,0.36788003138719194,0.35312513277093377,43.5964853106719,50.94830005721646,0.012828056096961964,0.007226165765356964,60.0083702696878
