subject,nll,bic,model,alpha,alpha_rec,gamma,gamma_rec,beta,beta_rec,b_last,b_last_rec,nll_rec
92,84.54584193513324,188.8582535607037,pt_b-last,0.416996800039578,0.6521886790596876,0.5528143009480843,0.9601528037507177,5.0228819579896316,2.009096552116819,0.05583938052371027,0.06889038024738692,83.42893717884644
