subject,nll,bic,model,alpha,alpha_rec,gamma,gamma_rec,beta,beta_rec,b_last,b_last_rec,nll_rec
101,38.184928219900385,96.136426130238,pt_b-last,0.0,0.0,0.48825541466774186,0.4076942261098488,31.504655402179573,40.95725954867258,0.0022205605945830754,0.011748476700562803,43.573966469696785
