subject,nll,bic,model,alpha,alpha_rec,gamma,gamma_rec,beta,beta_rec,b_last,b_last_rec,nll_rec
74,63.633386937852144,146.64352222153866,pt_b-last,0.3796615957834372,0.36969066719236715,1.0,0.6130659939874967,4.291156416968501,10.783284289632483,0.06042322352180647,0.04918292735113359,56.58333851240386
