subject,nll,bic,model,alpha,alpha_rec,gamma,gamma_rec,beta,beta_rec,b_last,b_last_rec,nll_rec
186,75.2852903568251,170.33715040408742,pt_b-last,0.36232634407555603,0.3157058349976202,0.28,0.28,21.000409990598307,30.513509325788803,0.03830215928185784,0.03592213157204997,66.88701028474279
