subject,nll,bic,model,alpha,alpha_rec,gamma,gamma_rec,beta,beta_rec,b_last,b_last_rec,nll_rec
54,49.39209684799885,118.55076338643491,pt_b-last,1.006208647135807,0.8190802981777532,1.0,0.8507958782894665,4.001637941370909,5.621148647592969,0.08051926735751902,0.06784896448165242,50.545637648014974
