subject,nll,bic,model,alpha,alpha_rec,gamma,gamma_rec,beta,beta_rec,b_last,b_last_rec,nll_rec
179,46.15353451398978,112.07363871841679,pt_b-last,0.9804419175854732,1.3801410028702645,0.47064267570825274,0.6803839503085838,5.889616197426491,1.624939319662856,-0.015353688979082333,-0.27562319931561224,49.488338792993986
