subject,nll,bic,model,alpha,alpha_rec,gamma,gamma_rec,beta,beta_rec,b_last,b_last_rec,nll_rec
0,68.83192019204431,157.43041007452584,pt_b-last,0.28374256271345816,0.36589848952606835,0.3757282734677248,0.45406755349227085,27.89389593531283,21.435006074425065,0.0015155337743936825,0.007160614424793351,58.96691265456869
