subject,nll,bic,model,alpha,alpha_rec,gamma,gamma_rec,beta,beta_rec,b_last,b_last_rec,nll_rec
124,38.53574333436349,96.8380563591642,pt_b-last,1.0544617031753698,1.240489330612784,0.84869412108971,0.9231838361750273,5.996362213753603,4.067445935893318,0.04010277887295352,0.08569989688494233,35.703023223355814
