subject,nll,bic,model,alpha,alpha_rec,gamma,gamma_rec,beta,beta_rec,b_last,b_last_rec,nll_rec
145,40.221609328722856,100.20978834788292,pt_b-last,0.7511361107562933,0.5334264922014241,1.0,0.7778604074359512,7.248866488658723,16.586460605000433,0.07846670882050719,0.03854401970861506,31.370744998649783
