subject,nll,bic,model,alpha,alpha_rec,gamma,gamma_rec,beta,beta_rec,b_last,b_last_rec,nll_rec
33,64.5334211918087,148.83341207405462,pt_b-last,0.5955078635424803,0.678034993571859,0.5733517934555503,0.6858339398712082,7.012613363690896,6.155770699230357,0.06786077423263127,0.06369502047605805,59.67682142988083
