subject,nll,bic,model,alpha,alpha_rec,gamma,gamma_rec,beta,beta_rec,b_last,b_last_rec,nll_rec
47,-0.0001354152770443645,19.737624901968676,pt_b-last,0.0,0.0,1.0,1.0,199.99766566898015,199.99766566898015,0.016801840387460427,0.016801840387460427,-0.0001354152770443645
