subject,nll,bic,model,alpha,alpha_rec,gamma,gamma_rec,beta,beta_rec,b_last,b_last_rec,nll_rec
10,63.45237227440778,146.67131423925278,pt_b-last,0.4184699048203869,0.724459651645692,0.6762036520799226,1.0,9.496962563021144,5.0690345975599485,-0.004133394050664661,-0.027131777829457932,54.48344572730428
