subject,nll,bic,model,alpha,alpha_rec,gamma,gamma_rec,beta,beta_rec,b_last,b_last_rec,nll_rec
53,38.751779231215,97.27012815286722,pt_b-last,0.4011424318585151,0.3410695294649414,0.6918089442625319,0.5599519167757767,19.412792015825776,35.2157351090005,-0.0034199917204924828,-0.005094237486817792,34.25959524249323
