subject,nll,bic,model,alpha,alpha_rec,gamma,gamma_rec,beta,beta_rec,b_last,b_last_rec,nll_rec
58,56.965756506821634,133.552612127397,pt_b-last,0.631793811741662,0.5479304910945703,1.0,0.8463140095205031,5.036199423880212,8.31693942825943,-0.001716040368653331,-0.011508507400800543,49.883042622238484
