subject,nll,bic,model,alpha,alpha_rec,gamma,gamma_rec,beta,beta_rec,b_last,b_last_rec,nll_rec
21,43.56995509073559,106.9064798719084,pt_b-last,0.8961322015620726,0.8937297145688492,1.0,1.0,5.672548799079895,6.8583724748827635,-0.023791262900464148,-0.060694323468171475,37.72497599148683
