subject,nll,bic,model,alpha,alpha_rec,gamma,gamma_rec,beta,beta_rec,b_last,b_last_rec,nll_rec
160,57.808124606352,135.35414494522678,pt_b-last,0.5350282119221803,0.5992179123846646,0.7215310853970867,0.7588890955616165,7.78558756106396,5.430041636684317,0.07905901378705876,0.08761223007007214,64.17137826384715
