subject,nll,bic,model,alpha,alpha_rec,gamma,gamma_rec,beta,beta_rec,b_last,b_last_rec,nll_rec
123,45.08110727493156,109.92878424030033,pt_b-last,1.2009517305423536,1.203330371248028,1.0,1.0,3.3322445768674736,4.355077353332214,-0.03825578585327074,-0.054887707200909824,38.26400621404076
