subject,nll,bic,model,alpha,alpha_rec,gamma,gamma_rec,beta,beta_rec,b_last,b_last_rec,nll_rec
144,56.29370499282447,132.3253057181717,pt_b-last,0.607491902225997,1.0297430067803701,0.541908857893387,0.8799220034350547,10.035754189315897,3.261427979883645,0.002934246428207324,0.03961059664701553,54.948096973723196
