subject,nll,bic,model,alpha,alpha_rec,gamma,gamma_rec,beta,beta_rec,b_last,b_last_rec,nll_rec
88,30.201459263224983,80.16948821688717,pt_b-last,0.2946264229161865,0.30496162494682955,0.47123601204239923,0.4794331114809339,62.368691030352416,90.08199791583934,-0.010452365627784557,-0.006156497070698711,18.605376998861797
