subject,nll,bic,model,alpha,alpha_rec,gamma,gamma_rec,beta,beta_rec,b_last,b_last_rec,nll_rec
162,58.665722637161245,137.0980149647597,pt_b-last,1.1322190469385682,1.0411233657391505,1.0,0.9491400026781031,2.268497822922028,3.26069922638688,0.0825542786898564,0.07491497878454044,54.02155632754261
