subject,nll,bic,model,alpha,alpha_rec,gamma,gamma_rec,beta,beta_rec,b_last,b_last_rec,nll_rec
142,39.60044087342475,98.96745143728671,pt_b-last,0.38740542271134304,0.3730618807079058,0.5314816833387608,0.4719937493772034,28.513602519686437,45.879962977902785,0.009068517477986301,0.014534907151027414,32.99225261056416
