subject,nll,bic,model,alpha,alpha_rec,gamma,gamma_rec,beta,beta_rec,b_last,b_last_rec,nll_rec
49,20.421501149856834,60.58089803223643,pt_b-last,0.2658910672947475,0.26949408900018956,0.7092339498570275,0.679164569985005,40.81184897592065,65.83995277332748,-0.007650419347393858,-0.011988686117646552,15.886380051747299
