subject,nll,bic,model,alpha,alpha_rec,gamma,gamma_rec,beta,beta_rec,b_last,b_last_rec,nll_rec
159,45.76246926031749,111.26283425315773,pt_b-last,0.6260744944173335,0.582735499181189,0.6803199579744267,0.6344093930644301,10.918922017365784,12.777394394934229,0.03882026269734929,0.022599061389862455,45.84827890863938
