subject,nll,bic,model,alpha,alpha_rec,gamma,gamma_rec,beta,beta_rec,b_last,b_last_rec,nll_rec
100,64.17846027634003,148.1234902431173,pt_b-last,0.6734334757205239,0.6093304089251902,1.0,1.0,3.9453150093209004,4.665242156673474,0.05194686884679697,0.0452270200792725,61.43860660164231
