subject,nll,bic,model,alpha,alpha_rec,gamma,gamma_rec,beta,beta_rec,b_last,b_last_rec,nll_rec
23,44.53716403815014,108.8408977667375,pt_b-last,0.5111239246096044,0.5040805546495141,1.0,1.0,8.389085974363347,6.107719123264877,0.004366622116944394,0.03733739009829485,56.16687901490963
