subject,nll,bic,model,alpha,alpha_rec,gamma,gamma_rec,beta,beta_rec,b_last,b_last_rec,nll_rec
182,72.19185057468624,164.12159688189524,pt_b-last,1.0721318860195344,0.9872469489802995,1.0,0.8140200698313802,1.3905594951589653,2.1093066713447803,0.2668203506889598,0.1988256836723157,67.27966749371191
