subject,nll,bic,model,alpha,alpha_rec,gamma,gamma_rec,beta,beta_rec,b_last,b_last_rec,nll_rec
71,46.5016667393393,112.76990316911582,pt_b-last,0.7697764735987787,0.6777965858754315,0.7058665590091672,0.6538223912846824,8.35548523296735,10.802582178710654,-0.03827531790872274,-0.030506350692378004,45.50536736546816
