subject,nll,bic,model,alpha,alpha_rec,gamma,gamma_rec,beta,beta_rec,b_last,b_last_rec,nll_rec
166,46.029000413077625,111.82457051659247,pt_b-last,1.7115433050738722,1.6629397680299969,0.8455086834213381,0.7065273401499654,0.8017620658609438,0.6774079404042678,0.6643421557266938,1.0,52.1985504531864
