subject,nll,bic,model,alpha,alpha_rec,gamma,gamma_rec,beta,beta_rec,b_last,b_last_rec,nll_rec
116,35.33396065320261,90.43449099684244,pt_b-last,0.3368219019097507,0.3173134860006661,0.5653720529372773,0.5334289371608708,34.08739710620862,47.28074200611597,-0.0023459549942681816,-0.0044031873712225625,30.28910644379483
