subject,nll,bic,model,alpha,alpha_rec,gamma,gamma_rec,beta,beta_rec,b_last,b_last_rec,nll_rec
27,52.96195648011536,125.69048265066795,pt_b-last,0.8621556405738208,0.9134977069543766,0.8311897047282185,0.8340705192545088,5.071479153591282,6.152634658696527,-0.007515684263607544,-0.042814898711479685,45.231184115514914
