subject,nll,bic,model,alpha,alpha_rec,gamma,gamma_rec,beta,beta_rec,b_last,b_last_rec,nll_rec
30,40.22978766147078,100.19747105546432,pt_b-last,0.37128729397539245,0.4568953514081368,0.7181424746952491,0.7429352482857872,18.242608472986706,18.61074283683331,-0.0031805339335261164,0.010848872566352846,33.776168310464676
