subject,nll,bic,model,alpha,alpha_rec,gamma,gamma_rec,beta,beta_rec,b_last,b_last_rec,nll_rec
42,29.7424817525262,79.25153319548961,pt_b-last,0.27238769970334104,0.26390580360415594,0.4976580083830082,0.5043485689085627,70.92910120732493,79.45625175964031,-0.0014284943758839357,-0.003928767962945742,29.119242463523065
