subject,nll,bic,model,alpha,alpha_rec,gamma,gamma_rec,beta,beta_rec,b_last,b_last_rec,nll_rec
67,52.612313135670306,124.99119596177783,pt_b-last,0.26160023571515656,0.39354620874905516,0.5716969976379981,0.8410102645102704,21.480680612212048,7.717983463679273,-0.01696351157908111,-0.024064561445472126,60.70075849331461
