subject,nll,bic,model,alpha,alpha_rec,gamma,gamma_rec,beta,beta_rec,b_last,b_last_rec,nll_rec
109,72.41381733022729,164.4782542033988,pt_b-last,0.6237967099646962,0.8601865124687247,0.6226968396208522,0.7848353091317575,4.6543192411073795,4.902600211200835,0.02839296686824624,0.07548379883285743,52.47384968960243
