subject,nll,bic,model,alpha,alpha_rec,gamma,gamma_rec,beta,beta_rec,b_last,b_last_rec,nll_rec
20,37.38678647570443,94.54014264184607,pt_b-last,0.3510416839242292,0.3045794591285991,0.7138153629480634,0.5928777612820982,20.74286863405052,34.946908072238166,-0.027764116638191033,-0.017111742032777724,35.54481093781223
