subject,nll,bic,model,alpha,alpha_rec,gamma,gamma_rec,beta,beta_rec,b_last,b_last_rec,nll_rec
156,42.14687218861607,104.06031406766937,pt_b-last,0.4919924632736585,0.4936165531759268,0.6823684603024534,0.6628136282353237,14.973913295836693,14.21715419335549,0.0265599792837469,0.06113563122087667,44.14059882299111
