subject,nll,bic,model,alpha,alpha_rec,gamma,gamma_rec,beta,beta_rec,b_last,b_last_rec,nll_rec
114,25.138021929380713,70.04261354919865,pt_b-last,0.25846384311229714,0.24142230891729557,0.4366928972797332,0.40270877972526986,106.17916655854393,128.66074934734777,0.003708047960473997,0.004647996985062947,26.67502798577538
