subject,nll,bic,model,alpha,alpha_rec,gamma,gamma_rec,beta,beta_rec,b_last,b_last_rec,nll_rec
143,60.09226199375246,139.95109367794214,pt_b-last,1.071844519745453,0.8259312591671181,1.0,1.0,2.1924456724352646,4.010839716129969,0.2636296922792039,0.17158845597199815,54.75696724584806
