subject,nll,bic,model,alpha,alpha_rec,gamma,gamma_rec,beta,beta_rec,b_last,b_last_rec,nll_rec
70,46.96340135943702,113.69337240931125,pt_b-last,0.49687396674712325,0.5625522021307703,0.5839023159087688,0.6331170659472837,15.707738120909003,15.190727295847696,0.030795090939377566,0.010776443385805275,41.71026241613768
