subject,nll,bic,model,alpha,alpha_rec,gamma,gamma_rec,beta,beta_rec,b_last,b_last_rec,nll_rec
68,46.30457879595551,112.37572728234824,pt_b-last,1.8821540890074786,1.44590118418973,0.49566234483702226,0.44404449033122667,0.5628191660371787,1.475720346258078,0.4111515069862082,0.011822697794243938,51.70718587221573
