subject,nll,bic,model,alpha,alpha_rec,gamma,gamma_rec,beta,beta_rec,b_last,b_last_rec,nll_rec
122,53.51457090853745,126.79571150751212,pt_b-last,0.5678053462443219,0.5058350915685528,0.6755349119270024,0.6569603500621695,9.83185627561262,10.168690851212016,-0.026790395835470163,-0.007000062140192728,57.21218704402175
