subject,nll,bic,model,alpha,alpha_rec,gamma,gamma_rec,beta,beta_rec,b_last,b_last_rec,nll_rec
178,62.24624995828712,144.25906960701147,pt_b-last,0.5431219248896871,0.43294831548689766,1.0,0.7849048734877563,5.009828542291784,10.749909331253638,0.01394999102690456,-0.002316563538286893,50.68730168403201
