subject,nll,bic,model,alpha,alpha_rec,gamma,gamma_rec,beta,beta_rec,b_last,b_last_rec,nll_rec
17,72.52798900393307,164.70659755081036,pt_b-last,0.3427149533666575,0.24178468832296698,0.49225837167263586,0.36559879163525405,11.35420095761443,23.258267616477184,0.027814028352011074,0.03252219933175029,68.72563588845367
