subject,nll,bic,model,alpha,alpha_rec,gamma,gamma_rec,beta,beta_rec,b_last,b_last_rec,nll_rec
139,58.86304129774293,137.3174417952895,pt_b-last,0.5159849622974536,0.5917376481138561,0.5881079335842746,0.6123822338554352,9.633846328048609,9.75503672869713,0.011713696833920092,0.041793088726900615,51.6267529958879
