subject,nll,bic,model,alpha,alpha_rec,gamma,gamma_rec,beta,beta_rec,b_last,b_last_rec,nll_rec
28,46.6645739064844,113.09571750340601,pt_b-last,0.41484869200565816,0.4940745826275037,0.5515279099439827,0.6743955088782949,20.685689565787197,11.178602790002286,0.004371756852781844,-0.007671506317764431,53.50290828846771
