subject,nll,bic,model,alpha,alpha_rec,gamma,gamma_rec,beta,beta_rec,b_last,b_last_rec,nll_rec
86,14.041596784387803,47.84976325921282,pt_b-last,0.0796711041458835,0.09362785186652416,0.8626516158544366,0.5470742728371221,25.951156374714515,61.6038491139388,-0.015937315230417224,-0.024718796285936196,15.195541848766357
