subject,nll,bic,model,alpha,alpha_rec,gamma,gamma_rec,beta,beta_rec,b_last,b_last_rec,nll_rec
198,48.710489576752394,117.18754884394201,pt_b-last,0.6327674824611634,0.6806506244966452,1.0,1.0,6.649337070069544,5.534030323422512,-0.005148821731484146,0.03832268930682943,52.73117157642925
