subject,nll,bic,model,alpha,alpha_rec,gamma,gamma_rec,beta,beta_rec,b_last,b_last_rec,nll_rec
1,63.16182579672607,146.09022128388935,pt_b-last,0.4457137092059795,0.40775768664009654,0.5537517178854016,0.5290703979865505,11.041193290300818,12.500417435340456,0.043741715396127215,0.04993627814817998,62.82372039522703
