subject,nll,bic,model,alpha,alpha_rec,gamma,gamma_rec,beta,beta_rec,b_last,b_last_rec,nll_rec
72,53.74291721648287,127.19484917359456,pt_b-last,0.3232925532795818,0.3519930587530208,0.8748286542418419,1.0,8.937454465254675,5.363054725927367,-0.010810200868300842,-0.004784086560467886,65.30455662139437
