subject,nll,bic,model,alpha,alpha_rec,gamma,gamma_rec,beta,beta_rec,b_last,b_last_rec,nll_rec
172,40.131469637488124,100.02950896541347,pt_b-last,1.0553023822872984,2.065294688972991,0.43003527361313354,0.8790385398192091,6.318969966088955,0.48231184116234516,0.042848898730303196,0.6022623976957219,41.15551385673412
