subject,nll,bic,model,alpha,alpha_rec,gamma,gamma_rec,beta,beta_rec,b_last,b_last_rec,nll_rec
79,50.99223724067916,121.75104417179554,pt_b-last,0.3068357432005977,0.25787037228559406,1.0,0.6268968610912015,8.06767132329908,17.911317113951142,0.019190149774306026,-0.0038017746428766195,51.211218170649474
