subject,nll,bic,model,alpha,alpha_rec,gamma,gamma_rec,beta,beta_rec,b_last,b_last_rec,nll_rec
85,32.53085166637014,84.79959906526304,pt_b-last,0.12771447473603487,0.1172987612371497,1.0,1.0,13.19477709179339,17.851259715305503,-0.039036838247207675,0.008233855684650387,19.785806864411388
