subject,nll,bic,model,alpha,alpha_rec,gamma,gamma_rec,beta,beta_rec,b_last,b_last_rec,nll_rec
134,53.72729211873455,127.22115392790633,pt_b-last,0.8518314029245122,0.8089774207272835,1.0,0.9246662314532903,4.363319104597259,4.4111345801053785,-0.007253899717268044,-0.029127214377223248,57.390833577795995
