subject,nll,bic,model,alpha,alpha_rec,gamma,gamma_rec,beta,beta_rec,b_last,b_last_rec,nll_rec
62,47.98974625618739,115.746062202812,pt_b-last,0.283782774642292,0.23989046310746528,0.5156252836781451,0.471500212995166,31.22382496849511,58.70776077532034,-0.003324588040610091,-0.0011132869070592931,39.38719460071561
