subject,nll,bic,model,alpha,alpha_rec,gamma,gamma_rec,beta,beta_rec,b_last,b_last_rec,nll_rec
87,50.12104712159585,120.00866393362892,pt_b-last,0.32324621973764434,0.31607795371576536,0.6940079601502078,0.6419232902840206,14.695807010745154,21.06965117284339,0.019790098011578144,0.014613663898312588,44.04280258234022
