subject,nll,bic,model,alpha,alpha_rec,gamma,gamma_rec,beta,beta_rec,b_last,b_last_rec,nll_rec
163,86.32711805491286,192.39213184234848,pt_b-last,0.44120014688450493,0.595563360335194,0.45051971734710566,0.6253625125476098,6.273556657552824,3.44578837254118,-0.021029065463353234,-0.14041504339890704,82.19354415601352
