subject,nll,bic,model,alpha,alpha_rec,gamma,gamma_rec,beta,beta_rec,b_last,b_last_rec,nll_rec
65,32.25159853741491,84.26976676526704,pt_b-last,0.5700222510009784,0.5612522617743732,0.9245206576091487,0.8924190191289132,12.94468817891076,11.409807856930602,0.008392332949088546,0.0012344834815005068,37.490177558028954
