subject,nll,bic,model,alpha,alpha_rec,gamma,gamma_rec,beta,beta_rec,b_last,b_last_rec,nll_rec
57,45.36117718871276,110.48892406786274,pt_b-last,0.39347531465286634,0.349392392383022,0.4998218582399017,0.4659699356396881,26.452311625965198,32.67071124318069,-0.007079803643664176,-0.003501970496660316,45.83540310787099
