subject,nll,bic,model,alpha,alpha_rec,gamma,gamma_rec,beta,beta_rec,b_last,b_last_rec,nll_rec
192,-0.00013641552338621488,19.766296859390444,pt_b-last,0.0,0.0,1.0,1.0,199.99873084938406,199.99873084938406,0.01682137735119514,0.01682137735119514,-0.00013641552338621488
