subject,nll,bic,model,alpha,alpha_rec,gamma,gamma_rec,beta,beta_rec,b_last,b_last_rec,nll_rec
140,40.189530543163436,100.14563077676408,pt_b-last,0.3107207200833027,0.4287963657227862,1.0,1.0,10.737747135222808,14.829931161776079,0.006297594496678343,-0.02356343397689266,27.759868103825212
