subject,nll,bic,model,alpha,alpha_rec,gamma,gamma_rec,beta,beta_rec,b_last,b_last_rec,nll_rec
43,55.60340915627404,130.9733880029853,pt_b-last,0.4250056853695477,0.30235803636495606,1.0,0.7530215086505853,6.749711234976019,10.361658663853978,0.01901576347224925,0.007181525124266967,57.57034910593225
