subject,nll,bic,model,alpha,alpha_rec,gamma,gamma_rec,beta,beta_rec,b_last,b_last_rec,nll_rec
106,72.5136242531137,164.76514423875017,pt_b-last,1.5724786195702347,1.4659476364829653,0.6768518228883181,0.6192242059171587,0.4175957520039902,0.3936129558653483,1.0,1.0,79.71331332871071
