subject,nll,bic,model,alpha,alpha_rec,beta,beta_rec,b_last,b_last_rec,nll_rec
157,-0.0001364155261922659,14.824654436775527,eu_b-last,0.0,0.0,199.99908642028643,199.99908642028643,0.016763764481000462,0.016763764481000462,-0.0001364155261922659
