subject,nll,bic,model,alpha,alpha_rec,beta,beta_rec,b_last,b_last_rec,nll_rec
22,54.99710420821603,124.81913568425998,eu_b-last,0.3626636383975374,0.3262395917559484,7.180769058817436,6.550881786457946,0.011662898210734397,0.007701623933447542,59.168289597686446
