subject,nll,bic,model,alpha,alpha_rec,beta,beta_rec,b_last,b_last_rec,nll_rec
19,38.319180182790426,91.44178216497292,eu_b-last,1.0401459249877838,0.8898660537039366,5.853433085958056,7.330735480828834,-0.06883828551170589,-0.06015555883472218,35.79488979109958
