subject,nll,bic,model,alpha,alpha_rec,beta,beta_rec,b_last,b_last_rec,nll_rec
92,84.98072118090359,184.7863696296351,eu_b-last,0.7143124989149507,0.8993495719330704,1.48526282624609,0.8024560652585614,0.195244105506919,0.14651384060069192,90.11215169204584
