subject,nll,bic,model,alpha,alpha_rec,beta,beta_rec,b_last,b_last_rec,nll_rec
99,64.2733705336738,143.3716683351755,eu_b-last,0.6950776325843234,0.6594376976168089,3.90463500634192,4.190089383596928,0.0033049555610818802,0.0031014326193474135,63.55239964204886
