subject,nll,bic,model,alpha,alpha_rec,beta,beta_rec,b_last,b_last_rec,nll_rec
192,-0.00013641551471881968,14.824654436798474,eu_b-last,0.0,0.0,199.99908823300032,199.99908823300032,0.016761705641009702,0.016761705641009702,-0.00013641551471881968
