subject,nll,bic,model,alpha,alpha_rec,beta,beta_rec,b_last,b_last_rec,nll_rec
100,64.17846027634,143.18184782050793,eu_b-last,0.6734334920165561,0.8438170122618749,3.9453150576501255,3.4715669731888763,0.051946864299156494,0.012453506938923038,61.1549420625686
