subject,nll,bic,model,alpha,alpha_rec,beta,beta_rec,b_last,b_last_rec,nll_rec
166,46.27694276709902,107.37881280202596,eu_b-last,1.990512158476721,1.8767122197598052,0.47080073945650197,0.5653926666247734,1.0,0.3480459124779223,48.864272074178245
