subject,nll,bic,model,alpha,alpha_rec,beta,beta_rec,b_last,b_last_rec,nll_rec
135,80.08196675682478,174.98886078147748,eu_b-last,1.934323767214828,1.6913046675667722,0.16135220511809206,0.2595459953311345,1.0,0.783990788805061,81.09893546849901
