subject,nll,bic,model,alpha,alpha_rec,beta,beta_rec,b_last,b_last_rec,nll_rec
140,40.18953054316346,95.20398835415483,eu_b-last,0.3107207176392002,0.34698893550414384,10.737747018414316,10.568640646289781,0.006297594433895633,0.005382103634368239,40.75002619709496
