subject,nll,bic,model,alpha,alpha_rec,beta,beta_rec,b_last,b_last_rec,nll_rec
35,60.85645946162768,136.47286170073974,eu_b-last,0.35825031879620245,0.4251437805084448,5.7157827811731625,6.602185136447846,0.05239684718040748,0.036137481755689836,54.4736760093961
