subject,nll,bic,model,alpha,alpha_rec,beta,beta_rec,b_last,b_last_rec,nll_rec
54,49.39209684799884,113.6091209638256,eu_b-last,1.0062086561985415,1.0026710939189047,4.00163791503662,6.259550236061362,0.08051927057064508,0.053639588684047154,37.58349062169623
