subject,nll,bic,model,alpha,alpha_rec,beta,beta_rec,b_last,b_last_rec,nll_rec
106,73.63066044026908,162.06474267993025,eu_b-last,1.888371231826019,1.9731959369577585,0.2282952918654614,0.24442906764515124,1.0,1.0,67.09190803063437
