subject,nll,bic,model,alpha,alpha_rec,beta,beta_rec,b_last,b_last_rec,nll_rec
77,42.843832138607695,100.5125915450433,eu_b-last,0.33680719703877054,0.30907209703205313,9.95481146548512,13.30747852147084,0.01406965331921657,-0.01127680135731721,32.92659925437843
