subject,nll,bic,model,alpha,alpha_rec,beta,beta_rec,b_last,b_last_rec,nll_rec
171,71.66997400956083,158.14336981851375,eu_b-last,1.2289350998004533,1.0475351512785127,1.1237815562750368,1.6315299449674197,-0.04956902676983232,0.0629541604602147,71.05675011708874
