subject,nll,bic,model,alpha,alpha_rec,beta,beta_rec,b_last,b_last_rec,nll_rec
198,48.710489576752195,112.24590642133231,eu_b-last,0.6327675079673202,0.6818884507139591,6.649337921040039,6.40525301772076,-0.005148814120059739,-0.01652825853501454,48.09755617846718
