subject,nll,bic,model,alpha,alpha_rec,beta,beta_rec,b_last,b_last_rec,nll_rec
190,62.3111640287435,139.4472553253149,eu_b-last,1.0440472535994332,1.0008625974001502,2.413922177761041,2.4859680583152692,-0.12225828609974053,-0.03841816464162089,63.65452526804755
