subject,nll,bic,model,alpha,alpha_rec,beta,beta_rec,b_last,b_last_rec,nll_rec
84,67.31481104005935,149.45454934794662,eu_b-last,0.8821004511818396,0.8634334021805622,2.5274427793338994,4.206962981799969,0.11269151068274072,-0.007146284415352132,54.39500837066002
