subject,nll,bic,model,alpha,alpha_rec,beta,beta_rec,b_last,b_last_rec,nll_rec
132,47.83949244389332,110.48240668717871,eu_b-last,1.0916876131767281,1.1860547987828374,3.5006396101223407,3.7377662769299,0.18037767573479688,0.19497711772239096,41.33440892076952
