subject,nll,bic,model,alpha,alpha_rec,beta,beta_rec,b_last,b_last_rec,nll_rec
164,41.076961049567004,96.97884936696192,eu_b-last,0.6951452429397513,0.6738153468713038,7.730871154194885,8.715167910935747,-0.03859698183664796,-0.07662350295722614,37.992975481664814
