subject,nll,bic,model,alpha,alpha_rec,beta,beta_rec,b_last,b_last_rec,nll_rec
107,84.63428215153525,184.0503253585421,eu_b-last,0.07716974455338173,0.0,2.7763428484493047,3.163183091569451,0.07841646540635523,0.07093467630898281,82.96664854008648
