subject,nll,bic,model,alpha,alpha_rec,beta,beta_rec,b_last,b_last_rec,nll_rec
12,62.69848855359997,140.20039890659203,eu_b-last,0.5690397675806945,0.6577339591285574,4.607780248530879,3.8270859684633978,0.0784346412739567,0.19059777896527533,61.85476455610268
