subject,nll,bic,model,alpha,alpha_rec,beta,beta_rec,b_last,b_last_rec,nll_rec
89,83.8535187891307,182.53196484608932,eu_b-last,1.4242804276644858,1.5104804548411566,0.3615964401597256,0.42376195864034255,1.0,1.0,77.19800807574751
