subject,nll,bic,model,alpha,alpha_rec,beta,beta_rec,b_last,b_last_rec,nll_rec
83,44.52109151310355,103.86711029403502,eu_b-last,0.5489869337085591,0.47292421504690757,8.16962255469596,6.4575883233705405,-0.022561531566283544,-0.059237448811828484,56.540304240468
