subject,nll,bic,model,alpha,alpha_rec,beta,beta_rec,b_last,b_last_rec,nll_rec
182,72.19185057468619,159.18712294876445,eu_b-last,1.0721319162603615,0.9863295447559177,1.3905593675372236,2.7624561706284867,0.26682038511995515,0.06747981712943568,60.65502897620322
