subject,nll,bic,model,alpha,alpha_rec,beta,beta_rec,b_last,b_last_rec,nll_rec
101,38.70959646370531,92.24412019523854,eu_b-last,0.0,0.077478002125765,11.448486711904575,12.193171838693024,0.004289558441198079,-0.01772585568073352,35.37862147378961
