subject,nll,bic,model,alpha,alpha_rec,beta,beta_rec,b_last,b_last_rec,nll_rec
13,80.37133290261511,175.56759307305813,eu_b-last,1.3446372784379415,1.1570463814218301,0.48541658611044375,0.7625197887728192,1.0,0.14297128866105557,83.34020822119444
