subject,nll,bic,model,alpha,alpha_rec,beta,beta_rec,b_last,b_last_rec,nll_rec
126,52.4668577379437,119.75864274371531,eu_b-last,0.5493186206247456,0.4566960162533454,6.522425851216231,8.70230283582831,0.0071725949249695315,-0.06008730350545115,45.7742176012501
