subject,nll,bic,model,alpha,alpha_rec,beta,beta_rec,b_last,b_last_rec,nll_rec
58,56.96575650682088,128.64733734895705,eu_b-last,0.6317937475384482,0.6291432521006967,5.036199251988269,3.729422088171662,-0.0017160723913315367,0.018641920341864366,66.41740885093841
