subject,nll,bic,model,alpha,alpha_rec,beta,beta_rec,b_last,b_last_rec,nll_rec
81,54.12701960472852,123.0574610088491,eu_b-last,0.9468671225427581,0.9183678489310615,3.6814860281356916,4.350676967625193,0.01237051326748235,0.06646567807146105,49.79292404871829
