subject,nll,bic,model,alpha,alpha_rec,beta,beta_rec,b_last,b_last_rec,nll_rec
61,57.53273453863163,129.89039634509118,eu_b-last,0.7038230499036576,0.6323576124800134,4.685707887532751,5.414884732146931,0.03204940780343154,-0.022457645068999017,56.1619021427505
