subject,nll,bic,model,alpha,alpha_rec,beta,beta_rec,b_last,b_last_rec,nll_rec
136,42.34680880363013,99.51854487508818,eu_b-last,0.477835083858392,0.4112283744856419,9.171658613180478,10.43055731006424,0.004065399477593749,-0.0116117640680194,40.06947973139228
