subject,nll,bic,model,alpha,alpha_rec,beta,beta_rec,b_last,b_last_rec,nll_rec
186,82.28546553079323,179.39585832941438,eu_b-last,1.0913761211767132,0.9913294165239386,0.6187290915176872,0.6116063022272233,1.0,0.8380384915724787,86.36622189200551
