subject,nll,bic,model,alpha,alpha_rec,beta,beta_rec,b_last,b_last_rec,nll_rec
134,53.727292118734354,122.27951150529663,eu_b-last,0.851831357318996,0.8459993068357295,4.363319175512865,4.17943066230619,-0.007253923018456342,-0.04620525229660031,55.512364389394364
