subject,nll,bic,model,alpha,alpha_rec,beta,beta_rec,b_last,b_last_rec,nll_rec
34,77.54825045179014,169.74490667133938,eu_b-last,1.3364156139092613,1.4933274708646644,0.4534628443751526,0.29012645677891324,1.0,1.0,80.82623363888621
