subject,nll,bic,model,alpha,alpha_rec,beta,beta_rec,b_last,b_last_rec,nll_rec
94,57.65899165722581,130.14291058227954,eu_b-last,0.9997485191212871,0.9873714926663268,3.070245233195186,2.776338765398224,0.009604137141164735,-0.03922185000457183,61.25800920524604
