subject,nll,bic,model,alpha,alpha_rec,beta,beta_rec,b_last,b_last_rec,nll_rec
28,49.879590334257934,114.58410793634378,eu_b-last,0.8182670236501635,0.7865560312227661,5.0986019327004675,5.6481365194551785,0.016511193517645757,0.02693952091002537,47.669532961493005
