subject,nll,bic,model,alpha,alpha_rec,beta,beta_rec,b_last,b_last_rec,nll_rec
0,76.27713886361352,167.37920499505495,eu_b-last,0.7389798281739808,0.5610943482016993,2.3849686949024633,3.0350578328934605,0.02608513091068743,0.037762969798844886,76.67571965365237
