subject,nll,bic,model,alpha,alpha_rec,beta,beta_rec,b_last,b_last_rec,nll_rec
103,50.326237507913056,115.47740228365403,eu_b-last,0.4924708441403879,0.5662954486619962,7.3581573104036115,9.08052812909277,-0.010502735787542182,0.002510248291363969,40.19695412856032
