subject,nll,bic,model,alpha,alpha_rec,beta,beta_rec,b_last,b_last_rec,nll_rec
102,48.75344491555388,112.33181709893567,eu_b-last,0.8030098216521936,0.8168709110997132,5.323429371281679,5.911523704650621,0.052170284795282296,0.0025012457998960006,45.030735685457984
