subject,nll,bic,model,alpha,alpha_rec,beta,beta_rec,b_last,b_last_rec,nll_rec
105,45.55431576083892,105.93355878950575,eu_b-last,0.8796164092827515,0.9420962281850919,5.40572642179015,4.887860904509919,0.015137894283083984,0.0023582490471088778,46.54863231799513
