subject,nll,bic,model,alpha,alpha_rec,beta,beta_rec,b_last,b_last_rec,nll_rec
129,63.148787664482214,141.12250259679234,eu_b-last,1.025106481883439,1.0817165867838399,2.3697197115706805,1.7651343310233079,0.05934008013930205,0.23700368009579487,66.0580316212509
