subject,nll,bic,model,alpha,alpha_rec,beta,beta_rec,b_last,b_last_rec,nll_rec
72,53.855333682145115,122.49242841976185,eu_b-last,0.35747775423484024,0.37982676249594505,7.367908620186634,8.989578901682114,-0.012358583027302696,-0.016384437549527776,46.04697632412956
