subject,nll,bic,model,alpha,alpha_rec,beta,beta_rec,b_last,b_last_rec,nll_rec
16,41.84781802691387,98.52056332165566,eu_b-last,0.5227194422127566,0.5528005591736099,8.841315972019581,8.826146165657606,0.038093690721793756,0.046932856028905706,40.93924924379043
