subject,nll,bic,model,alpha,alpha_rec,beta,beta_rec,b_last,b_last_rec,nll_rec
113,61.840732138916586,138.48488607722524,eu_b-last,2.6916652817779783,3.280651147804726,0.06528337114376681,0.01400586581311355,1.0,1.0,68.60184269614027
