subject,nll,bic,model,alpha,alpha_rec,beta,beta_rec,b_last,b_last_rec,nll_rec
128,72.58241229507357,159.94658564561874,eu_b-last,0.6558419989176243,0.6410932785564497,3.1126611311108054,3.1705312324808976,-0.034000983187668504,-0.11028007291439268,72.84411630759732
