subject,nll,bic,model,alpha,alpha_rec,beta,beta_rec,b_last,b_last_rec,nll_rec
176,70.96376406547859,156.7524553987851,eu_b-last,0.49329990097864007,0.5101998749112839,3.6190084758773606,4.0259626685618874,0.14457463117677224,0.03497825032335828,70.40654727686334
