subject,nll,bic,model,alpha,alpha_rec,beta,beta_rec,b_last,b_last_rec,nll_rec
155,54.048859105730926,122.92264547928977,eu_b-last,0.2720217230571416,0.13412258709747688,7.327568917871553,7.044636211713947,0.055148961722746574,0.06400062618364569,56.46196037027538
