subject,nll,bic,model,alpha,alpha_rec,beta,beta_rec,b_last,b_last_rec,nll_rec
55,53.49516941211539,121.79376062362284,eu_b-last,1.1171944467724846,1.0770855201722749,2.7675951460141484,2.5349793693403058,0.12738308168013504,0.07106320839067054,58.321541404741495
