subject,nll,bic,model,alpha,alpha_rec,beta,beta_rec,b_last,b_last_rec,nll_rec
10,64.5802180400736,143.98536334797512,eu_b-last,0.6080111167974697,0.6072835407173005,4.358471533183839,4.684498220950743,-0.006064377909745283,0.0026396654225000235,62.05912835806044
