subject,nll,bic,model,alpha,alpha_rec,beta,beta_rec,b_last,b_last_rec,nll_rec
148,43.068588025643535,100.94059785067914,eu_b-last,0.47168855796517206,0.3989216919051657,9.013613950330349,11.758371659324686,-0.02711444582294042,-0.018927976231989347,35.89186517724943
