subject,nll,bic,model,alpha,alpha_rec,beta,beta_rec,b_last,b_last_rec,nll_rec
66,54.496117014680195,123.8171612971883,eu_b-last,0.7126970373079333,0.7417107667351405,5.158509557868874,4.626148319557725,-0.0598715292642831,-0.08587266813821157,56.91067615437822
