subject,nll,bic,model,alpha,alpha_rec,beta,beta_rec,b_last,b_last_rec,nll_rec
8,43.94333415135013,102.71159557052817,eu_b-last,0.4683641154239516,0.4943737366530187,8.910351715941083,8.45680790152821,-0.011957919881492576,-0.012303601470482832,44.993109952518246
