subject,nll,bic,model,alpha,alpha_rec,beta,beta_rec,b_last,b_last_rec,nll_rec
125,32.46139765853439,79.74772258489669,eu_b-last,0.4983284032957291,0.4868381450126204,12.086454723764003,11.027187831913787,0.0015641261198762059,0.010609852762619033,35.525032412561075
