subject,nll,bic,model,alpha,alpha_rec,beta,beta_rec,b_last,b_last_rec,nll_rec
33,66.71896357032995,148.2628544084878,eu_b-last,0.9908165883827105,0.9408040556555736,2.015223927695395,2.2403331640273088,0.22834523850826458,0.10705394615319672,68.06446291629898
