subject,nll,bic,model,alpha,alpha_rec,beta,beta_rec,b_last,b_last_rec,nll_rec
45,36.53323478091684,87.8913968296616,eu_b-last,2.8889518270719483,2.92133786794188,0.12410971595369838,0.10992607321875457,0.8780651728318561,1.0,37.60981812134618
