subject,nll,bic,model,alpha,alpha_rec,beta,beta_rec,b_last,b_last_rec,nll_rec
17,74.93781069194856,164.61358604110526,eu_b-last,0.6615215523673367,0.7180644441126518,2.4160179172450653,2.654876103513623,0.1328370274903842,0.1013246708302797,71.05819123307285
