subject,nll,bic,model,alpha,alpha_rec,beta,beta_rec,b_last,b_last_rec,nll_rec
172,46.749308584900746,108.32354443762941,eu_b-last,2.323536241056506,1.998529662473842,0.2462423927183171,0.5312757698237595,1.0,1.0,41.938592027251744
