subject,nll,bic,model,alpha,alpha_rec,beta,beta_rec,b_last,b_last_rec,nll_rec
21,43.56995509073426,101.96483744929644,eu_b-last,0.8961321620112848,0.9814966549952525,5.672548581070356,5.901769299821307,-0.023791198359318574,0.0407356225185205,39.76442348545956
