subject,nll,bic,model,alpha,alpha_rec,beta,beta_rec,b_last,b_last_rec,nll_rec
78,40.31493272532993,95.45479271848778,eu_b-last,1.0149393937083542,0.9342548765976698,5.573547658338803,5.539123045103654,0.05599160890628088,0.04101475455018647,42.86429385961624
