subject,nll,bic,model,alpha,alpha_rec,beta,beta_rec,b_last,b_last_rec,nll_rec
116,38.89724497258237,92.61941721299266,eu_b-last,0.6405485827425075,0.6113659904705299,8.802685075202287,8.115622421636196,-0.007613527206049429,0.030521213714908665,42.264465217352374
