subject,nll,bic,model,alpha,alpha_rec,beta,beta_rec,b_last,b_last_rec,nll_rec
86,14.15530001893243,43.13552730569277,eu_b-last,0.08256883053884742,0.0,22.646903019889134,23.30921449729892,-0.017549878878311918,-0.014260782108097536,13.787462622516818
