subject,nll,bic,model,alpha,alpha_rec,beta,beta_rec,b_last,b_last_rec,nll_rec
122,55.42851038847786,125.68194804478364,eu_b-last,0.8464346751396,0.8346180886058642,4.189512502663742,3.8838988655095426,-0.05954743793988322,-0.0718429430461645,58.41363702419846
