subject,nll,bic,model,alpha,alpha_rec,beta,beta_rec,b_last,b_last_rec,nll_rec
137,23.26205990357694,61.34904707498179,eu_b-last,3.149773937278256,2.6734452551360404,0.1239735582071524,1.616520702241428,1.0,1.0,9.303978498770183
