subject,nll,bic,model,alpha,alpha_rec,beta,beta_rec,b_last,b_last_rec,nll_rec
146,36.385753200000806,87.59643366782953,eu_b-last,0.5031936650193097,0.48179769774936215,10.631992185157278,15.315092192264613,0.010669750386392667,-0.03290112691786897,26.031881005828463
