subject,nll,bic,model,alpha,alpha_rec,beta,beta_rec,b_last,b_last_rec,nll_rec
191,38.78781769798396,92.40056266379584,eu_b-last,1.119952838432998,1.2353297444962164,5.0662935521593155,4.030688594204582,0.07871079546350919,0.12163456253392402,37.58350260266245
