subject,nll,bic,model,alpha,alpha_rec,beta,beta_rec,b_last,b_last_rec,nll_rec
117,35.58602467611509,85.99697662005809,eu_b-last,0.47038081674724325,0.4987189777656997,11.30265563870352,10.271043910496406,-0.03878228087145135,-0.03914362123978577,38.06620827204105
