subject,nll,bic,model,alpha,alpha_rec,beta,beta_rec,b_last,b_last_rec,nll_rec
3,50.41960540631101,115.66413808044993,eu_b-last,0.46353887052062753,0.44027222781440545,7.529520023818787,9.896328111108453,-0.001224771713917395,-0.00404564097026471,40.91002296960821
