subject,nll,bic,model,alpha,alpha_rec,beta,beta_rec,b_last,b_last_rec,nll_rec
27,53.369293314192745,121.56351389621341,eu_b-last,1.024280469273438,1.0049565120004453,3.452258916712388,3.559493630634338,-0.010839071342883186,0.0055922546560466975,53.303901107963654
