subject,nll,bic,model,alpha,alpha_rec,beta,beta_rec,b_last,b_last_rec,nll_rec
154,22.619772298067296,60.0644718639625,eu_b-last,0.1870032315863286,0.06238562888875743,16.465657922851936,20.3727113080228,0.02527688724560199,0.04410348902768844,16.461065627415678
