subject,nll,bic,model,alpha,alpha_rec,beta,beta_rec,b_last,b_last_rec,nll_rec
26,26.878738285671176,68.58240383917027,eu_b-last,0.24079241285230177,0.27763806944042857,15.452884771932212,23.987568886472168,-0.02954878073370659,-0.01760353655353639,15.833656272884511
