subject,nll,bic,model,alpha,alpha_rec,beta,beta_rec,b_last,b_last_rec,nll_rec
197,3.9094847979752787,22.57891237343493,eu_b-last,0.0,0.0,46.65208689733381,199.9990946718294,0.049977065225438926,0.01675313938745131,-0.00013341546167474323
