subject,nll,bic,model,alpha,alpha_rec,beta,beta_rec,b_last,b_last_rec,nll_rec
11,62.76001303611801,140.34495334006394,eu_b-last,1.2475605234334521,1.210855745053183,1.5558275184869639,2.702574105195653,-0.09038979292298704,-0.1525691447188971,49.64567353089778
