subject,nll,bic,model,alpha,alpha_rec,beta,beta_rec,b_last,b_last_rec,nll_rec
133,39.98790003535272,94.75756112617707,eu_b-last,0.4013073668998138,0.41543069023929285,10.418793437761419,8.296540885556915,-0.029513380114739477,-0.07607446750006026,48.42933227363186
