subject,nll,bic,model,alpha,alpha_rec,beta,beta_rec,b_last,b_last_rec,nll_rec
42,38.32387110817711,91.47266948418213,eu_b-last,0.5838512153697442,0.6512150865246621,9.50591848822493,9.489028815552546,-0.00684487221709358,-0.06458549061744884,36.16554446103751
