subject,nll,bic,model,alpha,alpha_rec,beta,beta_rec,b_last,b_last_rec,nll_rec
97,47.93454534751823,110.69401796286438,eu_b-last,0.5644366558243251,0.5726715648336423,7.198903016757769,7.580075592744888,0.032576922854941,0.049918953193761786,45.54056872391811
