subject,nll,bic,model,alpha,alpha_rec,beta,beta_rec,b_last,b_last_rec,nll_rec
162,58.665722637160684,132.15637254214928,eu_b-last,1.1322190793559468,1.263907397002003,2.268497399283285,1.319756887833554,0.08255435047168935,0.1524534061438615,65.18875983264985
