subject,nll,bic,model,alpha,alpha_rec,beta,beta_rec,b_last,b_last_rec,nll_rec
70,49.678153394324774,114.18123405647746,eu_b-last,0.8967261331079602,0.8546680713259808,4.525233872547652,4.39131227107892,0.09970349427882692,0.058840325488946306,52.84232340706758
