subject,nll,bic,model,alpha,alpha_rec,beta,beta_rec,b_last,b_last_rec,nll_rec
175,45.57318474843436,105.94979129626078,eu_b-last,0.9632214784064518,0.8855454947939657,4.725992494793765,5.029994301813496,0.0902391926863681,0.13809311269013458,45.664456661525946
