subject,nll,bic,model,alpha,alpha_rec,beta,beta_rec,b_last,b_last_rec,nll_rec
184,10.026317834353227,34.87756293653437,eu_b-last,0.06753909184514766,0.06109302541615149,28.06085627953966,24.834381747810333,-0.024975643253181506,-0.019969005790901155,12.175576411669258
