subject,nll,bic,model,alpha,alpha_rec,beta,beta_rec,b_last,b_last_rec,nll_rec
14,46.775061849763574,108.37505096735507,eu_b-last,0.7491186481829885,0.7970505731889079,6.087788003839531,9.230134750860865,0.014477001032511873,0.04495866911630362,31.37283502300988
