subject,nll,bic,model,alpha,alpha_rec,beta,beta_rec,b_last,b_last_rec,nll_rec
174,48.819691043524955,112.46430935487783,eu_b-last,1.0846688363667987,1.1035325530438058,3.6772174424187294,3.68871186680918,-0.08161660010053384,-0.11830717346519619,47.586121079055346
