subject,nll,bic,model,alpha,alpha_rec,beta,beta_rec,b_last,b_last_rec,nll_rec
168,28.600561094288054,72.02604945640402,eu_b-last,0.2788648572135568,0.34467466741406555,14.728930981618467,19.71821570614334,0.0038521580199039757,-0.014105909296756933,22.422415545931585
