subject,nll,bic,model,alpha,alpha_rec,beta,beta_rec,b_last,b_last_rec,nll_rec
50,36.885857807105324,88.59664288203857,eu_b-last,2.257207802777461,2.5471499915909113,0.40176333012599197,0.1883260391428647,0.9763358192781634,0.5162314140380153,43.022044157689535
