subject,nll,bic,model,alpha,alpha_rec,beta,beta_rec,b_last,b_last_rec,nll_rec
52,22.156272340693192,59.137471949214294,eu_b-last,0.0,0.13931983186381625,17.44997155875857,19.565561050301785,-0.0054813609926046124,-0.03562147251033636,18.9913999833224
