subject,nll,bic,model,alpha,alpha_rec,beta,beta_rec,b_last,b_last_rec,nll_rec
185,59.995971200705455,134.81686966923883,eu_b-last,0.9432169937331665,1.0067183557898056,3.0266270271242863,2.3505002430525406,0.07879879485163066,0.04092896369668503,64.42093540492793
