subject,nll,bic,model,alpha,alpha_rec,beta,beta_rec,b_last,b_last_rec,nll_rec
170,38.69271728417657,92.21036183618105,eu_b-last,0.6426103983721112,0.6619110509357619,8.82377361787231,8.530165623441444,0.0017199114472782405,0.040466892037203064,38.740712619643816
