subject,nll,bic,model,alpha,alpha_rec,beta,beta_rec,b_last,b_last_rec,nll_rec
29,69.31962569911411,153.46417866605614,eu_b-last,0.5396941903332707,0.45299848723885255,4.163942509593367,5.605056896488845,-0.05252529194471691,-0.02995089169534162,62.31555922463768
