subject,nll,bic,model,alpha,alpha_rec,beta,beta_rec,b_last,b_last_rec,nll_rec
48,54.477629103181215,123.78018547419035,eu_b-last,1.246434136859671,1.1318453959529238,2.0670476584233555,2.303550840730234,0.06729143702612071,0.10368850037097624,58.08828023491754
