subject,nll,bic,model,alpha,alpha_rec,beta,beta_rec,b_last,b_last_rec,nll_rec
161,26.475614440015296,67.7761561478585,eu_b-last,0.47469630059416595,0.48111948014087375,14.894255869837187,17.126375979685942,0.04323686050826878,0.0178495735020821,22.775525242444566
