subject,nll,bic,model,alpha,alpha_rec,beta,beta_rec,b_last,b_last_rec,nll_rec
149,10.552709074372078,35.84338280595232,eu_b-last,0.07616209229138395,0.15155823972799987,25.31243590529366,198.2988569751153,0.022122295866662783,0.03702234874223917,2.2492021373759545
