subject,nll,bic,model,alpha,alpha_rec,beta,beta_rec,b_last,b_last_rec,nll_rec
110,13.831004137315235,42.48693554245838,eu_b-last,0.0,0.0,22.373671306998858,23.78799989011496,0.012144063469700683,-0.0150106856749336,13.316574849073405
