subject,nll,bic,model,alpha,alpha_rec,beta,beta_rec,b_last,b_last_rec,nll_rec
74,63.6333869378521,141.79933513507999,eu_b-last,0.37966160409951344,0.3741834584820714,4.291156735076612,4.648160986832623,0.06042321801933128,0.06668779582898288,61.20808833540792
