subject,nll,bic,model,alpha,alpha_rec,beta,beta_rec,b_last,b_last_rec,nll_rec
90,33.15868854939171,81.14230436661134,eu_b-last,0.416411230622311,0.37314638971568964,12.64627955353875,14.136674839401588,-0.01356054419550008,-0.02052240462984041,31.02745706917334
