subject,nll,bic,model,alpha,alpha_rec,beta,beta_rec,b_last,b_last_rec,nll_rec
111,55.203574929292174,125.23207712641226,eu_b-last,1.4921988028821809,1.5505984658097731,1.115762735409044,1.0524023518114147,0.04480510429404972,-0.17656424606200932,53.03200670966598
