subject,nll,bic,model,alpha,alpha_rec,beta,beta_rec,b_last,b_last_rec,nll_rec
115,22.981284138899206,60.78749554562632,eu_b-last,0.9085645331537369,0.906921379472392,12.523978243932582,13.152689370547286,0.021975165498593976,0.03254329405770482,22.05665479343089
