subject,nll,bic,model,alpha,alpha_rec,beta,beta_rec,b_last,b_last_rec,nll_rec
40,42.8259731917442,100.45536818288046,eu_b-last,0.9395850207241387,1.0054306237037038,5.455418252817762,6.7772548355171685,0.05382948735583517,0.05212038785204685,35.31702792296137
