subject,nll,bic,model,alpha,alpha_rec,beta,beta_rec,b_last,b_last_rec,nll_rec
25,43.45881529146504,101.74255785075799,eu_b-last,1.1217934992481973,1.204552079449294,4.098184982222052,4.033758954066121,0.12051737698525332,0.17475711726437582,38.76239054774224
