subject,nll,bic,model,alpha,alpha_rec,beta,beta_rec,b_last,b_last_rec,nll_rec
49,21.250035329902943,57.30349245919796,eu_b-last,0.3136348238738595,0.32590217017505796,20.251435762834536,23.848316645629495,-0.01448348655713362,0.0005920034413038625,18.0614952865419
