subject,nll,bic,model,alpha,alpha_rec,beta,beta_rec,b_last,b_last_rec,nll_rec
95,65.78125505150979,146.3874373708475,eu_b-last,0.950538854979433,0.8597462696123063,2.4826940936428694,3.1423355628964633,0.0219199155671518,0.06117312112049749,62.875008003301545
