subject,nll,bic,model,alpha,alpha_rec,beta,beta_rec,b_last,b_last_rec,nll_rec
143,60.09226199375238,135.00945125533266,eu_b-last,1.0718445474012406,1.0036496988522459,2.19244562067082,2.7099230634210234,0.26362972470584534,0.19956480897341647,58.44368105700841
