subject,nll,bic,model,alpha,alpha_rec,beta,beta_rec,b_last,b_last_rec,nll_rec
71,48.315590712414945,111.4561086926578,eu_b-last,1.0631167120619103,1.0632558115220172,3.889344283743322,6.958909377453542,-0.0783365506354134,-0.06706840100687948,33.427937943242696
