subject,nll,bic,model,wp,wp_rec,beta,beta_rec,nll_rec
6,90.71920591599901,191.32169667721664,diffofdiff,0.9440524216900555,0.9419816424147353,1.7108389309482266,0.9867086554342723,94.72142436115189
