subject,nll,bic,model,wp,wp_rec,beta,beta_rec,nll_rec
11,80.05671470913438,169.98237728453014,diffofdiff,0.8659345659828991,0.832288466908222,1.9008517653748904,1.6609399588551608,76.79588480942027
