subject,nll,bic,model,wp,wp_rec,beta,beta_rec,nll_rec
7,95.73521097444993,201.35370679411847,diffofdiff,1.0,1.0,0.4875326307777835,0.62098630943301,94.94854573410367
