subject,nll,bic,model,wp,wp_rec,beta,beta_rec,nll_rec
1,47.342413456782865,104.56811175878434,diffofdiff,0.9530372820195498,0.951517631886597,9.87961096931572,11.1178095557738,44.34350585903524
