subject,nll,bic,model,wp,wp_rec,beta,beta_rec,nll_rec
4,71.3502917388472,152.58386832291302,diffofdiff,0.8924395664561768,0.893747901389243,3.371429866379998,4.137752551934466,65.37517555070792
