subject,nll,bic,model,wp,wp_rec,beta,beta_rec,nll_rec
0,67.53958606312273,144.96245697146406,diffofdiff,0.8603845786084492,0.8548911070557451,2.9460328056916154,3.228470454272655,63.479439282468974
