subject,nll,bic,model,wp,wp_rec,beta,beta_rec,nll_rec
9,73.50819468041371,156.8853372270888,diffofdiff,0.9084917088307423,0.8986614084649894,3.5267020722504894,2.17190611488173,83.41394591276523
