subject,nll,bic,model,wp,wp_rec,beta,beta_rec,nll_rec
13,55.680702137737654,121.24468912069392,diffofdiff,0.942934267295788,0.9410618540241238,8.010827786102231,6.979709659231907,59.774569176735056
