subject,nll,bic,model,wp,wp_rec,beta,beta_rec,nll_rec
2,46.3325772544317,102.5196618791778,diffofdiff,0.9437092643642239,0.9394030804348051,10.579310963726678,14.716858350780418,34.3318399607174
