subject,nll,bic,model,wp,wp_rec,beta,beta_rec,nll_rec
10,38.71219806817387,87.30768098156635,diffofdiff,0.6994152050079777,0.655669070260126,2.5973339156570523,2.082433174949811,39.84467048221428
