subject,nll,bic,model,alpha,alpha_rec,theta,theta_rec,wp,wp_rec,eta,eta_rec,w_between_attwise,w_between_attwise_rec,w_between_altwise,w_between_altwise_rec,beta,beta_rec,b_last,b_last_rec,nll_rec
18-alternatives,17.663631040350253,69.31522401709537,twostagemixturenoscaling,0.0,0.15046356956489054,1.0,1.0,0.32007790952531273,0.0,0.6194077598588397,0.32939558510463046,0.7273968992862238,0.38472488338959376,0.6030153390599836,0.33110938735231,47.640710065197055,33.44932051630351,0.02756930917097207,0.02609094929273668,21.87910460260228
