subject,nll,bic,model,alpha,alpha_rec,theta,theta_rec,wp,wp_rec,eta,eta_rec,w_between_attwise,w_between_attwise_rec,w_between_altwise,w_between_altwise_rec,beta,beta_rec,b_last,b_last_rec,nll_rec
12-alternatives,11.666656315976923,57.20616466873192,twostagemixturenoscaling,1.4634655256566378,1.4513761049550953,0.9513041941903047,0.9507274011969898,0.7963237893977574,1.0,1.0,0.9999702132756999,0.05001758193646211,0.06044734312916389,0.25274077241549875,0.11511526430985286,100.0,96.55597804308064,0.0170189762429379,0.008108127121937155,14.820255921141356
