subject,nll,bic,model,alpha,alpha_rec,theta,theta_rec,wp,wp_rec,eta,eta_rec,w_between_attwise,w_between_attwise_rec,w_between_altwise,w_between_altwise_rec,beta,beta_rec,b_last,b_last_rec,nll_rec
5-attributes,15.107547757168536,64.20305745073195,twostagemixturenoscaling,0.0,0.15818201145515567,0.5405672349274007,0.2564145665541797,0.35090275233132323,0.18363768050807977,0.31156235183019093,0.0,0.6044597456923996,0.3556013153213333,0.5738216040486872,0.5087990349164107,69.22630231880613,89.17322533965472,1.8460434044597918e-05,0.00788353846614933,13.599965731826792
