subject,nll,bic,model,alpha,alpha_rec,theta,theta_rec,wp,wp_rec,eta,eta_rec,w_between_attwise,w_between_attwise_rec,w_between_altwise,w_between_altwise_rec,beta,beta_rec,b_last,b_last_rec,nll_rec
4-attributes,26.431319893244815,86.8506017228845,twostagemixturenoscaling,1.4918066358216422,1.2037754134462424,0.16591403332233365,0.5700751553161605,0.9878618496428978,0.5624292193265293,0.26586700587876444,1.0,0.059910368099477335,0.30642326453537533,0.33785722690606607,0.23158701776884238,70.23929326578475,41.94493413207683,-0.009457040563243193,-0.022576818922513495,24.773047418978134
