subject,nll,bic,model,alpha,alpha_rec,theta,theta_rec,wp,wp_rec,eta,eta_rec,w_between_attwise,w_between_attwise_rec,w_between_altwise,w_between_altwise_rec,beta,beta_rec,b_last,b_last_rec,nll_rec
15-attributes,25.400102146353465,84.7881662291018,twostagemixturenoscaling,0.0,0.17000003059595997,0.0746961550943271,0.5672435862765157,0.38279569503189403,0.3782136264368417,1.0,0.9873300342588939,0.45396758069897647,0.4476272736092655,0.665239628251659,0.4137027573283075,32.91668376423653,44.17644365657457,0.02915495577235237,0.03278471515445753,18.16287780246104
