subject,nll,bic,model,alpha,alpha_rec,theta,theta_rec,wp,wp_rec,eta,eta_rec,w_between_attwise,w_between_attwise_rec,w_between_altwise,w_between_altwise_rec,beta,beta_rec,b_last,b_last_rec,nll_rec
12-attributes,19.787731718744624,73.56342537388412,twostagemixturenoscaling,1.4840089508290168,0.9546452155808808,0.4649164391613029,0.22518210086942164,0.580609606210836,0.555130644390445,1.0,1.0,0.665423608971142,0.5665972271756513,0.48866311573464744,0.6384228854203053,49.988386147545846,50.09825123047836,0.003270459184909143,-0.0031274010492110343,20.19023987827881
