subject,nll,bic,model,alpha,alpha_rec,theta,theta_rec,wp,wp_rec,eta,eta_rec,w_between_attwise,w_between_attwise_rec,w_between_altwise,w_between_altwise_rec,beta,beta_rec,b_last,b_last_rec,nll_rec
10-alternatives,17.41232089651829,68.81260372943146,twostagemixturenoscaling,3.0,0.3244990726476483,0.2293537236528177,1.0,0.11994445043507873,0.0,0.11869831561909744,0.6393223416558405,0.5227886368344139,0.4269879554727546,0.3997933292803702,0.764929974439692,49.95802244278856,40.51597877277498,-0.0015675333569952522,-0.017475541558965378,9.68522487161117
