subject,nll,bic,model,alpha,alpha_rec,theta,theta_rec,wp,wp_rec,eta,eta_rec,w_between_attwise,w_between_attwise_rec,w_between_altwise,w_between_altwise_rec,beta,beta_rec,b_last,b_last_rec,nll_rec
6-attributes,39.71116026467713,113.41028246574913,twostagemixturenoscaling,1.4782716993830938,1.5851449878965258,1.0,0.9607523739935836,1.0,1.0,1.0,0.500481466097142,0.24494506068594848,0.2804262674408529,0.5111726186193752,0.9164881693762642,12.556280655043647,26.655599778114908,0.002262419857377487,-0.005637828477929491,31.680443511526473
