subject,nll,bic,model,alpha,alpha_rec,theta,theta_rec,wp,wp_rec,eta,eta_rec,w_between_attwise,w_between_attwise_rec,w_between_altwise,w_between_altwise_rec,beta,beta_rec,b_last,b_last_rec,nll_rec
9-alternatives,30.158847041603114,94.1905461199843,twostagemixturenoscaling,2.4704679619150163,1.8450507719100686,0.9265909379489825,1.0,0.5737636010402205,0.6080849047883042,0.8238455419301038,0.2519120904373314,0.9275770034253241,0.9430136566208602,0.6703187080576648,0.5827330832668912,28.833323453469987,59.44328041493403,-0.0031938513473941115,-0.018441636187903156,21.904345214548314
