subject,nll,bic,model,alpha,alpha_rec,theta,theta_rec,wp,wp_rec,eta,eta_rec,w_between_attwise,w_between_attwise_rec,w_between_altwise,w_between_altwise_rec,beta,beta_rec,b_last,b_last_rec,nll_rec
16-alternatives,37.620064210394496,108.7573663570004,twostagemixturenoscaling,3.0,2.4046672174537074,1.0,1.0,0.6866602287242365,1.0,0.13254288629401148,0.4288510611862297,0.5671533420876212,0.707501847390358,0.5652842055657953,0.24393222727213626,20.29746844036237,13.767468413814989,0.006122904417677217,0.05075556321211028,36.61575474512867
