subject,nll,bic,model,alpha,alpha_rec,theta,theta_rec,wp,wp_rec,eta,eta_rec,w_between_attwise,w_between_attwise_rec,w_between_altwise,w_between_altwise_rec,beta,beta_rec,b_last,b_last_rec,nll_rec
13-attributes,23.490080778140445,80.96812349267577,twostagemixturenoscaling,0.047931423788371744,0.0013331241201481867,0.8623313707663061,0.8815720541527565,0.0,0.0,1.0,1.0,0.32679279994643395,0.32676847976061024,0.8418014544239758,0.7636825035247476,30.600488736169527,23.310038191467424,0.013489523930306542,0.025211874647054704,26.630468234651552
