subject,nll,bic,model,alpha,alpha_rec,theta,theta_rec,wp,wp_rec,eta,eta_rec,w_between_attwise,w_between_attwise_rec,w_between_altwise,w_between_altwise_rec,beta,beta_rec,b_last,b_last_rec,nll_rec
19-attributes,10.882697670453837,55.75335727730255,twostagemixturenoscaling,2.0469216734260316,0.8969902162590132,0.9999999826473805,0.43507930631332886,0.9626149908756088,1.0,0.08763048352777043,1.0,0.787019088637009,0.387240386046,0.3259336210147542,0.6657458954125343,45.73828503412694,46.691568605157045,-0.013601584004546691,-0.007873409934361216,8.591986828954152
