subject,nll,bic,model,alpha,alpha_rec,theta,theta_rec,wp,wp_rec,eta,eta_rec,w_between_attwise,w_between_attwise_rec,w_between_altwise,w_between_altwise_rec,beta,beta_rec,b_last,b_last_rec,nll_rec
17-alternatives,17.756558141676276,69.50107821974743,twostagemixturenoscaling,0.9941253157887969,0.17802751821224677,0.8763313634977977,0.5661819199293566,0.0,0.22332443287389098,0.1693404389833691,0.9241918891310427,0.6855997406732369,0.6366610751572827,0.14895436377134402,0.5475941824628703,76.2232757078137,87.37457212130506,3.4645619586029636e-05,0.003027546745061803,12.039350161826318
