subject,nll,bic,model,alpha,alpha_rec,theta,theta_rec,wp,wp_rec,eta,eta_rec,w_between_attwise,w_between_attwise_rec,w_between_altwise,w_between_altwise_rec,beta,beta_rec,b_last,b_last_rec,nll_rec
1-alternatives,19.06554624138395,72.11905441916278,twostagemixturenoscaling,0.2057355622812715,0.11064505050131425,1.0,0.9934483899102107,0.0,0.0,0.4965497919234387,0.3409807943436176,0.17504868838508691,0.3606689446986768,0.20094460090238464,0.3030761178234821,36.385673090391634,72.39916005700807,-0.008214612745768027,-0.013247299963547413,12.559162030495152
