subject,nll,bic,model,alpha,alpha_rec,theta,theta_rec,wp,wp_rec,eta,eta_rec,w_between_attwise,w_between_attwise_rec,w_between_altwise,w_between_altwise_rec,beta,beta_rec,b_last,b_last_rec,nll_rec
15-alternatives,18.421137997834325,70.71512803244673,twostagemixturenoscaling,0.5158664858397761,0.6490424614637959,0.7068979643027108,1.0,0.5394618157198893,1.0,0.9091288824494271,0.11631702164866048,0.818213429287991,0.8308035727855075,0.29567987237703025,0.08055300516907178,43.09845302406528,49.07070738449758,-0.003910328495383822,0.004345139891952973,15.241336275657929
