subject,nll,bic,model,alpha,alpha_rec,theta,theta_rec,wp,wp_rec,eta,eta_rec,w_between_attwise,w_between_attwise_rec,w_between_altwise,w_between_altwise_rec,beta,beta_rec,b_last,b_last_rec,nll_rec
0-alternatives,28.604849884889937,91.19766170617476,twostagemixturenoscaling,3.0,3.0,0.9292974487029104,1.0,0.48861730799225006,0.4540728112724534,0.26230259366649394,0.6523868141326354,0.1952700579547974,0.4364966193228135,0.6055972543892209,0.7484082423291157,39.74096477185829,34.64624458972636,0.0033017131818650243,0.01053459587232819,26.142060116280014
