subject,nll,bic,model,alpha,alpha_rec,theta,theta_rec,wp,wp_rec,eta,eta_rec,w_between_attwise,w_between_attwise_rec,w_between_altwise,w_between_altwise_rec,beta,beta_rec,b_last,b_last_rec,nll_rec
14-attributes,31.236950740718054,96.46186341783098,twostagemixturenoscaling,0.6344110084697598,0.9334727287874696,0.5695946980741529,0.8906868263099605,0.11692534894865605,0.0,0.33195101450167563,1.0,0.3186243926423485,0.06767052204696286,0.4132618527658614,0.0756132539029033,24.337929168529243,27.356110847890026,0.00957245899401759,0.004738081978436026,29.324020916699258
