subject,nll,bic,model,alpha,alpha_rec,theta,theta_rec,wp,wp_rec,eta,eta_rec,w_between_attwise,w_between_attwise_rec,w_between_altwise,w_between_altwise_rec,beta,beta_rec,b_last,b_last_rec,nll_rec
2-alternatives,16.77610863384012,67.42506930445832,twostagemixturenoscaling,0.0,0.5666898542750093,1.0,0.6336676965129562,0.5012642347730619,0.5384592534063563,0.7961226512182563,0.4706873327562436,0.9228407855217227,0.5002468244505254,0.7988217860128111,0.3923092795291753,47.49791090982673,77.7840810708711,-0.020660023105841557,-0.016957303374123604,12.806100962979457
