subject,nll,bic,model,alpha,alpha_rec,theta,theta_rec,wp,wp_rec,eta,eta_rec,w_between_attwise,w_between_attwise_rec,w_between_altwise,w_between_altwise_rec,beta,beta_rec,b_last,b_last_rec,nll_rec
17-attributes,15.576345935695686,65.14065380778625,twostagemixturenoscaling,0.0,0.06824690666613094,0.8862503710048846,0.330414653793691,0.2519171810003532,0.0,0.7090925760669115,0.5033822662803255,0.6901371161155292,0.43932142525707324,0.19781444189930109,0.1531677316917558,69.30986017374855,70.5941829892349,-0.005717065002474721,-0.005838046829083709,15.526609841232899
