subject,nll,bic,model,alpha,alpha_rec,theta,theta_rec,wp,wp_rec,eta,eta_rec,w_between_attwise,w_between_attwise_rec,w_between_altwise,w_between_altwise_rec,beta,beta_rec,b_last,b_last_rec,nll_rec
11-attributes,33.103384587172904,100.19473111074069,twostagemixturenoscaling,0.2128734806020484,0.0,0.6067379597459364,5.212139267846885e-06,0.0,0.1977198519289437,0.7359079037264057,1.0,0.4079915436267712,0.539483879478408,0.7259766189389514,0.9403702375368603,18.15185009523866,23.177677833375622,-0.0022409852303116725,-0.011618198838498042,30.19240175677106
