subject,nll,bic,model,alpha,alpha_rec,theta,theta_rec,wp,wp_rec,eta,eta_rec,w_between_attwise,w_between_attwise_rec,w_between_altwise,w_between_altwise_rec,beta,beta_rec,b_last,b_last_rec,nll_rec
2-attributes,11.018800866345883,55.91045376946984,twostagemixturenoscaling,0.628377826580179,0.44910046215276517,0.6842312108604605,0.8407492618221819,0.5757302602238494,0.0,1.0,1.0,0.3568916629960237,0.03934551917274163,0.6470486639189149,0.4206293117364274,73.17584628698266,52.98661199745876,0.012883669930159922,0.017872052774107496,13.3418499362261
