subject,nll,bic,model,alpha,alpha_rec,theta,theta_rec,wp,wp_rec,eta,eta_rec,s_between,s_between_rec,w_between_attwise,w_between_attwise_rec,w_between_altwise,w_between_altwise_rec,beta,beta_rec,b_last,b_last_rec,nll_rec
16,82.62488583398236,209.26291382196052,twostagemixture,0.0,0.8707210928764746,0.01905780199452543,0.0,0.5349225974813532,0.44183578319542494,1.0,1.0,27.448142857513584,0.02848671234619231,0.2897068744479163,1.0,1.0,0.9938088906468701,0.33154042499714975,200.0,0.8802152641878039,0.002703382652042964,75.0262038134517
