subject,nll,bic,model,alpha,alpha_rec,theta,theta_rec,wp,wp_rec,eta,eta_rec,s_between,s_between_rec,w_between_attwise,w_between_attwise_rec,w_between_altwise,w_between_altwise_rec,beta,beta_rec,b_last,b_last_rec,nll_rec
1,47.91792257266704,140.3106269488178,twostagemixture,0.04278764856887401,0.08706443954188899,1.0,0.8560258016290124,0.22513080464745597,0.0,1.0,1.0,0.05270133673218217,0.08571546294277081,0.9332957524807227,0.830956954989634,0.9206505276649184,0.7813951768591979,200.0,74.91541555229286,0.0007747676934424457,0.0045829804638062265,50.874827294488995
