subject,nll,bic,model,alpha,alpha_rec,theta,theta_rec,wp,wp_rec,eta,eta_rec,s_between,s_between_rec,w_between_attwise,w_between_attwise_rec,w_between_altwise,w_between_altwise_rec,beta,beta_rec,b_last,b_last_rec,nll_rec
13,50.01391129235504,144.50260438819382,twostagemixture,0.18690936855904655,0.3704218779578593,1.0,0.5371484919843568,0.0,0.0,1.0,0.0810219530969133,13.01421516345504,40.0,0.038717358636434815,0.017172640373746405,0.03766243557904334,0.009745185019708986,13.29383614463589,17.63639310447365,0.002015333734151326,-0.022634968101586002,38.56953727613213
