subject,nll,bic,model,alpha,alpha_rec,theta,theta_rec,wp,wp_rec,eta,eta_rec,s_between,s_between_rec,w_between_attwise,w_between_attwise_rec,w_between_altwise,w_between_altwise_rec,beta,beta_rec,b_last,b_last_rec,nll_rec
17,35.81915219002205,116.11308618352784,twostagemixture,0.027161306063057427,0.0,0.6825482338982459,0.673282436873176,0.2793501319074281,0.35440838167280875,0.6976716463484084,1.0,0.22465088055346846,39.467915848022734,0.9107078474608329,0.07243262732484763,0.932985760901251,0.0916344367057228,200.0,17.98118495534859,-0.0008400348741897749,0.02770322045812466,30.216951452117307
