subject,nll,bic,model,alpha,alpha_rec,theta,theta_rec,wp,wp_rec,eta,eta_rec,s_between,s_between_rec,w_between_attwise,w_between_attwise_rec,w_between_altwise,w_between_altwise_rec,beta,beta_rec,b_last,b_last_rec,nll_rec
14,50.44098747567769,145.2922403495316,twostagemixture,1.0537757262849525,1.3100549865041418,0.8244986259088484,0.0,0.36147364955916134,0.4943411672322566,0.2652396938395667,1.0,1.696101601022417,40.0,0.7539624243539462,0.0,0.0,0.5164875065697656,6.286031161659386,3.5091392590166604,0.032728613022632504,0.1468153814171424,37.23303269371647
