subject,nll,bic,model,alpha,alpha_rec,theta,theta_rec,wp,wp_rec,eta,eta_rec,s_between,s_between_rec,w_between_attwise,w_between_attwise_rec,w_between_altwise,w_between_altwise_rec,beta,beta_rec,b_last,b_last_rec,nll_rec
8,42.492853494463475,129.46048879241067,twostagemixture,2.2652251884500663,2.1223515311048526,1.0,1.0,0.6557789499180797,0.7423547700723626,0.22828444191823027,0.09286017119935215,14.05285764625474,14.034426951145843,0.9631704694009049,0.9062775657743105,0.9759858574843557,0.9417657247541464,3.269331041375729,3.153238538726675,0.15850799937754442,0.40779844143964716,37.812061312313965
