subject,nll,bic,model,alpha,alpha_rec,theta,theta_rec,wp,wp_rec,eta,eta_rec,s_between,s_between_rec,w_between_attwise,w_between_attwise_rec,w_between_altwise,w_between_altwise_rec,beta,beta_rec,b_last,b_last_rec,nll_rec
0,63.35276163187028,171.1803050672243,twostagemixture,2.7593008219866366,2.3925229677892816,0.9459198966051621,1.0,0.4364383508050571,0.6547805700445045,0.2785640471228971,0.5309349860209084,11.271266815737903,10.148893179159186,0.9944900415913626,0.8926716076150927,0.9888280006139853,0.8403390593811269,1.7657749139914372,0.79308267815943,0.024410140860910947,0.01564139608283427,63.19811338354036
