subject,nll,bic,model,alpha,alpha_rec,theta,theta_rec,wp,wp_rec,eta,eta_rec,s_between,s_between_rec,w_between_attwise,w_between_attwise_rec,w_between_altwise,w_between_altwise_rec,beta,beta_rec,b_last,b_last_rec,nll_rec
11,68.53771351266826,181.48569242351275,twostagemixture,0.47848213225125086,0.4903361053441025,0.15227046991384996,0.0,0.0,0.0,0.6503108829066534,0.059048091663112104,0.02890004520330812,1.2603768175286094,0.9697931306026056,0.32464259427531983,0.9852511323949014,0.735838644722518,199.999999999056,14.75762637899923,0.00020731557305458527,-0.0025424002350280216,59.69955207807695
