subject,nll,bic,model,alpha,alpha_rec,theta,theta_rec,wp,wp_rec,eta,eta_rec,s_between,s_between_rec,w_between_attwise,w_between_attwise_rec,w_between_altwise,w_between_altwise_rec,beta,beta_rec,b_last,b_last_rec,nll_rec
4,56.887849056213845,158.25047991591143,twostagemixture,1.244774718725033,1.2536892335524614,0.0,0.0,0.4571179413457803,0.4257950979800668,0.0,1.0,11.964197321761521,6.5516170487453484,0.04614906177468087,0.1557172134516522,0.8616251199359499,0.7838129282009563,3.7377378201796922,4.214943998145348,-0.07854521338490127,-0.06761196591403225,50.56361066500115
