subject,nll,bic,model,alpha,alpha_rec,theta,theta_rec,wp,wp_rec,eta,eta_rec,s_between,s_between_rec,w_between_attwise,w_between_attwise_rec,w_between_altwise,w_between_altwise_rec,beta,beta_rec,b_last,b_last_rec,nll_rec
3,19.06063193866296,82.59604568080965,twostagemixture,2.2826507034465227,1.0148534866843295,0.6686561909925426,0.0,1.0,0.8300839833803441,1.0,0.3789477565415849,8.133457250308728,40.0,0.9542238009167822,0.2958657747424226,0.9465584471728031,0.46728659998658273,2.989297460395278,2.7457468406489194,0.005672124919493844,-0.061783981626995554,18.05760296092918
