subject,nll,bic,model,alpha,alpha_rec,beta,beta_rec,b_last,b_last_rec,nll_rec
9,70.62725670330154,156.05793520599516,eu_b-last,1.1319327412892544,0.9371249252793948,1.3760790542024834,1.8395201281271023,0.14050880354728063,0.10735294742523811,72.79253908175227
