subject,nll,bic,model,alpha,alpha_rec,beta,beta_rec,b_last,b_last_rec,nll_rec
1,52.69227063061682,120.20946852906155,eu_b-last,0.3892369105941856,0.39034751248619426,7.455261971237027,8.24430923439895,0.02582377819802505,0.007810719624972811,49.188183581527824
