subject,nll,bic,model,alpha,alpha_rec,beta,beta_rec,b_last,b_last_rec,nll_rec
19,25.979812204576774,66.78455167698147,eu_b-last,0.313477193261338,0.25094497627728346,16.608744310681068,16.89909811709828,0.009838738130144454,0.02137411101939454,23.216867506824055
