subject,nll,bic,model,alpha,alpha_rec,beta,beta_rec,b_last,b_last_rec,nll_rec
18,57.85330678649077,130.53154084080944,eu_b-last,0.5472059566356007,0.5617483341673019,5.285259931918373,4.863995615239745,0.11117128456804856,0.13824286524729518,59.30380720788503
