subject,nll,bic,model,alpha,alpha_rec,beta,beta_rec,b_last,b_last_rec,nll_rec
0,67.30298111863837,149.43088950510466,eu_b-last,1.6359648458770026,1.5341064977614571,0.5391440020315771,0.4855536131099848,0.18947557803517615,1.0,72.6374585803886
