subject,nll,bic,model,alpha,alpha_rec,beta,beta_rec,b_last,b_last_rec,nll_rec
17,40.42996746400995,95.68486219584781,eu_b-last,1.1379228552606224,1.1738307436799698,4.641589544505845,7.122696633350391,-0.0321356788328354,-0.015227412045151514,28.92904099421309
