subject,nll,bic,model,alpha,alpha_rec,beta,beta_rec,b_last,b_last_rec,nll_rec
11,75.78849931359605,166.38042042658418,eu_b-last,1.2925331926771155,1.5482365960101958,0.8127312993785502,0.3417199361518471,0.0680115276027978,-0.7006363588511447,82.7695213976314
