subject,nll,bic,model,alpha,alpha_rec,beta,beta_rec,b_last,b_last_rec,nll_rec
2,33.847136478164586,82.47603401180079,eu_b-last,0.6480035081248434,0.5959452197209626,10.194851831979218,10.599583698108239,-0.017070091171982753,-0.015394604937858406,34.45580926259743
