subject,nll,bic,model,alpha,alpha_rec,beta,beta_rec,b_last,b_last_rec,nll_rec
12,43.46622632578149,101.73587445095505,eu_b-last,0.8617403956921297,0.8874307480991375,5.636313491659184,7.970645905210143,0.09875943323887192,0.0806922998742548,32.538178971360225
