subject,nll,bic,model,alpha,alpha_rec,beta,beta_rec,b_last,b_last_rec,nll_rec
8,54.131734077796395,123.0883954234207,eu_b-last,0.7293590100920941,0.7413409695255974,4.885651665486405,4.347447608585649,0.08845691722423113,0.04606710385807461,58.20828259904329
