subject,nll,bic,model,alpha,alpha_rec,beta,beta_rec,b_last,b_last_rec,nll_rec
15,51.67360529063208,118.15063238065623,eu_b-last,0.5647421898476823,0.6540124094844026,6.291302303466342,5.42694178854254,0.07270367846505585,0.06869014028515853,53.47225628792651
