subject,nll,bic,model,alpha,alpha_rec,beta,beta_rec,b_last,b_last_rec,nll_rec
4,58.88209468540734,132.5891166386426,eu_b-last,1.2058735004938526,1.0224750162093104,1.9653937372519736,3.6400862469507116,-0.13767913153959452,-0.0275336334853766,52.011233831503645
