subject,nll,bic,model,alpha,alpha_rec,beta,beta_rec,b_last,b_last_rec,nll_rec
16,86.06987210414042,186.8107915929461,eu_b-last,0.8501995420387746,0.651310226569412,0.6560772560641539,0.7962645432270514,0.5091436885151613,0.14934884421727282,88.94662368589266
