subject,nll,bic,model,wp,wp_rec,beta,beta_rec,b_last,b_last_rec,b_longer,b_longer_rec,nll_rec
97,56.83701673980937,133.44060317005597,wa_dn_b-last_b-longer,0.6039852586855955,0.6112970789455225,21.523906173578066,20.468345196554427,0.008564117308181336,0.011579880497793356,0.0025687782232285505,-0.005314877895578046,57.66789090215855
