subject,nll,bic,model,wp,wp_rec,beta,beta_rec,b_last,b_last_rec,b_longer,b_longer_rec,nll_rec
53,41.645039739213544,103.05664916886431,wa_dn_b-last_b-longer,0.6034564751268185,0.6178355554926759,33.42645701513877,34.34075942681754,-0.0020447952827363177,0.00027296520266786666,0.002348798256690988,0.014667985001791433,39.05236275372559
