subject,nll,bic,model,wp,wp_rec,beta,beta_rec,b_last,b_last_rec,b_longer,b_longer_rec,nll_rec
94,55.37198237289901,130.51053443623525,wa_dn_b-last_b-longer,0.5253212410660045,0.5121248144733715,25.095201919712522,21.957234657103534,0.0005867126596481531,0.010163473637347365,-0.013346165272787567,-0.009442579524090614,59.17361820663898
