subject,nll,bic,model,wp,wp_rec,beta,beta_rec,b_last,b_last_rec,b_longer,b_longer_rec,nll_rec
137,20.194032649519464,60.15463498947614,wa_dn_b-last_b-longer,0.13427883739296875,0.06153584918078394,24.615596710499343,14.046633704502506,0.00988828785824471,0.0265289834139241,0.04096401907001489,0.0527086988600528,31.928922601980453
