subject,nll,bic,model,wp,wp_rec,beta,beta_rec,b_last,b_last_rec,b_longer,b_longer_rec,nll_rec
144,57.260055359402585,134.25800645132793,wa_dn_b-last_b-longer,0.47465129489772234,0.4594696021017245,23.014643246793238,25.091087544669872,0.0005217427549401213,0.0070830106012452765,-0.00024405318000226802,-0.013685323303069818,53.577038865500064
