subject,nll,bic,model,wp,wp_rec,beta,beta_rec,b_last,b_last_rec,b_longer,b_longer_rec,nll_rec
27,54.59497657283657,128.95652283611037,wa_dn_b-last_b-longer,0.4933402204723573,0.48860085532400654,26.041559688269125,28.868551421096598,-0.0016246131298876076,0.004515656028576698,0.004330240926345728,0.012457416412419873,51.06993651963978
