subject,nll,bic,model,wp,wp_rec,beta,beta_rec,b_last,b_last_rec,b_longer,b_longer_rec,nll_rec
110,21.09389673194257,61.95436315432236,wa_dn_b-last_b-longer,0.9370828001885408,1.0,16.79475417668664,17.79973127537947,0.0087397919381687,0.053804224938237985,-0.024199750187250603,-0.014874849030416668,15.421072016006761
