subject,nll,bic,model,wp,wp_rec,beta,beta_rec,b_last,b_last_rec,b_longer,b_longer_rec,nll_rec
138,-0.00013812820027432653,19.737619476122216,wa_dn_b-last_b-longer,0.0,0.0,199.98987784310594,199.98987784310594,0.005844292215433818,0.005844292215433818,-6.841526350318757e-05,-6.841526350318757e-05,-0.00013812820027432653
