subject,nll,bic,model,wp,wp_rec,beta,beta_rec,b_last,b_last_rec,b_longer,b_longer_rec,nll_rec
106,73.66283461561628,167.0635649637553,wa_dn_b-last_b-longer,0.3170171289299344,0.3093215204491168,7.510284455572581,6.010322912402124,0.0504031531951847,0.08942514866306295,0.037384714644526376,0.03793509354931826,76.43132217094112
