subject,nll,bic,model,wp,wp_rec,beta,beta_rec,b_last,b_last_rec,b_longer,b_longer_rec,nll_rec
33,61.929156442074756,143.62488257458674,wa_dn_b-last_b-longer,0.48858767695239175,0.5004322976014889,18.807303617349778,21.896406601165786,0.024220368659051743,0.019535362220936565,-0.005254184925642354,1.1536853560370027e-08,58.461722928744265
