subject,nll,bic,model,wp,wp_rec,beta,beta_rec,b_last,b_last_rec,b_longer,b_longer_rec,nll_rec
180,62.93089818562508,145.6283660616874,wa_dn_b-last_b-longer,0.6324654807566817,0.6394700985892967,16.17135366844472,13.902804215734387,0.014216175066118346,0.016341122408244542,-0.012269938874294853,-0.010064784616932197,66.86583706304177
