subject,nll,bic,model,wp,wp_rec,beta,beta_rec,b_last,b_last_rec,b_longer,b_longer_rec,nll_rec
68,43.476606719475356,106.71978312938793,wa_dn_b-last_b-longer,0.00466296897572244,0.0,9.257662128121158,8.757137602560649,0.03214668752106216,0.04165806319153653,-1.1437434566729412e-06,0.06750261174835362,45.28793166273529
