subject,nll,bic,model,wp,wp_rec,beta,beta_rec,b_last,b_last_rec,b_longer,b_longer_rec,nll_rec
166,48.808357251352795,117.3832841931428,wa_dn_b-last_b-longer,0.3758989304958104,0.37195815668111176,24.27477557634116,19.866421078597256,0.018448937543349496,0.029615190654888657,0.012907565415504916,0.011772983994743764,52.66841994012377
