subject,nll,bic,model,wp,wp_rec,beta,beta_rec,b_last,b_last_rec,b_longer,b_longer_rec,nll_rec
102,45.886876305039266,111.54032230051575,wa_dn_b-last_b-longer,0.5633516772398149,0.5943935558017268,32.1647555369813,31.086816697878522,0.008925091527292844,0.014120492391425682,-3.909325982865588e-08,0.004629966614811676,44.7227432575111
