subject,nll,bic,model,wp,wp_rec,beta,beta_rec,b_last,b_last_rec,b_longer,b_longer_rec,nll_rec
140,38.08622286631377,95.93901542306475,wa_dn_b-last_b-longer,0.7215552007461059,0.6675803750216827,22.285553460720106,33.173629497922285,0.001510891228723837,0.009465374515246277,2.507672947476417e-08,-0.021878294180420935,33.06755755332706
