subject,nll,bic,model,wp,wp_rec,beta,beta_rec,b_last,b_last_rec,b_longer,b_longer_rec,nll_rec
73,40.52676208752401,100.76253891567684,wa_dn_b-last_b-longer,0.6067452313200586,0.5939571869482385,33.482826989350286,34.36496332707794,0.012309947022078752,0.005122002128662148,-0.016281725448800917,-0.008867475946797945,40.98561621359241
