subject,nll,bic,model,wp,wp_rec,beta,beta_rec,b_last,b_last_rec,b_longer,b_longer_rec,nll_rec
189,39.69854132571878,99.10609739206637,wa_dn_b-last_b-longer,0.6342376768934936,0.625389798183754,30.85146169408827,30.107187654046523,-0.001715379991031825,-0.011951976865369725,0.0073932570366877426,0.012534904200658451,41.74462441408453
