subject,nll,bic,model,wp,wp_rec,beta,beta_rec,b_last,b_last_rec,b_longer,b_longer_rec,nll_rec
195,41.46091639085771,102.68840247215263,wa_dn_b-last_b-longer,0.660385371936908,0.6240759656690997,27.11356601030361,32.97684999022259,-0.008112384551262291,-0.009599331052262728,-0.002972391210702822,-0.007519719006554501,39.837571238054934
