subject,nll,bic,model,wp,wp_rec,beta,beta_rec,b_last,b_last_rec,b_longer,b_longer_rec,nll_rec
48,56.07847135782599,131.9235124060892,wa_dn_b-last_b-longer,0.4383282021203866,0.4412605415709939,22.730449571117205,24.870380317068243,0.005532521936830092,0.01875644910985643,-0.002396136118878298,-0.004662606100118951,52.70885560868983
