subject,nll,bic,model,wp,wp_rec,beta,beta_rec,b_last,b_last_rec,b_longer,b_longer_rec,nll_rec
77,35.453225424026755,90.67302053849073,wa_dn_b-last_b-longer,0.7225878434061249,0.7199348187177625,23.69517196195379,23.397610035401758,0.005331783605135883,0.005278475081458332,0.004122250299497184,0.004050007981463315,36.41619117801098
