subject,nll,bic,model,wp,wp_rec,beta,beta_rec,b_last,b_last_rec,b_longer,b_longer_rec,nll_rec
185,57.67236077082332,135.11129123208386,wa_dn_b-last_b-longer,0.5253577511280494,0.5216631159671895,23.264365078393656,24.505919758143357,0.00978574364802234,0.007259449336832646,-0.004600986464491004,0.004485089983427345,56.252161987890574
