subject,nll,bic,model,wp,wp_rec,beta,beta_rec,b_last,b_last_rec,b_longer,b_longer_rec,nll_rec
125,34.158584412097454,88.08373851463213,wa_dn_b-last_b-longer,0.6339765595334729,0.6241723315837264,37.192746006647795,57.63947297201405,0.00023133991059233583,0.017719205321800068,0.005260334098131603,0.007619346827408932,22.824351618580085
