subject,nll,bic,model,wp,wp_rec,beta,beta_rec,b_last,b_last_rec,b_longer,b_longer_rec,nll_rec
31,80.82865142408933,181.42387253861588,wa_dn_b-last_b-longer,0.4169650261657167,0.3858510088550663,7.682896048155266,9.918043025233064,0.0370002325251321,-0.015351197870793153,-0.005058796760385248,-0.008536103986454527,75.43783899740755
