subject,nll,bic,model,wp,wp_rec,beta,beta_rec,b_last,b_last_rec,b_longer,b_longer_rec,nll_rec
104,61.470209921960034,142.59103938686428,wa_dn_b-last_b-longer,0.5931788711427862,0.5942514330838946,18.547509581795858,15.802305273954216,-0.007339149377107772,-0.004257542469658504,-0.0037659425177825412,0.007717782574480352,65.9779739167335
