subject,nll,bic,model,wp,wp_rec,beta,beta_rec,b_last,b_last_rec,b_longer,b_longer_rec,nll_rec
78,41.310391922472974,102.38735353538317,wa_dn_b-last_b-longer,0.5118277362974089,0.5007824258109921,40.59461182559429,34.62747530466257,0.007590428623753716,0.0021351041218244226,2.015009994922307e-09,-0.005814439475768042,46.33720006852121
