subject,nll,bic,model,wp,wp_rec,beta,beta_rec,b_last,b_last_rec,b_longer,b_longer_rec,nll_rec
19,39.72199911932594,99.18189397117465,wa_dn_b-last_b-longer,0.49232168651486335,0.48757077791791326,44.18151265452384,44.84217936303523,-0.008803882520040369,-0.015857955224866847,-0.0017934303565474282,-0.005415395286968287,38.8530332320601
