subject,nll,bic,model,wp,wp_rec,beta,beta_rec,b_last,b_last_rec,b_longer,b_longer_rec,nll_rec
36,133.76836350875692,290.0472114722764,wa_dn_b-last_b-longer,0.6382283841916577,0.6580829892604303,13.953213010579594,14.290456285954818,0.009146479774675842,-0.007530033188752928,-0.0026509146548986773,0.02508337478135782,127.67482942966508
