subject,nll,bic,model,wp,wp_rec,beta,beta_rec,b_last,b_last_rec,b_longer,b_longer_rec,nll_rec
28,46.6817437029349,113.13005709630701,wa_dn_b-last_b-longer,0.5520886876625748,0.5387686885040112,32.18866277789621,28.279090848258825,0.00239359523947,-0.003860941991774782,-0.0021284067136866976,-0.010775930122334621,51.494506234120166
