subject,nll,bic,model,wp,wp_rec,beta,beta_rec,b_last,b_last_rec,b_longer,b_longer_rec,nll_rec
105,46.46871537050242,112.70400043144207,wa_dn_b-last_b-longer,0.5323836888585367,0.5308708172339528,33.29280348546836,37.87672677081045,0.002275195698804621,-0.005780535925367644,-0.008161632960530936,-0.013875455685015022,42.212551012215805
