subject,nll,bic,model,wp,wp_rec,beta,beta_rec,b_last,b_last_rec,b_longer,b_longer_rec,nll_rec
197,7.87824510883642,35.43641392098534,wa_dn_b-last_b-longer,1.0,1.0,25.076081691862107,22.546447895734186,0.026569056552806725,0.008376497266297685,0.021699668215517803,0.020963785790407863,9.702059987092676
