subject,nll,bic,model,wp,wp_rec,beta,beta_rec,b_last,b_last_rec,b_longer,b_longer_rec,nll_rec
81,56.90386680912647,133.5456293507757,wa_dn_b-last_b-longer,0.5298173940046367,0.5092347880527797,23.558410499534638,21.934996778067763,0.001667125901097286,0.003913961686339959,-0.005540334398234267,0.008673204419608305,58.89951397487836
