subject,nll,bic,model,wp,wp_rec,beta,beta_rec,b_last,b_last_rec,b_longer,b_longer_rec,nll_rec
45,34.44455264112081,88.65567497267884,wa_dn_b-last_b-longer,0.25332332259715235,0.23543689069720491,24.938627310803188,32.27716678066827,0.0011823000262992484,0.0006649213819634816,-2.6952649967902375e-08,0.008995754160235861,24.045151306711908
