subject,nll,bic,model,wp,wp_rec,beta,beta_rec,b_last,b_last_rec,b_longer,b_longer_rec,nll_rec
57,51.1904585246339,122.14748673970502,wa_dn_b-last_b-longer,0.5381861541800526,0.530278570547679,28.552746876198338,31.08687148205826,-0.005989068091674286,-0.007909169424299266,-0.0107464310697664,-0.004152210536774082,48.86760285372008
