subject,nll,bic,model,wp,wp_rec,beta,beta_rec,b_last,b_last_rec,b_longer,b_longer_rec,nll_rec
113,64.98257690744892,149.7030495474206,wa_dn_b-last_b-longer,0.19990480413562497,0.25933728782276905,7.871510607167746,9.461838177092627,0.020491428191904002,0.01817266667594439,0.05434947720980862,0.03892171539937741,64.28415046802853
