subject,nll,bic,model,wp,wp_rec,beta,beta_rec,b_last,b_last_rec,b_longer,b_longer_rec,nll_rec
177,51.20824918881732,122.18306806807186,wa_dn_b-last_b-longer,0.533760387262608,0.5416643388709504,27.669747965904083,22.57619492437694,0.021957035998587265,0.03863591915244473,0.004399454319909254,0.009921555159921297,55.066534797454565
