subject,nll,bic,model,wp,wp_rec,beta,beta_rec,b_last,b_last_rec,b_longer,b_longer_rec,nll_rec
38,53.66126704666334,127.0891037837639,wa_dn_b-last_b-longer,0.5445684568587139,0.5569510799672344,26.154187952532347,26.842023360578683,-0.017063119326995908,-0.003926155067687779,0.008973541391147906,0.008939522636908425,52.61555974129415
