subject,nll,bic,model,wp,wp_rec,beta,beta_rec,b_last,b_last_rec,b_longer,b_longer_rec,nll_rec
85,34.75605858864331,89.25001290980939,wa_dn_b-last_b-longer,0.926938471418121,0.8558473740416601,12.876190371628345,14.80455036731392,-0.03726367088396358,0.00020942426072326987,0.03743953729472289,0.01534650015475989,34.4242131117344
