subject,nll,bic,model,wp,wp_rec,beta,beta_rec,b_last,b_last_rec,b_longer,b_longer_rec,nll_rec
17,72.10580434674344,163.8622282364311,wa_dn_b-last_b-longer,0.5789610865207386,0.5964204993806378,12.139207738743165,13.80119709506419,0.02176505201929371,0.05184963330522065,0.010605506268823792,0.007110239740560661,64.55914853153948
