subject,nll,bic,model,wp,wp_rec,beta,beta_rec,b_last,b_last_rec,b_longer,b_longer_rec,nll_rec
25,44.87762825570837,109.52182620185397,wa_dn_b-last_b-longer,0.48365166363949985,0.479799818910661,35.53608084650938,39.237444320691736,0.013563306500151811,0.013486946967127211,0.009655863136253535,0.02069744141392587,41.05611961387429
