subject,nll,bic,model,wp,wp_rec,beta,beta_rec,b_last,b_last_rec,b_longer,b_longer_rec,nll_rec
59,61.882073907589216,143.5020435477012,wa_dn_b-last_b-longer,0.49376862007316275,0.47803483618460935,18.230810149810818,17.862880696466902,0.013492848165895922,0.019848407726044043,-0.027893969714250233,-0.03460514356275526,60.705583962286624
