subject,nll,bic,model,wp,wp_rec,beta,beta_rec,b_last,b_last_rec,b_longer,b_longer_rec,nll_rec
170,36.2757403922722,92.31805047498162,wa_dn_b-last_b-longer,0.587436677268978,0.5731091782825453,40.446720910716046,47.05337622763086,0.00014997644437509308,-0.004314572997787023,-0.013638689936638472,-0.013444094333300368,32.21706894215234
