subject,nll,bic,model,wp,wp_rec,beta,beta_rec,b_last,b_last_rec,b_longer,b_longer_rec,nll_rec
21,46.74622945658988,113.25902860361697,wa_dn_b-last_b-longer,0.5296051134494889,0.5401694194030618,33.330832362876585,44.322440955117315,-0.0037820516430242864,9.617518214077677e-05,-1.1836486433090947e-08,0.00789338317431464,36.88299456308682
