subject,nll,bic,model,wp,wp_rec,beta,beta_rec,b_last,b_last_rec,b_longer,b_longer_rec,nll_rec
49,20.773830941491767,61.2855576155063,wa_dn_b-last_b-longer,0.7390393808702073,0.7436843379197503,34.26206400183014,44.59455046420242,-0.009194168958104149,-0.021050365663355115,0.010004359918145241,0.010906885510912082,14.58527864271093
