subject,nll,bic,model,wp,wp_rec,beta,beta_rec,b_last,b_last_rec,b_longer,b_longer_rec,nll_rec
103,44.592202326781326,108.95097434399986,wa_dn_b-last_b-longer,0.6405954515157812,0.6500639240984761,27.074282933289062,27.084549573798107,-0.004752495483006157,-0.013245551387083358,0.005434234576511814,0.014122149172657847,43.202846485399036
