subject,nll,bic,model,wp,wp_rec,beta,beta_rec,b_last,b_last_rec,b_longer,b_longer_rec,nll_rec
135,76.72866761279306,173.22390491602334,wa_dn_b-last_b-longer,0.2665921617513236,0.19573112950506832,6.3047652193244526,6.233164800775719,0.04782747846449242,-0.025329058911692962,-0.006781931091547699,0.044470489384523415,74.23637309542075
