subject,nll,bic,model,wp,wp_rec,beta,beta_rec,b_last,b_last_rec,b_longer,b_longer_rec,nll_rec
145,39.48802955141092,98.74262879325906,wa_dn_b-last_b-longer,0.5590226978481214,0.5562730545547112,38.87133093560854,36.57232566237278,0.014940302109116168,0.01912405241028331,-0.0021155516531389767,-0.006340825862347332,41.544808891095784
