subject,nll,bic,model,wp,wp_rec,beta,beta_rec,b_last,b_last_rec,b_longer,b_longer_rec,nll_rec
51,72.4048669711571,164.48965764562672,wa_dn_b-last_b-longer,0.3928326020214573,0.42155044939140834,10.301649513162676,6.932238049569677,-0.010867420225881882,-0.022695094263238305,0.03632711881091972,0.027310662099681304,83.09056362867865
