subject,nll,bic,model,wp,wp_rec,beta,beta_rec,b_last,b_last_rec,b_longer,b_longer_rec,nll_rec
112,33.97215757734154,87.71088484512029,wa_dn_b-last_b-longer,0.595912007635063,0.5964892707356478,42.31979285353307,36.96474737049353,0.0047568357225361586,0.00477735066568163,-3.957877929148006e-08,0.009218925299793037,38.62125357643508
