subject,nll,bic,model,wp,wp_rec,beta,beta_rec,b_last,b_last_rec,b_longer,b_longer_rec,nll_rec
7,59.55665479623099,138.8798792828992,wa_dn_b-last_b-longer,0.5609045736080595,0.5444234130629818,21.65707574254501,27.35229013584708,-0.013291162105227258,-0.016861558161436377,-0.0048522986634134055,-0.0044179545103848125,52.316389829285484
