subject,nll,bic,model,wp,wp_rec,beta,beta_rec,b_last,b_last_rec,b_longer,b_longer_rec,nll_rec
129,59.3820726227439,138.530714935925,wa_dn_b-last_b-longer,0.5238346412687701,0.5390905913589011,22.03985845074952,26.94380234803223,0.00549751090498915,0.017869720905669805,0.009405893895462907,0.004424830815678458,52.32443683257221
