subject,nll,bic,model,wp,wp_rec,beta,beta_rec,b_last,b_last_rec,b_longer,b_longer_rec,nll_rec
43,48.749652844484444,117.26587537940611,wa_dn_b-last_b-longer,0.6775752700042065,0.6594287466867083,20.625454453146684,33.35616977117462,0.004620008151748751,0.0003597453660794294,-0.009791389062321128,-0.023940567532331588,34.31543893268547
