subject,nll,bic,model,wp,wp_rec,beta,beta_rec,b_last,b_last_rec,b_longer,b_longer_rec,nll_rec
176,69.29520636150971,158.35698241345665,wa_dn_b-last_b-longer,0.6005409057028033,0.5835849788178296,13.404637787817336,13.433823910422992,0.034952422114681934,0.04424327172181412,7.495955308775219e-09,0.016618791997607588,68.49267189445736
