subject,nll,bic,model,wp,wp_rec,beta,beta_rec,b_last,b_last_rec,b_longer,b_longer_rec,nll_rec
2,53.08593711520641,125.93844392085003,wa_dn_b-last_b-longer,0.6272885149444696,0.6620421259082848,22.067251943194204,20.705081021316467,0.014270583047162978,0.034856396004181306,0.013509773503694316,0.031088720945695977,48.95295441782408
