subject,nll,bic,model,wp,wp_rec,beta,beta_rec,b_last,b_last_rec,b_longer,b_longer_rec,nll_rec
67,55.77243243682018,131.3114345640776,wa_dn_b-last_b-longer,0.6678955194551071,0.6798560443727311,17.905794065096643,19.71997280971406,-0.01997195502706484,-0.02403263301986305,-0.01627204053727104,-0.016611351857976207,50.44656581345768
