subject,nll,bic,model,wp,wp_rec,beta,beta_rec,b_last,b_last_rec,b_longer,b_longer_rec,nll_rec
107,84.75932294183862,189.22766062430605,wa_dn_b-last_b-longer,0.7919263748774287,0.8504921386213763,4.080105884323867,4.144083022837814,0.04100263181678372,0.04086790091107892,0.0001959636997476422,0.03942701225825141,81.6734338462932
