subject,nll,bic,model,wp,wp_rec,beta,beta_rec,b_last,b_last_rec,b_longer,b_longer_rec,nll_rec
126,48.2484391636722,116.26344801778163,wa_dn_b-last_b-longer,0.6200381625550021,0.6383582348681744,26.400862089551808,31.190576007777132,0.0005907690281875068,-0.002243921636098834,1.0587470041108853e-07,-0.008025432448968806,39.70923548766317
