subject,nll,bic,model,wp,wp_rec,beta,beta_rec,b_last,b_last_rec,b_longer,b_longer_rec,nll_rec
61,57.095898984807505,133.95836766005223,wa_dn_b-last_b-longer,0.5724304586953334,0.593427700619559,22.86556938153025,22.604409464026798,0.00551790905882771,0.0033007712488914015,-0.007182659570166114,-0.012390056937185838,56.04478327442119
