subject,nll,bic,model,wp,wp_rec,beta,beta_rec,b_last,b_last_rec,b_longer,b_longer_rec,nll_rec
75,47.544192432264815,114.85495455496684,wa_dn_b-last_b-longer,0.7432022383733754,0.8443730404352752,15.763834732016786,13.1784326147314,0.03790890920735693,0.06985680152023684,-0.008887394853148342,-0.03859989699334973,40.7290955920445
