subject,nll,bic,model,wp,wp_rec,beta,beta_rec,b_last,b_last_rec,b_longer,b_longer_rec,nll_rec
160,50.81838893575308,121.37467360402891,wa_dn_b-last_b-longer,0.5637754611602865,0.5687228597935368,26.85210112940302,28.1370858912902,0.025282159546922863,0.02060134461519007,-0.002401096351943632,-0.002358065100185429,49.44044772628
