subject,nll,bic,model,wp,wp_rec,beta,beta_rec,b_last,b_last_rec,b_longer,b_longer_rec,nll_rec
1,63.91816956283658,147.60290881611039,wa_dn_b-last_b-longer,0.5397605562179881,0.5309160118041842,18.037472348766983,21.640643914529697,0.024652165268100264,0.00326544382513466,0.002657362383474119,0.014265594957619735,59.761335970694105
