subject,nll,bic,model,wp,wp_rec,beta,beta_rec,b_last,b_last_rec,b_longer,b_longer_rec,nll_rec
122,50.88039191930822,121.52735352905364,wa_dn_b-last_b-longer,0.5356286189441595,0.5164707926794457,28.355458807052177,27.22542399739923,-0.010349121860040165,-0.01018225288830604,-0.0194585328737815,-0.01076829317408919,53.014938443531435
