subject,nll,bic,model,wp,wp_rec,beta,beta_rec,b_last,b_last_rec,b_longer,b_longer_rec,nll_rec
86,10.375438570397835,40.51744683123289,wa_dn_b-last_b-longer,1.0,1.0,23.876491264909387,41.278269749550205,-0.025097086111182658,-0.03667748467078471,0.040981430132337425,0.05036400336579013,4.821706812495667
