subject,nll,bic,model,wp,wp_rec,beta,beta_rec,b_last,b_last_rec,b_longer,b_longer_rec,nll_rec
192,-9.414146624334103e-05,19.766381407504728,wa_dn_b-last_b-longer,1.0,1.0,199.99986707512483,199.99986707512483,5.566267234529041e-05,5.566267234529041e-05,-5.2368453032172824e-08,-5.2368453032172824e-08,-9.414146624334103e-05
