subject,nll,bic,model,wp,wp_rec,beta,beta_rec,b_last,b_last_rec,b_longer,b_longer_rec,nll_rec
178,59.5828103723935,138.93219043522421,wa_dn_b-last_b-longer,0.6306523899064186,0.6475473837051293,18.34166458666465,22.820540575584204,0.0016567984740748205,0.003816534772820013,-0.011537457045693793,-0.037208037560131565,48.70468053239246
