subject,nll,bic,model,wp,wp_rec,beta,beta_rec,b_last,b_last_rec,b_longer,b_longer_rec,nll_rec
171,68.26189207318328,156.2616798788893,wa_dn_b-last_b-longer,0.4765401348737388,0.49324952128468774,15.338347330876912,16.13823254121879,-0.007055977358229497,-0.018743673090898548,-0.00760550954547805,0.02722456722905858,66.15331041958487
