subject,nll,bic,model,wp,wp_rec,beta,beta_rec,b_last,b_last_rec,b_longer,b_longer_rec,nll_rec
190,58.554840440604465,136.87625057164615,wa_dn_b-last_b-longer,0.5147183478328504,0.49575978545145744,22.544136906049857,20.164781683692,-0.015265560818149221,-0.03409258561206903,-0.01173778754032717,-0.028800577640724582,58.92535229215565
