subject,nll,bic,model,wp,wp_rec,beta,beta_rec,b_last,b_last_rec,b_longer,b_longer_rec,nll_rec
156,34.38177205118245,88.53011379280213,wa_dn_b-last_b-longer,0.5633969389786702,0.5651823881245999,44.822143087872924,47.43087612412578,0.010868804342238308,0.006620557720054386,0.0021495544363227988,0.0065582056531842976,32.329124636108496
