subject,nll,bic,model,wp,wp_rec,beta,beta_rec,b_last,b_last_rec,b_longer,b_longer_rec,nll_rec
116,40.807822118448016,101.38221392733325,wa_dn_b-last_b-longer,0.5940440291029921,0.6066793495902016,35.02097489042992,35.98723231209677,-0.002038350616625102,0.00022795557998875064,0.0022973995872488553,0.004720778711494232,38.70082721013931
