subject,nll,bic,model,wp,wp_rec,beta,beta_rec,b_last,b_last_rec,b_longer,b_longer_rec,nll_rec
5,35.92339313962207,91.61335596968135,wa_dn_b-last_b-longer,0.32321161110291147,0.33069983051828983,34.3181853424846,50.87836388728113,0.0127630055164163,6.560720906533595e-05,0.01257548519251926,0.008653998730642804,28.683708776290317
