subject,nll,bic,model,wp,wp_rec,beta,beta_rec,b_last,b_last_rec,b_longer,b_longer_rec,nll_rec
20,40.98611619528786,101.73880208101295,wa_dn_b-last_b-longer,0.6495522734958876,0.6782193708470973,28.93884129569759,36.92457002275004,-0.018837379395229354,-0.019759093221275958,-0.008405338032839466,-0.013320446062071322,28.26634750292595
