subject,nll,bic,model,wp,wp_rec,beta,beta_rec,b_last,b_last_rec,b_longer,b_longer_rec,nll_rec
30,41.74709869419092,103.23209312090461,wa_dn_b-last_b-longer,0.6342034894058731,0.6812789180877964,29.99843094038433,24.171546465360187,-0.0021603809271881443,-0.008645518412128364,-0.002628116280434979,-0.009861706970077953,42.309544283074985
