subject,nll,bic,model,wp,wp_rec,beta,beta_rec,b_last,b_last_rec,b_longer,b_longer_rec,nll_rec
47,-9.314167757439393e-05,19.737709449167617,wa_dn_b-last_b-longer,1.0,1.0,199.99994301778307,199.99994301778307,5.568028816853767e-05,5.568028816853767e-05,-2.4796325774818525e-09,-2.4796325774818525e-09,-9.314167757439393e-05
