subject,nll,bic,model,wp,wp_rec,beta,beta_rec,b_last,b_last_rec,b_longer,b_longer_rec,nll_rec
90,35.429060685649176,90.62469106173558,wa_dn_b-last_b-longer,0.6606512489759452,0.6518206871308029,31.797851389718147,39.05602437945796,-0.005533807173497011,-0.008620781222493993,-0.00604701487560297,-0.005935480047985174,29.760728974741284
