subject,nll,bic,model,wp,wp_rec,beta,beta_rec,b_last,b_last_rec,b_longer,b_longer_rec,nll_rec
117,31.74110517287444,83.2487800361861,wa_dn_b-last_b-longer,0.6531083492623151,0.6722665433259046,36.85690348004549,27.5548659150674,-0.014357391537070874,-0.017827862987903953,6.199465913159836e-08,0.009388762197054796,39.138816291486705
