subject,nll,bic,model,wp,wp_rec,beta,beta_rec,b_last,b_last_rec,b_longer,b_longer_rec,nll_rec
115,25.983825476500463,71.73422064343814,wa_dn_b-last_b-longer,0.524090805761339,0.5342297657441611,71.11564601403023,108.70280158081933,0.003479624610249614,0.008321257813195084,4.1529154674495717e-07,0.0017072745417767122,17.28555858568685
