subject,nll,bic,model,wp,wp_rec,beta,beta_rec,b_last,b_last_rec,b_longer,b_longer_rec,nll_rec
161,26.94842240538329,73.66341450120379,wa_dn_b-last_b-longer,0.6418071974452142,0.6172450657002287,45.06321374396141,50.90661976268276,0.014156331684399719,0.017118789116263498,-0.008369789632251715,-0.002441190904349751,26.71436102310538
