subject,nll,bic,model,wp,wp_rec,beta,beta_rec,b_last,b_last_rec,b_longer,b_longer_rec,nll_rec
111,54.806472320234406,129.37951433090603,wa_dn_b-last_b-longer,0.41307839844833283,0.4051121538365473,22.186737903894358,24.29286510375191,0.0009325488729091106,-0.016124953502137628,0.015037624205570557,0.014734848927425074,51.61645346452252
