subject,nll,bic,model,wp,wp_rec,beta,beta_rec,b_last,b_last_rec,b_longer,b_longer_rec,nll_rec
6,28.172508598578883,76.11158688759498,wa_dn_b-last_b-longer,0.62709375411439,0.6205691449458595,46.359538211346056,66.33653269015186,0.0026504074585112893,0.0024734484271434717,-0.002554530193354745,-0.0024537969853528855,20.1322184026523
