subject,nll,bic,model,wp,wp_rec,beta,beta_rec,b_last,b_last_rec,b_longer,b_longer_rec,nll_rec
84,65.35638383223235,150.47933735490193,wa_dn_b-last_b-longer,0.5367817628616955,0.5772436454972218,17.745072031634162,20.69587189162922,0.014473346477900472,0.0183739490083383,0.0026427638454146187,-0.010102079277470265,59.21170351079604
