subject,nll,bic,model,wp,wp_rec,beta,beta_rec,b_last,b_last_rec,b_longer,b_longer_rec,nll_rec
139,56.68326324097316,132.95788568174996,wa_dn_b-last_b-longer,0.5269723860174373,0.5297070444670078,21.571330389033562,29.53288092817402,0.003076516747463558,-0.0020245456968875043,-0.004420156108295461,-0.010646701119552125,46.93286271735159
