subject,nll,bic,model,wp,wp_rec,beta,beta_rec,b_last,b_last_rec,b_longer,b_longer_rec,nll_rec
87,52.01023295279009,123.7870355960174,wa_dn_b-last_b-longer,0.661321693497566,0.6526797834397042,20.084704974532613,24.102576507478982,0.013470711618846267,0.006534775148604482,-0.009240317856871181,-0.01443804824591867,46.77274799239577
