subject,nll,bic,model,wp,wp_rec,beta,beta_rec,b_last,b_last_rec,b_longer,b_longer_rec,nll_rec
46,60.55162716019592,140.86982401082906,wa_dn_b-last_b-longer,0.5725550281185801,0.5674668036586522,20.229639011439406,14.00610215149457,0.015981093528669152,0.030172470685433682,-0.002528968793484867,0.01878949521855181,69.48345569606474
