subject,nll,bic,model,wp,wp_rec,beta,beta_rec,b_last,b_last_rec,b_longer,b_longer_rec,nll_rec
154,23.729891291014262,67.22635227246573,wa_dn_b-last_b-longer,0.8309746934566193,0.73242211747908,20.73307246538513,61.105380683836195,0.018433201312220367,0.009716310367559898,0.01566745896343527,0.009679791666640207,10.868511717517869
