subject,nll,bic,model,wp,wp_rec,beta,beta_rec,b_last,b_last_rec,b_longer,b_longer_rec,nll_rec
18,43.98486945476022,107.73630859995765,wa_dn_b-last_b-longer,0.5262272263218837,0.5026222287246245,36.52091958047514,49.25911987510893,-0.003739207156501684,-0.009002801499748291,0.003944176016309024,0.019734673637224785,35.28481292485561
