subject,nll,bic,model,wp,wp_rec,beta,beta_rec,b_last,b_last_rec,b_longer,b_longer_rec,nll_rec
153,52.46760871399191,124.70178711842104,wa_dn_b-last_b-longer,0.4760696209245043,0.4945410267827575,27.096611717759338,36.43968526392005,0.01315251373254495,0.013457096782452709,6.041356482979084e-08,0.005765990082660723,44.34211827323056
