subject,nll,bic,model,wp,wp_rec,beta,beta_rec,b_last,b_last_rec,b_longer,b_longer_rec,nll_rec
199,66.85869601371988,153.48396171787698,wa_dn_b-last_b-longer,0.40424826992592233,0.3605006062388577,14.234342270116738,13.127632349463727,-0.002894575463660132,-0.009359704267642262,0.0032757820842439504,-0.0036681551808331885,65.84581776131546
