subject,nll,bic,model,wp,wp_rec,beta,beta_rec,b_last,b_last_rec,b_longer,b_longer_rec,nll_rec
150,60.75489670973158,141.21880816009198,wa_dn_b-last_b-longer,0.47887428805560506,0.48503423259333345,18.236886635548135,16.79944427898927,0.027249042614717008,0.03455492953271342,0.0025370780388074255,0.005740287338392587,62.32544769917068
