subject,nll,bic,model,wp,wp_rec,beta,beta_rec,b_last,b_last_rec,b_longer,b_longer_rec,nll_rec
0,75.31203839600067,170.39064648243857,wa_dn_b-last_b-longer,0.5485197838002646,0.5373037090035201,12.501838416320375,11.74156251076133,0.0010434982125821228,0.004917758989949833,-0.0032690179958048513,0.017111224234671662,76.37769287545363
