subject,nll,bic,model,wp,wp_rec,beta,beta_rec,b_last,b_last_rec,b_longer,b_longer_rec,nll_rec
164,39.310090092978186,98.3867498763936,wa_dn_b-last_b-longer,0.5853819158122754,0.585231693192624,37.28783910459817,42.454217012636704,-0.008761986219391978,-0.011185907126529187,0.00450591206339828,0.0022606242075118503,34.828687598477444
