subject,nll,bic,model,wp,wp_rec,beta,beta_rec,b_last,b_last_rec,b_longer,b_longer_rec,nll_rec
54,53.04297273174224,125.8525151539217,wa_dn_b-last_b-longer,0.5134574929718122,0.4777108581491028,27.097575863001737,30.360287683065902,0.011079707636274966,-0.007700183073026771,-0.0043062214125058505,0.004057193057920918,50.01508127665458
