subject,nll,bic,model,wp,wp_rec,beta,beta_rec,b_last,b_last_rec,b_longer,b_longer_rec,nll_rec
146,34.54513415618043,88.85683800279807,wa_dn_b-last_b-longer,0.6313989978119335,0.6257304339514722,37.21043034907209,39.80090313575437,0.002790083649125244,0.0076938301763466365,-0.01294718742913568,-0.007559951988161169,33.06293171110633
