subject,nll,bic,model,wp,wp_rec,beta,beta_rec,b_last,b_last_rec,b_longer,b_longer_rec,nll_rec
50,40.386903649744866,100.54037698992695,wa_dn_b-last_b-longer,0.33824757190874305,0.34023689126154133,30.804140361818718,36.66345709154065,0.010220993842617508,0.011667665970602816,0.009932618146988693,0.002321109526805555,36.629274921378745
