subject,nll,bic,model,wp,wp_rec,beta,beta_rec,b_last,b_last_rec,b_longer,b_longer_rec,nll_rec
16,43.16884516451438,106.10426001946598,wa_dn_b-last_b-longer,0.6215275784402722,0.6234738650356766,29.96290700748353,28.411901053378955,0.01032716784690671,0.008011700132463686,0.015014671096436063,0.01774304971074046,44.79392451546249
