subject,nll,bic,model,wp,wp_rec,beta,beta_rec,b_last,b_last_rec,b_longer,b_longer_rec,nll_rec
8,44.6239662245342,109.01450213950562,wa_dn_b-last_b-longer,0.6368471312369282,0.6471103250056428,27.296706317894557,27.964861901190222,-0.004691631658541491,0.000557247845567766,-0.02138761414652884,-0.033349742311490314,42.061895047530406
