subject,nll,bic,model,wp,wp_rec,beta,beta_rec,b_last,b_last_rec,b_longer,b_longer_rec,nll_rec
174,45.62932851343305,111.02522671730333,wa_dn_b-last_b-longer,0.49212147582372007,0.5122164926328963,35.62456881685965,39.048359611263095,-0.009286799064221796,-0.007401258410316987,-0.0019171002301923035,0.0038000765154531727,42.530946493747194
