subject,nll,bic,model,wp,wp_rec,beta,beta_rec,b_last,b_last_rec,b_longer,b_longer_rec,nll_rec
98,62.792292048219124,145.35115378687547,wa_dn_b-last_b-longer,0.55201881117936,0.5468547662380241,19.476812077592967,25.449837031928332,0.008649780396488518,0.0005684522744761492,0.005040514235807566,0.004487651267583239,54.826842840946206
