subject,nll,bic,model,wp,wp_rec,beta,beta_rec,b_last,b_last_rec,b_longer,b_longer_rec,nll_rec
66,53.323469684016814,126.41350905847085,wa_dn_b-last_b-longer,0.5670981950372593,0.5716265202601138,25.96099611799652,30.23023696022409,-0.012959719969239641,-0.006262947033067788,5.830480396531366e-08,-0.015597915905255116,47.537392564500905
