subject,nll,bic,model,wp,wp_rec,beta,beta_rec,b_last,b_last_rec,b_longer,b_longer_rec,nll_rec
179,44.24235372671169,108.25127714386059,wa_dn_b-last_b-longer,0.3366013673930783,0.36120204273223144,26.55368272952188,25.450729193614425,-0.004581260215394635,0.0006707518084954636,0.010553461682980932,0.010145931776503353,47.626377476209015
