subject,nll,bic,model,wp,wp_rec,beta,beta_rec,b_last,b_last_rec,b_longer,b_longer_rec,nll_rec
99,60.88753509010157,141.54163987064035,wa_dn_b-last_b-longer,0.5737457479417147,0.5976453117996406,20.408091039313838,21.545993667834274,-0.0013439813232688294,0.00847032484287842,-0.007513093335150807,0.00761725977259731,57.26807828748463
