subject,nll,bic,model,wp,wp_rec,beta,beta_rec,b_last,b_last_rec,b_longer,b_longer_rec,nll_rec
131,60.67010687030857,141.10678343105437,wa_dn_b-last_b-longer,0.5156464579486029,0.5338303683126225,21.33405892616656,18.260717420827646,-0.010737804422270967,-0.008580506032112693,0.002392105687719791,1.9092781354265466e-08,65.38658888978414
