subject,nll,bic,model,wp,wp_rec,beta,beta_rec,b_last,b_last_rec,b_longer,b_longer_rec,nll_rec
58,58.56954142272015,136.76018195919403,wa_dn_b-last_b-longer,0.5938752390287222,0.6300794689373596,20.2714631746599,19.5439808589846,-0.001674218939646844,0.007203139680148143,0.00793065253502077,-0.0032518092111117856,56.16928808685547
