subject,nll,bic,model,wp,wp_rec,beta,beta_rec,b_last,b_last_rec,b_longer,b_longer_rec,nll_rec
120,46.87587603689289,113.518321764223,wa_dn_b-last_b-longer,0.6396744095037807,0.6472628080656991,25.40713783022945,24.936819855326803,0.006074990868505729,0.028572472923894494,-0.005450484583636072,0.01691247529892651,45.49280542388316
