subject,nll,bic,model,wp,wp_rec,beta,beta_rec,b_last,b_last_rec,b_longer,b_longer_rec,nll_rec
56,27.30303298057717,74.37263565159157,wa_dn_b-last_b-longer,0.8383207436132042,0.7817908458026906,18.44703953042699,24.705057847240983,0.004573992074545448,0.019581651641256168,0.01553451726073276,-0.018346155003586908,24.358418094903136
