subject,nll,bic,model,wp,wp_rec,beta,beta_rec,b_last,b_last_rec,b_longer,b_longer_rec,nll_rec
198,48.86878385641967,117.50413740327656,wa_dn_b-last_b-longer,0.5964050243229814,0.6066502152554044,27.715786642841316,37.023838804999095,-0.0018555966907505472,0.004893208497396327,0.011822486396554987,0.004716337105960141,37.670751428531744
