subject,nll,bic,model,wp,wp_rec,beta,beta_rec,b_last,b_last_rec,b_longer,b_longer_rec,nll_rec
196,61.13944662256325,142.0454629355637,wa_dn_b-last_b-longer,0.5178279655773205,0.5223701490024949,20.102764454434165,18.624314252389528,0.020526191398756017,0.024134455514093794,5.237473242325583e-08,0.0052213346145324495,62.970372897042054
