subject,nll,bic,model,wp,wp_rec,beta,beta_rec,b_last,b_last_rec,b_longer,b_longer_rec,nll_rec
80,35.138143547687484,90.04285678581218,wa_dn_b-last_b-longer,0.49659767177268604,0.5169769399925583,51.98114198649947,41.286081711080435,0.00698111861667212,0.007687054445876939,-0.0034787884238623567,0.011363215265624678,40.24653561834269
