subject,nll,bic,model,wp,wp_rec,beta,beta_rec,b_last,b_last_rec,b_longer,b_longer_rec,nll_rec
141,49.20765848690138,118.18188666423998,wa_dn_b-last_b-longer,0.656220746979964,0.6497267836454015,22.51254262323861,25.99459109400897,-0.01625412580156018,-0.010427450091711575,-0.005913702185271752,0.005662555112077792,44.78826884642815
