subject,nll,bic,model,wp,wp_rec,beta,beta_rec,b_last,b_last_rec,b_longer,b_longer_rec,nll_rec
65,31.199196052628192,82.1649617956936,wa_dn_b-last_b-longer,0.6019837201128928,0.6173314245820403,45.4846268588199,38.14100112601319,0.0024535842183544512,0.007444781324179673,0.002358322656266477,0.012162023323797101,35.499261751150186
