subject,nll,bic,model,wp,wp_rec,beta,beta_rec,b_last,b_last_rec,b_longer,b_longer_rec,nll_rec
100,60.574321786687875,140.91521326381297,wa_dn_b-last_b-longer,0.5913380536933179,0.5742135132786921,19.226487662858975,21.052708562341127,0.009196523677806863,0.005941708478152168,-0.023794242338544647,-0.01987445611753215,59.0741923856207
