subject,nll,bic,model,wp,wp_rec,beta,beta_rec,b_last,b_last_rec,b_longer,b_longer_rec,nll_rec
124,36.76426812061895,93.29510593167512,wa_dn_b-last_b-longer,0.4533139596679145,0.4587893248996148,53.249582529562765,41.409532522354645,0.00468948243296607,-0.008620888563292796,0.0015588503336385936,-0.00176846923668128,41.96416048809576
