subject,nll,bic,model,wp,wp_rec,beta,beta_rec,b_last,b_last_rec,b_longer,b_longer_rec,nll_rec
14,51.438562646582795,122.64369498360281,wa_dn_b-last_b-longer,0.5646652852876491,0.5651440244325099,27.495739258121368,28.158642563723287,0.0026806357102404778,-0.003988278249980183,-0.0022427617902620236,0.011170421345367009,50.51104383370415
