subject,nll,bic,model,wp,wp_rec,beta,beta_rec,b_last,b_last_rec,b_longer,b_longer_rec,nll_rec
69,56.26245594932976,132.29148158909675,wa_dn_b-last_b-longer,0.5967114507575562,0.5885887329963176,22.340014798719114,22.633482623751785,0.003354614230491461,0.012975997493321656,-0.010003350043792665,-0.009864636227379006,56.02319849410209
