subject,nll,bic,model,wp,wp_rec,beta,beta_rec,b_last,b_last_rec,b_longer,b_longer_rec,nll_rec
39,56.05929883897399,131.8851673683852,wa_dn_b-last_b-longer,0.48473981291444135,0.4618007007351135,24.19744566347325,21.285103320044445,0.009538142248318221,0.01796594633870378,-0.00451505042224732,-0.012398975700018366,57.75488570255072
