subject,nll,bic,model,wp,wp_rec,beta,beta_rec,b_last,b_last_rec,b_longer,b_longer_rec,nll_rec
123,46.86423934104812,113.49504837253346,wa_dn_b-last_b-longer,0.47162045151539345,0.4684356019251533,34.256154496143324,36.571798343172254,-0.003591289712539334,0.009433437528832711,0.0038284401730642723,0.0018751255452264795,44.78526055809293
