subject,nll,bic,model,wp,wp_rec,beta,beta_rec,b_last,b_last_rec,b_longer,b_longer_rec,nll_rec
148,48.03281340359054,115.80352253970383,wa_dn_b-last_b-longer,0.6310366026393041,0.6411691173956385,25.37246789994643,22.037573577795506,-0.009512189804343738,-0.03178722516064637,-0.010770915845355169,0.008426273289758757,51.65534170882642
