subject,nll,bic,model,alpha,alpha_rec,gamma,gamma_rec,beta,beta_rec,b_last,b_last_rec,b_longer,b_longer_rec,nll_rec
144,56.292843295185754,137.25805625602496,pt_b-last_b-longer,0.6074275018387516,0.6929101152620686,0.5418586501137485,0.5973562283651578,10.037533854568489,8.092696238402032,0.0029267231966995555,-0.011009677496052098,-0.0009800482597362682,-0.015280955064645335,54.64920452496538
