subject,nll,bic,model,alpha,alpha_rec,gamma,gamma_rec,beta,beta_rec,b_last,b_last_rec,b_longer,b_longer_rec,nll_rec
115,22.81625987156219,70.34073185617089,pt_b-last_b-longer,0.801238292165355,0.9560706124155902,0.885488100609587,1.0,15.478439921537518,17.498414494709483,0.01803933540129648,0.023864502472674253,2.763449732603176e-06,0.048151813347467695,15.866356614957699
