subject,nll,bic,model,alpha,alpha_rec,gamma,gamma_rec,beta,beta_rec,b_last,b_last_rec,b_longer,b_longer_rec,nll_rec
10,63.45237227440546,151.61295666185745,pt_b-last_b-longer,0.4184698584852317,0.5467737437438498,0.6762035997174595,0.7829678025093629,9.496964111522217,6.646086965476601,-0.004133385332700282,-0.014803592559098766,4.70505854311584e-08,0.07028992055893153,61.39203969253889
