subject,nll,bic,model,alpha,alpha_rec,gamma,gamma_rec,beta,beta_rec,b_last,b_last_rec,b_longer,b_longer_rec,nll_rec
56,21.927900543858065,68.56401320076264,pt_b-last_b-longer,0.1574478880112025,0.10518915056034583,0.5201676629788363,0.5128292139403672,55.20510502729062,199.9867021262119,0.0007006256665214374,0.0021700462255716253,0.0059930686346230415,0.02846845871282407,6.4078963431104885
