subject,nll,bic,model,alpha,alpha_rec,gamma,gamma_rec,beta,beta_rec,b_last,b_last_rec,b_longer,b_longer_rec,nll_rec
16,40.411917779468226,105.53204767198298,pt_b-last_b-longer,0.5218606303012461,0.3119482598476693,1.0,0.6644523020455929,9.158978637490481,28.70121903624505,0.03787690928716287,0.04823869508634118,0.053095395150275684,0.02183231687617687,30.550104244594777
