subject,nll,bic,model,alpha,alpha_rec,gamma,gamma_rec,beta,beta_rec,b_last,b_last_rec,b_longer,b_longer_rec,nll_rec
48,54.449143511409474,133.60649913586548,pt_b-last_b-longer,1.2464533648936758,1.0851800646801004,1.0,0.7738284437602713,2.0679887204265173,3.048196138348268,0.06728289718417997,-0.00908058577343876,-0.027553908327648445,0.038953886198155874,53.01497460974307
