subject,nll,bic,model,alpha,alpha_rec,gamma,gamma_rec,beta,beta_rec,b_last,b_last_rec,b_longer,b_longer_rec,nll_rec
168,28.349618752736124,81.40744961851877,pt_b-last_b-longer,0.2784215092952185,0.32656596949961814,1.0,1.0,14.856149458397269,14.39402115246873,0.003779608691487289,0.010351296175967115,-0.016975080735373002,0.0156026520608761,30.353424588224843
