subject,nll,bic,model,alpha,alpha_rec,gamma,gamma_rec,beta,beta_rec,b_last,b_last_rec,b_longer,b_longer_rec,nll_rec
42,29.689453074181635,84.08711826140978,pt_b-last_b-longer,0.2724093900877171,0.2892655597514122,0.49766981064122723,0.4847045710789879,71.0416699603094,99.02871538382378,-0.0014293096632184148,-0.0035394515780947326,0.0014940653271784691,0.0072571515894443404,18.895608272934695
