subject,nll,bic,model,alpha,alpha_rec,gamma,gamma_rec,beta,beta_rec,b_last,b_last_rec,b_longer,b_longer_rec,nll_rec
186,74.73864078458794,174.18549368222241,pt_b-last_b-longer,0.36251461612741054,0.635611471555407,0.28,0.4085963760247852,21.13830848734863,2.656493750505998,0.03834607086792911,0.29006273684337247,0.010370173816705497,0.03029375139199881,81.78855119956756
