subject,nll,bic,model,alpha,alpha_rec,gamma,gamma_rec,beta,beta_rec,b_last,b_last_rec,b_longer,b_longer_rec,nll_rec
120,42.41997780002917,109.54816771310487,pt_b-last_b-longer,0.31437145806815275,0.3036298112756146,0.6254018057371193,0.5679782709042075,23.780710704819025,31.75956668957979,0.007087083829991498,0.005349103578349588,-0.0062868893357453815,1.5939021982249083e-08,40.417571888012716
