subject,nll,bic,model,alpha,alpha_rec,gamma,gamma_rec,beta,beta_rec,b_last,b_last_rec,b_longer,b_longer_rec,nll_rec
59,62.70135905467007,150.0750877749936,pt_b-last_b-longer,0.47517540194369706,0.589561973797116,0.4368959466185155,0.46616941024575004,13.206436593265893,7.619134150670785,0.02332024023770847,0.06321326981407721,-0.04091457934323947,-0.042369346145652485,66.61436011130024
