subject,nll,bic,model,alpha,alpha_rec,gamma,gamma_rec,beta,beta_rec,b_last,b_last_rec,b_longer,b_longer_rec,nll_rec
38,56.16759354218,137.04339919740653,pt_b-last_b-longer,0.596981468393203,0.6252894152945118,0.7305184261786126,0.8560112694717751,7.89663989148607,6.477921046271684,-0.0516787470947957,-0.07283635368130328,0.02910647760886359,0.0814949762998598,55.08308528644224
