subject,nll,bic,model,alpha,alpha_rec,gamma,gamma_rec,beta,beta_rec,b_last,b_last_rec,b_longer,b_longer_rec,nll_rec
148,41.27591917983871,107.22420802533088,pt_b-last_b-longer,0.30516523277502594,0.28392943640124485,0.5975894866803119,0.5401861110959677,27.216415544500958,30.353113841075047,-0.009699526857937674,-0.005333597107587311,-0.011729248651250032,-0.007366381335806638,45.35593936004555
