subject,nll,bic,model,alpha,alpha_rec,gamma,gamma_rec,beta,beta_rec,b_last,b_last_rec,b_longer,b_longer_rec,nll_rec
60,52.08893159685695,128.88607530676043,pt_b-last_b-longer,0.2667390579386662,0.24967429079933023,0.4910095463916239,0.48727486567005024,30.898610685718253,40.49640414188711,0.0029735642128710573,-0.00275752797020003,-0.0019547068691161368,-0.008406082583869748,45.64205445368671
