subject,nll,bic,model,alpha,alpha_rec,gamma,gamma_rec,beta,beta_rec,b_last,b_last_rec,b_longer,b_longer_rec,nll_rec
185,59.7356825298867,144.17957717281993,pt_b-last_b-longer,0.8185500100854538,0.4231806234246555,0.8697117025229354,0.4531515942087572,4.0807663022383815,16.19178393394449,0.05864989102811489,0.022241228089062117,-0.025564602964226354,-0.022480462554431646,60.948890756788686
