subject,nll,bic,model,alpha,alpha_rec,gamma,gamma_rec,beta,beta_rec,b_last,b_last_rec,b_longer,b_longer_rec,nll_rec
192,-0.0001364132751915791,24.70793928649614,pt_b-last_b-longer,0.0,0.0,1.0,1.0,199.99337028418114,199.99337028418114,0.01676310521019266,0.01676310521019266,-0.00014947897515051685,-0.00014947897515051685,-0.0001364132751915791
