subject,nll,bic,model,alpha,alpha_rec,gamma,gamma_rec,beta,beta_rec,b_last,b_last_rec,b_longer,b_longer_rec,nll_rec
84,67.2239558498543,159.15612381275514,pt_b-last_b-longer,0.7953819681182591,1.1732729760432539,0.9033820497190276,1.0,3.13298547847705,1.2418131477855696,0.09061253419216328,0.036824531112949366,0.014877023039775217,-7.351869589180448e-08,72.44873953741075
