subject,nll,bic,model,alpha,alpha_rec,gamma,gamma_rec,beta,beta_rec,b_last,b_last_rec,b_longer,b_longer_rec,nll_rec
95,56.82994170910531,138.36809553125715,pt_b-last_b-longer,0.3816643209675252,0.3404167983346684,0.3968170293089926,0.36141954511860314,26.029629430620357,41.443926307476744,0.002176280357428499,0.0012160212427600532,0.008736009829352473,0.017173987073616514,49.16690211420807
