subject,nll,bic,model,alpha,alpha_rec,gamma,gamma_rec,beta,beta_rec,b_last,b_last_rec,b_longer,b_longer_rec,nll_rec
172,39.12779632248446,102.96380475801544,pt_b-last_b-longer,1.0554156099170864,1.2197467527763939,0.42978623363740026,0.4547079198913748,6.464012381213379,4.741448678888397,0.04274323855321354,0.06283643267244109,0.0626738979153486,0.03831305078077806,34.90017338168812
