subject,nll,bic,model,alpha,alpha_rec,gamma,gamma_rec,beta,beta_rec,b_last,b_last_rec,b_longer,b_longer_rec,nll_rec
70,46.65790932064931,118.02403075434515,pt_b-last_b-longer,0.49684336329484,0.4187106759738768,0.5839378251242172,0.4885785245260861,15.814457805414586,29.866931433428157,0.030782203055034173,0.008142009241603044,0.012914095744836231,0.005178886646866249,40.717997780317454
