subject,nll,bic,model,alpha,alpha_rec,gamma,gamma_rec,beta,beta_rec,b_last,b_last_rec,b_longer,b_longer_rec,nll_rec
197,2.3064626311381757,29.212829891416977,pt_b-last_b-longer,0.0720997292701433,0.0,0.4570963472920673,1.0,200.0,199.99909696964158,0.009916638526895833,0.016801133849033135,0.009715390595855125,2.224782464685093e-05,-0.00013341562360249073
