subject,nll,bic,model,alpha,alpha_rec,gamma,gamma_rec,beta,beta_rec,b_last,b_last_rec,b_longer,b_longer_rec,nll_rec
75,45.413764536685534,115.5357411864176,pt_b-last_b-longer,0.2704367869253374,0.28097193004241394,1.0,1.0,8.986563036300407,8.77711470813934,0.07350484857034463,0.06563247350652188,-0.016723731362815505,-0.058537851043069196,46.29189776640996
