subject,nll,bic,model,alpha,alpha_rec,gamma,gamma_rec,beta,beta_rec,b_last,b_last_rec,b_longer,b_longer_rec,nll_rec
77,42.80400239290473,110.31621689885597,pt_b-last_b-longer,0.3367810599354488,0.3964093217772647,1.0,0.9858435870284296,9.964127141108522,11.373095492707616,0.014057990192088561,0.041644167805260576,0.00799857595665751,0.007858708896486695,37.347720624168446
