subject,nll,bic,model,alpha,alpha_rec,gamma,gamma_rec,beta,beta_rec,b_last,b_last_rec,b_longer,b_longer_rec,nll_rec
92,84.24315478966264,193.1945216923718,pt_b-last_b-longer,0.4168620467276354,0.6812871294290997,0.5526245493944721,1.0,5.043380356381586,1.5574290605663208,0.0557863409743548,0.16532444036303617,0.030039360336659125,1.2122505308588658e-07,85.43354787896865
