subject,nll,bic,model,alpha,alpha_rec,gamma,gamma_rec,beta,beta_rec,b_last,b_last_rec,b_longer,b_longer_rec,nll_rec
5,32.75409884086778,90.2164097947821,pt_b-last_b-longer,0.9625438840768494,1.1331987788361537,0.3850446491725316,0.4588935515906505,12.123028436686635,6.9820593087456855,0.040583443835067,0.002259726644522327,0.03948836011245656,0.055429603179369034,32.027303887632236
