subject,nll,bic,model,alpha,alpha_rec,gamma,gamma_rec,beta,beta_rec,b_last,b_last_rec,b_longer,b_longer_rec,nll_rec
171,68.23415527555701,161.1406802167675,pt_b-last_b-longer,0.5973015915031752,0.7379048848882658,0.4955161350003486,0.5703215737280037,7.518436271200681,4.234363390823123,-0.009656498905038557,-0.07501339766215608,-0.015409940711675545,-0.13747858322550646,68.88954282459153
