subject,nll,bic,model,alpha,alpha_rec,gamma,gamma_rec,beta,beta_rec,b_last,b_last_rec,b_longer,b_longer_rec,nll_rec
33,64.43584650067626,153.57990511439905,pt_b-last_b-longer,0.5953700224656856,0.39072874153411663,0.5732094012964988,0.444237116642096,7.02648107207492,15.890683975385718,0.0678256551792815,0.05799470573540638,-0.013894233070645846,-0.0032948119488011894,60.75952414273431
