subject,nll,bic,model,alpha,alpha_rec,gamma,gamma_rec,beta,beta_rec,b_last,b_last_rec,b_longer,b_longer_rec,nll_rec
11,62.659169384992865,150.02655088303226,pt_b-last_b-longer,1.2476823545023357,1.3102770711612703,1.0,0.9190049912371814,1.5576928349606693,1.6856787066538492,-0.09056462450002273,-0.2073204465303253,-0.0647736320249911,-0.034743041738303525,55.186861745748416
