subject,nll,bic,model,alpha,alpha_rec,gamma,gamma_rec,beta,beta_rec,b_last,b_last_rec,b_longer,b_longer_rec,nll_rec
22,52.080740221538704,128.86969255612394,pt_b-last_b-longer,0.27307883321291565,0.38902120149946084,0.6602457091129318,1.0,15.265932501582855,8.1023220598539,0.0038664150625525267,0.02439290062622103,0.03263051677490153,0.09244831175501272,48.65312956998938
