subject,nll,bic,model,alpha,alpha_rec,gamma,gamma_rec,beta,beta_rec,b_last,b_last_rec,b_longer,b_longer_rec,nll_rec
140,40.189530542951175,105.08727319894888,pt_b-last_b-longer,0.3107207163279301,0.23671604246653696,1.0,0.7029579756776706,10.73774677627179,18.98633492680247,0.006297595417527741,0.01166811649285305,5.584126828338517e-07,-0.023070259020081387,38.715099476454995
