subject,nll,bic,model,alpha,alpha_rec,gamma,gamma_rec,beta,beta_rec,b_last,b_last_rec,b_longer,b_longer_rec,nll_rec
136,41.708995598317884,108.1262033096823,pt_b-last_b-longer,0.47750814162546773,0.45611278670745287,1.0,1.0,9.317506125487354,7.852281287500499,0.0039054482715497043,-0.0016214720497128266,-0.03447256515166197,-0.05233644487497128,48.854444579901994
