subject,nll,bic,model,alpha,alpha_rec,gamma,gamma_rec,beta,beta_rec,b_last,b_last_rec,b_longer,b_longer_rec,nll_rec
12,62.57621559096346,149.82480084758038,pt_b-last_b-longer,0.5019987839860914,0.5619928611152257,0.8738267128370536,1.0,5.856424868540986,4.646568972581958,0.06095130130488463,0.046636333313636896,5.186211958355023e-05,6.291157042735437e-05,63.449101025170194
