subject,nll,bic,model,alpha,alpha_rec,gamma,gamma_rec,beta,beta_rec,b_last,b_last_rec,b_longer,b_longer_rec,nll_rec
67,51.834933757165096,128.3780796273767,pt_b-last_b-longer,0.2618372978512059,0.21585539252882296,0.5729794616224986,0.4824308067303851,21.66933599763391,36.000900140044706,-0.017182130011275686,-0.00416794464476971,-0.014433123407573504,-0.005453973875038435,48.803603820600046
