subject,nll,bic,model,alpha,alpha_rec,gamma,gamma_rec,beta,beta_rec,b_last,b_last_rec,b_longer,b_longer_rec,nll_rec
100,62.141027576360976,148.99026726576847,pt_b-last_b-longer,0.6721119892007726,0.615374556414385,1.0,1.0,4.083751103678461,4.996362744161331,0.05107030694706029,0.06445498899455872,-0.11216650079386929,-0.0995742094416747,57.5519526483899
