subject,nll,bic,model,alpha,alpha_rec,gamma,gamma_rec,beta,beta_rec,b_last,b_last_rec,b_longer,b_longer_rec,nll_rec
128,72.548707293083,169.73368301195202,pt_b-last_b-longer,0.6560003639138032,0.36537560417550946,1.0,0.6038855497114158,3.111441670478636,10.539565738767093,-0.03391212899295898,0.007314873821465191,-0.017640945486764505,-0.018485557243871707,67.35173405689534
