subject,nll,bic,model,alpha,alpha_rec,gamma,gamma_rec,beta,beta_rec,b_last,b_last_rec,b_longer,b_longer_rec,nll_rec
36,137.25423199608832,302.6465695606298,pt_b-last_b-longer,0.32287342043597633,0.26245554337747695,0.6467003387791003,0.5170981421711195,9.321442192076862,17.447381522335636,0.017590707385552115,-0.0017955580094555768,-0.003818493073038041,0.010581098519574977,130.06569664841268
