subject,nll,bic,model,alpha,alpha_rec,gamma,gamma_rec,beta,beta_rec,b_last,b_last_rec,b_longer,b_longer_rec,nll_rec
88,30.201459261721915,85.11113063649034,pt_b-last_b-longer,0.29462663985619597,0.27746659095243037,0.4712362540439526,0.4430827381366671,62.36852131648689,76.31978649245306,-0.010452380219416541,-0.0013684593128612864,2.7921666336841063e-07,-0.0044208841846276395,29.542611205325656
