subject,nll,bic,model,alpha,alpha_rec,gamma,gamma_rec,beta,beta_rec,b_last,b_last_rec,b_longer,b_longer_rec,nll_rec
81,53.96325029750744,132.59887026066835,pt_b-last_b-longer,0.9462182510241187,0.9852259369410871,1.0,0.9850385953462087,3.693944613129276,4.371890416128942,0.012831651225999845,-0.05235952082324843,-0.037315064226622674,0.05594534594126732,47.92598506990315
