subject,nll,bic,model,alpha,alpha_rec,gamma,gamma_rec,beta,beta_rec,b_last,b_last_rec,b_longer,b_longer_rec,nll_rec
143,56.30465041465132,137.31751294234917,pt_b-last_b-longer,1.071967340259072,1.0061111443934863,1.0,0.9858097119055973,2.3283414177206585,2.9892832661669075,0.2656036023220263,0.1944105123864107,-0.27714581934825594,-0.20614324054578004,54.12314867144508
