subject,nll,bic,model,alpha,alpha_rec,gamma,gamma_rec,beta,beta_rec,b_last,b_last_rec,b_longer,b_longer_rec,nll_rec
7,66.32068989576538,157.3495919045773,pt_b-last_b-longer,0.8831928488549143,1.118957833130783,1.0,1.0,2.7704599917913715,1.7810204520541402,-0.07782134899716356,-0.1938979743003945,-0.0346759295254413,-0.027023139144856084,66.47812416341034
