subject,nll,bic,model,alpha,alpha_rec,gamma,gamma_rec,beta,beta_rec,b_last,b_last_rec,b_longer,b_longer_rec,nll_rec
163,86.20402239129386,197.08041444824119,pt_b-last_b-longer,0.4409751354247154,0.5289951975780695,0.44978704319611346,0.4810418974399735,6.303704197536114,3.617626093942148,-0.02112626031820617,-0.11766649720500225,0.015331996729876566,0.08006426823036725,87.55172242170391
