subject,nll,bic,model,alpha,alpha_rec,gamma,gamma_rec,beta,beta_rec,b_last,b_last_rec,b_longer,b_longer_rec,nll_rec
14,46.74051557131527,118.18924325567707,pt_b-last_b-longer,0.7491117346623237,0.7621735345989138,1.0,1.0,6.092649904271046,9.056015429593872,0.014468377321227226,0.05569458343049474,-0.011344014350268689,-0.09903576519713986,32.65713806172486
