subject,nll,bic,model,alpha,alpha_rec,gamma,gamma_rec,beta,beta_rec,b_last,b_last_rec,b_longer,b_longer_rec,nll_rec
195,39.390025029547054,103.48826217214062,pt_b-last_b-longer,0.41037908847922955,0.35044774830615166,0.972847706167625,0.8068234197272584,11.044951641796265,16.297812462780406,-0.01913619856517514,-0.008866747831819427,-0.00783018766412769,1.9951967190954673e-07,37.53808567282969
