subject,nll,bic,model,alpha,alpha_rec,gamma,gamma_rec,beta,beta_rec,b_last,b_last_rec,b_longer,b_longer_rec,nll_rec
150,59.2408424242897,143.11795327436542,pt_b-last_b-longer,0.5764238976554898,0.6296302531714822,0.5059605600049469,0.5577158164249328,9.279074864144903,6.174279137653604,0.059644805957391044,0.07721255701938848,0.0042801802649460345,0.006374388479875438,64.82859270001744
