subject,nll,bic,model,alpha,alpha_rec,gamma,gamma_rec,beta,beta_rec,b_last,b_last_rec,b_longer,b_longer_rec,nll_rec
134,53.697740249186666,132.10369261141986,pt_b-last_b-longer,0.8518136126621635,0.9065379493548549,1.0,1.0,4.365956594108046,6.38371709202317,-0.007264053708953088,-0.03675227049531318,0.013540697633328597,-0.03797187769330967,39.52575346163289
