subject,nll,bic,model,alpha,alpha_rec,gamma,gamma_rec,beta,beta_rec,b_last,b_last_rec,b_longer,b_longer_rec,nll_rec
132,46.520385859996466,117.7131413856464,pt_b-last_b-longer,0.8432991416971666,0.6509611895743865,0.7573186267719451,0.45478480504129654,6.448688909864556,13.442771417104591,0.10066841245147687,0.04991351241507104,0.041598821945386395,0.02675957970964552,45.60973491596532
