subject,nll,bic,model,alpha,alpha_rec,gamma,gamma_rec,beta,beta_rec,b_last,b_last_rec,b_longer,b_longer_rec,nll_rec
190,60.92772418370062,146.56366048044777,pt_b-last_b-longer,0.7095504087659094,0.7353023029949546,0.7039600785952699,0.685952675192703,5.681141331888424,6.231644246534403,-0.05406446484228917,-0.10844142487359253,-0.04580545107431362,-0.08313706054446111,55.524967510556124
