subject,nll,bic,model,alpha,alpha_rec,gamma,gamma_rec,beta,beta_rec,b_last,b_last_rec,b_longer,b_longer_rec,nll_rec
98,61.187420798874335,147.08305371079518,pt_b-last_b-longer,0.8454010684110848,0.5998516865756801,1.0,0.7773778666607907,3.3988031823479408,4.7252085439652305,0.05671260484175971,-0.047880999117048136,0.030194090899216677,0.009660582872841203,70.62368506263722
