subject,nll,bic,model,alpha,alpha_rec,gamma,gamma_rec,beta,beta_rec,b_last,b_last_rec,b_longer,b_longer_rec,nll_rec
30,40.18953100511875,105.05143167589097,pt_b-last_b-longer,0.3713395812252201,0.4003664863560794,0.718246367989857,0.8241719787193327,18.254283683958903,16.297527474183788,-0.0031850568148210443,0.02967963742910173,-0.004413436828048332,-0.005796250099872011,34.582502908859176
