subject,nll,bic,model,alpha,alpha_rec,gamma,gamma_rec,beta,beta_rec,b_last,b_last_rec,b_longer,b_longer_rec,nll_rec
167,58.58087414171342,140.8864089252431,pt_b-last_b-longer,0.5810419919459207,0.9175624551036271,0.44347477304650174,0.6553036477357032,8.21590462039077,3.4705601659840886,-0.01707453847699419,-0.2072329000360151,0.009363568239769743,0.06754611086735955,50.57907995242902
