subject,nll,bic,model,alpha,alpha_rec,gamma,gamma_rec,beta,beta_rec,b_last,b_last_rec,b_longer,b_longer_rec,nll_rec
111,53.54186503892255,131.79194219089163,pt_b-last_b-longer,1.1826422356041009,1.0003238041038742,0.7721116997971825,0.7320318094759077,2.271322036402509,4.87233110490312,0.01861344352276803,0.0030678770333650335,0.15712329197958858,0.1841596600325547,43.731022521333315
