subject,nll,bic,model,alpha,alpha_rec,gamma,gamma_rec,beta,beta_rec,b_last,b_last_rec,b_longer,b_longer_rec,nll_rec
4,77.44154073110657,179.59129357525967,pt_b-last_b-longer,0.4141084807023538,0.6116957375717863,0.28,0.3667417465510134,22.047218416765453,6.438906915872972,0.007391578156091406,0.04862655419454228,0.003910778518465123,0.051913694870885,78.10665888412423
