subject,nll,bic,model,alpha,alpha_rec,gamma,gamma_rec,beta,beta_rec,b_last,b_last_rec,b_longer,b_longer_rec,nll_rec
26,25.166426998323313,75.04106610969315,pt_b-last_b-longer,0.19955338660514838,0.22944764448512175,0.6359161257298537,0.70074618975655,34.03134453792547,34.74750294385852,-0.015177682113469102,-0.01827034179460062,-0.012674345407484904,-0.019489583604269358,21.067238585601
