subject,nll,bic,model,alpha,alpha_rec,gamma,gamma_rec,beta,beta_rec,b_last,b_last_rec,b_longer,b_longer_rec,nll_rec
21,43.56995509066495,111.84812229437642,pt_b-last_b-longer,0.8961321622467905,0.5923498775359094,1.0,0.7155193440471689,5.6725486775320375,9.326262483056322,-0.02379119764330858,0.02226262538582202,5.543642395238553e-07,-0.006683845974426939,51.17182007684775
