subject,nll,bic,model,alpha,alpha_rec,gamma,gamma_rec,beta,beta_rec,b_last,b_last_rec,b_longer,b_longer_rec,nll_rec
155,50.35616459598853,125.42054130502359,pt_b-last_b-longer,0.1743704727246849,0.16362026428476348,0.423978953083711,0.3921738791957644,42.96655721125001,41.77395818682036,0.008513929688619899,0.009658493247308489,-0.0014923619365745386,-0.002725900961039033,56.81606634792117
