subject,nll,bic,model,alpha,alpha_rec,gamma,gamma_rec,beta,beta_rec,b_last,b_last_rec,b_longer,b_longer_rec,nll_rec
89,82.67152757921417,190.05126727147487,pt_b-last_b-longer,0.9108607820454506,1.606388657021157,0.5726652422107315,0.9777958572425758,1.4414860360986728,0.2992239509538083,0.2610861603748058,0.558777122996407,0.027261190421550924,0.13304990907364125,82.10034296173187
