subject,nll,bic,model,alpha,alpha_rec,gamma,gamma_rec,beta,beta_rec,b_last,b_last_rec,b_longer,b_longer_rec,nll_rec
65,32.201320122684606,89.11085235841574,pt_b-last_b-longer,0.5699773106709654,0.4361747298701543,0.9244242070761909,0.7267873809696044,12.966839410086473,21.826946296466694,0.008387421269705644,0.03373508722079211,0.007759739517047975,0.014453564016139104,30.729052785573703
