subject,nll,bic,model,alpha,alpha_rec,gamma,gamma_rec,beta,beta_rec,b_last,b_last_rec,b_longer,b_longer_rec,nll_rec
102,48.753444915551036,122.21510194414859,pt_b-last_b-longer,0.8030098175974687,0.8085260186854102,1.0,1.0,5.3234295318040825,6.286849985688473,0.05217027482450269,0.09701497290989618,9.634249955388161e-08,-0.07209151624255136,42.27628419622727
