subject,nll,bic,model,alpha,alpha_rec,gamma,gamma_rec,beta,beta_rec,b_last,b_last_rec,b_longer,b_longer_rec,nll_rec
29,69.11141403345118,162.9310401799489,pt_b-last_b-longer,0.4729294156249157,0.45963500032978055,0.8597587807464353,0.7466018919710482,5.379611685404879,6.720990466783701,-0.041807225556738936,-0.04877803936149103,-0.017657075299913522,0.02848545950795028,68.22614975051803
