subject,nll,bic,model,alpha,alpha_rec,gamma,gamma_rec,beta,beta_rec,b_last,b_last_rec,b_longer,b_longer_rec,nll_rec
1,63.13685029454858,150.9819127021437,pt_b-last_b-longer,0.44570092721696486,0.3986999519105759,0.5537369940038935,0.5945004853510188,11.046281894074726,12.05828202652992,0.043737378373593594,0.016560842823855337,0.004522562331618992,0.004236502553179847,62.262535082020314
