subject,nll,bic,model,alpha,alpha_rec,gamma,gamma_rec,beta,beta_rec,b_last,b_last_rec,b_longer,b_longer_rec,nll_rec
58,56.71971449466045,137.96580288151304,pt_b-last_b-longer,0.6322267429331506,0.5669064819105538,1.0,0.9210290687285683,5.057066706383455,5.4884741343846315,-0.002406453450040356,0.027605014388988776,0.03302778129495181,0.04793806000145579,59.01750088050406
