subject,nll,bic,model,alpha,alpha_rec,gamma,gamma_rec,beta,beta_rec,b_last,b_last_rec,b_longer,b_longer_rec,nll_rec
13,74.54754246383527,173.80329704071707,pt_b-last_b-longer,0.5087520406426381,0.5743775005274744,0.31242129946005687,0.417625248609876,11.321333751292151,6.1622053340198555,0.05901708059208391,0.10587054028763371,0.027141047719642226,0.07088819296971056,73.43521512717842
