subject,nll,bic,model,alpha,alpha_rec,gamma,gamma_rec,beta,beta_rec,b_last,b_last_rec,b_longer,b_longer_rec,nll_rec
49,20.09545591326465,64.86328149218275,pt_b-last_b-longer,0.26594897516758853,0.262271111150216,0.7106651176470239,0.6128361371840793,41.20020168200273,199.97651288776305,-0.007717988965462735,-0.005817295888911177,0.007978827323707527,0.001258709762084728,11.492892878115615
