subject,nll,bic,model,alpha,alpha_rec,gamma,gamma_rec,beta,beta_rec,b_last,b_last_rec,b_longer,b_longer_rec,nll_rec
28,46.62995317602795,117.96811846510244,pt_b-last_b-longer,0.41485082155081193,0.4588336237530232,0.5515387268523523,0.6053871442911083,20.701111641782205,18.792346469684123,0.004369499755928149,0.0008780129065518217,-0.0033458600349562106,-0.008195297728592432,42.32015059818997
