subject,nll,bic,model,alpha,alpha_rec,gamma,gamma_rec,beta,beta_rec,b_last,b_last_rec,b_longer,b_longer_rec,nll_rec
199,67.20174666059891,159.11170543424436,pt_b-last_b-longer,0.6352364783628769,0.6365061799242329,0.38730352716995853,0.33185549432782674,9.277281570508903,13.322167887386774,0.0017774307924808554,0.012034530479527145,0.005293945022067593,0.020017129437898656,61.78093675462363
