subject,nll,bic,model,alpha,alpha_rec,gamma,gamma_rec,beta,beta_rec,b_last,b_last_rec,b_longer,b_longer_rec,nll_rec
51,72.01197363891825,168.6238519069771,pt_b-last_b-longer,1.6580856037189171,1.659144618735965,0.9396865696336916,1.0,0.3992213606547647,0.5078776855361022,-0.11980857276751891,-0.4601785515336953,0.9580410018133897,1.0,66.03544218663208
