subject,nll,bic,model,alpha,alpha_rec,gamma,gamma_rec,beta,beta_rec,b_last,b_last_rec,b_longer,b_longer_rec,nll_rec
43,55.333237090150256,135.37468629334703,pt_b-last_b-longer,0.42491270041242546,0.43538085070680677,1.0,1.0,6.785014178207862,6.369757712694624,0.01891353127102592,0.05468670853754557,-0.026601122880645228,0.027392707856934928,56.53325123212828
