subject,nll,bic,model,alpha,alpha_rec,gamma,gamma_rec,beta,beta_rec,b_last,b_last_rec,b_longer,b_longer_rec,nll_rec
97,45.10864787800233,114.92550786905119,pt_b-last_b-longer,0.29133820900046004,0.28650404423177966,0.5067156783926263,0.5096281424758119,34.2575802338655,41.369655734899965,0.0066771149131805456,0.000345589526636053,0.002057664140711208,-0.0038418690327244854,40.02776667899175
