subject,nll,bic,model,alpha,alpha_rec,gamma,gamma_rec,beta,beta_rec,b_last,b_last_rec,b_longer,b_longer_rec,nll_rec
44,26.40256534309207,77.51334279923066,pt_b-last_b-longer,0.34518136540943634,0.32726417692648707,0.9875734685535097,1.0,16.92294724285778,21.45727202079401,0.008892909301519087,-0.01429441482081339,0.0376821490153885,0.054366015333600866,20.465652181831214
