subject,nll,bic,model,alpha,alpha_rec,gamma,gamma_rec,beta,beta_rec,b_last,b_last_rec,b_longer,b_longer_rec,nll_rec
142,39.22890244019756,103.16601699344164,pt_b-last_b-longer,0.3874433724744959,0.5151681563758602,0.5316330901439007,0.6663985904321725,28.783520533957738,19.89788463187933,0.00905365819737681,0.03051612087124005,-0.008644486249642385,-0.04037619009856555,32.5427265963212
