subject,nll,bic,model,alpha,alpha_rec,gamma,gamma_rec,beta,beta_rec,b_last,b_last_rec,b_longer,b_longer_rec,nll_rec
99,63.79649470855445,152.30120153015542,pt_b-last_b-longer,0.5449978436592552,0.42422155885096446,0.7901856917775443,0.566688118626025,6.248486307797807,13.174114607188644,0.0013074817392723557,-0.00421518169073511,-0.024081893368446492,1.573907586033871e-09,60.47317968430113
