subject,nll,bic,model,alpha,alpha_rec,gamma,gamma_rec,beta,beta_rec,b_last,b_last_rec,b_longer,b_longer_rec,nll_rec
80,35.841746342482395,96.39170479801132,pt_b-last_b-longer,1.0668554203444087,1.07618895964817,1.0,1.0,6.2611764151689515,7.471599555187764,0.05570835047485426,0.06760542117102895,-0.02785736225854802,0.06756443128127788,31.077754136855607
