subject,nll,bic,model,alpha,alpha_rec,gamma,gamma_rec,beta,beta_rec,b_last,b_last_rec,b_longer,b_longer_rec,nll_rec
147,63.49936562171085,151.70694335646823,pt_b-last_b-longer,0.3881334507938214,0.40817584562887793,0.685345254316001,0.8914610830471121,9.343733176088387,6.436107272273625,0.02730730842377165,0.09919562348972356,0.021475776990595944,0.07541130327763844,59.183853940619755
