subject,nll,bic,model,alpha,alpha_rec,gamma,gamma_rec,beta,beta_rec,b_last,b_last_rec,b_longer,b_longer_rec,nll_rec
87,49.831232511603645,124.37067713625382,pt_b-last_b-longer,0.3235715523904079,0.36041396342488297,0.694947693909337,0.8061036839343214,14.738600427839001,12.341473530154637,0.019829151768292475,0.008948903373972585,-0.013140431024218647,-0.005734019447010132,46.47503207315374
