subject,nll,bic,model,alpha,alpha_rec,gamma,gamma_rec,beta,beta_rec,b_last,b_last_rec,b_longer,b_longer_rec,nll_rec
3,46.14620202780584,117.00061616865821,pt_b-last_b-longer,0.27766859571382757,0.21417711563310116,0.5412027642668186,0.45824731429000254,30.434486364795717,59.83100732087661,-0.0014100341466005291,-0.004943319397780339,3.260189497495444e-07,0.0026728269804701874,39.33840823273668
