subject,nll,bic,model,alpha,alpha_rec,gamma,gamma_rec,beta,beta_rec,b_last,b_last_rec,b_longer,b_longer_rec,nll_rec
191,36.78684081015149,98.2818937333495,pt_b-last_b-longer,0.9156985954367306,0.8507510879470628,0.7879297521140097,0.732460867027917,8.861625818879004,9.116028515751465,0.046760961673800366,0.05119068904125056,0.028203276492777686,0.017188411705374978,39.43493464254775
