subject,nll,bic,model,alpha,alpha_rec,gamma,gamma_rec,beta,beta_rec,b_last,b_last_rec,b_longer,b_longer_rec,nll_rec
71,46.366564054182284,117.44134022141108,pt_b-last_b-longer,0.7695492806466124,1.0808399942500895,0.7057059103672318,0.8922053465264621,8.38499942945143,4.394789282139968,-0.03828076068733942,-0.11157939885650595,0.01613123633874518,0.14561105384744386,43.08373274055255
