subject,nll,bic,model,alpha,alpha_rec,gamma,gamma_rec,beta,beta_rec,b_last,b_last_rec,b_longer,b_longer_rec,nll_rec
53,38.70991528594923,102.12804268494497,pt_b-last_b-longer,0.4011722683013654,0.5521399551904663,0.691842635605737,0.8873585141355415,19.43098886590739,11.317758797388134,-0.0034235688995229237,-0.03576695745772667,0.004311587880341004,0.03777884396963391,38.28470715998655
