subject,nll,bic,model,alpha,alpha_rec,gamma,gamma_rec,beta,beta_rec,b_last,b_last_rec,b_longer,b_longer_rec,nll_rec
55,50.83520684500289,126.34278335565924,pt_b-last_b-longer,0.7491359105178073,0.9455912469453249,0.6562332211900184,0.8142049593043621,7.54751590660349,6.9089429545844805,0.04972777288248557,0.08875762057155108,0.00019428742634947915,0.06718796282704356,39.65280339354277
