subject,nll,bic,model,alpha,alpha_rec,gamma,gamma_rec,beta,beta_rec,b_last,b_last_rec,b_longer,b_longer_rec,nll_rec
114,23.452178478838103,71.61256907072273,pt_b-last_b-longer,0.2589741275253982,0.24112932490638658,0.43702516650054096,0.37958162972303683,113.6236861299975,188.30097039577026,0.0036943975872524687,0.00327397730904262,0.006159851084338684,0.006239337438085685,20.990019415553622
