subject,nll,bic,model,alpha,alpha_rec,gamma,gamma_rec,beta,beta_rec,b_last,b_last_rec,b_longer,b_longer_rec,nll_rec
27,52.844342269953714,130.39689665295396,pt_b-last_b-longer,0.861984895976048,1.029861847609453,0.831076294590456,0.9981929562282831,5.084789995415852,3.8754604937996744,-0.007542548669169489,-0.012302817030458293,0.023149660414100222,-0.04805836962842823,49.844850421876906
