subject,nll,bic,model,alpha,alpha_rec,gamma,gamma_rec,beta,beta_rec,b_last,b_last_rec,b_longer,b_longer_rec,nll_rec
175,45.556894690850484,115.78615904735443,pt_b-last_b-longer,0.9222791598982483,1.053305430084772,0.9582927578465875,1.0,5.146029972899885,3.382115305223502,0.0832828544034447,0.15006786198981703,0.003302100917428384,-0.02910599662463898,50.377148630055196
