subject,nll,bic,model,alpha,alpha_rec,gamma,gamma_rec,beta,beta_rec,b_last,b_last_rec,b_longer,b_longer_rec,nll_rec
176,59.51535031560132,143.73891274424915,pt_b-last_b-longer,0.2228197951076092,0.1458212049465975,0.36787991568323114,0.28,43.59651249226099,91.37666713337264,0.012828041158943074,0.0030352593655266287,-1.3105706782172134e-07,0.001193282951918849,60.978662001178186
