subject,nll,bic,model,alpha,alpha_rec,gamma,gamma_rec,beta,beta_rec,b_last,b_last_rec,b_longer,b_longer_rec,nll_rec
17,72.35875988684137,169.280794202363,pt_b-last_b-longer,0.3428911672597479,0.23702353272173332,0.4933490275258267,0.39361053811855234,11.355490070795627,22.026100532153073,0.02773864699101891,0.0328783343588097,0.010736409227456476,-0.007202800817903773,67.1259046668363
