subject,nll,bic,model,alpha,alpha_rec,gamma,gamma_rec,beta,beta_rec,b_last,b_last_rec,b_longer,b_longer_rec,nll_rec
127,56.13688939697883,136.94614845961112,pt_b-last_b-longer,0.5318987588847903,0.40379651451337145,0.6381078917262545,0.5040634206716611,9.966750656593897,20.336662633930928,0.024087441705813124,0.039945046273790766,-0.0013086149865883998,0.012076422513302635,49.32357709248156
