subject,nll,bic,model,alpha,alpha_rec,gamma,gamma_rec,beta,beta_rec,b_last,b_last_rec,b_longer,b_longer_rec,nll_rec
20,36.990386993468775,98.68898609998408,pt_b-last_b-longer,0.3516278435881704,0.2921656006248371,0.7150956722327676,0.6282018935702991,20.87142979141,31.68811856353839,-0.02794306773219124,-0.02502551533962793,-0.012721573779022922,-0.014709528589222923,34.35832064159686
