subject,nll,bic,model,alpha,alpha_rec,gamma,gamma_rec,beta,beta_rec,b_last,b_last_rec,b_longer,b_longer_rec,nll_rec
123,44.94376893494782,114.59574998294215,pt_b-last_b-longer,1.2009804917685272,1.1615272808074448,1.0,1.0,3.3422005196976388,3.836728528924696,-0.03830744932379946,-0.01657729229935369,0.04114024127238529,0.018328660852415597,43.87504189057435
