subject,nll,bic,model,alpha,alpha_rec,gamma,gamma_rec,beta,beta_rec,b_last,b_last_rec,b_longer,b_longer_rec,nll_rec
73,32.02945721099568,88.69518284777739,pt_b-last_b-longer,0.293600342295629,0.3211578185452755,0.5340806686911168,0.552992978038961,48.769402392114245,37.37069648216759,0.010208500011322813,0.01497447830655084,-0.014049140089520441,-0.004950224447292191,34.772952023350555
