subject,nll,bic,model,alpha,alpha_rec,gamma,gamma_rec,beta,beta_rec,b_last,b_last_rec,b_longer,b_longer_rec,nll_rec
164,40.916934339573004,106.54208079219254,pt_b-last_b-longer,0.6951545857527275,0.5736825309802316,1.0,0.8002701774780865,7.762129148997906,12.84021882092014,-0.03862465587995381,-0.019815017308631708,0.020654359408291714,0.06991935440747918,36.6950978153544
