subject,nll,bic,model,alpha,alpha_rec,gamma,gamma_rec,beta,beta_rec,b_last,b_last_rec,b_longer,b_longer_rec,nll_rec
103,50.19325197584109,125.09471606472871,pt_b-last_b-longer,0.49240386875069964,0.4528797337146979,1.0,1.0,7.378858695753597,7.793464334756364,-0.010545196650762983,-0.026243923730795232,0.01804360865529641,-0.05235730136863121,49.57716419819552
