subject,nll,bic,model,alpha,alpha_rec,gamma,gamma_rec,beta,beta_rec,b_last,b_last_rec,b_longer,b_longer_rec,nll_rec
6,27.239686855407964,79.18758582386245,pt_b-last_b-longer,0.35640312604618335,0.30865222969731937,0.7031199078423678,0.6341161412235468,31.631571228839533,48.83027610038556,0.0038901315898247036,6.55479767975422e-05,-0.0037190970226219327,-0.010424605326078659,25.083441583410504
