subject,nll,bic,model,alpha,alpha_rec,gamma,gamma_rec,beta,beta_rec,b_last,b_last_rec,b_longer,b_longer_rec,nll_rec
39,58.67790722327184,142.0640265595902,pt_b-last_b-longer,0.9152430606206559,1.339420361932043,0.8021631758754234,1.0,3.671281541790296,1.6926156173030857,0.06504157160634275,0.15476521742148983,-0.02867286831014647,0.13917004599887814,53.04755078221375
