subject,nll,bic,model,alpha,alpha_rec,gamma,gamma_rec,beta,beta_rec,b_last,b_last_rec,b_longer,b_longer_rec,nll_rec
188,42.130298232827634,108.96880857870178,pt_b-last_b-longer,1.380975080265335,1.4600679940537815,1.0,1.0,2.216338759759615,2.01577763568391,0.10604219714425289,0.04791756723508488,-0.2324981968059121,-0.40030284085154677,38.35128736099683
