subject,nll,bic,model,alpha,alpha_rec,gamma,gamma_rec,beta,beta_rec,b_last,b_last_rec,b_longer,b_longer_rec,nll_rec
166,45.13487028776425,114.97795268857502,pt_b-last_b-longer,1.7153596801850113,1.7592178962512668,0.8473023365809116,0.7062813096397923,0.8107928163989273,0.770859714825566,0.6686804224148708,0.9769875495441077,0.4445871142640029,1.0,40.87225511415339
