subject,nll,bic,model,alpha,alpha_rec,gamma,gamma_rec,beta,beta_rec,b_last,b_last_rec,b_longer,b_longer_rec,nll_rec
180,58.522003162007174,141.75221843706086,pt_b-last_b-longer,0.2459053726693091,0.20646000819281957,0.4677096260341104,0.42296158078246665,27.337585857342532,38.348815972792096,0.009473118501321829,-0.005477745488550198,-0.00784518997075058,0.004394544266014766,57.1341320178523
