subject,nll,bic,model,alpha,alpha_rec,gamma,gamma_rec,beta,beta_rec,b_last,b_last_rec,b_longer,b_longer_rec,nll_rec
162,58.42860003366043,141.5654121803674,pt_b-last_b-longer,1.1322654061338855,1.2785972726237573,1.0,1.0,2.2768799366775894,1.6671404259613167,0.08249821313371394,-0.06896603269521082,0.06952088625610106,0.19373815321478172,58.25386367139885
