subject,nll,bic,model,alpha,alpha_rec,gamma,gamma_rec,beta,beta_rec,b_last,b_last_rec,b_longer,b_longer_rec,nll_rec
72,53.71860942242496,132.07348727063595,pt_b-last_b-longer,0.3233452486743754,0.25226366860240157,0.8750461967935155,0.544459763968722,8.941293300703995,32.24811874715567,-0.010862767794799038,-0.0012998311727482864,0.006170930476225612,0.0064664816271626634,43.861590165488074
