subject,nll,bic,model,alpha,alpha_rec,gamma,gamma_rec,beta,beta_rec,b_last,b_last_rec,b_longer,b_longer_rec,nll_rec
177,51.617832791706405,127.94387769645934,pt_b-last_b-longer,0.5345382063762257,0.44265887684557487,0.6218802432938582,0.5899121537006129,11.432848489089096,20.67479517824828,0.05408656107107755,0.061901853684200175,0.010686149003614892,0.01569486215159023,39.24020763119846
