subject,nll,bic,model,alpha,alpha_rec,gamma,gamma_rec,beta,beta_rec,b_last,b_last_rec,b_longer,b_longer_rec,nll_rec
196,57.200337703383404,139.10888751981332,pt_b-last_b-longer,1.0011129445720017,1.1562821415584765,1.0,1.0,2.9341697603832353,2.22448081262287,0.15258972156131692,0.1854079388484565,3.0747234792521894e-07,0.24679208676029607,55.30188303899007
