subject,nll,bic,model,alpha,alpha_rec,gamma,gamma_rec,beta,beta_rec,b_last,b_last_rec,b_longer,b_longer_rec,nll_rec
96,52.17975504974592,129.0318797651453,pt_b-last_b-longer,0.7255965669246339,0.7271493701971872,0.9462915212147299,0.8763630939118021,5.604558617704915,5.981470602580115,-0.0070543210024271615,0.04270668763542611,0.012384746640973962,-0.008894033327074077,51.8181239789392
