subject,nll,bic,model,alpha,alpha_rec,gamma,gamma_rec,beta,beta_rec,b_last,b_last_rec,b_longer,b_longer_rec,nll_rec
161,22.689665491066748,70.08754309518002,pt_b-last_b-longer,0.30238355042824916,0.27501088787011885,0.620978536615257,0.5712383459818865,59.15771369736189,83.01640847357159,0.011917192482650071,0.0016672962853792133,-0.0071203779137268604,0.0049782094469065065,23.07347231341513
