subject,nll,bic,model,alpha,alpha_rec,gamma,gamma_rec,beta,beta_rec,b_last,b_last_rec,b_longer,b_longer_rec,nll_rec
74,63.6265389956889,151.47401342367075,pt_b-last_b-longer,0.37983785538837256,0.29344807130928696,1.0,0.6893497274205833,4.290188076371592,5.356808095759953,0.06065477483499661,0.0935731754626543,0.006257729024252293,-0.020123667777427856,69.38251230724974
