subject,nll,bic,model,alpha,alpha_rec,gamma,gamma_rec,beta,beta_rec,b_last,b_last_rec,b_longer,b_longer_rec,nll_rec
94,56.258720923768465,137.22565396058346,pt_b-last_b-longer,0.7622150954855526,0.9442619062915388,0.7818056937809931,1.0,5.50398572696712,2.7851850956736155,0.0053292088076991075,0.0851266373249019,-0.06039116447872027,-1.3541339132004646e-08,62.218788743694844
