subject,nll,bic,model,alpha,alpha_rec,gamma,gamma_rec,beta,beta_rec,b_last,b_last_rec,b_longer,b_longer_rec,nll_rec
61,57.28232603038374,139.272864173814,pt_b-last_b-longer,0.7037059127991632,0.6619504131253462,1.0,1.0,4.7077498269636,5.401451008849277,0.031954292799618485,-0.013987633804946265,-0.03552076315141834,-0.12112876593056841,53.691681595997835
