subject,nll,bic,model,wp,wp_rec,beta,beta_rec,b_last,b_last_rec,nll_rec
12,68.38203291859088,151.56748763657384,diffofdiff_b-last,0.9324138533203092,0.9281767718432249,4.595239692605801,4.964078222391526,0.08543772831222653,0.11821485238638034,64.13242954028769
