subject,nll,bic,model,wp,wp_rec,beta,beta_rec,b_last,b_last_rec,nll_rec
9,73.0228009580174,160.84902371542688,diffofdiff_b-last,0.9082791325372209,0.9010804484111957,3.4688614205102337,3.23129059686641,0.05742426012511578,0.025242824481530087,73.92897365090363
