subject,nll,bic,model,wp,wp_rec,beta,beta_rec,b_last,b_last_rec,nll_rec
8,58.82750528232392,132.47993783247574,diffofdiff_b-last,0.9375115160984576,0.9363905081786384,6.80407104552543,8.221656693808672,0.05786315965658065,0.0665443552889723,52.432917144818475
