subject,nll,bic,model,wp,wp_rec,beta,beta_rec,b_last,b_last_rec,nll_rec
14,71.45247396633908,157.70836973207025,diffofdiff_b-last,0.901120366144418,0.9061958405819409,3.4488196496060652,3.27780540532154,0.05768830192087873,0.12308721634827959,72.49579337108938
