subject,nll,bic,model,wp,wp_rec,beta,beta_rec,b_last,b_last_rec,nll_rec
0,67.45091941552192,149.72676609887176,diffofdiff_b-last,0.8599363796150893,0.8754689558280615,2.909642794281972,3.6589003798153326,0.030748973789062016,0.00596469166671379,64.59887262530319
