subject,nll,bic,model,wp,wp_rec,beta,beta_rec,b_last,b_last_rec,nll_rec
16,84.26715630020277,183.2053599850708,diffofdiff_b-last,0.9170168146718951,0.933591787391472,1.5694419124886816,2.0249680969986956,0.1917141095869038,0.09026292100742224,83.107433878027
