subject,nll,bic,model,wp,wp_rec,beta,beta_rec,b_last,b_last_rec,nll_rec
17,52.44677162467677,119.71847051718146,diffofdiff_b-last,0.8972416640260583,0.904960452474076,6.615587777671956,9.630214800452652,-0.01359810565099768,-0.019770948962774468,44.771215453382084
