subject,nll,bic,model,wp,wp_rec,beta,beta_rec,b_last,b_last_rec,nll_rec
2,46.285485472962925,107.35273200139747,diffofdiff_b-last,0.9437009167639786,0.943364552220281,10.608020220512403,13.08884165923312,-0.007550204978238237,-0.007972779042288998,39.45736322581165
