subject,nll,bic,model,wp,wp_rec,beta,beta_rec,b_last,b_last_rec,nll_rec
11,79.96173334046368,174.72688848031945,diffofdiff_b-last,0.8648924643530828,0.8654730551283222,1.8592078939108385,2.1424287132094237,0.045511533625093206,0.013549406268516204,76.89924918528149
