subject,nll,bic,model,wp,wp_rec,beta,beta_rec,b_last,b_last_rec,nll_rec
3,30.807698302268644,76.4403238723652,diffofdiff_b-last,0.9682062339529585,0.9667572584315778,11.334047996694832,18.754248961532195,0.003361704155131606,0.0457532375257898,17.25115842487741
