subject,nll,bic,model,wp,wp_rec,beta,beta_rec,b_last,b_last_rec,nll_rec
10,38.71143062161842,92.24778851106475,diffofdiff_b-last,0.6990013310547029,0.6855002985501526,2.5900103174234017,2.6675229906939575,0.0044429805391414745,0.1032057606950896,35.15207312523244
