subject,nll,bic,model,alpha,alpha_rec,beta,beta_rec,theta,theta_rec,nll_rec
50,37.61450781564487,90.05394289911766,eu_dur-weighted,2.2458014572905363,2.0575237205799994,0.44712534054862507,0.5511144335000947,0.8382409960516296,0.8611273048069947,40.864854012839835
