subject,nll,bic,model,alpha,alpha_rec,beta,beta_rec,theta,theta_rec,nll_rec
141,44.02869921670833,102.88232570124458,eu_dur-weighted,0.39363174729521294,0.3863816002681916,9.461691904152218,16.257287378605085,1.0,0.881835790075938,27.98624584974046
