subject,nll,bic,model,alpha,alpha_rec,beta,beta_rec,theta,theta_rec,nll_rec
190,63.19583850416714,141.2166042761622,eu_dur-weighted,1.0449284536330032,1.1544133581848655,2.3177375192767324,1.7524013154473865,1.0,0.8800996148471373,66.3672024209015
