subject,nll,bic,model,alpha,alpha_rec,beta,beta_rec,theta,theta_rec,nll_rec
35,61.714466528336985,138.18887583415835,eu_dur-weighted,0.3649893502156024,0.32260208405069035,5.9891310725730005,6.633604130655576,0.9203921698582651,1.0,57.251730281067296
