subject,nll,bic,model,alpha,alpha_rec,beta,beta_rec,theta,theta_rec,nll_rec
78,40.0116259031132,94.84817907405431,eu_dur-weighted,1.0107304727327862,0.9783550289413598,6.2460229618167284,6.012967713895743,0.8068680216109323,0.6945939037698797,43.51991662876191
