subject,nll,bic,model,alpha,alpha_rec,beta,beta_rec,theta,theta_rec,nll_rec
80,36.707745169973066,88.24041760777405,eu_dur-weighted,1.0670499878253872,1.1340647992173358,6.110374016181518,4.237734463999603,1.0,1.0,42.88651841393862
