subject,nll,bic,model,alpha,alpha_rec,beta,beta_rec,theta,theta_rec,nll_rec
20,40.28729198301785,95.39951123386362,eu_dur-weighted,0.47787842279513704,0.4431410884396488,9.715079120582363,8.671830657633214,1.0,1.0,45.72367159892293
