subject,nll,bic,model,alpha,alpha_rec,beta,beta_rec,theta,theta_rec,nll_rec
2,57.45101724989104,129.72696176761,eu_dur-weighted,0.5122746237546683,0.4553318770254894,5.952116826266562,8.155651973259202,1.0,1.0,47.63265847478905
