subject,nll,bic,model,alpha,alpha_rec,beta,beta_rec,theta,theta_rec,nll_rec
95,65.81359343566986,146.45211413916763,eu_dur-weighted,0.9506342198961419,0.9865726423566933,2.4939765816046187,2.4620985536252586,1.0,0.6317107909678402,69.30760828896034
