subject,nll,bic,model,alpha,alpha_rec,beta,beta_rec,theta,theta_rec,nll_rec
188,44.268474797948535,103.36187686372499,eu_dur-weighted,1.3778806833797843,1.4225916706526487,2.1451633045400453,1.9846960864837022,1.0,0.7385817691740053,47.00989358343726
