subject,nll,bic,model,alpha,alpha_rec,beta,beta_rec,theta,theta_rec,nll_rec
8,44.01965331703589,102.8642339018997,eu_dur-weighted,0.467973193561731,0.46940457526097673,8.860943918022004,9.828621830759891,1.0,1.0,40.133028772575415
