subject,nll,bic,model,alpha,alpha_rec,beta,beta_rec,theta,theta_rec,nll_rec
112,34.145519049722914,83.11596536727374,eu_dur-weighted,0.6074434098786435,0.6457134157879509,11.485439733938595,9.485930138055748,0.8644434034488002,0.9843170883724277,36.54706179593522
