subject,nll,bic,model,alpha,alpha_rec,beta,beta_rec,theta,theta_rec,nll_rec
198,47.54920151078318,109.92333028939427,eu_dur-weighted,0.6330270703184541,0.6672837040882005,8.268520888450585,6.725987423770548,0.6713776506439976,0.9293853904500655,48.155148432671936
