subject,nll,bic,model,alpha,alpha_rec,beta,beta_rec,theta,theta_rec,nll_rec
23,44.546442775606515,103.91781281904095,eu_dur-weighted,0.51126643657245,0.4976422484122789,8.39741672266358,12.011157279616349,1.0,1.0,32.67505684191862
