subject,nll,bic,model,alpha,alpha_rec,beta,beta_rec,theta,theta_rec,nll_rec
61,57.743078836838365,130.31108494150465,eu_dur-weighted,0.7048136012674809,0.7961636178676748,4.701427255609075,5.303985826454932,1.0,0.9005070161957166,51.33410807547095
