subject,nll,bic,model,alpha,alpha_rec,beta,beta_rec,theta,theta_rec,nll_rec
125,31.783433472084987,78.39179421199789,eu_dur-weighted,0.49839550095543816,0.48446864003201934,14.148620290384999,16.784688806899485,0.7619504435387365,0.7341646889161686,27.531855309434643
