subject,nll,bic,model,alpha,alpha_rec,beta,beta_rec,theta,theta_rec,nll_rec
38,58.42453689964432,131.67400106711656,eu_dur-weighted,0.8362705022270802,0.9097658353065475,4.2895695594586485,3.4383257515605705,0.7870901502483244,0.5094512695891767,65.54918179718106
