subject,nll,bic,model,alpha,alpha_rec,beta,beta_rec,theta,theta_rec,nll_rec
148,43.456813848829384,101.71704949705084,eu_dur-weighted,0.4710235003668477,0.4631050154217636,8.838627376532996,8.575380927265023,1.0,0.8518954745245405,47.821894974443296
