subject,nll,bic,model,alpha,alpha_rec,beta,beta_rec,theta,theta_rec,nll_rec
47,-0.00012837933876015437,14.803165040714553,eu_dur-weighted,0.06105535899104126,0.06105535899104126,199.998924006729,199.998924006729,1.0,1.0,-0.00012837933876015437
