subject,nll,bic,model,alpha,alpha_rec,beta,beta_rec,theta,theta_rec,nll_rec
117,36.555946571934165,87.93682041169625,eu_dur-weighted,0.4700254410127701,0.4827336774152835,11.227588338760837,12.926089388634667,0.9357540140094189,0.7064263069067974,36.05879093676073
