subject,nll,bic,model,alpha,alpha_rec,beta,beta_rec,theta,theta_rec,nll_rec
177,56.799385257298894,128.4236977824257,eu_dur-weighted,0.893378647123821,0.8367026350817176,3.821714643307348,3.4585185816260506,0.9520753157981391,1.0,61.69637413116364
