subject,nll,bic,model,alpha,alpha_rec,beta,beta_rec,theta,theta_rec,nll_rec
100,64.62240253945453,144.06973234673697,eu_dur-weighted,0.6754459666976688,0.6786420873154169,3.9724808202746966,5.325122422119851,1.0,0.5017194871499662,63.692538523612185
