subject,nll,bic,model,alpha,alpha_rec,beta,beta_rec,theta,theta_rec,nll_rec
75,48.59678106223393,112.01848939229578,eu_dur-weighted,0.28507398353279845,0.21229807455666383,8.673858328304593,9.496676849707473,1.0,1.0,44.744022456749455
