subject,nll,bic,model,alpha,alpha_rec,beta,beta_rec,theta,theta_rec,nll_rec
97,48.35133763676768,111.52760254136328,eu_dur-weighted,0.5656422937240485,0.4841085013521189,7.192402130946347,7.198568198932369,1.0,1.0,51.350357660073385
