subject,nll,bic,model,alpha,alpha_rec,beta,beta_rec,theta,theta_rec,nll_rec
104,59.835523906552474,134.40901247031312,eu_dur-weighted,0.6246372323638717,0.5932027175783581,4.671015846988765,4.668950169944501,1.0,0.8285162210379131,63.99887172141318
