subject,nll,bic,model,alpha,alpha_rec,beta,beta_rec,theta,theta_rec,nll_rec
127,57.55726257290844,129.91794694520897,eu_dur-weighted,0.8444787882449466,0.8062805976936953,4.24373565393126,4.8067279642735805,0.8084765576357298,0.28534552007557257,63.425831704020815
