subject,nll,bic,model,alpha,alpha_rec,beta,beta_rec,theta,theta_rec,nll_rec
17,76.21484687985767,167.1676584169235,eu_dur-weighted,0.6686766991998687,0.7031536148274518,2.627306754399519,3.0551080807436475,0.8843658118968603,0.3167558441639936,78.34980894595095
