subject,nll,bic,model,alpha,alpha_rec,beta,beta_rec,theta,theta_rec,nll_rec
179,52.129636377576674,119.08420002298126,eu_dur-weighted,1.8275339766399432,2.037872741662899,0.6474594350616641,0.37993519492473105,0.7822464538497745,1.0,51.52122649772147
