subject,nll,bic,model,alpha,alpha_rec,beta,beta_rec,theta,theta_rec,nll_rec
5,39.64636785108773,94.11766297000338,eu_dur-weighted,2.437591235322182,2.2651350531455092,0.32629059818215894,0.5684827443880517,0.6042423018041684,0.35817503163069336,36.773402748706104
