subject,nll,bic,model,alpha,alpha_rec,beta,beta_rec,theta,theta_rec,nll_rec
21,43.6952428176586,102.21541290314512,eu_dur-weighted,0.8959791148792539,0.8738152585462984,5.642703263874037,5.99233299379652,1.0,0.9961469924344287,42.58772127061104
