subject,nll,bic,model,alpha,alpha_rec,beta,beta_rec,theta,theta_rec,nll_rec
73,40.17280672830104,95.1273745120737,eu_dur-weighted,0.5541563557348113,0.5540840075266431,9.150453890626173,10.799316565769903,1.0,1.0,35.014232945510344
