subject,nll,bic,model,alpha,alpha_rec,beta,beta_rec,theta,theta_rec,nll_rec
54,50.232104526850264,115.28913632152845,eu_dur-weighted,1.0070367072843431,0.9588396655926718,3.9622014429763386,3.86330143488128,1.0,1.0,52.927742705421316
