subject,nll,bic,model,alpha,alpha_rec,beta,beta_rec,theta,theta_rec,nll_rec
44,25.848899953528896,66.5227271748857,eu_dur-weighted,0.35068908829639595,0.31405848349171184,20.207553266288787,21.325477696052953,0.6490292341526167,0.30700069043632583,31.3066436837843
