subject,nll,bic,model,alpha,alpha_rec,beta,beta_rec,theta,theta_rec,nll_rec
46,58.394308209369626,131.61354368656717,eu_dur-weighted,0.699409312011707,0.7344645957663538,4.64454928734886,5.06187914348699,1.0,0.8044310019777196,57.38260583925013
