subject,nll,bic,model,alpha,alpha_rec,beta,beta_rec,theta,theta_rec,nll_rec
191,39.60687163849591,94.03867054481974,eu_dur-weighted,1.1201943135685084,1.1426136537436535,5.166881723594025,4.915440088599852,0.9200966022147462,0.8200940480181985,40.70599910041102
