subject,nll,bic,model,alpha,alpha_rec,beta,beta_rec,theta,theta_rec,nll_rec
28,49.73668155040491,114.29829036863774,eu_dur-weighted,0.8190061705960262,0.8104290737606429,5.515390475057999,3.985581359110864,0.8613161200054626,1.0,58.45624597400247
