subject,nll,bic,model,alpha,alpha_rec,beta,beta_rec,theta,theta_rec,nll_rec
145,42.22299971493946,99.27092669770684,eu_dur-weighted,0.7521888091979969,0.743903540061689,6.93490793096157,8.045516585232189,1.0,0.9437536918093725,38.511401707656454
