subject,nll,bic,model,alpha,alpha_rec,beta,beta_rec,theta,theta_rec,nll_rec
26,27.631958011803903,70.08884329143572,eu_dur-weighted,0.2365870708270446,0.11826795519616709,14.689715114777842,16.84933329586945,1.0,0.9012787050637662,23.645741593146276
