subject,nll,bic,model,alpha,alpha_rec,beta,beta_rec,theta,theta_rec,nll_rec
72,53.92478793682078,122.63133692911317,eu_dur-weighted,0.35642559885263453,0.3800813895103079,7.313936037438795,8.099369855963548,1.0,1.0,49.65329115902291
