subject,nll,bic,model,alpha,alpha_rec,beta,beta_rec,theta,theta_rec,nll_rec
137,22.79113756466107,60.40720239715005,eu_dur-weighted,3.2430217581425667,2.888389789279405,0.13234874905980157,0.21287066204442756,0.6488505221371839,0.8239779206771793,27.27851059256139
