subject,nll,bic,model,alpha,alpha_rec,beta,beta_rec,theta,theta_rec,nll_rec
136,42.3558696704404,99.53666660870871,eu_dur-weighted,0.47796623190357446,0.5029062333006622,9.180411361480541,10.057797668419823,1.0,0.7844436980245847,42.51259403226979
