subject,nll,bic,model,alpha,alpha_rec,beta,beta_rec,theta,theta_rec,nll_rec
70,51.04121490767707,116.90735708318206,eu_dur-weighted,0.8969850666720535,1.019501979970299,4.828079202876782,4.878368693550272,0.8469334440134906,1.0,44.024358840798314
