subject,nll,bic,model,alpha,alpha_rec,beta,beta_rec,theta,theta_rec,nll_rec
110,13.959066120930151,42.743059509688216,eu_dur-weighted,0.0,0.07912443152314329,22.509109797208914,35.9995342710311,1.0,0.75883948913778,6.968677375562468
