subject,nll,bic,model,alpha,alpha_rec,beta,beta_rec,theta,theta_rec,nll_rec
49,21.5172813489945,57.83798449738108,eu_dur-weighted,0.3133897209541732,0.23740882790035386,19.861415136146515,14.892242970658431,1.0,1.0,27.16196595575338
