subject,nll,bic,model,alpha,alpha_rec,beta,beta_rec,theta,theta_rec,nll_rec
120,44.39274482976067,103.61041692734926,eu_dur-weighted,0.4733804270534867,0.4989666745733828,8.729368779908334,11.644412776493247,1.0,0.7395275279393142,38.45754087539756
