subject,nll,bic,model,alpha,alpha_rec,beta,beta_rec,theta,theta_rec,nll_rec
13,84.77474422164656,184.37441571112103,eu_dur-weighted,1.613379528263676,1.4124228001253178,0.3563007005528665,0.6206297862027995,0.48722147939574306,0.3060695882107346,84.6222526499075
