subject,nll,bic,model,alpha,alpha_rec,beta,beta_rec,theta,theta_rec,nll_rec
30,41.19259825320513,97.18861830580232,eu_dur-weighted,0.5116793381860779,0.49501097146284173,9.211425060420332,10.098632392130867,1.0,1.0,38.423807849690235
