subject,nll,bic,model,alpha,alpha_rec,beta,beta_rec,theta,theta_rec,nll_rec
163,88.47714215433959,191.75770610807126,eu_dur-weighted,1.1798302894698776,1.3084282431244256,0.514630817944469,0.418086003389067,1.0,1.0,87.57791402207471
