subject,nll,bic,model,alpha,alpha_rec,beta,beta_rec,theta,theta_rec,nll_rec
197,4.780983757898348,24.32191029328107,eu_dur-weighted,0.0,0.06091830565515198,41.291201302690915,200.0,0.7681882138145307,1.0,-0.00012638026937822854
