subject,nll,bic,model,alpha,alpha_rec,beta,beta_rec,theta,theta_rec,nll_rec
31,86.91183714589458,188.64860155961708,eu_dur-weighted,1.7923584018874865,1.9055890501149322,0.15696000744664051,0.21633719982205393,1.0,0.03481317922106908,87.13174496725787
