subject,nll,bic,model,alpha,alpha_rec,beta,beta_rec,theta,theta_rec,nll_rec
56,23.104902574985704,61.03473241779932,eu_dur-weighted,0.15763260554301295,0.191093787826899,20.19770737491296,16.02270661080778,0.6238265973359204,0.6247269366184685,31.730280545191135
