subject,nll,bic,model,alpha,alpha_rec,beta,beta_rec,theta,theta_rec,nll_rec
57,49.71361350997431,114.25215428777653,eu_dur-weighted,0.8453917450716383,0.8036863591042678,5.20011498078976,5.163261787965532,0.9104987087914844,1.0,50.183506546379036
