subject,nll,bic,model,alpha,alpha_rec,beta,beta_rec,theta,theta_rec,nll_rec
3,50.420273145983714,115.66547355979534,eu_dur-weighted,0.46348627367878387,0.47825821564323245,7.526307840599275,7.90542165266104,1.0,0.9712032600840804,48.537484391089606
