subject,nll,bic,model,alpha,alpha_rec,beta,beta_rec,theta,theta_rec,nll_rec
62,53.30249662200012,121.42992051182816,eu_dur-weighted,0.52258230081621,0.4595241770597316,6.575073465310555,6.506477507770811,1.0,1.0,56.14746407582889
