subject,nll,bic,model,alpha,alpha_rec,beta,beta_rec,theta,theta_rec,nll_rec
89,85.94053994983925,186.7060071675064,eu_dur-weighted,1.4110267528179143,0.9400973642689436,0.3920848832817779,1.1312558030379378,1.0,0.31611118025826496,90.0983481950588
