subject,nll,bic,model,alpha,alpha_rec,beta,beta_rec,theta,theta_rec,nll_rec
92,85.11970802000855,185.064343307845,eu_dur-weighted,0.7304698550845793,0.7393123691442615,2.2814139563493994,3.991027704776756,0.3594584475806708,0.3870900775170781,71.30524075065495
