subject,nll,bic,model,alpha,alpha_rec,beta,beta_rec,theta,theta_rec,nll_rec
103,50.37293553589008,115.57079833960807,eu_dur-weighted,0.49204955523401656,0.4582760515250418,7.326460110344981,8.5459138571556,1.0,0.9152287669144786,47.40092358070335
