subject,nll,bic,model,alpha,alpha_rec,beta,beta_rec,theta,theta_rec,nll_rec
79,51.18226609210798,117.18945945204388,eu_dur-weighted,0.30936237387828436,0.37208001238742344,8.113775985077584,14.79832249424129,1.0,0.9613316158311229,29.986902359690845
