subject,nll,bic,model,alpha,alpha_rec,beta,beta_rec,theta,theta_rec,nll_rec
45,36.58722356138078,87.99937439058948,eu_dur-weighted,2.8839471126979355,2.8375722851871727,0.12989673531852144,0.18331981483288337,0.9471190962486732,0.6718173705695007,34.38104173724531
