subject,nll,bic,model,alpha,alpha_rec,beta,beta_rec,theta,theta_rec,nll_rec
93,79.02195588304313,172.86883903391418,eu_dur-weighted,0.9252474726296164,0.9359572009770516,1.5442377985473743,2.0236142645370174,1.0,1.0,72.04995245756571
