subject,nll,bic,model,alpha,alpha_rec,beta,beta_rec,theta,theta_rec,nll_rec
195,39.69572578023669,94.2163788283013,eu_dur-weighted,0.4182021379643331,0.4115949837146113,10.426440321152928,12.006771712864094,1.0,1.0,34.919431050033495
