subject,nll,bic,model,alpha,alpha_rec,beta,beta_rec,theta,theta_rec,nll_rec
34,80.8984641768331,176.4453341214253,eu_dur-weighted,1.3876672864951567,1.4473210032902024,0.41491215890554445,0.5960420490970704,1.0,0.0,81.96802615669974
