subject,nll,bic,model,alpha,alpha_rec,beta,beta_rec,theta,theta_rec,nll_rec
149,10.686016128422501,36.109996914053156,eu_dur-weighted,0.08819760487804902,0.2306443429726661,28.18692156316604,25.220927223345065,0.808640644280939,0.9381791346247204,13.183429556309381
