subject,nll,bic,model,alpha,alpha_rec,beta,beta_rec,theta,theta_rec,nll_rec
39,59.87416748136721,134.57326223056234,eu_dur-weighted,1.1318009707383268,1.0796947887974242,2.2125689844272567,2.9479325514350005,1.0,0.6448214797723378,59.38215105173339
