subject,nll,bic,model,alpha,alpha_rec,beta,beta_rec,theta,theta_rec,nll_rec
66,55.149079178918285,125.12308562566449,eu_dur-weighted,0.7111068162254839,0.8991020724885818,5.426062330617188,5.054540432404743,0.8547086249064726,0.6259584143501088,53.02720473971499
