subject,nll,bic,model,alpha,alpha_rec,beta,beta_rec,theta,theta_rec,nll_rec
14,46.832323447268585,108.48957416236509,eu_dur-weighted,0.7493305957281566,0.8183421812488331,6.0926864850334805,5.1698219249833235,1.0,1.0,49.51325281487897
