subject,nll,bic,model,alpha,alpha_rec,beta,beta_rec,theta,theta_rec,nll_rec
164,41.56159023064835,97.94810772912462,eu_dur-weighted,0.694354453870437,0.6670328628153313,7.956283577879123,8.970182855852038,0.9112925849197652,0.9735180191493548,37.62991911541536
