subject,nll,bic,model,alpha,alpha_rec,beta,beta_rec,theta,theta_rec,nll_rec
114,40.122374359567765,95.06967598696345,eu_dur-weighted,0.6589312768910226,0.5904291499437636,9.466671714084795,9.964320513363244,0.7639568805596936,0.6506833302246071,43.182183078627546
