subject,nll,bic,model,alpha,alpha_rec,beta,beta_rec,theta,theta_rec,nll_rec
168,28.592281084156216,72.00948943614034,eu_dur-weighted,0.27911320055459,0.28960125864801994,15.124102257741741,14.47781670783703,0.9523495760621419,1.0,29.530493030610803
