subject,nll,bic,model,alpha,alpha_rec,beta,beta_rec,theta,theta_rec,nll_rec
55,54.60182961594674,124.00708103128555,eu_dur-weighted,1.1163549945958702,1.2700319922838506,2.7760876593792276,2.04219856876418,0.9837153996216641,1.0,53.2543598683024
