subject,nll,bic,model,alpha,alpha_rec,beta,beta_rec,theta,theta_rec,nll_rec
101,38.723047895264315,92.27102305835655,eu_dur-weighted,0.0,0.0,11.483622333830473,12.8461439817256,1.0,1.0,33.870486489754924
