subject,nll,bic,model,alpha,alpha_rec,beta,beta_rec,theta,theta_rec,nll_rec
76,54.8152348901921,124.43389157977627,eu_dur-weighted,0.5212625310610837,0.535656993903201,6.215002392704159,7.2378821053639255,1.0,1.0,48.551314006900654
