subject,nll,bic,model,alpha,alpha_rec,beta,beta_rec,theta,theta_rec,nll_rec
157,-0.00012938026711397483,14.824668507293683,eu_dur-weighted,0.060937044297094574,0.060937044297094574,200.0,200.0,1.0,1.0,-0.00012938026711397483
