subject,nll,bic,model,alpha,alpha_rec,beta,beta_rec,theta,theta_rec,nll_rec
18,44.92759084019545,104.68010894821882,eu_dur-weighted,0.9291631828636967,0.9790888877172232,5.520222741994896,5.427742515972685,0.8947462967606854,0.8493598771308666,44.415886513694375
