subject,nll,bic,model,alpha,alpha_rec,beta,beta_rec,theta,theta_rec,nll_rec
166,48.413235178050975,111.65139762392987,eu_dur-weighted,2.0084196656521214,2.0287040710399586,0.444280639495608,0.6111129972399791,1.0,0.72041413775744,41.6871515951289
