subject,nll,bic,model,alpha,alpha_rec,beta,beta_rec,theta,theta_rec,nll_rec
129,62.61394624103503,140.05281974989796,eu_dur-weighted,1.0227531980892755,1.0357167740603683,2.850627205255622,3.049431505631153,0.7011998251830166,1.0,56.21712197479613
