subject,nll,bic,model,alpha,alpha_rec,beta,beta_rec,theta,theta_rec,nll_rec
147,64.34216117203026,143.50924961188844,eu_dur-weighted,0.5494781994278056,0.45966046743488626,5.6762007496673075,6.906934095037047,0.6518622106200159,0.8005082197184572,57.83223744572662
