subject,nll,bic,model,alpha,alpha_rec,beta,beta_rec,theta,theta_rec,nll_rec
29,69.80347663996858,154.43188054776508,eu_dur-weighted,0.5367820665218178,0.5548034454493701,4.285556713759914,3.5794571136944073,0.8910265732197613,0.6208062306359268,78.29099014994642
