subject,nll,bic,model,alpha,alpha_rec,beta,beta_rec,theta,theta_rec,nll_rec
88,40.87453353306992,96.57399433396776,eu_dur-weighted,0.6838575884102529,0.725487496290581,8.202840489599797,9.448217296800909,0.9166964251008544,0.8527059199028758,35.68826069880862
