subject,nll,bic,model,alpha,alpha_rec,beta,beta_rec,theta,theta_rec,nll_rec
12,64.04680583528345,142.89703346995898,eu_dur-weighted,0.573548622759619,0.5926581452690286,4.610015559190329,5.304560143475441,1.0,0.8675407197923739,60.74856794572477
