subject,nll,bic,model,alpha,alpha_rec,beta,beta_rec,theta,theta_rec,nll_rec
86,12.139546211561653,39.10401969095122,eu_dur-weighted,0.0,0.0,35.46256957963578,29.008501412575562,0.4561647462289384,0.572695359545306,14.524988455455961
