subject,nll,bic,model,alpha,alpha_rec,beta,beta_rec,theta,theta_rec,nll_rec
150,64.41068270592629,143.6031264673242,eu_dur-weighted,1.1739376976360987,1.31276158135342,1.6239465600034753,1.547452448225737,1.0,0.9105772970249415,58.49289855194335
