subject,nll,bic,model,alpha,alpha_rec,beta,beta_rec,theta,theta_rec,nll_rec
151,42.65770411047687,100.14033548878166,eu_dur-weighted,0.5433090801497171,0.5728273960279008,8.610321541306789,7.528211895726188,1.0,1.0,46.46041541821748
