subject,nll,bic,model,alpha,alpha_rec,beta,beta_rec,theta,theta_rec,nll_rec
33,68.77749521996878,152.3799177077655,eu_dur-weighted,0.9900363921436589,0.9055407751355835,2.3591324252323957,2.5943961472040065,0.7472440358383247,0.9389013706791827,67.70107808376471
