subject,nll,bic,model,alpha,alpha_rec,beta,beta_rec,theta,theta_rec,nll_rec
131,62.94789785486711,140.72072297756213,eu_dur-weighted,1.0288570064383014,0.9408797343592856,2.931137345247626,3.2765057868857577,0.5856675350025617,0.43304338083236626,66.29884571841457
