subject,nll,bic,model,alpha,alpha_rec,beta,beta_rec,theta,theta_rec,nll_rec
171,71.70666268462071,158.2167471686335,eu_dur-weighted,1.2305279158768347,1.296916901218353,1.110603793378765,0.744663961847146,1.0,0.570575716406955,82.38948223142611
