subject,nll,bic,model,alpha,alpha_rec,beta,beta_rec,theta,theta_rec,nll_rec
113,59.43189022573372,133.6672022508595,eu_dur-weighted,2.8449462705128004,2.579883081503258,0.09150304443311097,0.20246690782971818,0.08640053824927392,0.0,54.774220051648896
