subject,nll,bic,model,alpha,alpha_rec,beta,beta_rec,theta,theta_rec,nll_rec
122,55.97861831922394,126.7821639062758,eu_dur-weighted,0.8457773213013192,0.9322832366560679,4.097683765319216,2.6932796686784464,1.0,0.983234147196258,64.7909071570678
