subject,nll,bic,model,alpha,alpha_rec,beta,beta_rec,theta,theta_rec,nll_rec
184,10.502855713312965,35.83063869445384,eu_dur-weighted,0.05055066089490421,0.0,25.58160764541048,23.08823134415852,1.0,1.0,13.27522889628342
