subject,nll,bic,model,alpha,alpha_rec,beta,beta_rec,theta,theta_rec,nll_rec
6,28.02240045312214,70.8697281740722,eu_dur-weighted,0.5073624545107764,0.4905481626566469,14.098565980617847,17.757027405249733,1.0,0.7431644303690806,25.864690826941434
