subject,nll,bic,model,alpha,alpha_rec,beta,beta_rec,theta,theta_rec,nll_rec
155,55.43625863773037,125.69744454328865,eu_dur-weighted,0.28340510182999745,0.24675923484577053,7.323610497548121,7.540068521319901,1.0,1.0,54.47061634399681
