subject,nll,bic,model,alpha,alpha_rec,beta,beta_rec,theta,theta_rec,nll_rec
111,55.08305956435971,124.99104639654733,eu_dur-weighted,1.487437070207986,1.6507321988520394,1.230962931933368,0.7127103934665975,0.8450271988170738,1.0,58.033038278334615
