subject,nll,bic,model,alpha,alpha_rec,beta,beta_rec,theta,theta_rec,nll_rec
71,49.022856341879326,112.87063995158657,eu_dur-weighted,1.0630239529357328,1.1312649584957293,3.869081483963957,2.688068260897633,0.9639730550726346,0.8716892564667661,56.39004709603071
