subject,nll,bic,model,alpha,alpha_rec,beta,beta_rec,theta,theta_rec,nll_rec
138,-0.00013899993048861127,14.803143799531098,eu_dur-weighted,4.588075128224888,4.588075128224888,46.43340186569149,46.43340186569149,0.45424205122329725,0.45424205122329725,-0.00013899993048861127
