subject,nll,bic,model,alpha,alpha_rec,beta,beta_rec,theta,theta_rec,nll_rec
74,64.34130063818525,143.21516253574626,eu_dur-weighted,0.3868040011211527,0.3684217889706909,4.327984220220825,6.477512372450181,1.0,1.0,51.735949653401
