subject,nll,bic,model,alpha,alpha_rec,beta,beta_rec,theta,theta_rec,nll_rec
25,44.8916685612176,104.60826439026312,eu_dur-weighted,1.1213518664449573,1.2399574509394442,4.243608622167464,2.9126051327531894,0.879424792350404,0.9481821781016162,46.65186867154897
