subject,nll,bic,model,alpha,alpha_rec,beta,beta_rec,theta,theta_rec,nll_rec
194,67.41079183247095,149.62500546433398,eu_dur-weighted,0.8993950949231533,0.8170515276928991,2.5056728076545736,2.662597074662624,1.0,1.0,69.53004228240758
