subject,nll,bic,model,alpha,alpha_rec,beta,beta_rec,theta,theta_rec,nll_rec
162,59.009010839199505,132.84294894622693,eu_dur-weighted,1.1314353365594834,1.1801915370069023,2.287535807583421,2.282025979324894,1.0,1.0,56.27026958265048
