subject,nll,bic,model,alpha,alpha_rec,beta,beta_rec,theta,theta_rec,nll_rec
42,38.34919540906783,91.52331808596358,eu_dur-weighted,0.5837286883529196,0.5869129153348321,9.486455190738019,10.511075782324804,1.0,1.0,35.177710939632746
