subject,nll,bic,model,alpha,alpha_rec,beta,beta_rec,theta,theta_rec,nll_rec
109,72.39050098118452,159.51896661957718,eu_dur-weighted,1.0491353240438892,0.9122475612644338,2.0019841611415017,2.8276402039196586,0.4245627091960576,0.8849896938525615,64.13839889741864
