subject,nll,bic,model,alpha,alpha_rec,beta,beta_rec,theta,theta_rec,nll_rec
134,53.73594839287337,122.29682405357465,eu_dur-weighted,0.8517264292661346,0.8284569724475125,4.357410757684645,6.210063050755696,1.0,0.9110370029976579,44.48333266637073
