subject,nll,bic,model,alpha,alpha_rec,beta,beta_rec,theta,theta_rec,nll_rec
51,73.02497429147266,160.8098913604297,eu_dur-weighted,1.7224810609903478,2.1807173590566378,0.4641403742820686,0.18464484720775884,0.5055775162326595,0.5129665806669784,70.83145408981039
