subject,nll,bic,model,alpha,alpha_rec,beta,beta_rec,theta,theta_rec,nll_rec
53,39.1362388599798,93.09740498778751,eu_dur-weighted,0.5936626190919297,0.7310633723875853,10.066441598090364,7.021399634621177,0.8275711315504942,0.7680161374417246,47.124252521786815
