subject,nll,bic,model,alpha,alpha_rec,beta,beta_rec,theta,theta_rec,nll_rec
27,52.929403588218186,120.68373444426429,eu_dur-weighted,1.0251950718242056,1.0256511723047796,3.8204710246462636,4.810050176244078,0.8146647034920456,0.8445015642456879,46.167364334221055
