subject,nll,bic,model,wp,wp_rec,beta,beta_rec,nll_rec
2,54.66245260727804,119.2081900597747,wa_dn,0.6267898266108604,0.6300043052223433,21.56510215962865,21.225348157000163,54.83072723856738
