subject,nll,bic,model,wp,wp_rec,beta,beta_rec,nll_rec
149,10.602120428944216,31.029550629360536,wa_dn,0.9758063725280571,1.0,22.535026331941296,50.0,0.43327862818038987
