subject,nll,bic,model,wp,wp_rec,beta,beta_rec,nll_rec
145,41.533599960192156,92.95048476560292,wa_dn,0.5587290255495427,0.5435810473070938,36.88032739952546,29.152805831067933,50.507703172162216
