subject,nll,bic,model,wp,wp_rec,beta,beta_rec,nll_rec
188,46.21453366292201,102.31235217106263,wa_dn,0.40931193278830275,0.40114568765692415,31.854671000068155,31.221424499721532,46.11321780285476
