subject,nll,bic,model,wp,wp_rec,beta,beta_rec,nll_rec
26,30.204375793018336,70.29203643125528,wa_dn,0.8279218807402304,0.8597305500805746,17.738893412451954,15.070118208044772,33.1337654011105
