subject,nll,bic,model,wp,wp_rec,beta,beta_rec,nll_rec
114,40.64116067658026,91.16560619837914,wa_dn,0.5805459624315108,0.5804052555869206,36.16804856235771,36.438893360790814,40.380634815651916
