subject,nll,bic,model,wp,wp_rec,beta,beta_rec,nll_rec
167,59.265533127450276,128.02093051162706,wa_dn,0.4735419507473955,0.4784027905978307,13.558777529591413,11.275344764502792,63.1982312235425
