subject,nll,bic,model,wp,wp_rec,beta,beta_rec,nll_rec
180,63.873690571261065,137.63066598774074,wa_dn,0.6315742154536224,0.6386855897226047,16.14685298099765,20.582833005668565,54.81492172613592
