subject,nll,bic,model,wp,wp_rec,beta,beta_rec,nll_rec
94,56.37170758418975,122.62670001359811,wa_dn,0.5252253834955686,0.5278619669373142,24.624504847574954,34.54150652393999,45.678569054964214
