subject,nll,bic,model,wp,wp_rec,beta,beta_rec,nll_rec
126,48.25028442955548,106.38385370432957,wa_dn,0.6200289855098511,0.6188919965256034,26.40775179547951,23.335028453232955,52.807277828321915
