subject,nll,bic,model,wp,wp_rec,beta,beta_rec,nll_rec
59,65.06982525187392,140.00859837000922,wa_dn,0.49510587551552654,0.45643961070601136,17.63920029697382,21.356129115375897,58.201325504601044
