subject,nll,bic,model,wp,wp_rec,beta,beta_rec,nll_rec
194,66.7196442285977,143.30823632345678,wa_dn,0.541077774437592,0.5300310213094068,16.93934677706499,14.75333624178872,70.5106697399373
