subject,nll,bic,model,wp,wp_rec,beta,beta_rec,nll_rec
148,49.01718374710734,107.90331536047606,wa_dn,0.6311489744369753,0.6320017977423841,24.671619342288444,16.778801448357385,62.15927039633047
