subject,nll,bic,model,wp,wp_rec,beta,beta_rec,nll_rec
153,53.56967458787403,117.02263402096668,wa_dn,0.4760412571308737,0.4698204331074525,26.715844558818585,20.982174475181953,59.97435286027694
