subject,nll,bic,model,wp,wp_rec,beta,beta_rec,nll_rec
184,8.288982315129129,26.461249475476865,wa_dn,1.0,1.0,24.411760205397123,50.0,0.43327483390443855
