subject,nll,bic,model,wp,wp_rec,beta,beta_rec,nll_rec
129,59.938956884127016,129.76119861347263,wa_dn,0.5237944177716302,0.5450315595250255,21.90302039641229,23.32382272967661,57.740236453079504
