subject,nll,bic,model,wp,wp_rec,beta,beta_rec,nll_rec
146,35.783547356741146,81.4503795587009,wa_dn,0.6312020073329666,0.6352380835885671,35.8991813160929,38.355241272528964,32.911860248710326
