subject,nll,bic,model,wp,wp_rec,beta,beta_rec,nll_rec
19,40.711468094039105,91.29188405433959,wa_dn,0.49224990593937223,0.4705112334103217,42.8976201801175,34.58354865553555,46.67220626574413
