subject,nll,bic,model,wp,wp_rec,beta,beta_rec,nll_rec
162,57.05423704317232,123.99175893156325,wa_dn,0.48405332374334376,0.47778749556327843,23.728078456569428,29.50662548404467,50.92360385416647
