subject,nll,bic,model,wp,wp_rec,beta,beta_rec,nll_rec
12,59.59080276402539,129.05055339431217,wa_dn,0.6082436587946297,0.6299840334690908,19.744828688761533,14.97482962637729,66.3187224669158
