subject,nll,bic,model,wp,wp_rec,beta,beta_rec,nll_rec
171,68.54705926197397,146.96306639020932,wa_dn,0.47630782936449095,0.4783349044078166,15.14880948063003,21.744748232867796,58.66180170036583
