subject,nll,bic,model,wp,wp_rec,beta,beta_rec,nll_rec
65,31.310992057659483,72.50526896053758,wa_dn,0.6019930773290239,0.600525458247651,45.33480984809088,50.0,25.724763189941527
