subject,nll,bic,model,wp,wp_rec,beta,beta_rec,nll_rec
88,38.80725370657291,87.49779225836443,wa_dn,0.5738658899269297,0.5855894470454298,38.559008294396065,48.288280156463905,30.10055813507461
