subject,nll,bic,model,wp,wp_rec,beta,beta_rec,nll_rec
46,61.618780339437265,133.12084552409314,wa_dn,0.5723253943281761,0.6066713629521105,20.048925541196002,16.817952341981513,64.87642352979144
