subject,nll,bic,model,wp,wp_rec,beta,beta_rec,nll_rec
141,50.34897631520644,110.5812374756315,wa_dn,0.6567282567149615,0.7033247263879334,21.67877037216883,13.29925695142018,61.515620856227365
