subject,nll,bic,model,wp,wp_rec,beta,beta_rec,nll_rec
29,66.91664916978004,143.7165831847787,wa_dn,0.6166685789506678,0.6305413429661074,15.30989403846531,13.259165030006514,69.96827371316144
