subject,nll,bic,model,wp,wp_rec,beta,beta_rec,nll_rec
127,58.097717354827,126.06438257591537,wa_dn,0.5357512453452127,0.5055951891080933,22.82838113549794,21.93144089664514,59.162218304828826
