subject,nll,bic,model,wp,wp_rec,beta,beta_rec,nll_rec
156,35.63611622752113,81.15551730026087,wa_dn,0.563189671451931,0.5872075408986179,43.194013098591604,40.77424698273722,35.859710196721394
