subject,nll,bic,model,wp,wp_rec,beta,beta_rec,nll_rec
53,41.714206856063356,93.31169855734532,wa_dn,0.6034709662509588,0.5920408423670361,33.340742498002356,27.46826027400745,49.68506411085982
