subject,nll,bic,model,wp,wp_rec,beta,beta_rec,nll_rec
103,44.85231250181333,99.58790984884527,wa_dn,0.6406617239729961,0.6457754693505409,26.834153547360497,24.339146938449737,47.70390288557191
