subject,nll,bic,model,wp,wp_rec,beta,beta_rec,nll_rec
107,85.15091250389116,180.15633237809675,wa_dn,0.7736462323917368,0.7237181681032484,4.413282323321867,5.870161482719533,82.19566745539225
