subject,nll,bic,model,wp,wp_rec,beta,beta_rec,nll_rec
38,55.80803173391839,121.49934831305539,wa_dn,0.5444688901866861,0.5645070319211956,24.78492825582417,26.69635892765191,52.523207056728616
