subject,nll,bic,model,wp,wp_rec,beta,beta_rec,nll_rec
191,40.91708594347028,91.71745673215918,wa_dn,0.4488846377740203,0.4440009799648558,44.04753411677554,50.0,37.550829118657006
