subject,nll,bic,model,wp,wp_rec,beta,beta_rec,nll_rec
123,47.11072865621723,104.10474215765308,wa_dn,0.4715910820393203,0.4613421664153876,34.01390662092833,40.26165536965192,42.93905704035298
