subject,nll,bic,model,wp,wp_rec,beta,beta_rec,nll_rec
151,43.7860111583445,97.45530716190761,wa_dn,0.6242496643381544,0.6379622651025073,29.442867220463942,42.57080902152638,29.056292759767295
