subject,nll,bic,model,wp,wp_rec,beta,beta_rec,nll_rec
39,56.66234816801781,123.20798118125423,wa_dn,0.48475555294413314,0.49539067351362315,24.07884660323809,33.65860438988199,47.361719938648775
