subject,nll,bic,model,wp,wp_rec,beta,beta_rec,nll_rec
58,58.820410321828504,127.45137020053387,wa_dn,0.5940634948306043,0.5947359679389107,20.140797602529855,20.368568196749106,58.41735024510062
