subject,nll,bic,model,wp,wp_rec,beta,beta_rec,nll_rec
34,78.81273717049788,167.3910781861685,wa_dn,0.4996736596794954,0.4812295936513957,8.357205892852052,11.35537248269083,72.32332558300486
