subject,nll,bic,model,wp,wp_rec,beta,beta_rec,nll_rec
66,54.27888058106643,118.44104600735147,wa_dn,0.5671507250781704,0.5579380822130776,25.256944957735787,23.716765506866064,56.794491138401874
