subject,nll,bic,model,wp,wp_rec,beta,beta_rec,nll_rec
47,0.43327582837950707,10.735499523020398,wa_dn,1.0,1.0,50.0,50.0,0.43327582837950707
