subject,nll,bic,model,wp,wp_rec,beta,beta_rec,nll_rec
77,35.58586654816339,81.05501794154539,wa_dn,0.722165115990437,0.7135145248252571,23.71006221979858,21.877752620812313,40.298998637192724
