subject,nll,bic,model,wp,wp_rec,beta,beta_rec,nll_rec
31,81.95818810822591,173.79966106167043,wa_dn,0.4229333726632308,0.4366284711350303,8.090372281607562,10.83699343919527,75.98446506997487
