subject,nll,bic,model,wp,wp_rec,beta,beta_rec,nll_rec
98,63.185355515431866,136.25399587608234,wa_dn,0.5519427096304356,0.5542653111913292,19.472819291583598,15.257673290783,70.14349492319084
