subject,nll,bic,model,wp,wp_rec,beta,beta_rec,nll_rec
117,33.00185146170484,75.88698776862829,wa_dn,0.6530558256118929,0.650482010411955,35.09619546151827,37.56311260558372,31.051651893605147
