subject,nll,bic,model,wp,wp_rec,beta,beta_rec,nll_rec
172,45.29008459365238,100.46345403252337,wa_dn,0.3168635034398776,0.3028899019352343,23.506436153796294,20.152073351204855,47.712968067474335
