subject,nll,bic,model,wp,wp_rec,beta,beta_rec,nll_rec
137,22.654211815556224,55.19170847633106,wa_dn,0.16230536313268695,0.07965761586069084,23.92423178723821,22.314218193506104,16.980668603944316
