subject,nll,bic,model,wp,wp_rec,beta,beta_rec,nll_rec
70,50.92605451923286,111.73539388368434,wa_dn,0.5325836007719966,0.5600459682368093,29.139000676056753,23.78473355982699,56.61660021945987
