subject,nll,bic,model,wp,wp_rec,beta,beta_rec,nll_rec
138,0.22087836175483344,10.31070458977105,wa_dn,0.0,0.0,50.0,34.65505332722981,4.077366210651682
