subject,nll,bic,model,wp,wp_rec,beta,beta_rec,nll_rec
161,29.0432313288513,67.96974750292121,wa_dn,0.641179769583172,0.6485814625868253,41.8559115682469,33.78224192556716,35.13449091885005
