subject,nll,bic,model,wp,wp_rec,beta,beta_rec,nll_rec
112,34.17876381708814,78.24081247939489,wa_dn,0.5959226102692043,0.605732919236366,42.08369513777346,50.0,27.58684392026788
