subject,nll,bic,model,wp,wp_rec,beta,beta_rec,nll_rec
83,45.96650751117819,101.816299867575,wa_dn,0.6182336459854431,0.6327480817541741,28.305302163043503,23.595566084671635,50.692550571624075
