subject,nll,bic,model,wp,wp_rec,beta,beta_rec,nll_rec
48,56.25323920644608,122.38976325811078,wa_dn,0.4384371441863294,0.45083898398855404,22.762860147550427,24.108962103212285,55.374681688153714
