subject,nll,bic,model,wp,wp_rec,beta,beta_rec,nll_rec
136,39.671031882429446,89.2253486100775,wa_dn,0.6509392896387824,0.668912883615277,29.532948975939895,36.51874192441254,28.878524166461162
