subject,nll,bic,model,wp,wp_rec,beta,beta_rec,nll_rec
42,40.7568797492978,91.39704434381422,wa_dn,0.6039756958003003,0.5838144218094373,34.203979147328816,42.47693487123181,34.637586913335475
