subject,nll,bic,model,wp,wp_rec,beta,beta_rec,nll_rec
116,40.87986525658047,91.64301535837956,wa_dn,0.5940566044956157,0.5767796767736824,34.928394434260454,31.982519216528516,45.372866522884976
