subject,nll,bic,model,wp,wp_rec,beta,beta_rec,nll_rec
139,56.81061769661834,123.41691499313849,wa_dn,0.527202411051324,0.5215002877883808,21.55407617234169,26.84948811750507,50.36082750085147
