subject,nll,bic,model,wp,wp_rec,beta,beta_rec,nll_rec
50,41.63864797791665,93.1605808010519,wa_dn,0.3385495951834229,0.34280791991701876,30.054307293299985,35.87990100380826,37.86214209448484
