subject,nll,bic,model,wp,wp_rec,beta,beta_rec,nll_rec
197,8.60623122797407,27.05242430760439,wa_dn,1.0,0.8108209935101398,23.9079769822387,50.0,5.934029159970469
