subject,nll,bic,model,wp,wp_rec,beta,beta_rec,nll_rec
74,55.85533590306853,121.39904597905424,wa_dn,0.7157554451557168,0.6814082462281212,12.27222408971082,14.515777371183804,54.42212393674639
