subject,nll,bic,model,wp,wp_rec,beta,beta_rec,nll_rec
64,59.75357644537564,129.3904377359699,wa_dn,0.6422799729279497,0.6655677902285987,17.66977774867991,18.14730686338026,55.59278691578867
