subject,nll,bic,model,wp,wp_rec,beta,beta_rec,nll_rec
92,85.80612614934756,181.49553714391374,wa_dn,0.5609583975236344,0.5498953918053413,7.428524051940943,7.2992584502649285,86.20229573944914
