subject,nll,bic,model,wp,wp_rec,beta,beta_rec,nll_rec
104,61.70560757382348,133.23652491911906,wa_dn,0.593258712264331,0.5693487637873221,18.317659689810046,19.131550822793795,61.69840508603879
