subject,nll,bic,model,wp,wp_rec,beta,beta_rec,nll_rec
40,44.31239609732887,98.49374006091912,wa_dn,0.5200628315010724,0.5427432830504795,36.28637556399386,42.94824854994743,37.64062854103635
