subject,nll,bic,model,wp,wp_rec,beta,beta_rec,nll_rec
128,74.30342140982248,158.46135018995938,wa_dn,0.5857846506408824,0.6167822747646973,12.128106019828824,10.191767503844586,76.94341572291279
