subject,nll,bic,model,wp,wp_rec,beta,beta_rec,nll_rec
55,51.42865381686663,112.72625549999464,wa_dn,0.47666046195608164,0.4602393563504563,28.827547562144833,31.56016722745522,48.7625337674303
