subject,nll,bic,model,wp,wp_rec,beta,beta_rec,nll_rec
54,53.93843526574091,117.76015537670042,wa_dn,0.5133631499852678,0.5079856162732996,26.75616613732169,24.127724826714203,56.9985922539357
