subject,nll,bic,model,wp,wp_rec,beta,beta_rec,nll_rec
69,56.75911575659157,123.40151635840175,wa_dn,0.5966329789737377,0.6191553702409073,22.169490677405044,16.297027763715054,64.7896697172755
