subject,nll,bic,model,wp,wp_rec,beta,beta_rec,nll_rec
150,63.30758922750178,136.46968582531798,wa_dn,0.4789586632706106,0.467185415083267,18.01256080806735,16.142465241978034,65.82221332569122
