subject,nll,bic,model,wp,wp_rec,beta,beta_rec,nll_rec
96,48.238189857893516,106.34532758204841,wa_dn,0.5677288567923624,0.5718320513261543,29.794397630670343,28.458484672508973,49.60110755633372
