subject,nll,bic,model,wp,wp_rec,beta,beta_rec,nll_rec
84,66.10153912892318,142.08636310306497,wa_dn,0.5367355496819558,0.5209242006488349,17.752488047883652,24.642725955305302,56.38085487473784
