subject,nll,bic,model,wp,wp_rec,beta,beta_rec,nll_rec
97,57.17754998500838,124.23838481523538,wa_dn,0.603806586903504,0.5862033753117162,21.501086376823494,27.58448088097207,49.99605353863289
