subject,nll,bic,model,wp,wp_rec,beta,beta_rec,nll_rec
125,34.35402257577263,78.59132999676387,wa_dn,0.6339426020508497,0.6538109342535843,36.97594312139478,36.06216039825549,31.904870487978087
