subject,nll,bic,model,wp,wp_rec,beta,beta_rec,nll_rec
174,46.465687865948325,102.81466057711526,wa_dn,0.4920500591138998,0.49929838872427273,34.80035354604223,41.94539091174669,41.08772011508274
