subject,nll,bic,model,wp,wp_rec,beta,beta_rec,nll_rec
195,41.8035656488245,93.49041614286762,wa_dn,0.6605608458951223,0.6381985256679528,26.742527281857182,39.12263887813372,31.768015498058848
