subject,nll,bic,model,wp,wp_rec,beta,beta_rec,nll_rec
1,66.06449871836875,142.01228228195612,wa_dn,0.5396195587733132,0.5160880377328887,17.765296040606945,18.27695769628875,65.17385397356139
