subject,nll,bic,model,wp,wp_rec,beta,beta_rec,nll_rec
11,62.92655356283395,135.7363919708865,wa_dn,0.477729486282588,0.47532040295345684,19.083485078671117,14.66098546994564,70.05776133175664
