subject,nll,bic,model,wp,wp_rec,beta,beta_rec,nll_rec
160,54.572258430018294,119.01346472629797,wa_dn,0.5632852605917142,0.5550290872718276,25.079772527936957,22.533128671688964,58.400063133922885
