subject,nll,bic,model,wp,wp_rec,beta,beta_rec,nll_rec
177,54.36178961604061,118.60686407729983,wa_dn,0.5333795593699645,0.5301951486924503,26.15315717208821,29.401569202687597,50.71289582548721
