subject,nll,bic,model,wp,wp_rec,beta,beta_rec,nll_rec
60,55.74385611508551,121.37099707538962,wa_dn,0.6172031030677989,0.6038961215239577,21.57172338097788,26.994252527032028,49.23582912582248
