subject,nll,bic,model,wp,wp_rec,beta,beta_rec,nll_rec
52,25.054050777292822,59.991386399804256,wa_dn,0.9715787520347692,0.8866221776293367,14.026109751905928,13.175962979498374,36.00256195649012
