subject,nll,bic,model,wp,wp_rec,beta,beta_rec,nll_rec
186,86.3675003436346,182.61828553248782,wa_dn,0.44069988129413007,0.3069397501418092,6.602954643854158,5.1577562547932185,85.25098195443121
