subject,nll,bic,model,wp,wp_rec,beta,beta_rec,nll_rec
85,36.66796080845094,83.20486948316326,wa_dn,0.9537874422388103,0.9993499778106663,11.128462962663946,8.746770468844955,43.919511855987686
