subject,nll,bic,model,wp,wp_rec,beta,beta_rec,nll_rec
140,38.09265414206362,86.06859312934586,wa_dn,0.7214323106778667,0.7129596780411996,22.311738007798464,25.503648391647708,34.45356064267268
