subject,nll,bic,model,wp,wp_rec,beta,beta_rec,nll_rec
68,43.99779323210686,97.87887130943233,wa_dn,0.048846654055747396,0.15767208117399475,10.183300466686106,16.846353560480015,34.52518599446767
