subject,nll,bic,model,wp,wp_rec,beta,beta_rec,nll_rec
164,40.10678476964607,90.09685438451075,wa_dn,0.58544101825589,0.5984041671045149,36.346538789830085,43.54231461089094,32.86356972281864
