subject,nll,bic,model,wp,wp_rec,beta,beta_rec,nll_rec
10,60.81173595297718,131.50675675117296,wa_dn,0.5971137014542339,0.6022244550839133,19.58847364212393,19.263104272767183,60.95046063474987
