subject,nll,bic,model,wp,wp_rec,beta,beta_rec,nll_rec
18,44.258109292572605,98.39950343036382,wa_dn,0.5262100206014839,0.5208170767996653,36.23430521597289,50.0,31.95612612631954
