subject,nll,bic,model,wp,wp_rec,beta,beta_rec,nll_rec
78,41.93331177483354,93.7499083948857,wa_dn,0.511772993790717,0.520052998196197,40.03420844807998,32.0965307125367,48.26704989036255
