subject,nll,bic,model,wp,wp_rec,beta,beta_rec,nll_rec
87,52.890739414126756,115.66476367347212,wa_dn,0.6605345605080201,0.6845384329852485,19.932359416895576,20.051434042031747,48.82547173933808
