subject,nll,bic,model,wp,wp_rec,beta,beta_rec,nll_rec
178,60.0140012153297,129.911287275878,wa_dn,0.6305158488393611,0.6353495872086354,18.22791337794393,20.852856200290297,54.784740876215324
