subject,nll,bic,model,wp,wp_rec,beta,beta_rec,nll_rec
170,37.89033069526252,85.66394623574365,wa_dn,0.5875265834360236,0.5802753907413805,38.492083506953975,41.54691060468912,35.663345053477336
