subject,nll,bic,model,wp,wp_rec,beta,beta_rec,nll_rec
71,49.7002626994929,109.28381024420442,wa_dn,0.48114495208521746,0.47951296233703633,30.931211828854046,34.72337035784524,46.60196275266896
