subject,nll,bic,model,wp,wp_rec,beta,beta_rec,nll_rec
134,53.85534329245996,117.59397143013854,wa_dn,0.5399751735877747,0.5399814933323648,26.430483746137373,21.2285971380062,60.772842526789205
