subject,nll,bic,model,wp,wp_rec,beta,beta_rec,nll_rec
41,91.94265357871518,193.6958567143072,wa_dn,0.5719631416227342,0.549963044937207,2.507456117537453,4.494006379526281,89.04106174886385
