subject,nll,bic,model,wp,wp_rec,beta,beta_rec,nll_rec
17,73.16243726068151,156.15018429283512,wa_dn,0.5776583613099969,0.56650084357567,12.312257691327591,8.736407552722103,80.6845134162102
