subject,nll,bic,model,wp,wp_rec,beta,beta_rec,nll_rec
21,46.864419526219436,103.61212389765748,wa_dn,0.5296049436445629,0.5275325036060667,33.19136008943857,38.06486621291262,42.6534981762164
