subject,nll,bic,model,wp,wp_rec,beta,beta_rec,b_last,b_last_rec,nll_rec
93,79.72277628923256,174.27047984629303,wa_dn_b-last,0.5617209413087175,0.5780722803119384,9.932159457511277,7.3270261713921805,0.014636356769487482,-0.008743974635140159,85.94200312008616
