subject,nll,bic,model,wp,wp_rec,beta,beta_rec,b_last,b_last_rec,nll_rec
67,56.49676018864084,127.8184476451096,wa_dn_b-last,0.6676450244955612,0.6280701780427905,17.673537594485918,19.647243959447515,-0.019900864415164865,-0.014966910239918686,57.85355130136382
