subject,nll,bic,model,wp,wp_rec,beta,beta_rec,b_last,b_last_rec,nll_rec
141,49.34061935752658,113.50616598288107,wa_dn_b-last,0.6561956450389163,0.634527371195835,22.447968693500638,34.38130670872764,-0.016249104223843163,-0.017840726734448146,37.081195376700684
