subject,nll,bic,model,wp,wp_rec,beta,beta_rec,b_last,b_last_rec,nll_rec
8,46.90127568309864,108.6274786340252,wa_dn_b-last,0.6365656094977268,0.6362708508783368,25.849445845273394,23.89250491347907,-0.0046193874895842915,0.0034961105560800585,49.6845261443432
