subject,nll,bic,model,wp,wp_rec,beta,beta_rec,b_last,b_last_rec,nll_rec
33,62.02791602959041,138.88075932700872,wa_dn_b-last,0.48858765180070746,0.4508124843084838,18.777027667409556,15.899399420409598,0.024218587135672768,0.03986758772071415,63.09417331817257
