subject,nll,bic,model,wp,wp_rec,beta,beta_rec,b_last,b_last_rec,nll_rec
102,45.8868763050462,106.59867987792032,wa_dn_b-last,0.5633516815888919,0.5593179465183136,32.16475919558389,31.048097991363754,0.008925093936537957,0.0067765301444340465,47.419748984736
