subject,nll,bic,model,wp,wp_rec,beta,beta_rec,b_last,b_last_rec,nll_rec
94,56.3695850839164,127.56409743566071,wa_dn_b-last,0.5252266024214051,0.5092086275143526,24.616563006428237,33.18425117250512,0.0006168588674765221,0.004170044935380753,47.45065761044559
