subject,nll,bic,model,wp,wp_rec,beta,beta_rec,b_last,b_last_rec,nll_rec
170,37.8900621768347,90.60505162149731,wa_dn_b-last,0.5875271020184591,0.5858296055095056,38.49052434444154,41.1632144403254,0.00017758066663924453,-0.013380725184827833,35.922631470051606
