subject,nll,bic,model,wp,wp_rec,beta,beta_rec,b_last,b_last_rec,nll_rec
36,133.79760830803303,284.478079957138,wa_dn_b-last,0.6382171209275299,0.6299145468508528,13.947176314659762,15.047593916407891,0.009130286128614206,0.009763743262586196,130.73575628009857
