subject,nll,bic,model,wp,wp_rec,beta,beta_rec,b_last,b_last_rec,nll_rec
154,24.051618315611286,62.92816389905048,wa_dn_b-last,0.8299198137786956,0.7946753990335177,20.515971102625937,23.85016533429993,0.018499005133444688,0.03424755215388915,23.9002648242154
