subject,nll,bic,model,wp,wp_rec,beta,beta_rec,b_last,b_last_rec,nll_rec
149,10.180525654768447,35.09901596674505,wa_dn_b-last,1.0,0.8728306074596938,21.688323391469854,24.097810238158477,0.026555019339802012,-0.01691037172299951,15.3580496104197
