subject,nll,bic,model,wp,wp_rec,beta,beta_rec,b_last,b_last_rec,nll_rec
68,43.476606720085115,101.77814070799815,wa_dn_b-last,0.004663047035479666,0.0,9.257663892293504,9.311042887187325,0.03214666972720054,0.040770979644374435,42.657570467064886
