subject,nll,bic,model,wp,wp_rec,beta,beta_rec,b_last,b_last_rec,nll_rec
5,36.98938445422037,88.80369617626866,wa_dn_b-last,0.32327444355707197,0.31858648471248835,33.30475212815473,42.19998428946079,0.012756731672262989,0.021554494018711973,30.327666769585854
