subject,nll,bic,model,wp,wp_rec,beta,beta_rec,b_last,b_last_rec,nll_rec
27,54.7076561311451,124.24023953011812,wa_dn_b-last,0.493330926445379,0.4665868011944062,25.985874267457557,25.770594325391787,-0.0016212322402397548,0.0005365486356966895,54.244286443301306
