subject,nll,bic,model,wp,wp_rec,beta,beta_rec,b_last,b_last_rec,nll_rec
166,49.58717929596669,113.9992858597613,wa_dn_b-last,0.375959638907158,0.3580768456876976,23.902523654029707,23.15827846049492,0.01842393697116038,0.003526510274701935,49.887641256549216
