subject,nll,bic,model,wp,wp_rec,beta,beta_rec,b_last,b_last_rec,nll_rec
76,58.84087232245419,132.48516644430046,wa_dn_b-last,0.6164765365599693,0.6068727901828288,19.42265065681708,20.17688436114747,-0.005722281781053174,0.012727670979881003,57.838062306808325
