subject,nll,bic,model,wp,wp_rec,beta,beta_rec,b_last,b_last_rec,nll_rec
135,76.75004426920677,168.32501580624145,wa_dn_b-last,0.2666416930970136,0.045101558066807615,6.303804241819332,3.212970419748682,0.047821344920435285,0.08326433737323526,82.03443173167514
