subject,nll,bic,model,wp,wp_rec,beta,beta_rec,b_last,b_last_rec,nll_rec
14,51.46938742143334,117.7637021106946,wa_dn_b-last,0.5646634996823191,0.5763298694008492,27.477059226176863,24.96565291845902,0.0026816300744632064,0.009862313717263252,53.84560638859213
