subject,nll,bic,model,wp,wp_rec,beta,beta_rec,b_last,b_last_rec,nll_rec
56,27.587421370956434,69.99977000974079,wa_dn_b-last,0.8372275813141389,0.8839819526964836,18.303929945339338,14.272989081590872,0.004643596846913482,-0.006874652172653593,32.88964922829544
