subject,nll,bic,model,wp,wp_rec,beta,beta_rec,b_last,b_last_rec,nll_rec
125,34.35362876794635,83.53218480372061,wa_dn_b-last,0.6339446867696772,0.639629167758151,36.973390431178075,47.08885159593747,0.00023572002632893472,-0.011081142708866832,25.962220100525176
