subject,nll,bic,model,wp,wp_rec,beta,beta_rec,b_last,b_last_rec,nll_rec
103,44.739086934703536,104.30310113723499,wa_dn_b-last,0.640576322846287,0.6267720141210583,26.977700487375866,33.23749533083379,-0.004748004169847387,-0.002196757501886934,39.13515895301935
