subject,nll,bic,model,wp,wp_rec,beta,beta_rec,b_last,b_last_rec,nll_rec
131,60.69561967821372,136.21616662425535,wa_dn_b-last,0.5156449704146421,0.5613408911790285,21.324749518954594,18.30066595267888,-0.0107362149420958,0.00404131296050016,64.66734232250099
