subject,nll,bic,model,wp,wp_rec,beta,beta_rec,b_last,b_last_rec,nll_rec
84,65.3798289596489,145.58458518712573,wa_dn_b-last,0.5367809487611996,0.5236147504039749,17.738393912741817,28.680252419181098,0.014474136363919556,0.0003857646894588558,51.66087655072615
