subject,nll,bic,model,wp,wp_rec,beta,beta_rec,b_last,b_last_rec,nll_rec
53,41.6842742949662,98.19347585776032,wa_dn_b-last,0.6034574071515297,0.6310573169784038,33.39179664986403,25.79039404298817,-0.0020441141038021016,-0.001936866591281113,47.71656086500127
