subject,nll,bic,model,wp,wp_rec,beta,beta_rec,b_last,b_last_rec,nll_rec
18,44.128703557195635,103.08233438221919,wa_dn_b-last,0.526211598717265,0.5057493880386243,36.39488340622012,50.81964386023402,-0.003736808567209972,0.0018173374659426554,35.461305303851034
