subject,nll,bic,model,wp,wp_rec,beta,beta_rec,b_last,b_last_rec,nll_rec
72,53.740731886982886,122.26322482943739,wa_dn_b-last,0.7252100885117613,0.7072661841899616,14.757276862343964,15.758389181330351,-0.007755095624445272,-0.015042012883452324,54.14293794585912
