subject,nll,bic,model,wp,wp_rec,beta,beta_rec,b_last,b_last_rec,nll_rec
142,43.23984261456769,101.3046124969633,wa_dn_b-last,0.5537623808968143,0.5285483224380334,35.37861541120815,36.728771827843644,0.006494677799106326,0.00017655731090663104,43.709553566377416
