subject,nll,bic,model,wp,wp_rec,beta,beta_rec,b_last,b_last_rec,nll_rec
144,57.260350387895365,129.3241225751828,wa_dn_b-last,0.47465046063714267,0.47438672469725224,23.01544368060464,17.044705126045567,0.0005228850425642113,0.017587123503888278,64.50532200612678
