subject,nll,bic,model,wp,wp_rec,beta,beta_rec,b_last,b_last_rec,nll_rec
12,58.498330549799135,131.80008289899035,wa_dn_b-last,0.6087124104547007,0.6265732360182054,19.904508121321108,16.653549868868243,0.016979729999586652,0.010820898659294437,62.90339937049158
