subject,nll,bic,model,wp,wp_rec,beta,beta_rec,b_last,b_last_rec,nll_rec
75,47.684088075295705,110.19310341841933,wa_dn_b-last,0.7430819736227916,0.7620184582064994,15.721328800596941,17.3742691013251,0.03792213853662086,0.03151466824053503,40.78553009025205
