subject,nll,bic,model,wp,wp_rec,beta,beta_rec,b_last,b_last_rec,nll_rec
163,84.6238172546638,184.0510563087197,wa_dn_b-last,0.5165000773745995,0.5368361672239842,7.866254814446047,8.312641383357938,-0.024057791521752813,-0.032132073542454696,83.60677716942185
