subject,nll,bic,model,wp,wp_rec,beta,beta_rec,b_last,b_last_rec,nll_rec
25,45.72886973832479,106.2826667444775,wa_dn_b-last,0.48357725194625645,0.49930695596567376,34.83590896055368,28.39104919458667,0.01355879710454155,0.014936369556283564,51.37472865593166
