subject,nll,bic,model,wp,wp_rec,beta,beta_rec,b_last,b_last_rec,nll_rec
133,40.30093546997894,95.3836319954295,wa_dn_b-last,0.6614053931950125,0.6531032253788566,27.40737907686433,34.970473706549505,-0.012272734880421085,-0.0006706747097727132,32.49059553655282
