subject,nll,bic,model,wp,wp_rec,beta,beta_rec,b_last,b_last_rec,nll_rec
172,44.910694367756804,104.64631600334152,wa_dn_b-last,0.31605532000096687,0.2621144595063822,23.43211330864561,17.898498912123614,0.009700666180404265,0.029820257035371577,44.51964114218441
