subject,nll,bic,model,wp,wp_rec,beta,beta_rec,b_last,b_last_rec,nll_rec
49,21.1134956624562,57.030413124304474,wa_dn_b-last,0.7388054555636144,0.6947818916827088,33.781627443205814,30.12940578859874,-0.009143551555760687,-0.024109233424816558,32.42981101899733
