subject,nll,bic,model,wp,wp_rec,beta,beta_rec,b_last,b_last_rec,nll_rec
80,35.31854658868446,85.46202044519684,wa_dn_b-last,0.4965887475132501,0.4879488218792556,51.69188752270503,49.82199694755619,0.006983762677416278,0.0034804037216334296,36.83988169403409
