subject,nll,bic,model,wp,wp_rec,beta,beta_rec,b_last,b_last_rec,nll_rec
105,47.00932083104935,108.84356892992662,wa_dn_b-last,0.5323189587774542,0.5336342880540762,32.88009431812296,42.28312379772005,0.0022837317313656297,0.009811661731768093,38.73533080704982
