subject,nll,bic,model,wp,wp_rec,beta,beta_rec,b_last,b_last_rec,nll_rec
185,57.77932608332756,130.38357943448304,wa_dn_b-last,0.5253494321641708,0.5427841538919173,23.217879018586462,20.96504628674541,0.009788462612361238,0.022549153228435277,59.6697118575003
