subject,nll,bic,model,wp,wp_rec,beta,beta_rec,b_last,b_last_rec,nll_rec
51,74.00479592323205,162.7695346239485,wa_dn_b-last,0.39233568896324233,0.4266452364068375,10.148515088649983,15.681750125801896,-0.00995158771436912,-0.025527120528694165,64.35732890783927
