subject,nll,bic,model,wp,wp_rec,beta,beta_rec,b_last,b_last_rec,nll_rec
161,27.507596741293497,69.84012075041491,wa_dn_b-last,0.6417144079349332,0.6313183188776743,44.12195766708045,40.790555138865685,0.014198172380165665,0.018255385959845234,31.52966534492045
