subject,nll,bic,model,wp,wp_rec,beta,beta_rec,b_last,b_last_rec,nll_rec
147,66.85491329948691,148.53475386680174,wa_dn_b-last,0.6242546352477046,0.6873262607937768,14.661732502303382,10.145325904606201,0.015144499051755578,0.049476895638456524,69.33569793972737
