subject,nll,bic,model,wp,wp_rec,beta,beta_rec,b_last,b_last_rec,nll_rec
71,48.972068168089905,112.76906360400773,wa_dn_b-last,0.4812289157007023,0.47209142962747475,31.57021265659419,37.89906095708739,-0.009577132444188008,-0.0034958033066524534,44.350096027338964
