subject,nll,bic,model,wp,wp_rec,beta,beta_rec,b_last,b_last_rec,nll_rec
54,53.159556833797154,121.14404093542223,wa_dn_b-last,0.5134468220099534,0.52142669975612,27.033553425519226,30.296497416840246,0.011081123450377064,0.01680430552075484,49.13474282734536
