subject,nll,bic,model,wp,wp_rec,beta,beta_rec,b_last,b_last_rec,nll_rec
29,66.05925432583743,146.94343591950278,wa_dn_b-last,0.6158992391663702,0.6205941264674794,15.838838560490217,14.269495704677514,-0.01783613044423807,-0.03668411399883121,68.21736056055474
