subject,nll,bic,model,wp,wp_rec,beta,beta_rec,b_last,b_last_rec,nll_rec
145,39.52912442512003,93.88317611806798,wa_dn_b-last,0.5590198682265454,0.5645173571940836,38.826926633689915,34.03199024134373,0.014942276928922466,0.01962457259962828,43.51859556750992
