subject,nll,bic,model,wp,wp_rec,beta,beta_rec,b_last,b_last_rec,nll_rec
197,8.142204492189924,31.044351761864224,wa_dn_b-last,1.0,1.0,24.307474127958653,199.99993888995562,0.02740462172427201,5.3628263202324805e-05,-9.11416631732558e-05
