subject,nll,bic,model,wp,wp_rec,beta,beta_rec,b_last,b_last_rec,nll_rec
62,52.701487573841824,120.22790241551156,wa_dn_b-last,0.6188253712104538,0.6310199361459613,23.452200423618713,22.104872928223784,-0.004260366398943905,-0.012296520877772986,53.37960267411685
