subject,nll,bic,model,wp,wp_rec,beta,beta_rec,b_last,b_last_rec,nll_rec
132,51.5590018492059,117.92142549780387,wa_dn_b-last,0.47318339532305226,0.44445951091827557,26.56954477900148,30.82350103078646,0.02178069847466071,0.016250221000665303,47.28460137259198
