subject,nll,bic,model,wp,wp_rec,beta,beta_rec,b_last,b_last_rec,nll_rec
156,34.42989345467129,83.68471417717049,wa_dn_b-last,0.5633918453894973,0.5744400637220971,44.7545232644019,41.646445221987435,0.010870916684389989,0.0001343062583237977,35.99786014787409
