subject,nll,bic,model,wp,wp_rec,beta,beta_rec,b_last,b_last_rec,nll_rec
86,11.294067131085958,37.41306152999983,wa_dn_b-last,1.0,0.8996250639143856,21.790005263596417,199.9927735997178,-0.024223711641393444,-0.025682724805724838,2.2493366848548435
