subject,nll,bic,model,wp,wp_rec,beta,beta_rec,b_last,b_last_rec,nll_rec
115,25.983825480014467,66.79257822785685,wa_dn_b-last,0.5240907758555687,0.5087772406904756,71.11567286045612,77.13124210288328,0.00347961645791659,7.55661728869811e-06,24.706154872708876
