subject,nll,bic,model,wp,wp_rec,beta,beta_rec,b_last,b_last_rec,nll_rec
171,68.41201875900424,151.62745931740056,wa_dn_b-last,0.47640812340367283,0.47179047827869974,15.298553818474813,14.32173299652651,-0.007121170350189684,0.0018458449006329,69.79602098529556
