subject,nll,bic,model,wp,wp_rec,beta,beta_rec,b_last,b_last_rec,nll_rec
7,59.66166737579965,134.14826201942722,wa_dn_b-last,0.5608982567377471,0.5384893443186864,21.615593703244553,37.617755905291766,-0.013286271175102157,-0.0259511239639823,41.58014956978094
