subject,nll,bic,model,wp,wp_rec,beta,beta_rec,b_last,b_last_rec,nll_rec
16,44.49816268487634,103.8212526375806,wa_dn_b-last,0.621454640258469,0.6219309802774508,28.98590056152928,50.10967419418835,0.01038496409663332,0.022424103274439895,26.68984261157899
