subject,nll,bic,model,wp,wp_rec,beta,beta_rec,b_last,b_last_rec,nll_rec
123,46.99524362059172,108.81541450901136,wa_dn_b-last,0.47160655401341245,0.48466251678171657,34.157372626797056,30.93532348709179,-0.003588283495527611,0.004272646547288941,49.60866154863892
