subject,nll,bic,model,wp,wp_rec,beta,beta_rec,b_last,b_last_rec,nll_rec
111,55.801273948085594,126.4274751639991,wa_dn_b-last,0.41315364741570737,0.3913543360405185,21.81686310876281,21.737431337866504,0.0009693909788366884,0.01126559635241737,53.847185715781784
