subject,nll,bic,model,wp,wp_rec,beta,beta_rec,b_last,b_last_rec,nll_rec
85,35.702883576623044,86.20918895263816,wa_dn_b-last,0.9206671988643009,0.8288740675184065,12.65393041218605,14.381097549550622,-0.03685683607557427,0.006592894367765398,39.06622278979138
