subject,nll,bic,model,wp,wp_rec,beta,beta_rec,b_last,b_last_rec,nll_rec
69,56.70790085435921,128.24072897654634,wa_dn_b-last,0.5966891162772187,0.6050008807132824,22.14429547285812,22.312693438267598,0.003375294334903874,0.01090844164906241,55.432919378858436
