subject,nll,bic,model,wp,wp_rec,beta,beta_rec,b_last,b_last_rec,nll_rec
168,31.65483396679481,78.13459520141754,wa_dn_b-last,0.7715411459081744,1.0,21.02208923191674,14.191331587909357,0.002377841291728237,0.025940380641290933,22.1084032161031
