subject,nll,bic,model,wp,wp_rec,beta,beta_rec,b_last,b_last_rec,nll_rec
95,62.90884316862291,140.64261360507373,wa_dn_b-last,0.4864257563558136,0.49460705079870154,19.288917068317744,29.48399350533738,0.0012909185915753402,-0.005744442487816577,51.09661911781383
