subject,nll,bic,model,wp,wp_rec,beta,beta_rec,b_last,b_last_rec,nll_rec
52,25.001462528853146,64.82785232553421,wa_dn_b-last,0.9612841334244119,1.0,14.44698271560526,12.865135535239467,-0.009033258049561543,0.048427875584216774,25.941441649342835
