subject,nll,bic,model,wp,wp_rec,beta,beta_rec,b_last,b_last_rec,nll_rec
41,90.90435929198244,196.52454291928018,wa_dn_b-last,0.5660950439942982,0.373739952057789,3.038491108699222,2.741384723711686,-0.08564146999623638,-0.2433501418804026,85.87836892745844
