subject,nll,bic,model,wp,wp_rec,beta,beta_rec,b_last,b_last_rec,nll_rec
30,41.78650408040745,98.37642996020696,wa_dn_b-last,0.6341987383912169,0.6359144365879211,29.968114646751648,22.83459909242466,-0.0021592532805416436,-0.0017570595663433787,51.47653878843418
