subject,nll,bic,model,wp,wp_rec,beta,beta_rec,b_last,b_last_rec,nll_rec
79,51.90318384113252,118.63129495009295,wa_dn_b-last,0.7362603409656064,0.7504483869694872,14.88523991517874,18.026205299888765,0.008103271718467083,0.0028440460640337703,41.605910451501245
