subject,nll,bic,model,wp,wp_rec,beta,beta_rec,b_last,b_last_rec,nll_rec
114,40.25453762079668,95.33400250942128,wa_dn_b-last,0.5805664111091801,0.5929421991520403,36.49470022298511,34.13098854045823,0.006876791917081687,0.011640011495499505,41.64217916599164
