subject,nll,bic,model,wp,wp_rec,beta,beta_rec,b_last,b_last_rec,nll_rec
176,69.29520636151004,153.415339990848,wa_dn_b-last,0.6005408972484058,0.6397570090910343,13.404640811159194,8.769030910463604,0.03495240964156433,0.06162732905766343,75.47443345074568
