subject,nll,bic,model,wp,wp_rec,beta,beta_rec,b_last,b_last_rec,nll_rec
184,7.588484245938327,30.001895759704567,wa_dn_b-last,0.9932948269957562,0.8743432580484786,28.714400943648126,199.69773815739035,-0.03371697079729062,-0.02931568595140772,2.249497793076741
