subject,nll,bic,model,wp,wp_rec,beta,beta_rec,b_last,b_last_rec,nll_rec
120,47.01415494540464,108.8532371586372,wa_dn_b-last,0.6396587746637268,0.6572491030515555,25.325352683946246,22.91725148600274,0.006082308215044328,0.00681078820164794,48.03288088397676
