subject,nll,bic,model,wp,wp_rec,beta,beta_rec,b_last,b_last_rec,nll_rec
116,40.84803021881547,96.52098770545885,wa_dn_b-last,0.5940457157679497,0.5996715669139826,34.98235061036676,45.57187361798406,-0.0020378313200634106,0.004790885451365155,31.27632009309874
