subject,nll,bic,model,wp,wp_rec,beta,beta_rec,b_last,b_last_rec,nll_rec
60,55.68933143424711,126.20359013632213,wa_dn_b-last,0.6172923795448573,0.6538905369771203,21.542152584726686,25.238581302166246,0.0036207961004343313,0.0036174090832954875,45.03424100561409
