subject,nll,bic,model,wp,wp_rec,beta,beta_rec,b_last,b_last_rec,nll_rec
164,39.47771704468808,93.78036135720407,wa_dn_b-last,0.5853858018627665,0.5747844078862754,37.110467289234066,54.197066998407664,-0.008765414742808982,-0.0069709450821399,27.180989963594087
