subject,nll,bic,model,wp,wp_rec,beta,beta_rec,b_last,b_last_rec,nll_rec
177,51.32985679024939,117.48464084832669,wa_dn_b-last,0.5337523608919493,0.5817071374436743,27.597728631874936,20.465542094136577,0.021959830743742314,0.028640408295224254,58.51587320247924
