subject,nll,bic,model,wp,wp_rec,beta,beta_rec,b_last,b_last_rec,nll_rec
150,60.776060273465426,136.33388160240247,wa_dn_b-last,0.47872925160632585,0.504236652579266,18.229075361645165,24.104726874377807,0.027252740838735117,0.039698865390261705,51.284811299923796
