subject,nll,bic,model,wp,wp_rec,beta,beta_rec,b_last,b_last_rec,nll_rec
137,22.491783067426763,59.808493402681435,wa_dn_b-last,0.15425757156945707,0.04138221500749746,23.248635888220544,23.78644278794876,0.009960577985370674,-0.040125166980147516,15.678759960315867
