subject,nll,bic,model,wp,wp_rec,beta,beta_rec,b_last,b_last_rec,nll_rec
109,71.17004538968243,157.078055436573,wa_dn_b-last,0.5116732125672611,0.5110355152365635,13.638023061379455,15.43228514934394,0.005886953411652343,0.004771371916830737,68.02984010486168
