subject,nll,bic,model,wp,wp_rec,beta,beta_rec,b_last,b_last_rec,nll_rec
192,-9.414092097686193e-05,14.824738985985958,wa_dn_b-last,1.0,1.0,199.99967066634673,199.99967066634673,5.5786865669085254e-05,5.5786865669085254e-05,-9.414092097686193e-05
