subject,nll,bic,model,wp,wp_rec,beta,beta_rec,b_last,b_last_rec,nll_rec
117,31.74110517290043,78.30713761362877,wa_dn_b-last,0.6531083451248255,0.6553450888627627,36.856903584737914,40.506201415735816,-0.014357399918227088,-0.005973070608156778,27.753804414112295
