subject,nll,bic,model,wp,wp_rec,beta,beta_rec,b_last,b_last_rec,nll_rec
23,46.85558570879123,108.53609868541038,wa_dn_b-last,0.634470915747364,0.6382388727213276,26.03541927917237,30.567848223460732,0.0006478042906996505,-0.012755339119860756,40.61310117198899
