subject,nll,bic,model,wp,wp_rec,beta,beta_rec,b_last,b_last_rec,nll_rec
107,84.75933122243248,184.30042350033656,wa_dn_b-last,0.7919263777353941,1.0,4.0801021181606165,2.4368259035395385,0.04100264484274884,0.019532307367690065,86.93769214808677
