subject,nll,bic,model,wp,wp_rec,beta,beta_rec,b_last,b_last_rec,nll_rec
70,49.33626203492052,113.49745133766896,wa_dn_b-last,0.5328052540405498,0.5481150940787385,29.99327341993905,31.761140680902383,0.014960641676092788,0.02784164665879638,45.93323078204956
