subject,nll,bic,model,wp,wp_rec,beta,beta_rec,b_last,b_last_rec,nll_rec
1,63.94213238325791,142.70919203434374,wa_dn_b-last,0.5397598714743583,0.5376371481498396,18.030343385775723,17.134070987137775,0.024652570571679914,0.03911176966088708,63.506477217635435
