subject,nll,bic,model,wp,wp_rec,beta,beta_rec,b_last,b_last_rec,nll_rec
57,51.95260514461168,118.73013755705128,wa_dn_b-last,0.5381057495790765,0.5441554971916561,28.09418943035351,37.0747964771607,-0.00597069068484182,-0.0018542167819514618,42.437675274397236
