subject,nll,bic,model,wp,wp_rec,beta,beta_rec,b_last,b_last_rec,nll_rec
0,75.33247087681431,165.48986902145654,wa_dn_b-last,0.548519314065397,0.5602484132337733,12.49857841390443,12.545296536203843,0.0010455105018956617,0.010410718880071342,74.6326160640426
