subject,nll,bic,model,wp,wp_rec,beta,beta_rec,b_last,b_last_rec,nll_rec
97,56.86465601979643,128.55423930742077,wa_dn_b-last,0.603983580903394,0.6147497071404945,21.512311120834116,23.5646650952286,0.008565531106254715,0.021021430450418356,52.039843922638205
