subject,nll,bic,model,wp,wp_rec,beta,beta_rec,b_last,b_last_rec,nll_rec
28,46.715986667032354,108.25690060189262,wa_dn_b-last,0.5520850882109597,0.5579350607712148,32.16242301006217,26.1720909901597,0.0023943598398797846,-0.015023994906586957,53.41698452341112
