subject,nll,bic,model,wp,wp_rec,beta,beta_rec,b_last,b_last_rec,nll_rec
65,31.252779205456903,77.33048567874172,wa_dn_b-last,0.6019901416992284,0.6051170102496461,45.40084694944264,44.09233891920768,0.0024547688489751974,0.007171753522674093,31.977794271276128
