subject,nll,bic,model,wp,wp_rec,beta,beta_rec,b_last,b_last_rec,nll_rec
13,75.68032897929561,166.18558522641914,wa_dn_b-last,0.42883058576923155,0.3993839787082915,8.63901437961139,7.068356577464868,0.06696482577657523,0.08831489117772401,77.31563551074508
