subject,nll,bic,model,wp,wp_rec,beta,beta_rec,b_last,b_last_rec,nll_rec
50,40.99523221974994,96.81539170732779,wa_dn_b-last,0.33827486854778355,0.327440344327988,30.333451784968624,30.132965002599526,0.010225385989404766,0.010588512360940178,39.96460540888308
