subject,nll,bic,model,wp,wp_rec,beta,beta_rec,b_last,b_last_rec,nll_rec
26,29.524914687238454,73.87475664230482,wa_dn_b-last,0.8208344319350173,0.8119324248702517,18.889053421568455,17.163108388403458,-0.022214936417685734,-0.031048084051393133,35.292775973351866
