subject,nll,bic,model,wp,wp_rec,beta,beta_rec,b_last,b_last_rec,nll_rec
17,72.30007608716392,159.33811683153598,wa_dn_b-last,0.5785694454139806,0.5358333809349914,12.076368130650197,10.900507743170255,0.021923192736035182,0.013587775933422046,75.86115167887965
