subject,nll,bic,model,wp,wp_rec,beta,beta_rec,b_last,b_last_rec,nll_rec
43,49.05166949493161,112.92826625769113,wa_dn_b-last,0.677500826974039,0.6753067166829471,20.49026241657181,17.092997986191573,0.004644654125208597,-0.010698295552091957,56.557875412986434
