subject,nll,bic,model,wp,wp_rec,beta,beta_rec,b_last,b_last_rec,nll_rec
3,49.86169139521597,114.54831005825986,wa_dn_b-last,0.6355527800984868,0.6357028009032687,23.91155614051226,22.27681367464013,-0.001839800891888296,-0.0017006107414443206,52.409430597915694
