subject,nll,bic,model,wp,wp_rec,beta,beta_rec,b_last,b_last_rec,nll_rec
10,60.75506385759068,136.33505498300926,wa_dn_b-last,0.5970324275920749,0.585168961384383,19.668678126767343,21.327499786357453,-0.003849519890895549,-0.021022082024885765,58.67464737052063
