subject,nll,bic,model,wp,wp_rec,beta,beta_rec,b_last,b_last_rec,nll_rec
157,-9.414154777627797e-05,14.82473898473236,wa_dn_b-last,1.0,1.0,199.9998968147795,199.9998968147795,5.464067419798175e-05,5.464067419798175e-05,-9.414154777627797e-05
