subject,nll,bic,model,wp,wp_rec,beta,beta_rec,b_last,b_last_rec,nll_rec
143,62.11288321930262,139.05069370643315,wa_dn_b-last,0.5021197552522926,0.545179636675462,18.553484199525293,21.11623252699177,0.029470268729089588,0.034773507493233206,57.871884180588
