subject,nll,bic,model,wp,wp_rec,beta,beta_rec,b_last,b_last_rec,nll_rec
124,36.80575190068549,88.4364310691989,wa_dn_b-last,0.45331000140461836,0.4425906315934989,53.18938401399791,64.87012371870937,0.004688722528127834,0.005639633191284838,33.097275117970156
