subject,nll,bic,model,wp,wp_rec,beta,beta_rec,b_last,b_last_rec,nll_rec
127,57.64574061305578,130.09490302550364,wa_dn_b-last,0.5359687490221905,0.5502629895257829,22.924997941129135,19.888933595994637,0.009535256566429793,0.02046783419926831,60.954801615813096
