subject,nll,bic,model,wp,wp_rec,beta,beta_rec,b_last,b_last_rec,nll_rec
45,34.444552641122804,83.71403255007353,wa_dn_b-last,0.25332329824428423,0.2692814403067003,24.938621624250267,30.37759443364784,0.0011823071397939467,-0.0027663182442812127,31.63871786372125
