subject,nll,bic,model,wp,wp_rec,beta,beta_rec,b_last,b_last_rec,nll_rec
22,54.650295168481236,124.12551760479039,wa_dn_b-last,0.6871817619657956,0.6863071866769022,17.008799559382968,17.912680500805063,0.002399756662884168,0.015548886000486074,52.38464410319276
