subject,nll,bic,model,wp,wp_rec,beta,beta_rec,b_last,b_last_rec,nll_rec
195,41.50118985797156,97.82730698377104,wa_dn_b-last,0.6603794000994443,0.6587396811382775,27.084863920517368,23.97861819346019,-0.008111741652503732,-0.010702857137612643,46.41816099053668
