subject,nll,bic,model,wp,wp_rec,beta,beta_rec,b_last,b_last_rec,nll_rec
6,28.231655531683025,71.28823833119397,wa_dn_b-last,0.6270858600074536,0.6310892184264878,46.26383283506299,45.126256798282135,0.002650973227841615,0.002726352389232831,28.372747194493677
