subject,nll,bic,model,wp,wp_rec,beta,beta_rec,b_last,b_last_rec,nll_rec
78,41.31039192247328,97.44571111277448,wa_dn_b-last,0.5118277536907927,0.5319375507737407,40.59460876644059,41.15496778106459,0.007590427881831156,0.003993457233984066,39.88460470235577
