subject,nll,bic,model,wp,wp_rec,beta,beta_rec,b_last,b_last_rec,nll_rec
66,53.323469684037974,121.47186663590387,wa_dn_b-last,0.5670981987611139,0.5423683776358027,25.96099935287742,34.528164412728394,-0.01295971961931198,-0.0018228697409304882,44.92873893812761
