subject,nll,bic,model,wp,wp_rec,beta,beta_rec,b_last,b_last_rec,nll_rec
189,40.0095146112644,94.80079027800042,wa_dn_b-last,0.633872994928207,0.6256225811408422,30.646749104642307,35.83379213463228,-0.0015019101017641212,0.00628943974970182,35.6385743857273
