subject,nll,bic,model,wp,wp_rec,beta,beta_rec,b_last,b_last_rec,nll_rec
39,56.16847525900813,127.16187778584418,wa_dn_b-last,0.48473310576905554,0.5143784500417837,24.149199041994454,27.235620811284225,0.009538872202610566,-0.005880740249641518,53.397229932158524
