subject,nll,bic,model,wp,wp_rec,beta,beta_rec,b_last,b_last_rec,nll_rec
113,66.72468979152883,148.25280138244975,wa_dn_b-last,0.20683785990783177,0.25549673216518404,7.822208584842085,7.420701377266653,0.01962651951931594,-0.0024070422839547996,72.98340158160283
