subject,nll,bic,model,wp,wp_rec,beta,beta_rec,b_last,b_last_rec,nll_rec
136,39.66973818657894,94.1644036409858,wa_dn_b-last,0.6509485361797895,0.6551621877596638,29.527098083932227,38.85465978540472,0.0004963476063872099,-0.008863131653218718,29.318226139030926
