subject,nll,bic,model,wp,wp_rec,beta,beta_rec,b_last,b_last_rec,nll_rec
190,59.2136072056537,133.25214167913532,wa_dn_b-last,0.5146777037443258,0.5036774933617041,22.284045576418496,24.431498122541946,-0.015221647616593772,-0.00816626395844683,56.58449487982676
