subject,nll,bic,model,wp,wp_rec,beta,beta_rec,b_last,b_last_rec,nll_rec
59,64.49269204626806,143.7888058919282,wa_dn_b-last,0.49456530301053436,0.5164667080788434,17.555922569655877,16.641142710592472,0.013161523182328315,0.016238012816637254,66.2554802337128
