subject,nll,bic,model,wp,wp_rec,beta,beta_rec,b_last,b_last_rec,nll_rec
162,56.76384044865007,128.35260816512806,wa_dn_b-last,0.4840236459232889,0.4831476220281027,23.735867867877133,25.92865735898207,0.007402457359444148,0.004814673882808664,54.41490256904971
