subject,nll,bic,model,wp,wp_rec,beta,beta_rec,b_last,b_last_rec,nll_rec
178,60.00483079993019,134.8345888676883,wa_dn_b-last,0.630586937330241,0.642428779945614,18.203765133945137,20.383574811913405,0.0016855488101290778,0.004101994353848347,54.55733774730909
