subject,nll,bic,model,wp,wp_rec,beta,beta_rec,b_last,b_last_rec,nll_rec
88,37.28257687744073,89.39008102270938,wa_dn_b-last,0.5738772034157869,0.5582078718489395,40.52131890996916,52.75203734014899,-0.013024686523406447,-0.025217379197172266,30.39332384629556
