subject,nll,bic,model,wp,wp_rec,beta,beta_rec,b_last,b_last_rec,nll_rec
126,48.24843916373378,111.32180559529547,wa_dn_b-last,0.6200381710866035,0.6233517805720787,26.400858876206073,28.632558577844875,0.0005907712031755711,0.007975828899969362,44.75719720782354
