subject,nll,bic,model,wp,wp_rec,beta,beta_rec,b_last,b_last_rec,nll_rec
198,49.68153236693341,114.18799200169474,wa_dn_b-last,0.5963935732488409,0.6123073244646702,27.20588434369532,26.888834836711528,-0.0018332944419901874,-0.001886307740050208,48.525514717191015
