subject,nll,bic,model,wp,wp_rec,beta,beta_rec,b_last,b_last_rec,nll_rec
122,53.31352836623758,121.45198400030307,wa_dn_b-last,0.5353766833427613,0.5397609378691625,26.948744545634085,21.8906190749771,-0.010282751644696294,-0.003767201659401652,59.88409058109527
