subject,nll,bic,model,wp,wp_rec,beta,beta_rec,b_last,b_last_rec,nll_rec
74,55.369192172744114,125.270945604864,wa_dn_b-last,0.719552080687318,0.6887804124564118,12.09043983273453,13.792390088460472,0.0193298853167898,0.007906845724754768,55.02732277227482
