subject,nll,bic,model,wp,wp_rec,beta,beta_rec,b_last,b_last_rec,nll_rec
96,48.21103930126875,111.22550040192957,wa_dn_b-last,0.5677046902139279,0.5631909428609378,29.830141030385548,31.624443572498453,-0.002003876596206614,-0.010694540022634343,46.387833174356395
