subject,nll,bic,model,wp,wp_rec,beta,beta_rec,b_last,b_last_rec,nll_rec
61,57.341806921760046,129.508541111348,wa_dn_b-last,0.5724185622633382,0.6257860070462726,22.755464649217192,17.90388371730553,0.005528644420040524,-0.006644898647555765,61.243930655778485
