subject,nll,bic,model,wp,wp_rec,beta,beta_rec,b_last,b_last_rec,nll_rec
81,57.059970718455034,128.92336323630215,wa_dn_b-last,0.5296730361760116,0.5284092935566955,23.50154050620205,23.741708381934536,0.001598458780501074,0.008383871566865077,56.47727676637355
