subject,nll,bic,model,wp,wp_rec,beta,beta_rec,b_last,b_last_rec,nll_rec
18,52.15851274240852,119.14195275264495,wa_b-last,0.9432683612262039,0.9411781754985226,16.93485917098995,14.292782337241661,0.0355949901934589,0.04278082417372729,56.581591655866625
