subject,nll,bic,model,wp,wp_rec,beta,beta_rec,b_last,b_last_rec,nll_rec
10,38.7114306216181,92.24778851106412,wa_b-last,0.6990013341299736,0.7517637613068451,5.1800200376298315,5.898897698699822,0.0022214704088396337,0.013444870952097314,43.38491025889127
