subject,nll,bic,model,wp,wp_rec,beta,beta_rec,b_last,b_last_rec,nll_rec
2,46.28548547296322,107.35273200139805,wa_b-last,0.9437009224370283,0.9402104983342332,21.216034549573415,22.22135161660596,-0.003775079489497344,-0.013795875977314924,44.158796671731295
