subject,nll,bic,model,wp,wp_rec,beta,beta_rec,b_last,b_last_rec,nll_rec
16,84.26715630020274,183.20535998507074,wa_b-last,0.9170168034119399,0.9241207736274035,3.1388828692707316,3.0618563299450074,0.09585708108824068,0.03447432226340049,86.51736161391378
