subject,nll,bic,model,wp,wp_rec,beta,beta_rec,b_last,b_last_rec,nll_rec
1,47.160510692388016,109.14594865260395,wa_b-last,0.9530834836465817,0.9514198049580423,19.7289431048219,20.26686323771862,0.007872890072887117,0.01082194513886548,46.95677029151881
