subject,nll,bic,model,wp,wp_rec,beta,beta_rec,b_last,b_last_rec,nll_rec
13,55.67359955838191,126.17212638459173,wa_b-last,0.942936994004101,0.9357253819056249,16.004555333798802,16.218012681928492,0.0017489513138167962,-0.009033255041799493,54.28663897367113
