subject,nll,bic,model,wp,wp_rec,beta,beta_rec,b_last,b_last_rec,nll_rec
14,71.45247396633887,157.70836973206983,wa_b-last,0.9011203545849278,0.9120732316627209,6.897638856100256,7.868751557540191,0.02884416892635153,0.029852433720773907,70.0477914144447
