subject,nll,bic,model,wp,wp_rec,beta,beta_rec,b_last,b_last_rec,nll_rec
9,73.02280095801748,160.84902371542705,wa_b-last,0.9082791373938186,0.903573387876087,6.93772311325438,6.9095330456332436,0.028712113154162125,0.011005793114261074,72.65179078123151
