subject,nll,bic,model,wp,wp_rec,beta,beta_rec,b_last,b_last_rec,nll_rec
11,79.9617333404639,174.72688848031987,wa_b-last,0.8648924549559396,0.8543855316267713,3.718415280763991,3.6727273293136196,0.022755770016205344,0.0023674463664326057,78.55935866283944
