subject,nll,bic,model,wp,wp_rec,beta,beta_rec,b_last,b_last_rec,nll_rec
17,52.446771624676856,119.71847051718163,wa_b-last,0.8972416625250478,0.9162855681922321,13.231174819795317,20.92121146126822,-0.006799052633299165,0.01733536856662158,42.79477826348352
