subject,nll,bic,model,wp,wp_rec,beta,beta_rec,b_last,b_last_rec,nll_rec
7,95.67825735769047,206.18144198320886,wa_b-last,1.0,1.0,0.9533930743140118,0.9120107663380317,0.06073782543936196,-0.03079908109152124,95.90938650131388
