subject,nll,bic,model,wp,wp_rec,beta,beta_rec,b_last,b_last_rec,nll_rec
15,54.5318793056708,123.86718041073367,wa_b-last,0.9452762632835368,0.949808829621617,15.955093903293374,18.33750053308767,0.026015563308772346,0.03489770631991636,49.03231606745253
