subject,nll,bic,model,wp,wp_rec,beta,beta_rec,b_last,b_last_rec,nll_rec
8,58.8275052823244,132.4799378324767,wa_b-last,0.9375115124978952,0.9374287592547159,13.608139969568187,12.47595693991563,0.0289315905930382,0.038648005037774366,60.76002810959105
