subject,nll,bic,model,wp,wp_rec,beta,beta_rec,b_last,b_last_rec,nll_rec
3,30.80769830226881,76.44032387236554,wa_b-last,0.9682062319392197,0.9721376697059371,22.66809530470767,25.40097934007771,0.0016808437739722591,0.01880039856933357,24.010863341513684
