subject,nll,bic,model,wp,wp_rec,beta,beta_rec,b_last,b_last_rec,nll_rec
5,46.89796731619627,108.62086190022046,wa_dn_b-last,0.6177606637189366,0.6161038811506409,27.58557574626184,24.32191326380362,0.002982002988352673,0.0007347284816543413,51.64135260807867
