subject,nll,bic,model,wp,wp_rec,beta,beta_rec,b_last,b_last_rec,nll_rec
2,33.21131449118201,81.20439003783564,wa_dn_b-last,0.5922105633788445,0.592442429911886,43.369500650576946,33.566619954705146,-0.004345882800483908,-0.001733699899247702,42.0998491312847
