subject,nll,bic,model,wp,wp_rec,beta,beta_rec,b_last,b_last_rec,nll_rec
7,95.61301363915939,206.0509545461467,wa_dn_b-last,1.0,0.6162528246246,0.904045924126748,1.8191759297092636,0.05675223875775823,-0.03628949547155912,96.01357868930049
