subject,nll,bic,model,wp,wp_rec,beta,beta_rec,b_last,b_last_rec,nll_rec
3,23.125578524045935,61.07608431591978,wa_dn_b-last,0.7288052469732075,0.722430962953025,32.94700729768119,110.02316919663245,0.000608276753121603,-0.007275143783107727,7.57230479169002
