subject,nll,bic,model,wp,wp_rec,beta,beta_rec,b_last,b_last_rec,nll_rec
15,50.5468226192185,115.89706703782907,wa_dn_b-last,0.604339172851492,0.595862339701753,25.271812608786288,34.441873656762084,0.017338366101299397,0.01149973763671257,40.78606999008977
