subject,nll,bic,model,wp,wp_rec,beta,beta_rec,b_last,b_last_rec,nll_rec
16,84.16590057231645,183.00284852929815,wa_dn_b-last,0.5312608753633049,0.5232163345016121,5.227252380811974,8.333323444231631,0.05277613126582019,0.08886686112672304,72.0828461008777
