subject,nll,bic,model,wp,wp_rec,beta,beta_rec,b_last,b_last_rec,nll_rec
0,65.50119516798101,145.82731760378994,wa_dn_b-last,0.4003780615018416,0.4178527498632695,14.708258539937193,15.661678799990373,0.003117979769296786,-0.02087969138178169,65.10171459687416
