subject,nll,bic,model,wp,wp_rec,beta,beta_rec,b_last,b_last_rec,nll_rec
18,57.39045107007679,129.6058294079815,wa_dn_b-last,0.6016420535262906,0.6177164846924174,20.481376228035018,31.203406287289422,0.02686201939695791,0.027238193223725463,41.80496400114602
