subject,nll,bic,model,wp,wp_rec,beta,beta_rec,b_last,b_last_rec,nll_rec
12,37.63914192181362,90.0817056430193,wa_dn_b-last,0.5561606610953472,0.5531667784168952,40.626368917121056,46.10975406068696,0.01637669515744428,-0.0028063283304750014,33.76216893476361
