subject,nll,bic,model,wp,wp_rec,beta,beta_rec,b_last,b_last_rec,nll_rec
13,58.3865732457083,131.5980737592445,wa_dn_b-last,0.5931898218958297,0.590601658057554,21.272170879987325,22.741294967708484,0.0010151610170509244,0.015393991293616629,55.72750542803841
