subject,nll,bic,model,wp,wp_rec,beta,beta_rec,b_last,b_last_rec,nll_rec
14,55.887883621892904,126.57918904317788,wa_dn_b-last,0.4778230224680249,0.4879260705739964,24.278627679305835,25.712720338460045,0.0072672484400919495,0.024550646144587664,52.84413627938845
