subject,nll,bic,model,wp,wp_rec,beta,beta_rec,b_last,b_last_rec,nll_rec
4,59.17292563459591,133.17077853701974,wa_dn_b-last,0.4625417486912162,0.4628041525882404,21.27390867070261,20.378288940047597,-0.013333814774162117,-0.006190676732201887,60.53396784744152
