subject,nll,bic,model,m_min,m_min_rec,epsilon,epsilon_rec,b_last,b_last_rec,nll_rec
161-attributes,28.708002280328614,70.1614902868053,mcutoff_b-last,9.857305015708434,9.082573941102613,0.14285642481385247,0.12857068248840342,0.10661664898049095,0.1077824630213029,26.856200032997158
