subject,nll,bic,model,m_min,m_min_rec,epsilon,epsilon_rec,b_last,b_last_rec,nll_rec
132-alternatives,40.60771994177921,93.9177593973502,mcutoff_b-last,7.818537450544002,7.609480866292079,0.27536186524963024,0.24637630515614165,0.16340252547478973,0.15467711182316668,38.52391060215898
