subject,nll,bic,model,m_min,m_min_rec,epsilon,epsilon_rec,b_last,b_last_rec,nll_rec
124-attributes,39.90316193522992,92.55180959660791,mcutoff_b-last,7.557153460932996,7.8352882043173535,0.25714237334624684,0.21428513969356122,0.11096650767573868,0.09506296824055105,36.37044873927606
