subject,nll,bic,model,m_min,m_min_rec,epsilon,epsilon_rec,b_last,b_last_rec,nll_rec
113-alternatives,31.880408753323525,76.46313702043884,mcutoff_b-last,5.059711561419457,5.07998661345204,0.17391238824505809,0.15941960528492852,0.10439235809569158,0.08743893321108365,30.27066820487449
