subject,nll,bic,model,m_min,m_min_rec,epsilon,epsilon_rec,b_last,b_last_rec,nll_rec
172-attributes,24.876662737360753,62.49881120086958,mcutoff_b-last,2.5310453951068803,2.079294763139367,0.11428494108152086,0.1142849408500594,-0.5967184259904189,0.15859912277594757,24.876662737360753
