subject,nll,bic,model,m_min,m_min_rec,epsilon,epsilon_rec,b_last,b_last_rec,nll_rec
40-alternatives,39.903161935229924,92.55180959660792,mcutoff_b-last,7.005276409550607,8.16333724234184,0.2571423658303449,0.14285642537124413,0.10023066286768834,0.09741529681904004,28.70800228032862
