subject,nll,bic,model,m_min,m_min_rec,epsilon,epsilon_rec,b_last,b_last_rec,nll_rec
85-alternatives,20.47545279320779,53.69639131256366,mcutoff_b-last,9.232959702461782,8.733645082448042,0.08571345402438388,0.0857134562172284,-0.008123270393716187,0.021398651079305164,20.475452793207786
