subject,nll,bic,model,m_min,m_min_rec,epsilon,epsilon_rec,b_last,b_last_rec,nll_rec
143-attributes,37.627968873287784,88.00142347272364,mcutoff_b-last,6.875363045292605,7.831625738760685,0.22857088392196606,0.28571385053069337,0.20313505127853593,0.9926311896439881,41.87873120110799
