subject,nll,bic,model,m_min,m_min_rec,epsilon,epsilon_rec,b_last,b_last_rec,nll_rec
101-attributes,15.332136525371471,43.409758776891024,mcutoff_b-last,8.347002620117504,8.53357982593465,0.05714197039913243,0.04285622907675215,0.08709934936132835,0.09679014061189206,12.384284578396066
