subject,nll,bic,model,m_min,m_min_rec,epsilon,epsilon_rec,b_last,b_last_rec,nll_rec
98-alternatives,39.90316193522992,92.55180959660791,mcutoff_b-last,8.236809566464457,8.282173263205964,0.25714236812414365,0.2571423678198797,0.06970780466722348,0.05651236416224492,39.90316193522992
