subject,nll,bic,model,m_min,m_min_rec,epsilon,epsilon_rec,b_last,b_last_rec,nll_rec
140-attributes,26.85620003299716,66.4578857921424,mcutoff_b-last,9.018032760784642,9.596087843446016,0.12857068175393419,0.15714216992616403,0.1191822192408809,0.11187003252358285,30.442969752375593
