subject,nll,bic,model,m_min,m_min_rec,epsilon,epsilon_rec,b_last,b_last_rec,nll_rec
105-attributes,42.76036114398253,98.26620801411313,mcutoff_b-last,6.95868105244155,7.591646334067513,0.29999959238161683,0.31428533954191457,0.10543958251386965,0.14837520509992275,43.573944446133396
