subject,nll,bic,model,m_min,m_min_rec,epsilon,epsilon_rec,b_last,b_last_rec,nll_rec
10-alternatives,38.80442867637697,90.35434307890202,mcutoff_b-last,7.759079164399308,7.774848617907283,0.24285663207614475,0.24285663129013446,-0.09816615473088852,0.05967021608154521,38.80442867637698
