subject,nll,bic,model,m_min,m_min_rec,epsilon,epsilon_rec,b_last,b_last_rec,nll_rec
16-attributes,30.442969752375596,73.63142523089927,mcutoff_b-last,8.234974446278011,8.235312958953322,0.15714216737449363,0.21428514031624388,0.10814715449654444,0.11505044196529068,36.37044873927606
