subject,nll,bic,model,m_min,m_min_rec,epsilon,epsilon_rec,b_last,b_last_rec,nll_rec
114-attributes,39.903161935229924,92.55180959660792,mcutoff_b-last,7.045056526954339,7.775952875038451,0.25714237084231845,0.15714217223055862,0.0052065665291389784,-0.09918436025402311,30.442969752375593
