subject,nll,bic,model,m_min,m_min_rec,epsilon,epsilon_rec,b_last,b_last_rec,nll_rec
45-alternatives,26.856200032997158,66.45788579214239,mcutoff_b-last,2.4490214462397732,0.6993348415941494,0.12857068611606448,0.1714279138877547,0.31326002942454867,-0.20494821532923868,32.06995253444679
