subject,nll,bic,model,m_min,m_min_rec,epsilon,epsilon_rec,b_last,b_last_rec,nll_rec
136-alternatives,35.02802964781313,82.80154502177433,mcutoff_b-last,8.59932675803839,8.722075773065074,0.19999939939623937,0.228570886983015,0.11193481172959752,0.132385979505232,37.62796887328779
