subject,nll,bic,model,m_min,m_min_rec,epsilon,epsilon_rec,b_last,b_last_rec,nll_rec
19-attributes,43.573944446133396,99.89337461841487,mcutoff_b-last,7.099524809699105,9.285943717068932,0.31428533799769276,0.3428568224287967,0.09913979201506562,0.316912538464029,45.003730776746046
