subject,nll,bic,model,m_min,m_min_rec,epsilon,epsilon_rec,b_last,b_last_rec,nll_rec
164-alternatives,36.37044873927606,85.48638320470019,mcutoff_b-last,9.679198642653532,8.82474245742014,0.21428514257884818,0.21428513903417648,0.09990962156895078,0.09049674467236057,36.37044873927606
