subject,nll,bic,model,m_min,m_min_rec,epsilon,epsilon_rec,b_last,b_last_rec,nll_rec
76-alternatives,39.903161935229924,92.55180959660792,mcutoff_b-last,9.279457284169542,8.950232503089229,0.2571423715908912,0.25714237011130747,0.14426918630391583,0.1273785504883238,39.903161935229924
