subject,nll,bic,model,m_min,m_min_rec,epsilon,epsilon_rec,b_last,b_last_rec,nll_rec
23-attributes,33.596263030025774,79.93801178619962,mcutoff_b-last,9.463856227787973,9.04959105727263,0.18571365244864851,0.1714279164548234,0.10214814240264736,0.057916572029037106,32.06995253444679
