subject,nll,bic,model,m_min,m_min_rec,epsilon,epsilon_rec,b_last,b_last_rec,nll_rec
73-alternatives,33.389174489180554,79.48066849215289,mcutoff_b-last,9.028304443770603,9.191251193940136,0.18840516764648957,0.14492682354548753,0.11732270460996008,0.11569909328261141,28.55265069697098
