subject,nll,bic,model,m_min,m_min_rec,epsilon,epsilon_rec,b_last,b_last_rec,nll_rec
47-attributes,-6.999995776672001e-05,12.745345726232545,mcutoff_b-last,8.659568866226124,8.659568866226124,1.0330625244137082e-13,1.0330625244137082e-13,0.013835047205705386,0.013835047205705386,-6.999995776672001e-05
