subject,nll,bic,model,m_min,m_min_rec,epsilon,epsilon_rec,b_last,b_last_rec,nll_rec
39-attributes,44.32122269685191,101.3879311198519,mcutoff_b-last,6.8190997838663385,9.13175583199425,0.3285710820744584,0.2999996006631283,0.3790841962596714,0.3668956488847561,42.760361143982514
