subject,nll,bic,model,m_min,m_min_rec,epsilon,epsilon_rec,b_last,b_last_rec,nll_rec
46-alternatives,40.92707907049212,94.59964386713231,mcutoff_b-last,9.583620492301844,9.159241305913817,0.2714281147650855,0.22857088354647226,0.11730046175928477,0.12626580586819158,37.62796887328779
