subject,nll,bic,model,m_min,m_min_rec,epsilon,epsilon_rec,b_last,b_last_rec,nll_rec
92-alternatives,41.87873120110798,96.50294812836404,mcutoff_b-last,8.858485839926736,8.729169904074787,0.28571385744473965,0.2857138554244445,0.330419562993149,0.9414593526562052,41.87873120110799
