subject,nll,bic,model,m_min,m_min_rec,epsilon,epsilon_rec,b_last,b_last_rec,nll_rec
59-attributes,36.12731928634491,84.95695808648159,mcutoff_b-last,7.367809628369024,7.493404313213742,0.21739074072570655,0.2318835224752681,0.09888551542545998,0.09828767179406617,37.36631984324992
