subject,nll,bic,model,m_min,m_min_rec,epsilon,epsilon_rec,b_last,b_last_rec,nll_rec
179-alternatives,33.59626303002577,79.93801178619961,mcutoff_b-last,1.069271034074521,1.9388868491762596,0.18571365425191583,0.14285642514542213,0.12284312046775381,0.31909048035534404,28.708002280328618
