subject,nll,bic,model,m_min,m_min_rec,epsilon,epsilon_rec,b_last,b_last_rec,nll_rec
175-alternatives,42.76036114398252,98.26620801411312,mcutoff_b-last,7.404015468057783,7.750399864152742,0.29999959507608864,0.22857089053224874,0.20726843393387973,0.25633412725323446,37.62796887328779
