subject,nll,bic,model,m_min,m_min_rec,epsilon,epsilon_rec,b_last,b_last_rec,nll_rec
159-alternatives,41.87873120110798,96.50294812836404,mcutoff_b-last,7.434083219463456,7.345959657253507,0.28571386037770347,0.39999979866150653,0.11400605005073294,-0.006161620916255939,47.110676690787926
