subject,nll,bic,model,m_min,m_min_rec,epsilon,epsilon_rec,b_last,b_last_rec,nll_rec
13-attributes,41.87873120110798,96.50294812836404,mcutoff_b-last,5.758246671795576,5.69694525187816,0.2857138596514056,0.1999993976744376,0.037556715105928395,0.25552764964862695,35.02802964781313
