subject,nll,bic,model,m_min,m_min_rec,epsilon,epsilon_rec,b_last,b_last_rec,nll_rec
69-attributes,37.62796887328779,88.00142347272366,mcutoff_b-last,9.674479606278986,9.547585457745082,0.22857088158702865,0.18571365867746806,-0.09589172316065742,0.0480232419082649,33.59626303002578
