subject,nll,bic,model,m_min,m_min_rec,epsilon,epsilon_rec,b_last,b_last_rec,nll_rec
14-alternatives,44.32122269685191,101.3879311198519,mcutoff_b-last,8.550218573786292,9.412783069336559,0.3285710912743483,0.31428534063145036,0.09137706401761037,0.10262659072828395,43.573944446133396
