subject,nll,bic,model,m_min,m_min_rec,epsilon,epsilon_rec,b_last,b_last_rec,nll_rec
86-alternatives,9.081708630499975,30.90890298714803,mcutoff_b-last,8.828072833752852,9.871174931379601,0.02857048653429167,0.04285622994414122,-0.043039830515501754,0.016892953141855793,12.384284578396066
