subject,nll,bic,model,m_min,m_min_rec,epsilon,epsilon_rec,b_last,b_last_rec,nll_rec
78-attributes,40.92707907049213,94.59964386713233,mcutoff_b-last,7.473899436109984,7.892079282502321,0.271428113984477,0.21428513959982046,0.10679878674071319,0.09018690052423928,36.370448739276064
