subject,nll,bic,model,m_min,m_min_rec,epsilon,epsilon_rec,b_last,b_last_rec,nll_rec
184-attributes,9.081708630499977,30.908902987148032,mcutoff_b-last,9.239534857068161,8.648221384586634,0.028570485779493286,7.501776977392183e-13,0.07080462311987823,0.045972278529140986,-6.999991248964991e-05
