subject,nll,bic,model,m_min,m_min_rec,epsilon,epsilon_rec,b_last,b_last_rec,nll_rec
123-attributes,38.80442867637698,90.35434307890203,mcutoff_b-last,7.709483533406003,7.6321381375243025,0.2428566261898681,0.1428564241719207,0.11179821749407726,0.04076326147238962,28.70800228032862
