subject,nll,bic,model,m_min,m_min_rec,epsilon,epsilon_rec,b_last,b_last_rec,nll_rec
36-alternatives,77.04782120431798,168.87740346410757,mcutoff_b-last,9.300292420477186,9.177293805396392,0.24637630545142333,0.35507216963906735,0.11847804439883647,0.16126714962951016,89.77290103838908
