subject,nll,bic,model,m_min,m_min_rec,epsilon,epsilon_rec,b_last,b_last_rec,nll_rec
49-attributes,12.340160977600474,37.38264146899273,mcutoff_b-last,8.663257805720011,9.893570716040504,0.043477349225293394,3.569367024169878e-14,-0.06148971494458755,0.019378281598692704,-6.899996302765557e-05
