subject,nll,bic,model,m_min,m_min_rec,epsilon,epsilon_rec,b_last,b_last_rec,nll_rec
56-attributes,5.241178126384224,23.227841978916526,mcutoff_b-last,9.072476095950922,9.69935218514016,0.014284743000591706,0.014284743273287373,0.05447551973033549,-0.04837552426006764,5.241178126384224
