subject,nll,bic,model,m_min,m_min_rec,epsilon,epsilon_rec,b_last,b_last_rec,nll_rec
197-alternatives,5.226686865373633,23.155693244539044,mcutoff_b-last,9.848072319649471,9.475599843386185,0.014491783109838716,7.57449658550513e-14,0.03417726279363875,0.07900948456973134,-6.899996026986432e-05
