subject,nll,bic,model,m_min,m_min_rec,epsilon,epsilon_rec,b_last,b_last_rec,nll_rec
149-alternatives,5.197058525584633,23.008194909342166,mcutoff_b-last,9.277242787048927,8.522971600531733,0.014924403136852223,0.02984980667853257,-0.005410693159489277,0.04514418385785479,8.99280459499242
