subject,nll,bic,model,m_min,m_min_rec,epsilon,epsilon_rec,b_last,b_last_rec,nll_rec
120-attributes,24.876662737360753,62.49881120086958,mcutoff_b-last,8.43155950636853,9.805657663294536,0.11428494133783136,0.12857068510000383,0.11333576450845917,0.11379729854020448,26.856200032997155
