subject,nll,bic,model,m_min,m_min_rec,epsilon,epsilon_rec,b_last,b_last_rec,nll_rec
25-attributes,39.903161935229924,92.55180959660792,mcutoff_b-last,7.527303969881759,5.809814162499589,0.257142366708153,0.24285663094208615,0.2042340601333883,0.18260782071241066,38.80442867637698
