subject,nll,bic,model,m_min,m_min_rec,epsilon,epsilon_rec,b_last,b_last_rec,nll_rec
176-attributes,36.37044873927606,85.48638320470019,mcutoff_b-last,7.487644317767907,6.944473627092126,0.21428514443489896,0.22857088403641057,0.043685894136345826,0.03751196754360819,37.62796887328779
