subject,nll,bic,model,m_min,m_min_rec,epsilon,epsilon_rec,b_last,b_last_rec,nll_rec
28-attributes,38.80442867637697,90.35434307890202,mcutoff_b-last,7.42441155651822,7.653802099813415,0.2428566316916319,0.19999940056995627,0.060240011095364476,0.14738611749949837,35.02802964781313
