subject,nll,bic,model,m_min,m_min_rec,epsilon,epsilon_rec,b_last,b_last_rec,nll_rec
150-alternatives,34.80308301494936,82.3084855436905,mcutoff_b-last,7.692852752010536,8.01616333822901,0.20289795621172618,0.24637629939724054,0.080282491286634,0.06868787730320758,38.523910602158985
