subject,nll,bic,model,m_min,m_min_rec,epsilon,epsilon_rec,b_last,b_last_rec,nll_rec
76-attributes,31.880408753323525,76.46313702043884,mcutoff_b-last,8.225098658275705,8.23713814581383,0.17391239175122175,0.1739123883645006,0.1093485665179561,0.12875449072035638,31.880408753323525
