subject,nll,bic,model,m_min,m_min_rec,epsilon,epsilon_rec,b_last,b_last_rec,nll_rec
182-attributes,33.59626303002578,79.93801178619964,mcutoff_b-last,7.223945121697443,7.800212007538869,0.18571365459708683,0.17142791267037627,0.1781260603489936,0.18378075857252507,32.0699525344468
