subject,nll,bic,model,m_min,m_min_rec,epsilon,epsilon_rec,b_last,b_last_rec,nll_rec
87-alternatives,32.06995253444679,76.88539079504166,mcutoff_b-last,8.940986077139623,8.935375446887882,0.17142791410710936,0.19999939776172115,0.11624125347458358,-0.07418025712923759,35.02802964781314
