subject,nll,bic,model,m_min,m_min_rec,epsilon,epsilon_rec,b_last,b_last_rec,nll_rec
42-attributes,32.06995253444679,76.88539079504166,mcutoff_b-last,8.49079938776559,9.666052769094485,0.1714279155688302,0.19999940322145096,0.11980488804841127,0.12815350350512378,35.02802964781313
