subject,nll,bic,model,m_min,m_min_rec,epsilon,epsilon_rec,b_last,b_last_rec,nll_rec
141-alternatives,32.06995253444679,76.88539079504166,mcutoff_b-last,9.330773745110637,8.661332136046596,0.1714279111200834,0.1428564231548575,0.06068275641972076,-0.053921624337329166,28.70800228032862
