subject,nll,bic,model,m_min,m_min_rec,epsilon,epsilon_rec,b_last,b_last_rec,nll_rec
71-alternatives,41.87873120110799,96.50294812836405,mcutoff_b-last,6.9253057311152055,7.195086527013947,0.2857138565648057,0.24285663017170994,0.1094862657173481,0.1221257498390087,38.80442867637698
