subject,nll,bic,model,m_min,m_min_rec,epsilon,epsilon_rec,b_last,b_last_rec,nll_rec
111-alternatives,41.87873120110798,96.50294812836404,mcutoff_b-last,7.570192572781238,8.02135008292309,0.28571385733082927,0.2571423723754565,0.12355580113616349,-0.09768799535547756,39.90316193522992
