subject,nll,bic,model,m_min,m_min_rec,epsilon,epsilon_rec,b_last,b_last_rec,nll_rec
66-alternatives,37.627968873287784,88.00142347272364,mcutoff_b-last,9.401651676540354,9.290955712526987,0.2285708879368669,0.2857138584937489,-0.11974958243226774,-0.09030353036189431,41.878731201107996
