subject,nll,bic,model,m_min,m_min_rec,epsilon,epsilon_rec,b_last,b_last_rec,nll_rec
7-attributes,40.92707907049212,94.59964386713231,mcutoff_b-last,7.062699562496575,7.444548784133229,0.2714281154793939,0.2428566268225806,0.12587393782590284,0.1623143402960907,38.80442867637698
