subject,nll,bic,model,m_min,m_min_rec,epsilon,epsilon_rec,b_last,b_last_rec,nll_rec
171-alternatives,38.523910602158985,89.75014071810975,mcutoff_b-last,4.912330975348901,4.171972348687323,0.24637630107593017,0.20289795521970155,-0.012379983259606653,-0.012248615096799975,34.80308301494935
