subject,nll,bic,model,m_min,m_min_rec,epsilon,epsilon_rec,b_last,b_last_rec,nll_rec
3-attributes,33.596263030025774,79.93801178619962,mcutoff_b-last,9.043182869245381,8.80719311809705,0.18571365699070325,0.17142791031266108,-0.04848857344423929,0.0025951123286125366,32.06995253444679
