subject,nll,bic,model,m_min,m_min_rec,epsilon,epsilon_rec,b_last,b_last_rec,nll_rec
73-attributes,34.80308301494936,82.3084855436905,mcutoff_b-last,9.625140160909666,9.85799682612873,0.2028979583161119,0.1594196073847023,0.12131235581673594,0.12940185895149114,30.270668204874486
