subject,nll,bic,model,m_min,m_min_rec,epsilon,epsilon_rec,b_last,b_last_rec,nll_rec
104-alternatives,38.67274080816635,89.91444584241198,mcutoff_b-last,8.89594919393908,9.432551861198338,0.27272681366036594,0.2727268150852307,-0.0588303264448129,0.08524795734261414,38.67274080816635
