subject,nll,bic,model,m_min,m_min_rec,epsilon,epsilon_rec,b_last,b_last_rec,nll_rec
29-alternatives,39.903161935229924,92.55180959660792,mcutoff_b-last,9.949755982987126,7.242750556785435,0.25714236713002836,0.3142853378054254,0.11884649994242658,0.11336418539284798,43.573944446133396
