subject,nll,bic,model,m_min,m_min_rec,epsilon,epsilon_rec,b_last,b_last_rec,nll_rec
48-alternatives,44.32122269685191,101.3879311198519,mcutoff_b-last,3.1315998263752083,4.7008889138169625,0.3285710838862922,0.35714256549015366,0.4212542419613321,0.7994620226468108,45.622819282225706
