subject,nll,bic,model,m_min,m_min_rec,epsilon,epsilon_rec,b_last,b_last_rec,nll_rec
113-attributes,33.59626303002577,79.93801178619961,mcutoff_b-last,1.7812417563082592,0.7121058772886233,0.18571365675012813,0.2285708823738213,0.5128780396790169,0.4285491890311286,37.62796887328779
