subject,nll,bic,model,m_min,m_min_rec,epsilon,epsilon_rec,b_last,b_last_rec,nll_rec
197-attributes,-6.799994722634913e-05,12.65838711563387,mcutoff_b-last,8.91496603572386,8.91496603572386,2.7611246622427643e-13,2.7611246622427643e-13,0.08833078304139619,0.08833078304139619,-6.799994722634913e-05
