subject,nll,bic,model,m_min,m_min_rec,epsilon,epsilon_rec,b_last,b_last_rec,nll_rec
51-attributes,37.94849437896574,88.51106661610439,mcutoff_b-last,2.875384881561118,1.6629117975382979,0.25373085200499973,0.19402923521617327,0.3912275351626908,-0.8663579312664229,32.964791337857925
