subject,nll,bic,model,m_min,m_min_rec,epsilon,epsilon_rec,b_last,b_last_rec,nll_rec
26-attributes,9.081708630499973,30.908902987148025,mcutoff_b-last,9.08612895701437,9.515515425238487,0.028570486367863798,0.02857048639895047,0.08976269826981764,-0.027242565786388506,9.081708630499977
