subject,nll,bic,model,m_min,m_min_rec,epsilon,epsilon_rec,b_last,b_last_rec,nll_rec
74-alternatives,32.07186984438527,76.57314386794513,mcutoff_b-last,8.89813840052657,9.626686231288168,0.2063486134107964,0.20634861755825679,-0.005646025658269327,0.03197140591905745,32.07186984438526
