subject,nll,bic,model,m_min,m_min_rec,epsilon,epsilon_rec,b_last,b_last_rec,nll_rec
105-alternatives,39.90316193522992,92.55180959660791,mcutoff_b-last,7.534112121323169,6.833626658802409,0.2571423737785051,0.17142791473901192,0.10026526933059832,0.10741897436740677,32.06995253444679
