subject,nll,bic,model,m_min,m_min_rec,epsilon,epsilon_rec,b_last,b_last_rec,nll_rec
157-attributes,-6.999993683015514e-05,12.745345726274419,mcutoff_b-last,9.888767478330811,9.888767478330811,4.024836020022349e-13,4.024836020022349e-13,-0.058258501422107534,-0.058258501422107534,-6.999993683015514e-05
