subject,nll,bic,model,m_min,m_min_rec,epsilon,epsilon_rec,b_last,b_last_rec,nll_rec
185-alternatives,39.90316193522993,92.55180959660794,mcutoff_b-last,5.7803639585991835,5.900779259641959,0.2571423691221227,0.22857088403610365,0.11871525066596811,0.12306825153088452,37.62796887328779
