subject,nll,bic,model,m_min,m_min_rec,epsilon,epsilon_rec,b_last,b_last_rec,nll_rec
1-attributes,39.903161935229924,92.55180959660792,mcutoff_b-last,7.619447098292525,6.905185211502581,0.25714236682633973,0.2857138548638649,0.20199041726373523,0.06960386170550215,41.87873120110799
