subject,nll,bic,model,m_min,m_min_rec,epsilon,epsilon_rec,b_last,b_last_rec,nll_rec
139-alternatives,39.273197700685664,91.06955721105824,mcutoff_b-last,5.762773082837619,5.554335981831008,0.29230727992882827,0.1846147511476627,-0.0954201556152594,0.10876839981555109,31.09069132762794
