subject,nll,bic,model,m_min,m_min_rec,epsilon,epsilon_rec,b_last,b_last_rec,nll_rec
146-attributes,33.59626303002577,79.93801178619961,mcutoff_b-last,9.152068515290782,8.855786635738061,0.1857136541789041,0.21428514321039188,0.1137576809805636,0.11130734211088988,36.37044873927606
