subject,nll,bic,model,m_min,m_min_rec,epsilon,epsilon_rec,b_last,b_last_rec,nll_rec
149-attributes,9.052510957034272,30.807341427860322,mcutoff_b-last,9.077969150002632,8.698427216098738,0.028984565836304193,0.014491783132872504,0.045162261739565945,-0.08453478342248777,5.226686865373634
