subject,nll,bic,model,m_min,m_min_rec,epsilon,epsilon_rec,b_last,b_last_rec,nll_rec
179-attributes,36.37044873927606,85.48638320470019,mcutoff_b-last,0.48923984151022637,3.6428918645766295,0.2142851381658765,0.22857088986826107,0.08866668129154531,0.16506006146776664,37.62796887328779
