subject,nll,bic,model,m_min,m_min_rec,epsilon,epsilon_rec,b_last,b_last_rec,nll_rec
188-attributes,44.321222696851905,101.38793111985188,mcutoff_b-last,0.21941128539755805,2.8244689892531305,0.32857108473944013,0.2999995989041758,-0.2840450184017289,-0.3644617423622052,42.76036114398253
