subject,nll,bic,model,m_min,m_min_rec,epsilon,epsilon_rec,b_last,b_last_rec,nll_rec
110-attributes,12.384284578396066,37.514054882940215,mcutoff_b-last,8.550169798108753,8.833982052052853,0.04285622889874109,0.028570486099369644,-0.03479222729841114,-0.05189484029724012,9.081708630499975
