subject,nll,bic,model,m_min,m_min_rec,epsilon,epsilon_rec,b_last,b_last_rec,nll_rec
162-attributes,43.5739444461334,99.89337461841488,mcutoff_b-last,3.1347556613665484,3.0821356844039145,0.3142853373565401,0.31428533969160155,0.2437229269444363,-0.8650713440585527,43.573944446133396
