subject,nll,bic,model,m_min,m_min_rec,epsilon,epsilon_rec,b_last,b_last_rec,nll_rec
190-alternatives,37.62796887328779,88.00142347272366,mcutoff_b-last,7.319268494550297,7.0576345839159815,0.2285708820179058,0.18571365443144527,-0.09494172980410165,-0.18948266878533315,33.59626303002577
