subject,nll,bic,model,m_min,m_min_rec,epsilon,epsilon_rec,b_last,b_last_rec,nll_rec
102-alternatives,38.80442867637698,90.35434307890203,mcutoff_b-last,8.229398952639041,9.98597971305723,0.24285662873567618,0.1999994008507913,0.004275188328510815,0.15168765422226071,35.02802964781313
