subject,nll,bic,model,m_min,m_min_rec,epsilon,epsilon_rec,b_last,b_last_rec,nll_rec
143-alternatives,42.76036114398252,98.26620801411312,mcutoff_b-last,8.674296735365697,8.229298354205856,0.29999960076473253,0.34285682777537213,0.53669726468991,0.7178078824452208,45.00373077674604
