subject,nll,bic,model,m_min,m_min_rec,epsilon,epsilon_rec,b_last,b_last_rec,nll_rec
122-alternatives,46.179673062633086,105.10483185141425,mcutoff_b-last,7.3249641347093135,6.670020728301282,0.37142830787235775,0.3571425699399527,0.09663778890069885,0.1665253092386545,45.622819282225706
