subject,nll,bic,model,m_min,m_min_rec,epsilon,epsilon_rec,b_last,b_last_rec,nll_rec
192-attributes,-6.999991248964991e-05,12.7453457263231,mcutoff_b-last,8.648221384586634,8.648221384586634,7.501776977392183e-13,7.501776977392183e-13,0.045972278529140986,0.045972278529140986,-6.999991248964991e-05
