subject,nll,bic,model,m_min,m_min_rec,epsilon,epsilon_rec,b_last,b_last_rec,nll_rec
132-attributes,41.87873120110798,96.50294812836404,mcutoff_b-last,7.349434655438468,6.9559741603879965,0.2857138537416628,0.19999939761769048,0.4511696360143991,0.8570861998007091,35.028029647813135
