subject,nll,bic,model,m_min,m_min_rec,epsilon,epsilon_rec,b_last,b_last_rec,nll_rec
199-attributes,36.37044873927606,85.48638320470019,mcutoff_b-last,4.229542638268395,3.656617282346007,0.21428514118478242,0.18571365451314162,0.2963180725650687,0.15760262582339535,33.59626303002577
