subject,nll,bic,model,m_min,m_min_rec,epsilon,epsilon_rec,b_last,b_last_rec,nll_rec
142-alternatives,41.87873120110798,96.50294812836404,mcutoff_b-last,7.709272723257774,7.72349106331514,0.2857138606475478,0.22857088521578653,-0.09318858683433617,-0.20724551594367147,37.62796887328779
