subject,nll,bic,model,m_min,m_min_rec,epsilon,epsilon_rec,b_last,b_last_rec,nll_rec
189-alternatives,36.12731928634491,84.95695808648159,mcutoff_b-last,9.335593128876377,9.29231254414088,0.21739073933564937,0.13043404667539799,0.009120335696974458,0.021640420680605565,26.71751588799687
