subject,nll,bic,model,m_min,m_min_rec,epsilon,epsilon_rec,b_last,b_last_rec,nll_rec
40-attributes,43.919339612480066,100.54099873875191,mcutoff_b-last,7.827528218579351,6.580265889102189,0.33333299817143874,0.28985465116897086,-0.09987944465595056,-0.11651215372245338,41.53937073884836
