subject,nll,bic,model,m_min,m_min_rec,epsilon,epsilon_rec,b_last,b_last_rec,nll_rec
98-attributes,38.80442867637697,90.35434307890202,mcutoff_b-last,7.265302977021762,8.009494264883346,0.2428566282271099,0.21428513738613125,0.10801556748422136,0.10165958301267874,36.37044873927606
