subject,nll,bic,model,m_min,m_min_rec,epsilon,epsilon_rec,b_last,b_last_rec,nll_rec
1-alternatives,38.80442867637697,90.35434307890202,mcutoff_b-last,7.801263178438874,7.765357166676802,0.2428566284659746,0.34285682249910693,0.33251670917466414,0.4764594217509066,45.00373077674604
