subject,nll,bic,model,m_min,m_min_rec,epsilon,epsilon_rec,b_last,b_last_rec,nll_rec
44-alternatives,18.012164838208204,48.76981540256449,mcutoff_b-last,9.010982241874224,8.719227819128243,0.07142771433379673,0.09999919779939914,0.025522027059652563,-0.003033514387289604,22.755668137541367
