subject,nll,bic,model,m_min,m_min_rec,epsilon,epsilon_rec,b_last,b_last_rec,nll_rec
134-attributes,42.76036114398252,98.26620801411312,mcutoff_b-last,8.224629480587774,8.233805174547813,0.29999960032032763,0.17142791118097384,0.10261061619767742,0.10127675630630684,32.06995253444679
