subject,nll,bic,model,m_min,m_min_rec,epsilon,epsilon_rec,b_last,b_last_rec,nll_rec
166-alternatives,35.02802964781313,82.80154502177433,mcutoff_b-last,3.0771620776654633,1.2435677127768519,0.19999939860223792,0.1714279105694886,0.7894554117959305,0.5003356519901814,32.06995253444679
