subject,nll,bic,model,m_min,m_min_rec,epsilon,epsilon_rec,b_last,b_last_rec,nll_rec
71-attributes,45.622819282225706,103.99112429059949,mcutoff_b-last,7.101904786811072,8.032097905523504,0.35714256728271804,0.271428108017352,0.11886972457932576,-0.032332731329851594,40.92707907049213
