subject,nll,bic,model,m_min,m_min_rec,epsilon,epsilon_rec,b_last,b_last_rec,nll_rec
0-attributes,41.87873120110798,96.50294812836404,mcutoff_b-last,7.092267434050434,6.862470576651674,0.28571385329451215,0.2999995976550732,0.17669092439926604,0.06895695435310323,42.76036114398252
