subject,nll,bic,model,m_min,m_min_rec,epsilon,epsilon_rec,b_last,b_last_rec,nll_rec
64-alternatives,38.80442867637698,90.35434307890203,mcutoff_b-last,9.212404269933053,9.844443329262443,0.24285662529924235,0.15714216834078948,0.10327566091484974,0.09386323511385641,30.44296975237559
