subject,nll,bic,model,m_min,m_min_rec,epsilon,epsilon_rec,b_last,b_last_rec,nll_rec
100-attributes,42.76036114398252,98.26620801411312,mcutoff_b-last,8.29699022915458,7.950221308602541,0.2999995949266303,0.22857088648858187,0.09762437612113373,0.09719162271199999,37.62796887328779
