subject,nll,bic,model,m_min,m_min_rec,epsilon,epsilon_rec,b_last,b_last_rec,nll_rec
150-attributes,33.38917448918054,79.48066849215286,mcutoff_b-last,7.771980136429363,7.069646740764687,0.18840517248121672,0.17391238810868706,0.2078730190404683,0.2022624910437436,31.880408753323525
