subject,nll,bic,model,m_min,m_min_rec,epsilon,epsilon_rec,b_last,b_last_rec,nll_rec
88-alternatives,40.92707907049213,94.59964386713233,mcutoff_b-last,7.17777091960012,7.88220015559797,0.2714281147520328,0.21428513799136198,-0.09458616683733989,-0.1852440737334674,36.37044873927606
