subject,nll,bic,model,m_min,m_min_rec,epsilon,epsilon_rec,b_last,b_last_rec,nll_rec
46-attributes,38.804428676376986,90.35434307890205,mcutoff_b-last,7.2460400739175075,7.741205609757207,0.24285662681666673,0.18571365513361188,0.07133689828131895,-0.04280313549866033,33.596263030025774
