subject,nll,bic,model,m_min,m_min_rec,epsilon,epsilon_rec,b_last,b_last_rec,nll_rec
17-alternatives,33.17872111732536,79.01596535017904,mcutoff_b-last,7.7451708630562415,6.9782667476030955,0.19117585122536013,0.20588176118477092,0.037846851389369274,-0.17795640564104054,34.574446823026804
