subject,nll,bic,model,m_min,m_min_rec,epsilon,epsilon_rec,b_last,b_last_rec,nll_rec
148-attributes,33.38917448918054,79.48066849215286,mcutoff_b-last,9.141151506950248,8.389032261065585,0.188405174362891,0.15941960535555239,-0.16149678424468794,-0.15354068142546518,30.270668204874486
