subject,nll,bic,model,m_min,m_min_rec,epsilon,epsilon_rec,b_last,b_last_rec,nll_rec
166-attributes,30.442969752375593,73.63142523089927,mcutoff_b-last,3.0119384253576227,3.069701410631775,0.1571421719473515,0.17142791542676242,-0.2549948958819961,-0.2908848960803042,32.06995253444679
