subject,nll,bic,model,m_min,m_min_rec,epsilon,epsilon_rec,b_last,b_last_rec,nll_rec
16-alternatives,33.59626303002578,79.93801178619964,mcutoff_b-last,9.475328472919376,8.3588819985481,0.18571365495435213,0.15714217405365585,0.12959822889218486,0.12632790579423014,30.442969752375593
