subject,nll,bic,model,m_min,m_min_rec,epsilon,epsilon_rec,b_last,b_last_rec,nll_rec
115-alternatives,39.90316193522992,92.55180959660791,mcutoff_b-last,8.976860436298981,8.398094290699031,0.25714237235967957,0.24285662681827644,0.11921579919754821,0.11902582643176762,38.80442867637698
