subject,nll,bic,model,m_min,m_min_rec,epsilon,epsilon_rec,b_last,b_last_rec,nll_rec
5-alternatives,20.47545279320779,53.69639131256366,mcutoff_b-last,3.0525245986693896,3.189546706096226,0.08571345367136944,0.08571345978489789,0.04026881231808632,-0.37148335791556675,20.475452793207786
