subject,nll,bic,model,m_min,m_min_rec,epsilon,epsilon_rec,b_last,b_last_rec,nll_rec
94-attributes,36.370448739276064,85.4863832047002,mcutoff_b-last,6.803898375581713,6.819445018574509,0.21428514101944257,0.19999940065173166,-0.06795601073156954,-0.06191070410127364,35.02802964781312
