subject,nll,bic,model,m_min,m_min_rec,epsilon,epsilon_rec,b_last,b_last_rec,nll_rec
41-alternatives,44.72288735558304,102.1042978266944,mcutoff_b-last,8.265402691172548,9.052926668943044,0.36764678920213806,0.36764679312642073,-0.11200794240182066,0.08980217054129414,44.72288735558303
