subject,nll,bic,model,m_min,m_min_rec,epsilon,epsilon_rec,b_last,b_last_rec,nll_rec
8-attributes,28.70800228032862,70.16149028680532,mcutoff_b-last,9.177449541800001,8.35042114871952,0.14285642395804132,0.15714216876521486,-0.03771775450385084,0.02549949687160047,30.442969752375596
