subject,nll,bic,model,m_min,m_min_rec,epsilon,epsilon_rec,b_last,b_last_rec,nll_rec
194-alternatives,43.573944446133396,99.89337461841487,mcutoff_b-last,9.845388908085312,8.218472056992809,0.3142853431649346,0.1999994017893918,0.41514241675298114,0.5490247648153619,35.02802964781313
