subject,nll,bic,model,m_min,m_min_rec,epsilon,epsilon_rec,b_last,b_last_rec,nll_rec
135-alternatives,38.80442867637698,90.35434307890203,mcutoff_b-last,2.263821346026579,3.097867735984016,0.24285662801635405,0.2428566240925887,-0.12028403749297545,0.41765356040763457,38.80442867637698
