subject,nll,bic,model,m_min,m_min_rec,epsilon,epsilon_rec,b_last,b_last_rec,nll_rec
184-alternatives,-6.999995776672001e-05,12.745345726232545,mcutoff_b-last,9.254819470815567,9.254819470815567,1.0327849686575519e-13,1.0327849686575519e-13,0.06007962488351826,0.06007962488351826,-6.999995776672001e-05
