subject,nll,bic,model,m_min,m_min_rec,epsilon,epsilon_rec,b_last,b_last_rec,nll_rec
141-attributes,28.708002280328618,70.16149028680532,mcutoff_b-last,9.495824715952596,8.442207501784004,0.14285642654870015,0.1714279121127291,-0.11487837366610387,-0.030778353612999854,32.06995253444679
