subject,nll,bic,model,m_min,m_min_rec,epsilon,epsilon_rec,b_last,b_last_rec,nll_rec
192-alternatives,-6.999996269388487e-05,12.745345726222691,mcutoff_b-last,8.520332222875876,8.520332222875876,3.297362383136715e-14,3.297362383136715e-14,-0.03685521229077349,-0.03685521229077349,-6.999996269388487e-05
