subject,nll,bic,model,m_min,m_min_rec,epsilon,epsilon_rec,b_last,b_last_rec,nll_rec
34-alternatives,33.17872111732537,79.01596535017906,mcutoff_b-last,6.817627587931028,6.889690681618004,0.19117585024518383,0.11764629315935163,0.10305822453457258,0.10397638500478013,24.630181885346516
