subject,nll,bic,model,m_min,m_min_rec,epsilon,epsilon_rec,b_last,b_last_rec,nll_rec
95-attributes,42.76036114398252,98.26620801411312,mcutoff_b-last,7.115100493303941,7.656629704877424,0.2999996035925826,0.31428534121033797,0.16479136316145193,0.13531731624339427,43.573944446133396
