subject,nll,bic,model,m_min,m_min_rec,epsilon,epsilon_rec,b_last,b_last_rec,nll_rec
126-alternatives,35.02802964781313,82.80154502177433,mcutoff_b-last,8.384927926629743,9.735241768925867,0.1999993961171749,0.14285642762324938,0.09730069746795622,0.1012447779570016,28.708002280328618
