subject,nll,bic,model,m_min,m_min_rec,epsilon,epsilon_rec,b_last,b_last_rec,nll_rec
153-alternatives,36.37044873927607,85.48638320470022,mcutoff_b-last,7.445591750708061,7.152745181696954,0.21428514134696458,0.09999920296109178,0.1135101395218634,0.11422790179242259,22.75566813754137
