subject,nll,bic,model,m_min,m_min_rec,epsilon,epsilon_rec,b_last,b_last_rec,nll_rec
21-alternatives,45.00373077674605,102.75294727964018,mcutoff_b-last,7.039456815551169,6.835886062934313,0.34285682939393186,0.3142853407463169,-0.14913524392387623,-0.5235646035585385,43.5739444461334
