subject,nll,bic,model,m_min,m_min_rec,epsilon,epsilon_rec,b_last,b_last_rec,nll_rec
55-alternatives,40.92707907049213,94.59964386713233,mcutoff_b-last,4.066497795109239,3.9178233206923063,0.27142811088901314,0.27142811723755644,0.09464765610155546,0.06354650637296633,40.92707907049213
