subject,nll,bic,model,m_min,m_min_rec,epsilon,epsilon_rec,b_last,b_last_rec,nll_rec
199-alternatives,40.92707907049213,94.59964386713233,mcutoff_b-last,5.33708810289165,5.626309973854946,0.27142811509011194,0.19999939525272684,0.10518275795138199,0.015350428469255162,35.02802964781313
