subject,nll,bic,model,m_min,m_min_rec,epsilon,epsilon_rec,b_last,b_last_rec,nll_rec
160-attributes,38.52391060215898,89.75014071810973,mcutoff_b-last,7.5213889562915925,8.098244867217387,0.24637630095961824,0.275361868972919,-0.09104877488451524,-0.09028241734256104,40.607719941779195
