subject,nll,bic,model,m_min,m_min_rec,epsilon,epsilon_rec,b_last,b_last_rec,nll_rec
27-alternatives,39.903161935229924,92.55180959660792,mcutoff_b-last,7.824133761591723,7.802943906383744,0.2571423709795183,0.2571423782562159,-0.09059993754535378,-0.08402013551931908,39.90316193522993
