subject,nll,bic,model,m_min,m_min_rec,epsilon,epsilon_rec,b_last,b_last_rec,nll_rec
53-alternatives,36.37044873927606,85.48638320470019,mcutoff_b-last,9.551940350806817,8.965724281521776,0.214285141499655,0.2142851422652762,0.10235671211315367,0.0037281642137281246,36.37044873927606
