subject,nll,bic,model,m_min,m_min_rec,epsilon,epsilon_rec,b_last,b_last_rec,nll_rec
59-alternatives,35.028029647813135,82.80154502177434,mcutoff_b-last,7.357483735603024,7.148729078686734,0.19999939781206705,0.2285708846634103,0.03898907680500008,0.04207015127859881,37.627968873287784
