subject,nll,bic,model,m_min,m_min_rec,epsilon,epsilon_rec,b_last,b_last_rec,nll_rec
23-alternatives,33.596263030025774,79.93801178619962,mcutoff_b-last,9.59728405650583,9.396427216164428,0.18571365448735908,0.17142791025765552,-0.03729762612323684,-0.022260187500465878,32.06995253444679
