subject,nll,bic,model,m_min,m_min_rec,epsilon,epsilon_rec,b_last,b_last_rec,nll_rec
31-attributes,40.92707907049212,94.59964386713231,mcutoff_b-last,3.0998960478538935,3.2289170808197314,0.27142811706938735,0.2428566298333452,0.09273107662975821,0.10799468408427804,38.80442867637698
