subject,nll,bic,model,m_min,m_min_rec,epsilon,epsilon_rec,b_last,b_last_rec,nll_rec
156-alternatives,38.804428676376986,90.35434307890205,mcutoff_b-last,7.681255234378893,7.802256718521604,0.24285662802625754,0.18571365558640615,-0.09870884878847075,-0.09073486098196037,33.59626303002579
