subject,nll,bic,model,m_min,m_min_rec,epsilon,epsilon_rec,b_last,b_last_rec,nll_rec
3-alternatives,33.59626303002577,79.93801178619961,mcutoff_b-last,9.208138873309263,8.892277511375735,0.1857136561048547,0.12857068221295742,-0.057208838348847046,0.08554047230111284,26.856200032997158
