subject,nll,bic,model,m_min,m_min_rec,epsilon,epsilon_rec,b_last,b_last_rec,nll_rec
22-attributes,32.06995253444679,76.88539079504166,mcutoff_b-last,8.622983589408918,9.872696439365665,0.1714279107139375,0.12857068178022538,-0.045098221625925805,-0.04772790259990878,26.85620003299716
