subject,nll,bic,model,m_min,m_min_rec,epsilon,epsilon_rec,b_last,b_last_rec,nll_rec
195-attributes,26.856200032997158,66.45788579214239,mcutoff_b-last,8.351781141280906,9.68621807541247,0.12857068135110475,0.15714216900246314,-0.0057083703001870045,-0.0885884129558866,30.442969752375593
