subject,nll,bic,model,m_min,m_min_rec,epsilon,epsilon_rec,b_last,b_last_rec,nll_rec
131-alternatives,36.37044873927604,85.48638320470016,mcutoff_b-last,5.7799106497809225,6.038016533470621,0.21428514129005452,0.21428514253685407,-0.09117934866463306,-0.12955446206064458,36.37044873927606
