subject,nll,bic,model,m_min,m_min_rec,epsilon,epsilon_rec,b_last,b_last_rec,nll_rec
14-attributes,41.87873120110798,96.50294812836404,mcutoff_b-last,8.57169528713753,9.89635935650523,0.2857138550374162,0.32857108629914605,0.1619117005389885,0.13897233643980078,44.32122269685191
