subject,nll,bic,model,m_min,m_min_rec,epsilon,epsilon_rec,b_last,b_last_rec,nll_rec
151-alternatives,33.59626303002578,79.93801178619964,mcutoff_b-last,8.53286880412814,8.746504462654004,0.1857136549712997,0.24285662397117116,0.12690703948982374,0.10303748937733603,38.80442867637697
