subject,nll,bic,model,m_min,m_min_rec,epsilon,epsilon_rec,b_last,b_last_rec,nll_rec
68-alternatives,9.081708630499975,30.90890298714803,mcutoff_b-last,2.244953272232759,2.180401439069515,0.028570487102817215,0.028570486376472658,0.7326150116762604,0.06699948327069927,9.081708630499975
