subject,nll,bic,model,m_min,m_min_rec,epsilon,epsilon_rec,b_last,b_last_rec,nll_rec
12-alternatives,38.80442867637697,90.35434307890202,mcutoff_b-last,8.243451795079759,8.219439460167301,0.24285662305243588,0.22857088450280708,0.34157929907413154,0.3512234185996397,37.62796887328779
