subject,nll,bic,model,m_min,m_min_rec,epsilon,epsilon_rec,b_last,b_last_rec,nll_rec
93-attributes,40.92707907049212,94.59964386713231,mcutoff_b-last,6.887217242590298,3.922582021178143,0.27142811782174553,0.29999960193307645,0.18141519557422447,-0.571589353769358,42.76036114398252
