subject,nll,bic,model,m_min,m_min_rec,epsilon,epsilon_rec,b_last,b_last_rec,nll_rec
175-attributes,41.539370738848355,95.78106099148849,mcutoff_b-last,7.244338416241564,7.535968228158168,0.28985465210267897,0.2753618713928108,0.2599241152641687,0.3363096477113823,40.60771994177921
