subject,nll,bic,model,m_min,m_min_rec,epsilon,epsilon_rec,b_last,b_last_rec,nll_rec
116-attributes,35.02802964781313,82.80154502177433,mcutoff_b-last,9.313598229938538,8.543389016859937,0.1999993964432065,0.21428513881289507,0.1055319531102843,0.10368825366850976,36.37044873927606
