subject,nll,bic,model,m_min,m_min_rec,epsilon,epsilon_rec,b_last,b_last_rec,nll_rec
146-alternatives,28.70800228032862,70.16149028680532,mcutoff_b-last,8.485444176648404,9.773499242794628,0.1428564284450693,0.15714216925593388,0.1224476015820728,0.12477447276728304,30.442969752375593
