subject,nll,bic,model,m_min,m_min_rec,epsilon,epsilon_rec,b_last,b_last_rec,nll_rec
125-attributes,32.06995253444679,76.88539079504166,mcutoff_b-last,8.542573058608959,9.054709270773973,0.17142791583982,0.12857068371646127,0.09390554758367964,0.09558160584267061,26.85620003299715
