subject,nll,bic,model,m_min,m_min_rec,epsilon,epsilon_rec,b_last,b_last_rec,nll_rec
106-alternatives,37.366319843249926,87.43495920029163,mcutoff_b-last,7.1688360451474935,7.25111281349442,0.2318835205857385,0.144926823853949,0.30001612092190566,0.20439143562701134,28.552650696970982
