subject,nll,bic,model,m_min,m_min_rec,epsilon,epsilon_rec,b_last,b_last_rec,nll_rec
110-alternatives,5.241178126384222,23.227841978916523,mcutoff_b-last,8.435880185769657,8.687727243474141,0.014284742837284458,7.177591854201637e-14,-0.023116352429007447,0.027296472730619525,-6.99999599738412e-05
