subject,nll,bic,model,m_min,m_min_rec,epsilon,epsilon_rec,b_last,b_last_rec,nll_rec
198-attributes,36.37044873927606,85.48638320470019,mcutoff_b-last,8.262656132100645,8.24837145381899,0.21428513919042372,0.18571365261815545,0.11155372943356534,0.102534025204013,33.59626303002578
