subject,nll,bic,model,m_min,m_min_rec,epsilon,epsilon_rec,b_last,b_last_rec,nll_rec
17-attributes,38.23865383421495,89.13583078395823,mcutoff_b-last,7.08255288106793,6.863269444551369,0.24999950134858576,0.24999949919173542,0.1275872342573614,0.16946938724376315,38.23865383421496
