subject,nll,bic,model,m_min,m_min_rec,epsilon,epsilon_rec,b_last,b_last_rec,nll_rec
191-alternatives,43.57394444613339,99.89337461841485,mcutoff_b-last,0.9559766781752455,8.154415376834026,0.31428534712353545,0.31428534080376314,0.9288925703263391,0.3940622916880896,43.573944446133396
