subject,nll,bic,model,m_min,m_min_rec,epsilon,epsilon_rec,b_last,b_last_rec,nll_rec
58-attributes,40.60771994177921,93.9177593973502,mcutoff_b-last,9.483149009893392,9.230531107091684,0.2753618637081468,0.37681134460421967,0.15582008692753235,0.11937937373086793,45.71109585396716
