subject,nll,bic,model,m_min,m_min_rec,epsilon,epsilon_rec,b_last,b_last_rec,nll_rec
88-attributes,36.37044873927605,85.48638320470018,mcutoff_b-last,9.494742879150914,8.949197195198376,0.214285141304067,0.214285141480312,0.11391375752543098,0.09948048165075174,36.37044873927605
