subject,nll,bic,model,m_min,m_min_rec,epsilon,epsilon_rec,b_last,b_last_rec,nll_rec
126-attributes,37.627968873287784,88.00142347272364,mcutoff_b-last,9.50507476565365,8.852081162491192,0.22857088383524052,0.22857088742943713,0.11152858045612923,-0.14225378275789435,37.62796887328779
