subject,nll,bic,model,m_min,m_min_rec,epsilon,epsilon_rec,b_last,b_last_rec,nll_rec
125-alternatives,28.70800228032862,70.16149028680532,mcutoff_b-last,9.807931908157718,9.467423213658584,0.14285642818763225,0.17142791142091052,0.11806707550889506,0.11942198686170502,32.06995253444679
