subject,nll,bic,model,m_min,m_min_rec,epsilon,epsilon_rec,b_last,b_last_rec,nll_rec
20-alternatives,30.442969752375593,73.63142523089927,mcutoff_b-last,9.258977432408196,8.485495429192959,0.1571421674046596,0.15714216662928973,0.0877818306284468,0.03368182374157791,30.442969752375596
