subject,nll,bic,model,m_min,m_min_rec,epsilon,epsilon_rec,b_last,b_last_rec,nll_rec
164-attributes,41.87873120110798,96.50294812836404,mcutoff_b-last,8.626102270085184,8.831455493390711,0.28571385532658705,0.19999939872783884,-0.09309807118096847,-0.09018058817766084,35.02802964781313
