subject,nll,bic,model,m_min,m_min_rec,epsilon,epsilon_rec,b_last,b_last_rec,nll_rec
83-attributes,37.627968873287784,88.00142347272364,mcutoff_b-last,9.454726129754922,9.039151714877825,0.228570886013585,0.27142811021170854,-0.11532289784062022,-0.12416893859709466,40.92707907049213
