subject,nll,bic,model,m_min,m_min_rec,epsilon,epsilon_rec,b_last,b_last_rec,nll_rec
153-attributes,38.80442867637698,90.35434307890203,mcutoff_b-last,4.193378393089634,5.33292421285082,0.24285662733446003,0.2142851399912207,0.12549978025636732,0.7141353702207343,36.37044873927606
