subject,nll,bic,model,m_min,m_min_rec,epsilon,epsilon_rec,b_last,b_last_rec,nll_rec
75-attributes,12.384284578396066,37.514054882940215,mcutoff_b-last,9.018303114665525,9.218003414369328,0.04285622944473791,0.02857048633246606,0.11522372621510146,0.11616698475116216,9.081708630499977
