subject,nll,bic,model,m_min,m_min_rec,epsilon,epsilon_rec,b_last,b_last_rec,nll_rec
137-attributes,12.384284578396066,37.514054882940215,mcutoff_b-last,0.342410478637003,0.7194059478728967,0.04285622921288936,0.01428474285991926,0.48643824064924024,-0.37558278201148165,5.2411781263842245
