subject,nll,bic,model,m_min,m_min_rec,epsilon,epsilon_rec,b_last,b_last_rec,nll_rec
120-alternatives,37.627968873287784,88.00142347272364,mcutoff_b-last,8.795092817037098,9.091701304798661,0.2285708862633479,0.24285662735050795,0.06152266095202097,0.054769922341277866,38.804428676376986
