subject,nll,bic,model,m_min,m_min_rec,epsilon,epsilon_rec,b_last,b_last_rec,nll_rec
20-attributes,28.70800228032862,70.16149028680532,mcutoff_b-last,8.916945635823183,9.471663648897776,0.14285642582614005,0.19999939788596366,0.06986041938891407,-0.0680020590588527,35.02802964781313
