subject,nll,bic,model,m_min,m_min_rec,epsilon,epsilon_rec,b_last,b_last_rec,nll_rec
140-alternatives,18.012164838208204,48.76981540256449,mcutoff_b-last,9.698581366921161,9.734084390466155,0.07142771346819048,0.07142771330077194,0.094785748556524,0.09107352314529837,18.012164838208204
