subject,nll,bic,model,m_min,m_min_rec,epsilon,epsilon_rec,b_last,b_last_rec,nll_rec
177-attributes,40.92707907049213,94.59964386713233,mcutoff_b-last,7.066363406633229,7.7873804483446865,0.27142810887244445,0.22857088073354076,0.09518821947396705,0.1294395284507741,37.62796887328779
