subject,nll,bic,model,m_min,m_min_rec,epsilon,epsilon_rec,b_last,b_last_rec,nll_rec
87-attributes,30.442969752375593,73.63142523089927,mcutoff_b-last,9.038003236779154,8.529245535660397,0.15714217053135118,0.15714216944862872,-0.12646063659875562,-0.12410036046511053,30.442969752375593
