subject,nll,bic,model,m_min,m_min_rec,epsilon,epsilon_rec,b_last,b_last_rec,nll_rec
12-attributes,30.27066820487449,73.24365592354076,mcutoff_b-last,8.25817269442781,8.258751834021119,0.15941960448237508,0.11594126176650398,0.11025886017067643,0.10321708474614488,24.754372769338218
