subject,nll,bic,model,m_min,m_min_rec,epsilon,epsilon_rec,b_last,b_last_rec,nll_rec
50-alternatives,28.708002280328618,70.16149028680532,mcutoff_b-last,4.436974130007123,4.157239217614478,0.1428564290737831,0.19999939863549124,0.10534273592275056,0.09632151899623653,35.02802964781313
