subject,nll,bic,model,m_min,m_min_rec,epsilon,epsilon_rec,b_last,b_last_rec,nll_rec
61-attributes,39.90316193522992,92.55180959660791,mcutoff_b-last,8.242981509215188,8.249795158912168,0.25714237132701745,0.2714281109647035,0.10454290313875769,0.12569692172248814,40.92707907049212
