subject,nll,bic,model,m_min,m_min_rec,epsilon,epsilon_rec,b_last,b_last_rec,nll_rec
155-attributes,33.59626303002578,79.93801178619964,mcutoff_b-last,9.715527107295863,9.600770858716293,0.18571365409582313,0.12857068197662172,0.13787046026651106,0.15472887848322303,26.85620003299716
