subject,nll,bic,model,m_min,m_min_rec,epsilon,epsilon_rec,b_last,b_last_rec,nll_rec
65-alternatives,30.442969752375586,73.63142523089925,mcutoff_b-last,9.452582821004905,9.911863935433383,0.15714217239662756,0.18571365720958957,0.11746497210755047,0.0977569036008199,33.596263030025774
