subject,nll,bic,model,m_min,m_min_rec,epsilon,epsilon_rec,b_last,b_last_rec,nll_rec
26-alternatives,15.332136525371471,43.409758776891024,mcutoff_b-last,9.01009269055568,9.561403644366129,0.057141970822028695,0.042856228931623865,-0.01636560378311336,0.09528789457637377,12.384284578396068
