subject,nll,bic,model,m_min,m_min_rec,epsilon,epsilon_rec,b_last,b_last_rec,nll_rec
43-attributes,26.85620003299715,66.45788579214238,mcutoff_b-last,9.116182720834146,9.08327078700694,0.1285706836293449,0.11428493959292878,0.009698384946734695,0.08132698005241545,24.876662737360753
