subject,nll,bic,model,m_min,m_min_rec,epsilon,epsilon_rec,b_last,b_last_rec,nll_rec
174-attributes,42.76036114398252,98.26620801411312,mcutoff_b-last,7.511269798903454,5.66356451427934,0.29999959972623086,0.3428568295329213,0.20337545364392962,-0.3473083494253265,45.003730776746046
