subject,nll,bic,model,m_min,m_min_rec,epsilon,epsilon_rec,b_last,b_last_rec,nll_rec
161-alternatives,22.755668137541363,58.2568220012308,mcutoff_b-last,8.752658499555473,9.088216126270115,0.09999919916748203,0.09999919755788961,0.09895289277972386,0.10235444531150573,22.755668137541363
