subject,nll,bic,model,m_min,m_min_rec,epsilon,epsilon_rec,b_last,b_last_rec,nll_rec
104-attributes,35.02802964781313,82.80154502177433,mcutoff_b-last,8.406511432005729,9.163056994542512,0.1999993997562755,0.2571423702675251,0.09133485628725291,0.09518003830709021,39.90316193522992
