subject,nll,bic,model,m_min,m_min_rec,epsilon,epsilon_rec,b_last,b_last_rec,nll_rec
163-alternatives,34.80308301494936,82.3084855436905,mcutoff_b-last,6.877312448007331,6.820924168798795,0.20289795389398005,0.13043404037529582,0.2555398856654434,0.09117737236945289,26.71751588799687
