subject,nll,bic,model,m_min,m_min_rec,epsilon,epsilon_rec,b_last,b_last_rec,nll_rec
97-attributes,36.37044873927606,85.48638320470019,mcutoff_b-last,9.049377496340021,8.752241396176679,0.2142851478733361,0.12857068253081985,-0.11689972505429636,-0.128172759752477,26.856200032997158
