subject,nll,bic,model,m_min,m_min_rec,epsilon,epsilon_rec,b_last,b_last_rec,nll_rec
194-attributes,42.40059110157823,97.50350171694824,mcutoff_b-last,9.161665142017311,9.305170482724066,0.30434743667576325,0.347825779519898,0.20233474149598218,0.2167088295614017,44.580106849333795
