subject,nll,bic,model,m_min,m_min_rec,epsilon,epsilon_rec,b_last,b_last_rec,nll_rec
75-alternatives,33.59626303002578,79.93801178619964,mcutoff_b-last,9.225297659496324,8.730576009401915,0.1857136553838306,0.21428514494435594,-0.02340734187228488,0.02918363559877668,36.37044873927606
