subject,nll,bic,model,m_min,m_min_rec,epsilon,epsilon_rec,b_last,b_last_rec,nll_rec
58-alternatives,37.6532595174997,87.87548326107867,mcutoff_b-last,9.679781425208745,9.353597679785008,0.2575752714079911,0.3030299047561141,0.1159041865620567,0.15808476968650975,40.484931264297884
