subject,nll,bic,model,m_min,m_min_rec,epsilon,epsilon_rec,b_last,b_last_rec,nll_rec
174-alternatives,39.90316193522992,92.55180959660791,mcutoff_b-last,3.115878389466273,3.033797201850206,0.2571423729932428,0.19999939735622158,-0.06656132499810152,0.8850973670240236,35.02802964781313
