subject,nll,bic,model,m_min,m_min_rec,epsilon,epsilon_rec,b_last,b_last_rec,nll_rec
44-attributes,20.475452793207786,53.69639131256365,mcutoff_b-last,9.069015858173966,9.447284392313453,0.08571345974132985,0.11428494275408978,-0.040884508514147155,0.10941267682940614,24.876662737360753
