subject,nll,bic,model,m_min,m_min_rec,epsilon,epsilon_rec,b_last,b_last_rec,nll_rec
2-alternatives,28.70800228032862,70.16149028680532,mcutoff_b-last,8.240236695486955,8.244588857652884,0.14285642634052392,0.0999991986889038,0.1001643571357087,0.09071460032743794,22.755668137541367
