subject,nll,bic,model,m_min,m_min_rec,epsilon,epsilon_rec,b_last,b_last_rec,nll_rec
160-alternatives,36.37044873927606,85.48638320470019,mcutoff_b-last,7.861519443957615,6.874676728029695,0.21428513990304052,0.22857088299838696,0.09379651816272916,0.10762759457221449,37.6279688732878
