subject,nll,bic,model,m_min,m_min_rec,epsilon,epsilon_rec,b_last,b_last_rec,nll_rec
79-attributes,26.856200032997155,66.45788579214239,mcutoff_b-last,9.79264421223231,9.703057350038664,0.1285706826263649,0.07142771560830546,-0.09718808351710406,-0.1067952430810224,18.0121648382082
