subject,nll,bic,model,m_min,m_min_rec,epsilon,epsilon_rec,b_last,b_last_rec,nll_rec
171-attributes,33.59626303002578,79.93801178619964,mcutoff_b-last,7.514665138797207,6.88356413615789,0.18571366002076345,0.14285642744851093,-0.10466634453864765,-0.10597098306830255,28.708002280328614
