subject,nll,bic,model,m_min,m_min_rec,epsilon,epsilon_rec,b_last,b_last_rec,nll_rec
133-attributes,24.754372769338218,62.211065052468214,mcutoff_b-last,9.69451333053594,8.429684630292961,0.11594125930435926,0.08695569268209306,-0.10887725914312985,-0.10324410106965354,20.385166239313996
