subject,nll,bic,model,m_min,m_min_rec,epsilon,epsilon_rec,b_last,b_last_rec,nll_rec
54-alternatives,42.76036114398253,98.26620801411313,mcutoff_b-last,7.878457050697558,7.826214789310813,0.29999959757240363,0.19999939913679954,0.09527912792567683,0.12691683493676376,35.02802964781314
