subject,nll,bic,model,m_min,m_min_rec,epsilon,epsilon_rec,b_last,b_last_rec,nll_rec
103-attributes,32.06995253444679,76.88539079504166,mcutoff_b-last,9.907493457643508,9.868885097977653,0.17142791326020826,0.15714216797468364,0.10733670807626128,0.009501349209020571,30.442969752375593
