subject,nll,bic,model,m_min,m_min_rec,epsilon,epsilon_rec,b_last,b_last_rec,nll_rec
109-alternatives,35.88016351731563,84.41885015015959,mcutoff_b-last,7.066804695326336,7.43658465800392,0.22058767184695333,0.20588176072641876,0.09249279405701305,0.11570403393453832,34.574446823026804
