subject,nll,bic,model,m_min,m_min_rec,epsilon,epsilon_rec,b_last,b_last_rec,nll_rec
80-alternatives,42.76036114398252,98.26620801411312,mcutoff_b-last,4.896964268846444,3.8566805718865327,0.29999959761275613,0.22857088605430526,0.31553962953025727,0.1940597219418021,37.62796887328779
