subject,nll,bic,model,m_min,m_min_rec,epsilon,epsilon_rec,b_last,b_last_rec,nll_rec
21-attributes,42.76036114398252,98.26620801411312,mcutoff_b-last,8.266961221553851,9.065589355125724,0.29999959952797123,0.34285683048937854,0.12102830984203794,0.12097224031256171,45.003730776746046
