subject,nll,bic,model,m_min,m_min_rec,epsilon,epsilon_rec,b_last,b_last_rec,nll_rec
131-attributes,37.62796887328779,88.00142347272366,mcutoff_b-last,7.710727005712096,7.501870074873302,0.22857088240416107,0.29999959871151904,0.06657396918950664,-0.11195776432576077,42.76036114398253
