subject,nll,bic,model,m_min,m_min_rec,epsilon,epsilon_rec,b_last,b_last_rec,nll_rec
128-alternatives,43.193339563093176,99.08899863997813,mcutoff_b-last,8.675549670053403,8.019030227666414,0.318840217351063,0.20289795461348664,0.11626766712123082,0.04889058607084018,34.80308301494936
