subject,nll,bic,model,m_min,m_min_rec,epsilon,epsilon_rec,b_last,b_last_rec,nll_rec
134-alternatives,43.573944446133396,99.89337461841487,mcutoff_b-last,8.211718784448628,8.238090311980732,0.3142853393442456,0.19999939757818996,0.10950223203018727,0.0922383997814602,35.02802964781313
