subject,nll,bic,model,m_min,m_min_rec,epsilon,epsilon_rec,b_last,b_last_rec,nll_rec
57-alternatives,41.87873120110798,96.50294812836404,mcutoff_b-last,7.421699311251311,6.859449824719837,0.2857138555417094,0.19999940064210803,-0.0998541958613558,-0.1260795043237125,35.02802964781313
