subject,nll,bic,model,m_min,m_min_rec,epsilon,epsilon_rec,b_last,b_last_rec,nll_rec
176-alternatives,38.804428676376986,90.35434307890205,mcutoff_b-last,7.6575580664073675,6.991648383919195,0.242856623815952,0.24285663138843497,-0.09730174787486556,-0.0939346284036402,38.80442867637698
