subject,nll,bic,model,m_min,m_min_rec,epsilon,epsilon_rec,b_last,b_last_rec,nll_rec
198-alternatives,39.903161935229924,92.55180959660792,mcutoff_b-last,9.38017194964303,8.480312225739793,0.257142368901435,0.32857108478298797,0.11352150206902989,0.1989449581451963,44.32122269685191
