subject,nll,bic,model,m_min,m_min_rec,epsilon,epsilon_rec,b_last,b_last_rec,nll_rec
36-attributes,77.60885735275397,170.04264197333586,mcutoff_b-last,8.92299026641175,9.44055464811637,0.24285662774076122,0.21428514090805675,-0.00014650094777302058,0.08441573088090726,72.74089747855213
