subject,nll,bic,model,m_min,m_min_rec,epsilon,epsilon_rec,b_last,b_last_rec,nll_rec
55-attributes,40.60771994177921,93.9177593973502,mcutoff_b-last,6.930082582758344,7.133730656648293,0.2753618669079075,0.21739073969465386,0.2005110905791483,0.3002470486252897,36.127319286344914
