subject,nll,bic,model,m_min,m_min_rec,epsilon,epsilon_rec,b_last,b_last_rec,nll_rec
78-alternatives,40.92707907049212,94.59964386713231,mcutoff_b-last,7.410930651616007,7.942076944373752,0.27142811504179637,0.21428514193477724,0.19090301885180727,0.1824052928411295,36.37044873927606
