subject,nll,bic,model,m_min,m_min_rec,epsilon,epsilon_rec,b_last,b_last_rec,nll_rec
83-alternatives,36.37044873927606,85.48638320470019,mcutoff_b-last,8.701469961747502,9.368777122434858,0.2142851444064328,0.18571365873073664,0.11328906468160471,0.08876296759718927,33.59626303002578
