subject,nll,bic,model,m_min,m_min_rec,epsilon,epsilon_rec,b_last,b_last_rec,nll_rec
38-alternatives,43.573944446133396,99.89337461841487,mcutoff_b-last,7.584257753863195,7.802823467097552,0.3142853439020599,0.2714281127767512,-0.09765588111582346,-0.20565268222467903,40.92707907049214
