subject,nll,bic,model,m_min,m_min_rec,epsilon,epsilon_rec,b_last,b_last_rec,nll_rec
41-attributes,45.17149795265438,102.95707376348165,mcutoff_b-last,5.599987380055382,7.796263789487167,0.4029848773748684,0.4328356828505709,0.2667196039775861,0.6693320271557175,45.834418360118306
