subject,nll,bic,model,m_min,m_min_rec,epsilon,epsilon_rec,b_last,b_last_rec,nll_rec
29-attributes,36.37044873927605,85.48638320470018,mcutoff_b-last,8.253961293122575,8.2347209617702,0.21428513893456727,0.1857136549750166,0.04774929232530023,0.08672377830544287,33.59626303002578
