subject,nll,bic,model,m_min,m_min_rec,epsilon,epsilon_rec,b_last,b_last_rec,nll_rec
33-attributes,39.90316193522993,92.55180959660794,mcutoff_b-last,5.669412351735199,5.088321866876761,0.25714237424264336,0.3142853460887315,0.10256633145967098,0.09831027167803752,43.573944446133396
