subject,nll,bic,model,m_min,m_min_rec,epsilon,epsilon_rec,b_last,b_last_rec,nll_rec
107-alternatives,43.193339563093176,99.08899863997813,mcutoff_b-last,8.152859119634826,8.140720471110868,0.31884021428332676,0.28985464895703383,-0.1604306636720081,-0.1399489502937138,41.53937073884835
