subject,nll,bic,model,m_min,m_min_rec,epsilon,epsilon_rec,b_last,b_last_rec,nll_rec
114-alternatives,36.37044873927606,85.48638320470019,mcutoff_b-last,9.006238647721158,8.785717939181996,0.21428514045580777,0.2714281128916707,0.11349776054104765,0.1092081633915074,40.92707907049213
