subject,nll,bic,model,m_min,m_min_rec,epsilon,epsilon_rec,b_last,b_last_rec,nll_rec
13-alternatives,30.442969752375593,73.63142523089927,mcutoff_b-last,5.757367990453602,6.120676207602454,0.15714216857797264,0.17142791110693129,0.09709527703354381,0.02352937971737057,32.06995253444679
