subject,nll,bic,model,m_min,m_min_rec,epsilon,epsilon_rec,b_last,b_last_rec,nll_rec
96-attributes,40.607719941779216,93.91775939735021,mcutoff_b-last,7.8232197945758255,7.069189069478571,0.2753618691483482,0.24637630283178324,0.08214910114965535,0.024434794727367315,38.52391060215898
