subject,nll,bic,model,m_min,m_min_rec,epsilon,epsilon_rec,b_last,b_last_rec,nll_rec
145-alternatives,38.80442867637698,90.35434307890203,mcutoff_b-last,8.252133762485236,8.211237860219676,0.2428566264862061,0.18571365283590674,0.0946874652831704,0.1353913245393552,33.59626303002578
