subject,nll,bic,model,m_min,m_min_rec,epsilon,epsilon_rec,b_last,b_last_rec,nll_rec
81-alternatives,40.6077199417792,93.91775939735018,mcutoff_b-last,8.24641717869579,8.2577771326867,0.2753618707373791,0.260869086173168,0.11075971421672692,0.10631929068004786,39.603411906277294
