subject,nll,bic,model,m_min,m_min_rec,epsilon,epsilon_rec,b_last,b_last_rec,nll_rec
162-alternatives,44.32122269685191,101.3879311198519,mcutoff_b-last,6.900519450898654,7.680202157499001,0.32857108225165593,0.32857108075392155,0.4684564598968608,0.6291646805434117,44.32122269685191
