subject,nll,bic,model,m_min,m_min_rec,epsilon,epsilon_rec,b_last,b_last_rec,nll_rec
142-attributes,38.80442867637697,90.35434307890202,mcutoff_b-last,7.209489269444184,7.027022771329832,0.24285662484949924,0.2142851358471805,0.10480357503895132,0.11829211518037042,36.37044873927606
