subject,nll,bic,model,m_min,m_min_rec,epsilon,epsilon_rec,b_last,b_last_rec,nll_rec
145-attributes,39.903161935229924,92.55180959660792,mcutoff_b-last,9.578497063228962,8.324696694346171,0.25714236843232846,0.28571385256035753,0.13336344222138363,0.15883673236100204,41.87873120110798
