subject,nll,bic,model,m_min,m_min_rec,epsilon,epsilon_rec,b_last,b_last_rec,nll_rec
148-alternatives,35.02802964781313,82.80154502177433,mcutoff_b-last,8.514860050483252,9.060403947631428,0.199999397240835,0.17142791585484196,0.10246039634892168,-0.012404315581255654,32.06995253444679
