subject,nll,bic,model,m_min,m_min_rec,epsilon,epsilon_rec,b_last,b_last_rec,nll_rec
170-attributes,36.37044873927605,85.48638320470018,mcutoff_b-last,8.725701118692621,8.478229794144271,0.21428514467731255,0.17142791625626275,0.10933242773631924,-0.09389835583988593,32.06995253444679
