subject,nll,bic,model,m_min,m_min_rec,epsilon,epsilon_rec,b_last,b_last_rec,nll_rec
92-attributes,45.00373077674605,102.75294727964018,mcutoff_b-last,7.207279913960654,8.17304258264936,0.34285682782258325,0.2999995974008566,0.24457409288813325,0.273787991889358,42.76036114398252
