subject,nll,bic,model,m_min,m_min_rec,epsilon,epsilon_rec,b_last,b_last_rec,nll_rec
31-alternatives,32.06995253444679,76.88539079504166,mcutoff_b-last,5.59283521472582,5.82678110421747,0.1714279122260166,0.271428113636957,0.1868413463474643,0.1481495162245181,40.92707907049213
