subject,nll,bic,model,m_min,m_min_rec,epsilon,epsilon_rec,b_last,b_last_rec,nll_rec
11-attributes,38.80442867637698,90.35434307890203,mcutoff_b-last,6.87763047351392,6.83117566017446,0.24285662933036778,0.22857088553531626,0.10467864487755163,0.1119997328718525,37.62796887328779
