subject,nll,bic,model,m_min,m_min_rec,epsilon,epsilon_rec,b_last,b_last_rec,nll_rec
74-attributes,35.989321255731724,84.45529176154247,mcutoff_b-last,8.877142411877355,9.812496134408054,0.24999949968580198,0.23437446632812492,-0.048175106612774465,-0.03173178585718417,34.84844171119313
