subject,nll,bic,model,m_min,m_min_rec,epsilon,epsilon_rec,b_last,b_last_rec,nll_rec
101-alternatives,15.332136525371473,43.409758776891024,mcutoff_b-last,9.70453365100525,8.580560712242368,0.05714197290747959,0.028570486333827902,0.04980750213432916,-0.009780739417302176,9.081708630499973
