subject,nll,bic,model,wp,wp_rec,beta,beta_rec,nll_rec
115-alternatives,28.56638954615309,65.6297695764049,wa,0.9287193134918809,0.9322343654715657,14.19071368084801,16.009071127486113,27.007031215330343
