subject,nll,bic,model,wp,wp_rec,beta,beta_rec,nll_rec
45-attributes,9.926866448852712,28.350723381804144,wa,0.7797917063041135,0.8086818532558296,16.925372488684108,72.1381701062554,2.43750715518655
