subject,nll,bic,model,wp,wp_rec,beta,beta_rec,nll_rec
177-alternatives,30.05421116330953,68.60541281071778,wa,0.9196037673263675,0.9249105827291648,12.080374311907729,20.15245351187263,22.537355413243503
