subject,nll,bic,model,wp,wp_rec,beta,beta_rec,nll_rec
55-attributes,27.28841782777453,63.04504866474358,wa,0.9080742678201307,0.916191203865946,12.870316340672508,16.309328187143137,24.658713864972434
