subject,nll,bic,model,wp,wp_rec,beta,beta_rec,nll_rec
171-alternatives,33.40566396333282,75.27954093586015,wa,0.8964576623696974,0.8553086713684372,7.792821713648229,9.990872977430927,24.901555136679004
