subject,nll,bic,model,wp,wp_rec,beta,beta_rec,nll_rec
88-attributes,17.170092317204713,42.83717511850814,wa,0.9422857701942914,0.9400246629340313,30.792099783561248,18.362726636792274,25.386604975838424
