subject,nll,bic,model,wp,wp_rec,beta,beta_rec,nll_rec
8-attributes,18.900564305385466,46.29811909486965,wa,0.9549458622260353,0.9575335901580085,25.46439750783391,20.737193017414977,21.27800789523943
