subject,nll,bic,model,wp,wp_rec,beta,beta_rec,nll_rec
47-attributes,-6.992196481831375e-05,8.496850640169082,wa,0.9999961717866064,0.9999961717866064,199.97236296555013,199.97236296555013,-6.992196481831375e-05
