subject,nll,bic,model,wp,wp_rec,beta,beta_rec,nll_rec
21-attributes,28.131841199346198,64.76067288279111,wa,0.9373381771116567,0.9365263222104601,15.235301653130772,16.97318401670886,26.3036773343416
