subject,nll,bic,model,wp,wp_rec,beta,beta_rec,nll_rec
66-attributes,29.82500963046141,68.14700974502153,wa,0.9248929083224361,0.9118814515923267,12.552093096010694,11.069288035723938,30.22945654034456
