subject,nll,bic,model,wp,wp_rec,beta,beta_rec,nll_rec
185-alternatives,29.915070753668264,68.32713199143525,wa,0.904657421981795,0.8918175460144278,10.865568420055755,13.576067426466375,25.45779724375766
