subject,nll,bic,model,wp,wp_rec,beta,beta_rec,nll_rec
179-attributes,26.450183494846225,61.39735747379117,wa,0.8431066661040255,0.8586059247250891,8.35860125332466,8.905671986035069,27.310530787091214
