subject,nll,bic,model,wp,wp_rec,beta,beta_rec,nll_rec
146-alternatives,18.05309719235441,44.60318486880754,wa,0.9511612457989003,0.9466424203556447,29.55699655593848,30.74567845408825,17.911950265281927
