subject,nll,bic,model,wp,wp_rec,beta,beta_rec,nll_rec
76-alternatives,29.281517871617492,67.06002622733371,wa,0.9437386423848687,0.9494679189510686,14.726966959497076,16.637814530483553,27.11735545856716
