subject,nll,bic,model,wp,wp_rec,beta,beta_rec,nll_rec
196-attributes,35.887210904651326,80.27141229340137,wa,0.9144953267961802,0.9165107624903573,7.8764888571054055,6.965062895864405,37.86966381326042
