subject,nll,bic,model,wp,wp_rec,beta,beta_rec,nll_rec
177-attributes,28.526403406553285,65.54979729720529,wa,0.9291973773700822,0.9286997184504068,14.048634377037924,16.540178272699034,25.797015779809914
