subject,nll,bic,model,wp,wp_rec,beta,beta_rec,nll_rec
10-attributes,29.31829710557746,67.13358469525365,wa,0.948720439428396,0.9544101181022775,14.163465140235223,15.89390042222787,26.60219052397507
