subject,nll,bic,model,wp,wp_rec,beta,beta_rec,nll_rec
14-alternatives,30.16215532384796,68.82130113179464,wa,0.9330704997004898,0.9433711606621374,13.28355565888761,20.9806274985284,23.731604004850606
