subject,nll,bic,model,wp,wp_rec,beta,beta_rec,nll_rec
153-attributes,26.600340064042584,61.697670612183884,wa,0.8960589651370143,0.9156552316824688,12.593682643936582,18.38062984089131,23.20446365560431
