subject,nll,bic,model,wp,wp_rec,beta,beta_rec,nll_rec
67-alternatives,20.266021984363924,49.029034452826565,wa,0.9581495151217014,0.9635462400634426,22.030858305593895,20.68749454507765,19.156187901986925
