subject,nll,bic,model,wp,wp_rec,beta,beta_rec,nll_rec
176-alternatives,22.781527159696086,54.06004480349089,wa,0.9403957221032525,0.9277731286592901,21.85341963875097,34.11858839389902,15.178160535906427
