subject,nll,bic,model,wp,wp_rec,beta,beta_rec,nll_rec
150-attributes,22.31736082628533,53.10293466176518,wa,0.9124636334262303,0.9086652407830322,18.55184487861026,17.67336246189789,22.727588458961197
