subject,nll,bic,model,wp,wp_rec,beta,beta_rec,nll_rec
199-attributes,31.35223460558893,71.20145969527658,wa,0.8614368720385652,0.8456692235992768,6.919121716335262,5.2001620699633255,33.74772645984815
