subject,nll,bic,model,wp,wp_rec,beta,beta_rec,nll_rec
162-attributes,40.309453675578666,89.11589783525605,wa,0.8923275476202296,0.9072128132465181,4.743782765279456,8.16473660305455,34.456018850766405
