subject,nll,bic,model,wp,wp_rec,beta,beta_rec,nll_rec
176-attributes,33.018087136022665,74.53316475614405,wa,0.9399376844799884,0.939524019543759,11.157119449620037,13.313428454616318,30.387567715700403
