subject,nll,bic,model,wp,wp_rec,beta,beta_rec,nll_rec
164-attributes,34.16535192133952,76.82769432677776,wa,0.9375587999054372,0.9397424278087649,10.238220573798577,11.763008487708806,32.24282867610045
