subject,nll,bic,model,wp,wp_rec,beta,beta_rec,nll_rec
35-attributes,30.50889487100978,69.4271749808015,wa,0.9480596052280018,0.948786025130148,11.552838344829885,14.362915257473313,27.39887176839788
