subject,nll,bic,model,wp,wp_rec,beta,beta_rec,nll_rec
87-attributes,25.700853408734183,59.89869730156708,wa,0.9609574528998944,0.9652396945109788,14.95776494327189,12.04369024227084,28.22307893996357
