subject,nll,bic,model,wp,wp_rec,beta,beta_rec,nll_rec
124-attributes,22.31579638183572,53.12858324777016,wa,0.8928085223220646,0.8980804546117048,17.942334440294154,34.709024061194,17.3873050622085
