subject,nll,bic,model,wp,wp_rec,beta,beta_rec,nll_rec
132-alternatives,30.920416943153334,70.30904689550118,wa,0.9081757380020357,0.8996266054227099,10.031014320341754,10.365367897385138,29.357718590806275
