subject,nll,bic,model,wp,wp_rec,beta,beta_rec,nll_rec
13-alternatives,30.878390276789695,70.2537710376781,wa,0.8635130492981622,0.8861103279585619,7.390561438393639,8.356909642247448,31.726725890021132
