subject,nll,bic,model,wp,wp_rec,beta,beta_rec,nll_rec
69-attributes,32.31579692099486,73.12858432608844,wa,0.9502015392043058,0.9577290016172938,11.410974851461397,12.340308442936697,29.83929805690762
