subject,nll,bic,model,wp,wp_rec,beta,beta_rec,nll_rec
84-attributes,35.2240830883862,78.94515666087112,wa,0.9201335151351958,0.9321260030185957,8.594046590783789,8.32151987586917,36.766931333004344
