subject,nll,bic,model,wp,wp_rec,beta,beta_rec,nll_rec
160-alternatives,25.24685480764462,58.99070009938796,wa,0.9285903884269094,0.9152407583202016,17.33662697979103,15.100156981334724,26.101517787660647
