subject,nll,bic,model,wp,wp_rec,beta,beta_rec,nll_rec
87-alternatives,29.2513780000181,66.99974648413492,wa,0.9499977491773528,0.9631825539775534,14.394431993657406,12.914278180149081,27.998147065582646
