subject,nll,bic,model,wp,wp_rec,beta,beta_rec,nll_rec
195-alternatives,20.35405202080366,49.20509452570604,wa,0.9495706812622602,0.94714714780378,25.839318317180492,42.4929641920164,13.480108982532009
