subject,nll,bic,model,wp,wp_rec,beta,beta_rec,nll_rec
11-alternatives,37.32324966218042,83.14348980845956,wa,0.8883019100186729,0.8897580371630807,5.871984424679165,6.210656854465207,36.69266711640264
