subject,nll,bic,model,wp,wp_rec,beta,beta_rec,nll_rec
40-attributes,28.229418985309596,64.92705097981371,wa,0.924698842767692,0.9195406911974755,13.748243804738575,12.278254951231784,29.37547503358925
