subject,nll,bic,model,wp,wp_rec,beta,beta_rec,nll_rec
114-alternatives,9.550379592810476,27.59774966971967,wa,0.9432464932569183,0.9458465044238558,51.979310691115735,62.98167672708013,8.57297076719528
