subject,nll,bic,model,wp,wp_rec,beta,beta_rec,nll_rec
57-alternatives,23.36977135781161,55.23653319972194,wa,0.9322895715468369,0.938486034663731,19.897827244790275,24.047072876648507,20.9051947171796
