subject,nll,bic,model,wp,wp_rec,beta,beta_rec,nll_rec
54-alternatives,28.66335599523099,65.8237024745607,wa,0.9196944785096122,0.9252438296073835,13.18038545035401,13.170296952641717,29.35627204511041
