subject,nll,bic,model,wp,wp_rec,beta,beta_rec,nll_rec
120-attributes,14.006886432161322,36.510763348421364,wa,0.9523305530482802,0.9490205034477412,38.32826011755793,32.90493030696417,16.778469733064313
