subject,nll,bic,model,wp,wp_rec,beta,beta_rec,nll_rec
89-alternatives,42.814482970844146,94.12595642578701,wa,0.8433268974740347,0.8388566274856027,2.524189134815962,3.589740322306432,38.49737174098673
