subject,nll,bic,model,wp,wp_rec,beta,beta_rec,nll_rec
79-attributes,24.971381919088564,58.439754322275846,wa,0.9681366244709024,0.9642216111795745,13.623734677693783,19.624734235049544,19.53981774849655
