subject,nll,bic,model,wp,wp_rec,beta,beta_rec,nll_rec
94-attributes,26.695839613293355,61.88866971068543,wa,0.9162104246725441,0.9141252491338754,14.362173725739016,15.953728704532727,25.002617069808295
