subject,nll,bic,model,wp,wp_rec,beta,beta_rec,nll_rec
151-alternatives,28.257118668400896,65.01122782090052,wa,0.9540265954158442,0.9540920667355901,14.691896926438735,15.980361208715133,26.909272270801598
