subject,nll,bic,model,wp,wp_rec,beta,beta_rec,nll_rec
180-alternatives,27.424791404425267,63.34657329294925,wa,0.9488008654041157,0.9660938439021958,16.387969307661013,9.470144129913526,32.651738883307786
