subject,nll,bic,model,wp,wp_rec,beta,beta_rec,nll_rec
122-attributes,36.062439445663564,80.62186937542585,wa,0.9339975892636162,0.9416554043984812,8.83156794020993,9.811286151323914,34.85184515257871
