subject,nll,bic,model,wp,wp_rec,beta,beta_rec,nll_rec
129-alternatives,26.831694458687508,62.16037940147373,wa,0.9171462834452758,0.8957075759731229,14.552839286391945,7.86617363518785,33.85740323470345
