subject,nll,bic,model,wp,wp_rec,beta,beta_rec,nll_rec
168-attributes,13.127923899113949,34.752838282326614,wa,0.9875992800179348,1.0,17.794520545164083,18.896851467973566,9.22273831045221
