subject,nll,bic,model,wp,wp_rec,beta,beta_rec,nll_rec
51-alternatives,38.884279891722954,86.26555026754463,wa,0.876554612998604,0.8742290957576311,4.739846954746221,4.640306325277576,38.90316692320897
