subject,nll,bic,model,wp,wp_rec,beta,beta_rec,nll_rec
185-attributes,34.0322649511994,76.56152038649752,wa,0.9326189887024342,0.9287532283368466,10.114441637867662,7.835020914249232,37.355792404811076
