subject,nll,bic,model,wp,wp_rec,beta,beta_rec,nll_rec
90-attributes,18.535792295296506,45.56857507469173,wa,0.9595447801872214,0.9591515598106163,23.199875919581764,26.15167239657389,16.667021404773163
