subject,nll,bic,model,wp,wp_rec,beta,beta_rec,nll_rec
170-alternatives,19.450197518318635,47.39738552073599,wa,0.9374420685812056,0.9345467056726168,25.959358969893234,25.75063533262713,19.268487591628315
