subject,nll,bic,model,wp,wp_rec,beta,beta_rec,nll_rec
17-alternatives,27.359085732813583,63.15718687597938,wa,0.9298256515099051,0.94102483653845,14.545491981266185,17.852589211643064,25.48386235915283
