subject,nll,bic,model,wp,wp_rec,beta,beta_rec,nll_rec
124-alternatives,27.215947735435613,62.92888595496994,wa,0.8876455847332695,0.889330790853867,11.485039040876993,7.968935247070116,32.85781764154855
