subject,nll,bic,model,wp,wp_rec,beta,beta_rec,nll_rec
33-attributes,34.79060032725194,78.07819113860259,wa,0.8924396002118544,0.8595219587537797,7.086702139273432,7.425151275428061,30.069420612045473
