subject,nll,bic,model,wp,wp_rec,beta,beta_rec,nll_rec
143-attributes,33.56663150328829,75.6302534906753,wa,0.9050771289226991,0.9150459028155634,8.49564633459458,9.737597520260048,32.66697479659477
