subject,nll,bic,model,wp,wp_rec,beta,beta_rec,nll_rec
133-attributes,19.630067689698027,47.728348388590575,wa,0.9575279065839356,0.953136197619621,22.86303493672565,25.991387862478582,19.222982523866914
