subject,nll,bic,model,wp,wp_rec,beta,beta_rec,nll_rec
161-alternatives,20.6358904999734,49.768771484045516,wa,0.9565551042343583,0.9544134898315718,22.362489256417028,27.72204857529386,17.962114475310226
