subject,nll,bic,model,wp,wp_rec,beta,beta_rec,nll_rec
28-alternatives,19.30536518074512,47.10772084558896,wa,0.9321373526615483,0.939819437975112,25.418644876804382,19.288351565115214,24.797801806605104
