subject,nll,bic,model,wp,wp_rec,beta,beta_rec,nll_rec
167-attributes,28.71797691587229,65.69022260183476,wa,0.8911424922555059,0.8915761644960807,8.19143358926967,5.78547714932826,33.37378274186015
