subject,nll,bic,model,wp,wp_rec,beta,beta_rec,nll_rec
29-alternatives,36.35409718025854,81.2051848446158,wa,0.9495253662822633,0.9436545201498096,8.794076518552876,12.512116955207377,31.713859154385105
