subject,nll,bic,model,wp,wp_rec,beta,beta_rec,nll_rec
174-alternatives,34.76389300291943,78.02477648993758,wa,0.8940685246596333,0.8668486367045968,7.320072374448982,5.58586973916273,35.467872470993804
