subject,nll,bic,model,wp,wp_rec,beta,beta_rec,nll_rec
10-alternatives,30.575327577117058,69.64764563833283,wa,0.9316698419473434,0.9351512832004416,12.820777341295546,10.431793893692412,34.07274915483163
