subject,nll,bic,model,wp,wp_rec,beta,beta_rec,nll_rec
175-alternatives,27.333803543224207,63.16459757054713,wa,0.9085397628918381,0.8946426328390383,13.28324397081128,23.63841889141352,20.225327595269597
