subject,nll,bic,model,wp,wp_rec,beta,beta_rec,nll_rec
73-attributes,24.807463011551214,58.08313903229695,wa,0.9465735182904441,0.9522755451545745,19.3364775771383,21.917225684135,22.096560685119723
