subject,nll,bic,model,wp,wp_rec,beta,beta_rec,nll_rec
104-attributes,30.563936348911493,69.62486318192171,wa,0.9468900829651488,0.9482140073687141,13.14349090658742,14.326075291408653,29.198066194218452
