subject,nll,bic,model,wp,wp_rec,beta,beta_rec,nll_rec
154-attributes,14.71275943921844,37.9225093625356,wa,0.9804789609065699,0.9876903070557591,18.330132745017792,18.519158593061274,12.366196055896278
