subject,nll,bic,model,wp,wp_rec,beta,beta_rec,nll_rec
141-alternatives,15.504718029498775,39.50642654309627,wa,0.9512200211894899,0.9536815514002263,35.41651140486275,29.661042927851774,17.20153788862276
