subject,nll,bic,model,wp,wp_rec,beta,beta_rec,nll_rec
2-attributes,18.797437953515928,46.09186639113057,wa,0.9452892715803954,0.9400954507382805,28.54784659353484,28.86063940568309,17.877276393240596
