subject,nll,bic,model,wp,wp_rec,beta,beta_rec,nll_rec
95-alternatives,35.44238828121653,79.38176704653178,wa,0.9097792211148845,0.9327536185769828,7.958936287586948,8.64595520311596,36.591003066802
