subject,nll,bic,model,wp,wp_rec,beta,beta_rec,nll_rec
194-attributes,34.90223163136264,78.27267627191979,wa,0.9369189379906933,0.9359334663472418,9.407907236773058,10.16438163928586,33.78302496145135
