subject,nll,bic,model,wp,wp_rec,beta,beta_rec,nll_rec
31-attributes,39.36739912157479,87.2317887272483,wa,0.8962923033195743,0.9081197843339152,5.296265080374067,6.248506224092713,38.469825970493694
