subject,nll,bic,model,wp,wp_rec,beta,beta_rec,nll_rec
106-attributes,38.04873815278725,84.59446678967322,wa,0.8466459958628071,0.8848149423253489,3.8742102901811357,5.8466832169449825,36.70927345880435
