subject,nll,bic,model,wp,wp_rec,beta,beta_rec,nll_rec
172-alternatives,19.69218619032956,47.88136286475784,wa,0.8401627987868587,0.8414459657799527,13.716976693289357,12.827651243565956,20.700126689524502
