subject,nll,bic,model,wp,wp_rec,beta,beta_rec,nll_rec
175-attributes,22.560176266957484,53.58856554310949,wa,0.9318105507090965,0.93223530236962,19.726161723997585,14.646223644191844,27.521018270007787
