subject,nll,bic,model,wp,wp_rec,beta,beta_rec,nll_rec
163-attributes,45.31833403212185,99.13365854834241,wa,0.9256435296911946,0.9178965851723724,3.3402222003762163,3.564522564535043,44.69836508512334
