subject,nll,bic,model,wp,wp_rec,beta,beta_rec,nll_rec
136-alternatives,32.39081253455141,73.27861555320153,wa,0.9530164218045839,0.9707485057761368,11.351117255783176,17.38085168400057,19.629288012404277
