subject,nll,bic,model,wp,wp_rec,beta,beta_rec,nll_rec
7-alternatives,37.29783743434889,83.0926653527965,wa,0.9342502769543877,0.9375391769602807,8.256387905511138,12.024355655630679,32.11293143651594
