subject,nll,bic,model,wp,wp_rec,beta,beta_rec,nll_rec
46-attributes,15.278681628034025,39.05435374016677,wa,0.9386540478346808,0.9401796831811624,33.31380086768789,41.47961619813801,12.010596637314274
