subject,nll,bic,model,wp,wp_rec,beta,beta_rec,nll_rec
104-alternatives,31.63223331253901,71.64377610913087,wa,0.9340007279512842,0.9346912451075783,10.692181464854473,6.400018281656193,37.99374904261392
