subject,nll,bic,model,wp,wp_rec,beta,beta_rec,nll_rec
22-attributes,24.180294257567645,56.85757899923401,wa,0.95401718834839,0.9559703387687603,18.636362606555547,23.60404273729087,19.726844930128536
