subject,nll,bic,model,wp,wp_rec,beta,beta_rec,nll_rec
98-attributes,25.7590301499223,60.015050783943316,wa,0.9316801940525204,0.9214319367774637,16.938814240224108,18.68602863704497,23.256253139492337
