subject,nll,bic,model,wp,wp_rec,beta,beta_rec,nll_rec
28-attributes,21.166556358965096,50.83010320202891,wa,0.9313524377944613,0.9360029600120386,22.347509254776966,32.055675354122315,15.667836546898235
