subject,nll,bic,model,wp,wp_rec,beta,beta_rec,nll_rec
12-alternatives,30.595948586397146,69.68888765689302,wa,0.9422586889022565,0.9463644308775017,13.48332666345151,10.144283782715668,34.62132122504402
