subject,nll,bic,model,wp,wp_rec,beta,beta_rec,nll_rec
42-alternatives,15.44173022435014,39.380450932799,wa,0.9432774025077691,0.9446780189209499,34.9243052883599,35.18924438672332,15.622395079467298
