subject,nll,bic,model,wp,wp_rec,beta,beta_rec,nll_rec
135-attributes,42.561720626294175,93.62043173668707,wa,0.7947967245619014,0.8746010731933068,1.8200186759296355,2.954677497377799,43.51516202558309
