subject,nll,bic,model,wp,wp_rec,beta,beta_rec,nll_rec
111-alternatives,31.040150050028984,70.57729058415669,wa,0.8755465189025934,0.8859974616355223,8.04176391401144,9.654421874667936,29.523434571478656
