subject,nll,bic,model,wp,wp_rec,beta,beta_rec,nll_rec
39-attributes,31.671535372199504,71.84006122849773,wa,0.9092941855085102,0.902888113386121,9.903992856792158,9.89359821828602,30.89333743583872
