subject,nll,bic,model,wp,wp_rec,beta,beta_rec,nll_rec
147-attributes,29.04386986778556,66.58473021966984,wa,0.9421188547774484,0.9492342495425078,14.65071434778831,16.698156749444646,26.80328252051597
