subject,nll,bic,model,wp,wp_rec,beta,beta_rec,nll_rec
23-attributes,30.422321836501457,69.34163415710164,wa,0.9575103476389178,0.9565015716715147,11.934802341197983,13.042631490363819,29.240677619532313
