subject,nll,bic,model,wp,wp_rec,beta,beta_rec,nll_rec
99-alternatives,32.4105454522415,73.31808138858172,wa,0.9375232106652595,0.931846239291869,11.788384738626045,12.338175177111138,31.207477086387236
