subject,nll,bic,model,wp,wp_rec,beta,beta_rec,nll_rec
127-alternatives,29.494563884674452,67.48611825344763,wa,0.9369686302885731,0.9396383571064967,14.196934595614108,23.66633003147624,21.336131790634138
