subject,nll,bic,model,wp,wp_rec,beta,beta_rec,nll_rec
16-alternatives,21.119424234549694,50.735838953198105,wa,0.9483947856910164,0.9452073256109,24.786837174540246,25.190241511654293,20.912883115375855
