subject,nll,bic,model,wp,wp_rec,beta,beta_rec,nll_rec
44-alternatives,19.602967291801704,47.702925067702125,wa,0.9768009593601297,0.9768074623898085,15.629831511634606,13.622633310859964,22.466935697382993
