subject,nll,bic,model,wp,wp_rec,beta,beta_rec,nll_rec
18-alternatives,28.41045868797851,65.31790786005574,wa,0.9273199325218267,0.9288591444379648,14.1750830729548,17.935945711269994,24.717487939278598
