subject,nll,bic,model,wp,wp_rec,beta,beta_rec,nll_rec
178-attributes,35.516854270436475,79.53069902497167,wa,0.959807175922363,0.9584876673538235,8.319689022312845,7.93477092204748,36.390176822664095
