subject,nll,bic,model,wp,wp_rec,beta,beta_rec,nll_rec
195-attributes,19.666027500601796,47.82904548530231,wa,0.9592405000712578,0.9628302607969587,21.895178132639167,17.303284697882745,22.41582542784865
