subject,nll,bic,model,wp,wp_rec,beta,beta_rec,nll_rec
192-alternatives,-5.933944988816905e-05,8.496871805198943,wa,0.9910607133870861,0.9910607133870861,199.99962001256006,199.99962001256006,-5.933944988816905e-05
