subject,nll,bic,model,wp,wp_rec,beta,beta_rec,nll_rec
53-alternatives,21.7273379124665,51.951666309031715,wa,0.9449213751447494,0.9373101703455645,23.907358555667603,19.89409163172523,23.987030477934294
