subject,nll,bic,model,wp,wp_rec,beta,beta_rec,nll_rec
43-alternatives,35.557307752935216,79.61160598996915,wa,0.95717387398367,0.9978979104814639,8.756905137428824,4.179414688934188,39.713083632275385
