subject,nll,bic,model,wp,wp_rec,beta,beta_rec,nll_rec
197-attributes,-6.792179267137408e-05,8.438879566766872,wa,0.9999693250191967,0.9999693250191967,199.9995753544324,199.9995753544324,-6.792179267137408e-05
