subject,nll,bic,model,wp,wp_rec,beta,beta_rec,nll_rec
0-attributes,37.01181465485745,82.52061979381362,wa,0.9300891809662304,0.9476200568099222,8.093248509115313,6.389920957937559,40.038546929826545
