subject,nll,bic,model,wp,wp_rec,beta,beta_rec,nll_rec
73-alternatives,21.165532448827445,50.79927790684941,wa,0.9475261833558386,0.9481188783942979,24.521920755313786,35.812078095826315,15.730328405046999
