subject,nll,bic,model,wp,wp_rec,beta,beta_rec,nll_rec
21-alternatives,30.035475515839863,68.56794151577844,wa,0.9127450005172969,0.9064073187993896,11.471823426058773,16.869386287219235,24.021884794918112
