subject,nll,bic,model,wp,wp_rec,beta,beta_rec,nll_rec
46-alternatives,35.17790527604029,78.8528010361793,wa,0.9350211071370806,0.9405890270576114,9.660099603254977,6.643648293976869,40.07470089602419
