subject,nll,bic,model,wp,wp_rec,beta,beta_rec,nll_rec
44-attributes,19.91311688360018,48.323224251299074,wa,0.9631508409400605,0.9664203305979671,19.70059527736279,16.250954024507543,22.204996585481965
