subject,nll,bic,model,wp,wp_rec,beta,beta_rec,nll_rec
140-attributes,23.684310415300203,55.86561131469912,wa,0.9597950803365943,0.9574461338082251,17.17185464521556,12.080804284634912,30.243457072386075
