subject,nll,bic,model,wp,wp_rec,beta,beta_rec,nll_rec
72-attributes,27.048928519916235,62.56607004902699,wa,0.9798102893482843,0.9732622503715083,10.007350806916312,9.12808198419267,30.646263450093567
