subject,nll,bic,model,wp,wp_rec,beta,beta_rec,nll_rec
125-attributes,19.85905826275003,48.215107009598775,wa,0.9498332815091636,0.9523245909165483,26.310150116832617,28.297684568196875,18.203432587545773
