subject,nll,bic,model,wp,wp_rec,beta,beta_rec,nll_rec
81-attributes,33.72535087938795,75.94769224287462,wa,0.9151428080130327,0.9306909924765897,9.11412176830393,11.438131732111072,31.986535832725895
