subject,nll,bic,model,wp,wp_rec,beta,beta_rec,nll_rec
6-alternatives,18.45541949806865,45.40782948023602,wa,0.950228958144267,0.9427902911744807,29.152057594891694,35.30711289239712,15.159424651957973
