subject,nll,bic,model,wp,wp_rec,beta,beta_rec,nll_rec
131-alternatives,26.7462639699683,61.98951842403532,wa,0.9132104790146641,0.9205343179898492,14.267281651705634,19.4428686179571,22.844583087689383
