subject,nll,bic,model,wp,wp_rec,beta,beta_rec,nll_rec
109-attributes,39.05407816209458,86.54717173454137,wa,0.9132422013435181,0.9228523206493422,5.945722230086847,8.906989436525057,34.627264293474106
