subject,nll,bic,model,wp,wp_rec,beta,beta_rec,nll_rec
75-alternatives,30.870029672553883,70.23704982920648,wa,0.9706589671224863,0.9763007230246542,9.827352211997669,10.328331796782997,28.356532893554967
