subject,nll,bic,model,wp,wp_rec,beta,beta_rec,nll_rec
113-attributes,29.848086110617558,68.19316270533383,wa,0.7278734652224012,0.7855103188309496,3.1621277603966225,3.0433708889430133,35.46507834747998
