subject,nll,bic,model,wp,wp_rec,beta,beta_rec,nll_rec
19-attributes,25.242354306681513,58.98169909746174,wa,0.9175693020170742,0.9200776290329196,15.981186098375591,15.442335466496852,25.975708665177486
