subject,nll,bic,model,wp,wp_rec,beta,beta_rec,nll_rec
50-attributes,21.528987638163233,51.55496576042518,wa,0.8030415566241771,0.7552229072002316,8.560590409356237,5.275811895443383,23.736845954925556
