subject,nll,bic,model,wp,wp_rec,beta,beta_rec,nll_rec
64-alternatives,33.592205562636465,75.68140160937165,wa,0.9474523285561335,0.9341868936533042,10.871986875140857,10.457790820061161,33.96669270549457
