subject,nll,bic,model,wp,wp_rec,beta,beta_rec,nll_rec
116-attributes,25.742515439879643,59.982021363858,wa,0.9436288534137725,0.942956850527918,18.215117502354314,38.69864171907361,13.674574341834708
