subject,nll,bic,model,wp,wp_rec,beta,beta_rec,nll_rec
85-alternatives,17.449224944463232,43.39544037302518,wa,0.9824589782189483,0.9789616681536838,15.871644034364092,13.984723568314724,21.206040830436635
