subject,nll,bic,model,wp,wp_rec,beta,beta_rec,nll_rec
171-attributes,27.9485859336191,64.39416235133692,wa,0.9043992268252458,0.9152543360690271,12.152641363864143,12.57101990551708,28.63326914215287
