subject,nll,bic,model,wp,wp_rec,beta,beta_rec,nll_rec
48-alternatives,40.46120975002921,89.41940998415714,wa,0.8720249024948397,0.7934575707427084,4.013583937741662,2.885624727079404,37.1924579151022
