subject,nll,bic,model,wp,wp_rec,beta,beta_rec,nll_rec
180-attributes,27.046468860000022,62.58992820409876,wa,0.9464533738810913,0.9430484056557918,16.690981011166436,11.332879650281038,32.827333114690035
