subject,nll,bic,model,wp,wp_rec,beta,beta_rec,nll_rec
26-alternatives,17.292910378144835,43.08281124038839,wa,0.9772346378165343,0.9867486689122844,17.38782604977672,13.79057172120032,19.118587496771333
