subject,nll,bic,model,wp,wp_rec,beta,beta_rec,nll_rec
39-alternatives,29.759023740868034,68.0150379658348,wa,0.8996104013350819,0.8904630790910623,10.559957359305393,9.032643543761239,31.058473511374373
