subject,nll,bic,model,wp,wp_rec,beta,beta_rec,nll_rec
94-alternatives,26.21299493873466,60.92298036156804,wa,0.923477625071399,0.9262701835243793,15.784383156194968,19.771361634176483,22.917427772454662
