subject,nll,bic,model,wp,wp_rec,beta,beta_rec,nll_rec
80-attributes,25.502129018117166,59.50124852033305,wa,0.9238570076585826,0.9235044867523018,16.30707193619669,20.477820580663128,22.044754500730377
