subject,nll,bic,model,wp,wp_rec,beta,beta_rec,nll_rec
77-alternatives,28.639966241901202,65.77692296790113,wa,0.9731734987703322,1.0,10.655268427470098,8.84112997356643,25.42008832129677
