subject,nll,bic,model,wp,wp_rec,beta,beta_rec,nll_rec
186-alternatives,33.81692270710976,76.13083589831824,wa,0.9007783555118831,0.9010460236852198,8.216710447464846,11.30839615717549,28.89477177346716
