subject,nll,bic,model,wp,wp_rec,beta,beta_rec,nll_rec
96-attributes,29.490508886915723,67.44923078302597,wa,0.9327182866574669,0.9279603202111069,13.00289981853112,22.94754139583776,19.87065133081482
