subject,nll,bic,model,wp,wp_rec,beta,beta_rec,nll_rec
100-attributes,40.55212863243328,89.60124774896528,wa,0.9328065609674812,0.9275181149310632,6.131286998216879,4.8861028278437955,42.63343021184681
