subject,nll,bic,model,wp,wp_rec,beta,beta_rec,nll_rec
143-alternatives,41.522824572669585,91.54263962943789,wa,0.9148493065822132,0.8924994825117282,5.217130442424504,2.457431911387402,45.86987146738767
