subject,nll,bic,model,wp,wp_rec,beta,beta_rec,nll_rec
27-attributes,33.58048141843027,75.65795332095925,wa,0.9057123717487475,0.8761431378603722,8.531575839517307,5.656623692934931,36.143055156556144
