subject,nll,bic,model,wp,wp_rec,beta,beta_rec,nll_rec
38-attributes,33.71675383190902,75.93049814791675,wa,0.9299816354296105,0.9201773810626244,10.171556501184275,8.557815129020959,35.292553779503564
