subject,nll,bic,model,wp,wp_rec,beta,beta_rec,nll_rec
112-alternatives,6.580452473471932,21.657895431042583,wa,0.9468007289192476,0.9494606884853617,87.42314421236661,59.535677864763265,10.294336407211684
