subject,nll,bic,model,wp,wp_rec,beta,beta_rec,nll_rec
136-attributes,25.261447539390012,59.01988556287874,wa,0.9626135174334669,0.9682582455650798,14.85965104926483,14.010369477455942,24.38655180366666
