subject,nll,bic,model,wp,wp_rec,beta,beta_rec,nll_rec
48-attributes,37.84147327598971,84.17993703607814,wa,0.8673827718337718,0.8901848822564006,4.65793045939478,6.358420030117659,36.13902599547085
