subject,nll,bic,model,wp,wp_rec,beta,beta_rec,nll_rec
102-alternatives,27.38860765611247,63.274205796323656,wa,0.9344528436033899,0.9342063738231741,15.901432907184413,11.554930136812025,32.4639682309913
