subject,nll,bic,model,wp,wp_rec,beta,beta_rec,nll_rec
120-alternatives,31.94406171502789,72.3851139141545,wa,0.9498219026347411,0.9583806872061387,12.026310579939608,17.799716814347487,23.876343946220416
