subject,nll,bic,model,wp,wp_rec,beta,beta_rec,nll_rec
77-attributes,23.023888130697532,54.54476674549378,wa,0.9820765430841336,0.9686587598523773,11.96397712335845,13.593138923761407,24.83407225617467
