subject,nll,bic,model,wp,wp_rec,beta,beta_rec,nll_rec
45-alternatives,18.05826458847709,44.6135196610529,wa,0.7501790016837243,0.8105337402991692,7.5247028442867645,9.489474166644856,21.232727676889997
