subject,nll,bic,model,wp,wp_rec,beta,beta_rec,nll_rec
34-alternatives,36.901675964826566,82.24236734000534,wa,0.908619024110922,0.9207849171007094,6.509151623464257,9.926731600160437,32.1219144756926
