subject,nll,bic,model,wp,wp_rec,beta,beta_rec,nll_rec
146-attributes,24.454893458762122,57.40677740162296,wa,0.9491925851784788,0.9446369078006536,19.509415353133726,27.178235918272165,19.503206026321983
