subject,nll,bic,model,wp,wp_rec,beta,beta_rec,nll_rec
81-alternatives,32.44737269105705,73.36295839130861,wa,0.9292423578035901,0.9332586548522238,10.941491066192013,10.296114729807465,33.69326879955888
