subject,nll,bic,model,wp,wp_rec,beta,beta_rec,nll_rec
149-alternatives,4.627323183413806,17.664031605609544,wa,0.9963370430557302,1.0,29.176117732463478,25.9857309108595,5.465253738752527
