subject,nll,bic,model,wp,wp_rec,beta,beta_rec,nll_rec
62-attributes,13.723313728827332,35.94361794175338,wa,0.9469586610560627,0.9478336508604507,41.35774442680494,41.32395508398708,13.849334289921549
