subject,nll,bic,model,wp,wp_rec,beta,beta_rec,nll_rec
6-attributes,21.880142644663334,52.257275773425384,wa,0.9518810478232801,0.9558522644888663,22.36931905691842,16.200694337075664,25.922055543368472
