subject,nll,bic,model,wp,wp_rec,beta,beta_rec,nll_rec
3-attributes,21.00803160631948,50.51305369673768,wa,0.9486748495208438,0.9502268827236329,24.60761512334774,34.21804166715236,16.079932458705827
