subject,nll,bic,model,wp,wp_rec,beta,beta_rec,nll_rec
135-alternatives,36.61742821867121,81.73184692144113,wa,0.7027438258165943,0.0,1.8924125219548262,0.4582715569333764,37.08172736797711
