subject,nll,bic,model,wp,wp_rec,beta,beta_rec,nll_rec
22-alternatives,29.486324654489035,67.4696397930768,wa,0.9647661997981876,0.9542886447676538,11.583624192431497,12.285659356241974,30.991628720748693
