subject,nll,bic,model,wp,wp_rec,beta,beta_rec,nll_rec
155-attributes,25.42844641487748,59.35388331385368,wa,0.9577250149401025,0.9535939817040391,16.145519231006094,19.297708134415366,23.742277282990486
