subject,nll,bic,model,wp,wp_rec,beta,beta_rec,nll_rec
184-attributes,8.448574411334992,25.3941393067687,wa,1.0,1.0,19.83201405007154,18.896850909668938,9.22273831045221
