subject,nll,bic,model,wp,wp_rec,beta,beta_rec,nll_rec
25-alternatives,21.85001071072831,52.197011905555335,wa,0.9041297458826838,0.9046966040652121,20.506529371772228,54.569858893661056,13.92445144910218
