subject,nll,bic,model,wp,wp_rec,beta,beta_rec,nll_rec
155-alternatives,21.425351773485527,51.34769403106977,wa,0.9571768196505982,0.9556828370429816,21.049817599840775,23.92768662791476,19.841941375015573
