subject,nll,bic,model,wp,wp_rec,beta,beta_rec,nll_rec
103-alternatives,32.1176758037069,72.73234209151252,wa,0.9568419115544484,0.9608724081185431,11.074342809827526,8.797368209504276,34.891180205748185
