subject,nll,bic,model,wp,wp_rec,beta,beta_rec,nll_rec
197-alternatives,2.2493117622581362,12.966836533710792,wa,0.9745740391746691,0.9910607132855416,199.77616606647433,199.9996200224525,-5.83394504113449e-05
