subject,nll,bic,model,wp,wp_rec,beta,beta_rec,nll_rec
192-attributes,-6.992179167121022e-05,8.496850640515376,wa,0.9999693250205519,0.9999693250205519,199.9995753544324,199.9995753544324,-6.992179167121022e-05
