subject,nll,bic,model,wp,wp_rec,beta,beta_rec,nll_rec
36-attributes,70.54365548852209,150.9705958222628,wa,0.9560567222567034,0.9517678024744337,8.802483238463127,9.417486672489147,69.72569773331321
