subject,nll,bic,model,wp,wp_rec,beta,beta_rec,nll_rec
137-alternatives,10.655349472861634,29.807689429821984,wa,0.6270131260480797,0.6309729145520144,6.9141269550636135,6.136248187875983,12.536549754966474
