subject,nll,bic,model,wp,wp_rec,beta,beta_rec,nll_rec
86-attributes,-6.992207128393404e-05,8.49685063995615,wa,0.9999931329689508,0.9999931329689508,199.99330488242373,199.99330488242373,-6.992207128393404e-05
