subject,nll,bic,model,wp,wp_rec,beta,beta_rec,nll_rec
36-alternatives,57.54489517576521,124.94429772184483,wa,0.9434506866395534,0.9450981436720689,14.766127642785612,10.82330334362747,66.44495965053204
