subject,nll,bic,model,wp,wp_rec,beta,beta_rec,nll_rec
7-attributes,34.68273767440544,77.86246583290959,wa,0.9233586493422664,0.9352153848539007,9.121050550940335,8.65149571349129,36.405181162713085
