subject,nll,bic,model,wp,wp_rec,beta,beta_rec,nll_rec
52-attributes,12.502078108692224,33.501146701483165,wa,0.9908507055040262,0.9893925410014476,17.56836031561788,20.325870141057575,10.298512424301945
