subject,nll,bic,model,wp,wp_rec,beta,beta_rec,nll_rec
132-attributes,29.009086941362078,66.51516436682287,wa,0.8996799830411618,0.8887521292222119,10.915992601975988,9.821901954912976,29.32694252907789
