subject,nll,bic,model,wp,wp_rec,beta,beta_rec,nll_rec
59-attributes,27.62686756461728,63.721948138429084,wa,0.9115106827679165,0.9038833740761666,12.57714780332712,24.005884093693645,20.06059245707353
