subject,nll,bic,model,wp,wp_rec,beta,beta_rec,nll_rec
58-attributes,23.943394656691627,56.355002322577775,wa,0.9382006039164382,0.9373476676769261,19.185951416744846,23.98279756766452,20.14662599623531
