subject,nll,bic,model,wp,wp_rec,beta,beta_rec,nll_rec
83-alternatives,22.34762465040379,53.1922397849063,wa,0.9466539106001002,0.9475514419896626,23.01971085699643,22.384804551155145,22.744626590221646
