subject,nll,bic,model,wp,wp_rec,beta,beta_rec,nll_rec
51-attributes,37.11437393941387,82.63813311760968,wa,0.7977824284831517,0.8396198830312018,2.730718308360772,4.611010577781845,34.06787470039167
