subject,nll,bic,model,wp,wp_rec,beta,beta_rec,nll_rec
16-attributes,23.99394700965697,56.48488450341266,wa,0.9481669376451021,0.9458959571564545,20.261731735146896,26.332016277301673,20.07627653352669
