subject,nll,bic,model,wp,wp_rec,beta,beta_rec,nll_rec
80-alternatives,28.796963578013685,66.0909176401261,wa,0.8981683086918113,0.8818864588414587,11.138435529682791,15.078738928197776,23.20393489171666
