subject,nll,bic,model,wp,wp_rec,beta,beta_rec,nll_rec
172-attributes,20.185106353639682,48.86720319137808,wa,0.785350728790182,0.8213309142048302,8.174083251175889,9.798309229459283,21.795703791199184
