subject,nll,bic,model,wp,wp_rec,beta,beta_rec,nll_rec
127-attributes,29.435856653087917,67.33992631537035,wa,0.9110405170092669,0.9037080768766299,11.136218054911383,16.810719262091613,23.317590846584732
