subject,nll,bic,model,wp,wp_rec,beta,beta_rec,nll_rec
1-alternatives,26.933503579644526,62.36399764338777,wa,0.9293631543539803,0.917821846477509,15.741140460517588,12.084398121082819,29.827725613333346
