subject,nll,bic,model,wp,wp_rec,beta,beta_rec,nll_rec
110-attributes,2.249357287816095,12.99570505973091,wa,0.9718969222524945,0.973236030278929,199.60899012447635,199.23030816478948,2.772579095699988
