subject,nll,bic,model,wp,wp_rec,beta,beta_rec,nll_rec
196-alternatives,32.82094802272841,74.13888652955553,wa,0.9206754880903947,0.9169444922191728,10.259690742852069,5.52861830860741,41.05180756515806
