subject,nll,bic,model,wp,wp_rec,beta,beta_rec,nll_rec
74-attributes,35.59117926556581,79.50012469785096,wa,0.9644314576674616,1.0,6.010383675341313,3.733147156743484,37.110925558705176
