subject,nll,bic,model,wp,wp_rec,beta,beta_rec,nll_rec
20-attributes,27.938596962453435,64.3741844090056,wa,0.9577349753312933,0.9663729009331266,13.873051816203315,8.211486569490889,34.533010094441494
