subject,nll,bic,model,wp,wp_rec,beta,beta_rec,nll_rec
191-attributes,31.28004032187094,71.0570711278406,wa,0.8967062008186317,0.8979564859907555,9.193788629044223,28.617826061677548,18.83910649555966
