subject,nll,bic,model,wp,wp_rec,beta,beta_rec,nll_rec
100-alternatives,32.82145271740301,74.13989591890474,wa,0.9481869783214478,0.9542508078751045,11.435256828531779,13.04934608061238,30.067951238950542
