subject,nll,bic,model,wp,wp_rec,beta,beta_rec,nll_rec
125-alternatives,14.516051169871005,37.52909282384073,wa,0.9499803180016112,0.9503368503867374,39.090915710635656,46.2737598147515,12.507805694414206
