subject,nll,bic,model,wp,wp_rec,beta,beta_rec,nll_rec
179-alternatives,25.490628013977602,59.47824651205392,wa,0.7939505802306396,0.796673588675846,6.207242988891814,10.65639161656037,18.030068765950872
