subject,nll,bic,model,wp,wp_rec,beta,beta_rec,nll_rec
161-attributes,19.859058262750064,48.215107009598846,wa,0.9498332809864493,0.9487860299081324,26.310142045868865,29.87408954784059,18.150544769835893
