subject,nll,bic,model,wp,wp_rec,beta,beta_rec,nll_rec
142-attributes,14.276175998082342,37.049342480263405,wa,0.9332944128466623,0.9438546084004398,35.1557123869638,32.70684833713321,16.489514132348635
