subject,nll,bic,model,wp,wp_rec,beta,beta_rec,nll_rec
35-alternatives,18.875067320184154,46.247125124467026,wa,0.9534725646100409,0.9542769022897923,26.728642099979957,17.95770622238792,24.99032890548008
