subject,nll,bic,model,wp,wp_rec,beta,beta_rec,nll_rec
3-alternatives,24.438882692224304,57.374755868547325,wa,0.9504376235504318,0.9638639953198712,19.61989940355446,18.350866418157675,21.261571123067505
