subject,nll,bic,model,wp,wp_rec,beta,beta_rec,nll_rec
0-alternatives,25.672106502651477,59.84120348940167,wa,0.9273878130268162,0.9279649307641537,16.75548635648315,19.72224461877366,23.088488726138408
