subject,nll,bic,model,wp,wp_rec,beta,beta_rec,nll_rec
188-alternatives,29.42709872983761,67.35118794377394,wa,0.834422622204614,0.8224967460043968,6.475339720660137,7.122221314290511,26.654201845826243
