subject,nll,bic,model,wp,wp_rec,beta,beta_rec,nll_rec
30-alternatives,30.13144945188719,68.7598893878731,wa,0.9444761634947603,0.9491482519422347,13.914596906470246,11.705247848092625,32.40415869879823
