subject,nll,bic,model,wp,wp_rec,beta,beta_rec,nll_rec
144-alternatives,26.4849896430681,61.43819229533072,wa,0.9050514982759971,0.9086015273149343,13.130527763406551,16.942607416616834,23.425107894052516
