subject,nll,bic,model,wp,wp_rec,beta,beta_rec,nll_rec
154-alternatives,6.676623716510997,21.850237917120715,wa,0.9752509857595775,0.9745732763731247,36.50070397313661,199.8906599598862,2.249310542871918
