subject,nll,bic,model,wp,wp_rec,beta,beta_rec,nll_rec
116-alternatives,22.324836571739517,53.14666362757775,wa,0.9435988285802294,0.9433231524823232,22.91356736554499,24.297809065084284,21.346961470576446
