subject,nll,bic,model,wp,wp_rec,beta,beta_rec,nll_rec
27-alternatives,31.48149675328006,71.45998399065884,wa,0.9151435823492914,0.9087167980370532,10.67672251356875,8.19703208512718,34.85668985251365
