subject,nll,bic,model,wp,wp_rec,beta,beta_rec,nll_rec
93-alternatives,43.70243940732908,95.90186929875688,wa,0.9306199306312277,0.9166776362161237,4.465968652466099,4.950721805251222,42.18938070962193
