subject,nll,bic,model,wp,wp_rec,beta,beta_rec,nll_rec
159-attributes,28.912741107584935,66.29369522436438,wa,0.9266816982466008,0.9161056924237976,13.154123798961441,17.473539298132994,23.787948961136106
