subject,nll,bic,model,wp,wp_rec,beta,beta_rec,nll_rec
75-attributes,14.349029084903222,37.19504865390516,wa,0.9623117415823661,0.9523349792400161,27.58214358609703,33.29493445453016,15.872228701899877
