subject,nll,bic,model,wp,wp_rec,beta,beta_rec,nll_rec
69-alternatives,33.80932613774794,76.11564275959459,wa,0.9305790307446226,0.9323111941109488,10.350497785128132,20.690383837987437,22.716792859076037
