subject,nll,bic,model,wp,wp_rec,beta,beta_rec,nll_rec
138-alternatives,-6.999996499426464e-05,8.49685048416873,wa,0.16513397449726025,0.16513397449726025,133.96276921296894,133.96276921296894,-6.999996499426464e-05
