subject,nll,bic,model,wp,wp_rec,beta,beta_rec,nll_rec
156-attributes,14.533183257561992,37.563356999222705,wa,0.9429728452733201,0.9399888106570996,36.62317591293853,62.49822702700792,6.675227396656163
