subject,nll,bic,model,wp,wp_rec,beta,beta_rec,nll_rec
56-alternatives,14.373663010525894,37.24431650515051,wa,0.9664406523574401,0.9694018980214887,25.24016709270761,30.913362531987566,10.145210655666771
