subject,nll,bic,model,wp,wp_rec,beta,beta_rec,nll_rec
54-attributes,31.576099227394977,71.64918893888867,wa,0.9139962970716085,0.9269954741999513,10.340552662998052,11.543046045041134,31.428665856979233
