subject,nll,bic,model,wp,wp_rec,beta,beta_rec,nll_rec
141-attributes,11.222534527341153,30.942059538781024,wa,0.9504909675719628,0.9462388913447161,52.24235718510092,47.94323169363982,11.723834959121636
