subject,nll,bic,model,wp,wp_rec,beta,beta_rec,nll_rec
99-attributes,25.265217901168267,59.02742628643525,wa,0.9354808271580632,0.9328751527326457,17.9433357707808,15.295023761236113,27.583068751967854
