subject,nll,bic,model,wp,wp_rec,beta,beta_rec,nll_rec
71-alternatives,25.795909116407685,60.08880871691409,wa,0.9100235291211222,0.8986411209003482,14.959662559104576,19.837330135794947,21.94745925574326
