subject,nll,bic,model,wp,wp_rec,beta,beta_rec,nll_rec
189-alternatives,29.03297576494716,66.53416453908883,wa,0.9482246653417624,0.95087284359285,14.120817174054961,16.05107360790168,26.78268512280359
