subject,nll,bic,model,wp,wp_rec,beta,beta_rec,nll_rec
145-attributes,17.347604728007695,43.19219994011411,wa,0.9378016716031892,0.9389544011726281,29.217952473534726,20.866549093749917,23.173865671026814
