subject,nll,bic,model,wp,wp_rec,beta,beta_rec,nll_rec
61-attributes,29.795212184161425,68.08741485242157,wa,0.9353302496385676,0.9306975433100699,13.55213624309381,13.514143111310664,29.336810105349326
