subject,nll,bic,model,wp,wp_rec,beta,beta_rec,nll_rec
105-alternatives,25.604081479502298,59.70515344310331,wa,0.9275909346944609,0.924919356563176,16.84862696375089,20.883227056905152,22.003899579127776
