subject,nll,bic,model,wp,wp_rec,beta,beta_rec,nll_rec
78-attributes,24.264366800833507,57.02572408576573,wa,0.9267053228123865,0.9310201130300602,17.951316207055395,26.79749867496715,18.29103175868028
