subject,nll,bic,model,wp,wp_rec,beta,beta_rec,nll_rec
14-attributes,33.266170242393585,75.02933096888589,wa,0.9411137970282362,0.9336200688790511,10.98465336832659,9.592612674717579,34.876547992367044
