subject,nll,bic,model,wp,wp_rec,beta,beta_rec,nll_rec
164-alternatives,16.365869273474708,41.22872903104813,wa,0.944289436804171,0.9387399392715302,33.37315047519542,32.29256919563296,15.905601347624646
