subject,nll,bic,model,wp,wp_rec,beta,beta_rec,nll_rec
159-alternatives,31.857083978995753,72.21115844209022,wa,0.9165321413968313,0.9114151443503165,10.545214781211337,8.72062996395002,34.229983482131885
