subject,nll,bic,model,wp,wp_rec,beta,beta_rec,nll_rec
139-alternatives,26.88749266965689,62.12375987910505,wa,0.9276875522519697,0.9177773731450387,13.289045322976845,32.429376309226576,15.194008485369963
