subject,nll,bic,model,wp,wp_rec,beta,beta_rec,nll_rec
92-alternatives,34.244375598873496,76.98574168184571,wa,0.935391644653231,0.9292290103955225,10.321507179928243,15.798347760035893,26.85705471830343
