subject,nll,bic,model,wp,wp_rec,beta,beta_rec,nll_rec
52-alternatives,8.76682742799321,26.030645340085137,wa,0.9856873853575696,1.0,24.588822788538682,15.78450997443512,13.162390067082608
