subject,nll,bic,model,wp,wp_rec,beta,beta_rec,nll_rec
117-attributes,27.042676199532032,62.58234288316278,wa,0.9547462329656535,0.9579143858520108,15.37794142774237,13.55213042833769,28.27475697118457
