subject,nll,bic,model,wp,wp_rec,beta,beta_rec,nll_rec
123-attributes,19.787072355777987,48.07113519565469,wa,0.8986836369122617,0.8999018789445274,25.32808699032888,40.12118225345448,16.289940948386874
