subject,nll,bic,model,wp,wp_rec,beta,beta_rec,nll_rec
110-alternatives,2.249310542871918,12.995611569842556,wa,0.9745732763730337,0.9745732763732415,199.8906599598862,199.8906599598862,2.249310542871918
