subject,nll,bic,model,wp,wp_rec,beta,beta_rec,nll_rec
70-alternatives,26.965441697612018,62.42787387932275,wa,0.9085337552159538,0.9247261104932092,13.628037025743765,13.467981891300237,28.926608892867144
