subject,nll,bic,model,wp,wp_rec,beta,beta_rec,nll_rec
89-attributes,44.26394979497616,97.02489007405104,wa,0.8523151167013873,0.7990301545456295,2.222922720211964,1.4924305937029945,44.40328689229209
