subject,nll,bic,model,wp,wp_rec,beta,beta_rec,nll_rec
86-alternatives,12.022594689372543,32.5421798628438,wa,1.0,1.0,16.79668711280099,14.808941312134904,14.385041453743883
