subject,nll,bic,model,wp,wp_rec,beta,beta_rec,nll_rec
30-attributes,18.941868659471975,46.35195032813847,wa,0.9561107570511199,0.956423118641678,24.68447644524484,19.92360379522463,22.35038785968988
