subject,nll,bic,model,wp,wp_rec,beta,beta_rec,nll_rec
157-attributes,-6.992177775035927e-05,8.496850640543219,wa,0.9999970981429921,0.9999970981429921,199.94409757172764,199.94409757172764,-6.992177775035927e-05
