subject,nll,bic,model,wp,wp_rec,beta,beta_rec,nll_rec
65-attributes,20.71169223273506,49.92037494956884,wa,0.9425871291348128,0.942860350084022,24.862659715912443,32.32882973447066,16.48675319972567
