subject,nll,bic,model,wp,wp_rec,beta,beta_rec,nll_rec
147-alternatives,32.29312244443433,73.08323537296738,wa,0.9466739687358198,0.9516906842278685,11.948836651035348,9.14309258830445,35.63990410378199
