subject,nll,bic,model,wp,wp_rec,beta,beta_rec,nll_rec
60-attributes,31.440594542735738,71.3781795695702,wa,0.9447660482349226,0.9415489369466075,12.455243769776768,12.263028160838887,31.681670275906317
