subject,nll,bic,model,wp,wp_rec,beta,beta_rec,nll_rec
59-alternatives,25.69412186822089,59.8852342205405,wa,0.9046930801206069,0.916288838803232,14.594538391686179,37.976314865887,15.516019726104933
