subject,nll,bic,model,wp,wp_rec,beta,beta_rec,nll_rec
68-alternatives,7.2602530792192335,23.017496642537186,wa,0.2770216134550271,0.39976123387639556,3.7950408481952307,163.43316472039984,-6.999996499426464e-05
