subject,nll,bic,model,wp,wp_rec,beta,beta_rec,nll_rec
66-alternatives,22.383743932554815,53.264478349208346,wa,0.9443895848969114,0.9425121050581288,22.9035332959858,17.508873715534524,26.57297845703845
