subject,nll,bic,model,wp,wp_rec,beta,beta_rec,nll_rec
68-attributes,30.40682264410747,69.31063577231366,wa,0.0,0.5733524238914988,0.6721258098947849,1.5492608383071427,32.55985565024423
