subject,nll,bic,model,wp,wp_rec,beta,beta_rec,nll_rec
114-attributes,11.050416388320922,30.59782326074056,wa,0.9396885652004738,0.9430475182371121,44.066476174538316,61.33080966276729,7.40204872171587
