subject,nll,bic,model,wp,wp_rec,beta,beta_rec,nll_rec
40-alternatives,21.77974043101642,52.05647134613156,wa,0.9204936263414621,0.9195348086577685,21.0068808620712,22.614357814670257,20.813288219764996
