subject,nll,bic,model,wp,wp_rec,beta,beta_rec,nll_rec
71-attributes,31.103337739856023,70.70366596381076,wa,0.9034385898956886,0.8909664405952223,9.803964689245534,13.31519669185089,25.384804371059083
