subject,nll,bic,model,wp,wp_rec,beta,beta_rec,nll_rec
168-alternatives,15.276142450374433,39.04927538484758,wa,0.961806967137133,0.9705741298879824,26.798522502580916,26.548783018961345,12.020719242325566
