subject,nll,bic,model,wp,wp_rec,beta,beta_rec,nll_rec
79-alternatives,29.511087894361477,67.51916627282168,wa,0.9740641465690661,1.0,10.05835757559965,10.424924575848737,21.77601499556461
