subject,nll,bic,model,wp,wp_rec,beta,beta_rec,nll_rec
67-attributes,27.035201118558774,62.567392721216265,wa,0.9480751714645826,0.9457939526519885,16.577924176257515,12.795155889031285,31.01324900986312
