subject,nll,bic,model,wp,wp_rec,beta,beta_rec,nll_rec
107-alternatives,43.28760318181175,95.04341937281801,wa,0.9741200069539667,0.9695554641193503,3.5118712631406086,3.3416370184255455,43.93534349498337
