subject,nll,bic,model,wp,wp_rec,beta,beta_rec,b_last,b_last_rec,nll_rec
87-attributes,25.529038800458853,63.80356332706579,wa_b-last,0.9607555275280016,0.9512529926456521,15.279787906239907,23.546989478731167,-0.013595778302139958,-0.012194028827839294,21.255492540760926
