subject,nll,bic,model,wp,wp_rec,beta,beta_rec,b_last,b_last_rec,nll_rec
72-attributes,25.95024752321352,64.60281456021882,wa_b-last,0.9775892755080224,0.9706825299281039,11.219920882798483,20.153419067196676,-0.048360450105310725,-0.05802041839372581,17.44726649269121
