subject,nll,bic,model,wp,wp_rec,beta,beta_rec,b_last,b_last_rec,nll_rec
163-attributes,44.65538116272221,102.05624805159249,wa_b-last,0.9254594504849823,0.9516528785859204,3.740757945805639,4.068564380147643,-0.07996068340055168,-0.04146544191828392,44.178062701033326
