subject,nll,bic,model,wp,wp_rec,beta,beta_rec,b_last,b_last_rec,nll_rec
27-alternatives,31.18217507500346,75.109835876155,wa_b-last,0.915232819284466,0.9047445862614398,10.971659716786029,9.271395551027616,-0.02224177602011861,-0.003620078650558717,32.4551267268981
