subject,nll,bic,model,wp,wp_rec,beta,beta_rec,b_last,b_last_rec,nll_rec
189-alternatives,29.032858947875408,70.76803740954259,wa_b-last,0.9482264666789412,0.9464171810329625,14.12520477249245,13.965369206049425,-0.00035143246991703973,-7.329597478555431e-05,29.326527374714633
