subject,nll,bic,model,wp,wp_rec,beta,beta_rec,b_last,b_last_rec,nll_rec
150-alternatives,28.90149908379446,70.50531768138069,wa_b-last,0.8973034272786883,0.9013215059225861,9.453001380631742,12.099630585259419,0.06649087854772337,0.06644833853558711,25.374295253684625
