subject,nll,bic,model,wp,wp_rec,beta,beta_rec,b_last,b_last_rec,nll_rec
137-alternatives,9.800904582868364,32.34729489188481,wa_b-last,0.588296771793199,0.7031250528155568,6.3510412122068125,144.80339968390015,0.12675382176306701,-2.274633164792898e-08,2.7725147239871073
