subject,nll,bic,model,wp,wp_rec,beta,beta_rec,b_last,b_last_rec,nll_rec
29-alternatives,35.327548488769,83.40058270368607,wa_b-last,0.9489119792591221,0.9669656452925788,9.568040017586865,7.366987785978675,-0.04441935727771188,-0.08142419651861572,36.42872259849949
