subject,nll,bic,model,wp,wp_rec,beta,beta_rec,b_last,b_last_rec,nll_rec
22-attributes,23.95866167908444,60.66280908431696,wa_b-last,0.9539579756873815,0.9603455521891611,18.987869681539557,14.94811222426055,-0.012744163143105737,-0.021476938578091583,26.085771366706215
