subject,nll,bic,model,wp,wp_rec,beta,beta_rec,b_last,b_last_rec,nll_rec
31-alternatives,35.5684992127356,83.88248415161928,wa_b-last,0.8707776913321756,0.8768314867035871,5.443815863642197,5.9312489707594915,0.049786217959474216,0.030468182795810327,35.368613769019426
