subject,nll,bic,model,wp,wp_rec,beta,beta_rec,b_last,b_last_rec,nll_rec
22-alternatives,29.05337755973552,70.85224084561912,wa_b-last,0.9657788372173056,0.9668733755828606,11.313005255737947,11.331713920227353,0.026982839380418965,0.027462282592955082,28.711900226297374
