subject,nll,bic,model,wp,wp_rec,beta,beta_rec,b_last,b_last_rec,nll_rec
94-attributes,26.233514165672627,65.21251405749334,wa_b-last,0.9162744811705988,0.9160987145478101,14.79401720075371,17.68853961671914,-0.022343796213016635,-0.006645569597758426,23.742505235179888
