subject,nll,bic,model,wp,wp_rec,beta,beta_rec,b_last,b_last_rec,nll_rec
67-attributes,26.197106464499353,65.13969865514679,wa_b-last,0.9479931729249336,0.9427457829215641,17.460105527732086,20.38479528831803,-0.02569183224105576,-0.03799664960440663,23.636888561106804
