subject,nll,bic,model,wp,wp_rec,beta,beta_rec,b_last,b_last_rec,nll_rec
93-attributes,42.36367202090402,97.47282976795611,wa_b-last,0.9230146204631765,0.9461926334559576,4.6121920684112805,5.637564760443264,0.041859105450041595,0.04624267855923733,40.548980747620895
