subject,nll,bic,model,wp,wp_rec,beta,beta_rec,b_last,b_last_rec,nll_rec
103-alternatives,32.04985011999416,76.8451859661364,wa_b-last,0.9566408124754036,0.9765131931588799,11.243728328290052,7.8532052508716035,-0.010188929894811518,0.03131315577941077,32.93534598125211
