subject,nll,bic,model,wp,wp_rec,beta,beta_rec,b_last,b_last_rec,nll_rec
65-alternatives,19.31757876990377,51.38064326595561,wa_b-last,0.9470983603415728,0.9488558144166993,27.92148880162205,27.666000857439258,0.006335712484319583,0.018310677036558025,19.159693118731077
