subject,nll,bic,model,wp,wp_rec,beta,beta_rec,b_last,b_last_rec,nll_rec
154-alternatives,6.674993055012883,26.095471836173843,wa_b-last,0.9752676205414681,0.9616019792236781,36.45608245881111,49.942827601289224,0.0011399493298806466,0.011293877871687692,6.702249917347093
