subject,nll,bic,model,wp,wp_rec,beta,beta_rec,b_last,b_last_rec,nll_rec
28-alternatives,19.30498100291498,51.355447731978046,wa_b-last,0.9321376657642825,0.9288908402298247,25.415179593532272,26.506337350962816,0.0004455279190630085,0.01334429718277618,18.437562046257884
