subject,nll,bic,model,wp,wp_rec,beta,beta_rec,b_last,b_last_rec,nll_rec
132-attributes,25.264158480679573,63.27380268750723,wa_b-last,0.8994553500995102,0.8964196479951547,11.794105601844525,11.07226029789597,0.07961929334097367,0.0834631466414067,25.814473115067337
