subject,nll,bic,model,wp,wp_rec,beta,beta_rec,b_last,b_last_rec,nll_rec
179-alternatives,25.153173715917323,63.05183315798273,wa_b-last,0.796670603875604,0.7590099914565434,6.5840887794981,7.393574061123428,-0.04464246241381785,-0.18932789817740414,19.57177098724967
