subject,nll,bic,model,wp,wp_rec,beta,beta_rec,b_last,b_last_rec,nll_rec
70-attributes,21.16475869509203,55.07500311633214,wa_b-last,0.9375132930676737,0.9413000228395337,23.25696855717016,23.880697017771926,0.00030398652571779955,-0.0186127905433104,21.240861423557305
