subject,nll,bic,model,wp,wp_rec,beta,beta_rec,b_last,b_last_rec,nll_rec
136-attributes,24.91257385773928,62.57063344162664,wa_b-last,0.9630563767251482,0.9619890659880612,14.75336084951294,16.25003994077784,0.02016487379190944,0.02706360613940371,23.445765780159405
