subject,nll,bic,model,wp,wp_rec,beta,beta_rec,b_last,b_last_rec,nll_rec
97-alternatives,22.16602795527254,57.077541636693155,wa_b-last,0.9424997727620181,0.9452865909588273,21.847902615132806,20.61307978468152,0.038953887217779315,0.04599510654332565,22.724286426589025
