subject,nll,bic,model,wp,wp_rec,beta,beta_rec,b_last,b_last_rec,nll_rec
55-attributes,26.729297724004578,66.16091496180093,wa_b-last,0.9079886675283425,0.9099164289515125,12.948747764847276,12.394584173603787,0.027409093737253032,0.028065411787660356,27.538406557316236
