subject,nll,bic,model,wp,wp_rec,beta,beta_rec,b_last,b_last_rec,nll_rec
142-attributes,14.15915015899314,41.06378604413436,wa_b-last,0.9333141028483167,0.9372178841155783,35.43689878460518,39.31602095332424,0.006601859759795365,0.02709045407659566,13.048012774120524
