subject,nll,bic,model,wp,wp_rec,beta,beta_rec,b_last,b_last_rec,nll_rec
71-alternatives,25.608579140975447,63.96264400809898,wa_b-last,0.9100486785991737,0.9160515379495019,15.20240539803074,22.31097492802234,-0.01392025324207499,-0.012533076196646174,20.960569501456376
