subject,nll,bic,model,wp,wp_rec,beta,beta_rec,b_last,b_last_rec,nll_rec
170-attributes,24.419623733037973,61.58473319222402,wa_b-last,0.9477805114968801,0.9392008172471068,19.78160086901353,31.858655100665494,-0.005706799880399424,-0.050019706250658415,16.709262140225782
