subject,nll,bic,model,wp,wp_rec,beta,beta_rec,b_last,b_last_rec,nll_rec
156-attributes,14.056346909206738,40.85817954456155,wa_b-last,0.9429371312284303,0.9468221244602468,38.014183925206055,200.0,0.01277173650669849,0.0076120318082080534,1.9500078030721242
