subject,nll,bic,model,wp,wp_rec,beta,beta_rec,b_last,b_last_rec,nll_rec
199-alternatives,34.50683678427981,81.7591592947077,wa_b-last,0.8800725368785014,0.8773319512625588,6.641774768648576,6.73051252939544,-0.00027019973973842936,-0.06619929448648437,34.10849356161612
