subject,nll,bic,model,wp,wp_rec,beta,beta_rec,b_last,b_last_rec,nll_rec
68-alternatives,6.166839929968111,25.0791655860843,wa_b-last,0.35322460457727634,0.0,6.55501302486351,2.7080500450773566,-0.30299609127817995,0.10468443957843271,6.704012410755186
