subject,nll,bic,model,wp,wp_rec,beta,beta_rec,b_last,b_last_rec,nll_rec
96-alternatives,32.22303439554359,77.19155451723526,wa_b-last,0.9372838590850097,0.9381947668547003,11.750570704384684,22.084305524666853,0.012390697360597948,0.039872245673270496,21.64718871160662
