subject,nll,bic,model,wp,wp_rec,beta,beta_rec,b_last,b_last_rec,nll_rec
12-alternatives,29.107951232383023,70.96138819091412,wa_b-last,0.9423375766553101,0.9480232062781481,13.762780239431828,18.631076773834206,0.040187961307775376,0.008022055367050194,25.421017280343804
