subject,nll,bic,model,wp,wp_rec,beta,beta_rec,b_last,b_last_rec,nll_rec
10-alternatives,30.472466836898132,73.69041939994435,wa_b-last,0.9316596152354331,0.9370036970444015,12.757646369560776,18.51405662005447,0.011241873844491964,-0.005423030453709282,25.20239242836748
