subject,nll,bic,model,wp,wp_rec,beta,beta_rec,b_last,b_last_rec,nll_rec
42-attributes,14.17044671350509,41.08637915315826,wa_b-last,0.9472746562316046,0.9476470135481729,39.932156518937774,94.87022030857939,0.01146759205468676,0.02669552845379259,5.680534085737909
