subject,nll,bic,model,wp,wp_rec,beta,beta_rec,b_last,b_last_rec,nll_rec
162-attributes,40.22153413939778,93.18855400494364,wa_b-last,0.8917957207208871,0.8958276954850477,4.643373608986473,6.38731126455988,0.02460417208056664,0.03849507438627364,36.131143801081606
