subject,nll,bic,model,wp,wp_rec,beta,beta_rec,b_last,b_last_rec,nll_rec
4-alternatives,41.544615689999695,95.83471710614747,wa_b-last,0.8741965640440386,0.827412806952836,3.7082535902626272,2.2661655862276904,0.000931763517060955,0.051234078922223564,42.41515024576414
