subject,nll,bic,model,wp,wp_rec,beta,beta_rec,b_last,b_last_rec,nll_rec
195-attributes,19.599167512695864,51.9438207515398,wa_b-last,0.9591986092148294,0.9594646778397545,22.07103229524168,19.232220135383148,-0.006783251603394236,0.0012282597585234042,21.818626718251352
