subject,nll,bic,model,wp,wp_rec,beta,beta_rec,b_last,b_last_rec,nll_rec
194-alternatives,39.70683218713901,92.15915010042609,wa_b-last,0.9047567814945167,0.7289818920339771,4.440155279682346,0.7455014150069807,0.1260322735567267,1.0,41.79314610699386
