subject,nll,bic,model,wp,wp_rec,beta,beta_rec,b_last,b_last_rec,nll_rec
11-attributes,34.20788993854667,81.16126560324142,wa_b-last,0.9020183472167489,0.8949685225028843,7.809851935058609,7.145461415548235,0.019332326983652164,0.0463502853786926,34.138216052423296
