subject,nll,bic,model,wp,wp_rec,beta,beta_rec,b_last,b_last_rec,nll_rec
30-attributes,18.866147835683464,50.434615185158705,wa_b-last,0.9560928158434043,0.9641901222461319,24.865698707173035,20.790284708935886,-0.006508050484225211,-0.032844395998127225,18.948526301394452
