subject,nll,bic,model,wp,wp_rec,beta,beta_rec,b_last,b_last_rec,nll_rec
172-alternatives,19.592994350225265,51.93147442659861,wa_b-last,0.8400874521518877,0.8156014655027276,13.708051537207137,9.609615665817735,0.012944608946989462,0.06487907232441104,20.732177824416212
