subject,nll,bic,model,wp,wp_rec,beta,beta_rec,b_last,b_last_rec,nll_rec
135-alternatives,36.52450363754019,85.79449300122846,wa_b-last,0.6841070744066643,0.652734402237124,1.7327841725472577,1.3511927549044647,0.0732402866430248,-0.006175274578358017,38.71655803752291
