subject,nll,bic,model,wp,wp_rec,beta,beta_rec,b_last,b_last_rec,nll_rec
78-alternatives,23.668488239421873,60.08246220499183,wa_b-last,0.9099093547048288,0.9113140148951363,17.487968900841377,13.28701947773685,0.00831133116581643,0.010861595321952848,27.455699252623972
