subject,nll,bic,model,wp,wp_rec,beta,beta_rec,b_last,b_last_rec,nll_rec
166-attributes,18.353427285331996,49.45234029681207,wa_b-last,0.8568304819442099,0.8409587579172951,16.859230389836785,41.66236806620469,0.030366178106302197,0.06908608431374469,7.864748298035768
