subject,nll,bic,model,wp,wp_rec,beta,beta_rec,b_last,b_last_rec,nll_rec
125-alternatives,14.077233218010278,40.89995216216863,wa_b-last,0.9499790224160728,0.950955113715173,40.42149125859093,41.76323865456237,-0.011156794587591608,0.0001082216059433181,13.503661068275818
