subject,nll,bic,model,wp,wp_rec,beta,beta_rec,b_last,b_last_rec,nll_rec
104-attributes,30.557135860371197,73.85975744689047,wa_b-last,0.9469047560467511,0.9425819803798611,13.114900977238781,9.11645374941944,0.002801880973253123,-0.02910099003815417,35.99129223535286
