subject,nll,bic,model,wp,wp_rec,beta,beta_rec,b_last,b_last_rec,nll_rec
106-attributes,35.055008782844034,82.85550329183614,wa_b-last,0.8333609101632347,0.8895572618773133,3.4410923696380253,7.2277544732967165,0.20544277227102728,0.04643014805643641,33.302056436506575
