subject,nll,bic,model,wp,wp_rec,beta,beta_rec,b_last,b_last_rec,nll_rec
46-alternatives,32.54938957867257,77.84426488349321,wa_b-last,0.9350536962924578,0.9318422746544499,9.83774132080919,14.102742342821259,0.06975937319525337,0.05644396688031983,27.325648696015183
