subject,nll,bic,model,wp,wp_rec,beta,beta_rec,b_last,b_last_rec,nll_rec
67-alternatives,19.615796425049577,51.97707857624724,wa_b-last,0.9580361367156937,0.9515577487734149,23.218986083789602,24.382605190156006,-0.02036598340867308,0.0007651616435813736,20.843859630900464
