subject,nll,bic,model,wp,wp_rec,beta,beta_rec,b_last,b_last_rec,nll_rec
185-alternatives,29.60757303759813,71.96063180134433,wa_b-last,0.9045630702050552,0.9261299176514078,10.787664577452205,12.571885236222814,0.023223600175583423,0.04431658802881357,29.090809688925546
