subject,nll,bic,model,wp,wp_rec,beta,beta_rec,b_last,b_last_rec,nll_rec
147-attributes,28.086316231254504,68.91811818865709,wa_b-last,0.9421386074736855,0.9421362817574017,14.893983019126093,13.816517536081893,0.030485976328708468,0.047167929375089054,28.49550646623705
