subject,nll,bic,model,wp,wp_rec,beta,beta_rec,b_last,b_last_rec,nll_rec
10-attributes,28.938684242247252,70.62285421064259,wa_b-last,0.948620291496398,0.958903605856713,14.599688325593265,13.291318229814262,-0.019521139834526698,0.011778807051635374,28.135665101501463
