subject,nll,bic,model,wp,wp_rec,beta,beta_rec,b_last,b_last_rec,nll_rec
177-attributes,27.02967126569351,66.80482825753509,wa_b-last,0.9291710310972111,0.9391633128734204,14.564999594525258,13.411012059935668,0.039963152782691455,0.04033635322347589,29.183787932154782
