subject,nll,bic,model,wp,wp_rec,beta,beta_rec,b_last,b_last_rec,nll_rec
5-attributes,16.62346951774776,45.992424761643605,wa_b-last,0.8347165112174333,0.861309653884993,16.541315303718772,15.96925743035694,0.011707822956634176,-0.009308317594331888,19.858001653710836
