subject,nll,bic,model,wp,wp_rec,beta,beta_rec,b_last,b_last_rec,nll_rec
134-alternatives,35.51147326061401,83.7684322473761,wa_b-last,0.9286623739584678,0.9174657641368738,9.0475428759997,5.790919156025417,0.007797010342756807,0.03155181198655325,40.063120247484306
