subject,nll,bic,model,wp,wp_rec,beta,beta_rec,b_last,b_last_rec,nll_rec
131-alternatives,26.71516544946611,66.1758166250803,wa_b-last,0.9132189496064428,0.9289855343237589,14.339708798372092,11.081298210683162,-0.00589079980148254,-0.05383788108108954,32.42827852488018
