subject,nll,bic,model,wp,wp_rec,beta,beta_rec,b_last,b_last_rec,nll_rec
148-alternatives,25.16917502976957,63.083835785687214,wa_b-last,0.9518389210414172,0.9617735886312917,18.083303681554636,17.90455983415853,0.015347850192278417,0.01069648660135596,22.379506826977057
