subject,nll,bic,model,wp,wp_rec,beta,beta_rec,b_last,b_last_rec,nll_rec
0-alternatives,25.582987509322656,63.91146074479339,wa_b-last,0.9273902583281363,0.9182675842550974,16.733791014347347,11.432126554455966,0.00878406545508247,0.01278757870184309,30.57797833177377
