subject,nll,bic,model,wp,wp_rec,beta,beta_rec,b_last,b_last_rec,nll_rec
127-alternatives,28.90280075917139,70.55108724449086,wa_b-last,0.9369608499757376,0.9339445871376043,14.255282182722476,16.55302738824212,0.02473374253217419,0.03737085542369809,25.80194284063471
