subject,nll,bic,model,wp,wp_rec,beta,beta_rec,b_last,b_last_rec,nll_rec
168-attributes,13.071659476293007,38.88880467873409,wa_b-last,0.9869185476480303,0.9746727809458278,18.211365150322468,20.750235687094367,-0.009921693957346718,-0.020804833746722963,14.779498498793773
