subject,nll,bic,model,wp,wp_rec,beta,beta_rec,b_last,b_last_rec,nll_rec
171-alternatives,32.095066104010435,76.89245172181265,wa_b-last,0.8960669555911562,0.9214321160579672,7.735193657791046,9.260162119741187,0.0637241985624325,0.03242618479599727,33.21163482825067
