subject,nll,bic,model,wp,wp_rec,beta,beta_rec,b_last,b_last_rec,nll_rec
81-attributes,33.71780179045167,80.18108930705141,wa_b-last,0.915163142451445,0.9167287818317772,9.145635851989429,11.222000427179042,-0.00404256020364198,-0.049995073994547466,30.464719193709872
