subject,nll,bic,model,wp,wp_rec,beta,beta_rec,b_last,b_last_rec,nll_rec
197-attributes,-6.792316389535576e-05,12.658387269200531,wa_b-last,0.9999926040317999,0.9999926040317999,199.9261433481394,199.9261433481394,0.0009952452833600388,0.0009952452833600388,-6.792316389535576e-05
