subject,nll,bic,model,wp,wp_rec,beta,beta_rec,b_last,b_last_rec,nll_rec
14-alternatives,30.144316504328838,73.03411873480576,wa_b-last,0.9330722658899298,0.9423075661769243,13.338296109486036,18.373246048154538,-0.0045258293983103165,0.0014184286703107266,25.781082364849865
