subject,nll,bic,model,wp,wp_rec,beta,beta_rec,b_last,b_last_rec,nll_rec
17-attributes,35.00162704094298,82.66177719741428,wa_b-last,0.9376493977150617,0.9288704857838594,8.195284852651515,9.392703212902072,0.05254227739543077,0.1088988280373452,29.78313158698038
