subject,nll,bic,model,wp,wp_rec,beta,beta_rec,b_last,b_last_rec,nll_rec
184-attributes,7.735670602806177,28.216826931760433,wa_b-last,1.0,1.0,23.556613804624373,34.401725239071126,-0.04326461002225529,-0.04070532681032713,3.886839447981958
