subject,nll,bic,model,wp,wp_rec,beta,beta_rec,b_last,b_last_rec,nll_rec
126-attributes,30.082559716120137,72.91060515838835,wa_b-last,0.9470629665651706,0.9466126290340153,13.542366847143292,16.691735442515874,0.0025510283286538323,0.05000304653881223,25.411971312864047
