subject,nll,bic,model,wp,wp_rec,beta,beta_rec,b_last,b_last_rec,nll_rec
186-alternatives,31.060055948354066,74.86559762285621,wa_b-last,0.9000576090692872,0.9109931469549011,8.37302540748174,6.12289702723554,0.08645511058552152,0.22441305681041182,30.303464764306334
