subject,nll,bic,model,wp,wp_rec,beta,beta_rec,b_last,b_last_rec,nll_rec
107-alternatives,42.86190163471587,98.42612278322352,wa_b-last,0.9785699374554703,0.9438725029679483,3.2330888284086647,5.007509802699484,0.07516251908127486,0.06449388359363971,40.95680100484849
