subject,nll,bic,model,wp,wp_rec,beta,beta_rec,b_last,b_last_rec,nll_rec
33-attributes,31.349390742202818,75.44426721055372,wa_b-last,0.8910526153176934,0.9100356863880013,7.231640018349861,7.623472702050039,0.11085199269970078,0.12507610680235298,31.756802282533332
