subject,nll,bic,model,wp,wp_rec,beta,beta_rec,b_last,b_last_rec,nll_rec
157-alternatives,-6.74663729169663e-05,12.745350793402245,wa_b-last,1.0,1.0,199.99763846748849,199.99763846748849,0.018533799336561723,0.018533799336561723,-6.74663729169663e-05
