subject,nll,bic,model,wp,wp_rec,beta,beta_rec,b_last,b_last_rec,nll_rec
35-alternatives,18.805579106618122,50.35664393938433,wa_b-last,0.9534569756095145,0.9568745746758446,26.923549217271866,34.141217826919444,-0.005744453552310544,-0.006894934055171824,13.699554742550202
