subject,nll,bic,model,wp,wp_rec,beta,beta_rec,b_last,b_last_rec,nll_rec
18-alternatives,28.016633074734496,68.77875187561708,wa_b-last,0.9273524136429315,0.9304683896423779,14.592680051933034,15.867081358205802,-0.02035384490537419,-0.005380090093505862,26.982752586936826
