subject,nll,bic,model,wp,wp_rec,beta,beta_rec,b_last,b_last_rec,nll_rec
26-alternatives,17.062190056932906,46.86986584001389,wa_b-last,0.9764335523675625,0.9822432495345472,18.16587562814661,14.770672897907566,-0.017247960106364604,0.021549396974499486,18.680638415362832
