subject,nll,bic,model,wp,wp_rec,beta,beta_rec,b_last,b_last_rec,nll_rec
92-attributes,44.502805486446746,101.75109669904157,wa_b-last,0.916672826608095,0.839387732194977,3.3965791204350975,2.901929424304362,0.045257872920643115,0.10333644380032539,39.88772455365254
