subject,nll,bic,model,wp,wp_rec,beta,beta_rec,b_last,b_last_rec,nll_rec
134-attributes,31.03697436161798,74.81943444938403,wa_b-last,0.9282193210474168,0.9156374807596799,11.97524400127517,10.938369599707984,-0.005255615268881674,-0.0234876967660468,30.98866495970089
