subject,nll,bic,model,wp,wp_rec,beta,beta_rec,b_last,b_last_rec,nll_rec
182-attributes,34.09657320696975,80.93863214008758,wa_b-last,0.9183942106762968,0.9192190636463463,8.699834730968437,19.03096193829542,0.036781928456225146,0.028993735262748732,22.286226887200442
