subject,nll,bic,model,wp,wp_rec,beta,beta_rec,b_last,b_last_rec,nll_rec
140-alternatives,17.502342822801324,47.750171371750724,wa_b-last,0.9778856615366377,0.9935140863982073,16.809874683098,13.940158089764557,0.017865587799702105,0.060222813975234823,16.591782264623383
