subject,nll,bic,model,wp,wp_rec,beta,beta_rec,b_last,b_last_rec,nll_rec
85-attributes,15.649077121128485,44.00047375604875,wa_b-last,0.991728418246862,0.9878802760472617,15.071826009246442,11.55784697151521,-0.021183877173460017,-0.07592383076835911,23.514161767914295
