subject,nll,bic,model,wp,wp_rec,beta,beta_rec,b_last,b_last_rec,nll_rec
161-attributes,19.525604042054308,51.7966938102567,wa_b-last,0.9498476151971106,0.9476108173950313,26.69407790386173,26.23150640380331,0.012336055522382226,0.02435739108477646,19.783152893841585
