subject,nll,bic,model,wp,wp_rec,beta,beta_rec,b_last,b_last_rec,nll_rec
155-attributes,25.33071206383726,63.4069098538226,wa_b-last,0.9578445831421731,0.9502514067126893,16.072559190012104,16.75314765286624,0.009661346170347038,0.029232588010432853,25.94231115664317
