subject,nll,bic,model,wp,wp_rec,beta,beta_rec,b_last,b_last_rec,nll_rec
45-alternatives,17.89541032797078,48.536306382089634,wa_b-last,0.746961460264964,0.7982762177084628,7.336351668730556,20.756332923687797,0.03307593140462698,0.0496800874949968,10.160587718180333
