subject,nll,bic,model,wp,wp_rec,beta,beta_rec,b_last,b_last_rec,nll_rec
48-attributes,37.61309121180565,87.97166814975938,wa_b-last,0.8658685583252305,0.863837766461753,4.503482134891758,4.177506968495584,0.04240031103698429,0.010509464612758373,38.79074053880873
