subject,nll,bic,model,wp,wp_rec,beta,beta_rec,b_last,b_last_rec,nll_rec
100-attributes,40.3437770688188,93.43303986378568,wa_b-last,0.932923482566811,0.9287840008525922,5.9785267378595,7.584032317084637,0.02919869679306321,0.030802386754762084,37.19629482505728
