subject,nll,bic,model,wp,wp_rec,beta,beta_rec,b_last,b_last_rec,nll_rec
168-alternatives,15.13505350327487,43.01559273269782,wa_b-last,0.9618976483227935,0.9539291524792322,26.883324616719037,56.42352757288964,0.009381205639036837,0.026190090403125393,9.152956000135442
