subject,nll,bic,model,wp,wp_rec,beta,beta_rec,b_last,b_last_rec,nll_rec
61-alternatives,29.803437879018603,72.35236148418528,wa_b-last,0.9392550595366405,0.9384501249930303,13.319331510080914,17.502915529443854,0.033417261529892106,0.05701884163116108,24.46034138572663
