subject,nll,bic,model,wp,wp_rec,beta,beta_rec,b_last,b_last_rec,nll_rec
124-attributes,22.31562421554771,57.376734157243504,wa_b-last,0.892807957757285,0.8941864205663849,17.939553437923283,15.929094654582412,0.0003774457049685728,-0.015208181833888612,23.562476169555076
