subject,nll,bic,model,wp,wp_rec,beta,beta_rec,b_last,b_last_rec,nll_rec
21-alternatives,30.019571496671766,72.78462871949161,wa_b-last,0.9127617782643181,0.9207211936694386,11.520359516927705,17.967241949012497,-0.004949692637342348,-0.04960866232253404,23.29663043360504
