subject,nll,bic,model,wp,wp_rec,beta,beta_rec,b_last,b_last_rec,nll_rec
49-alternatives,18.612389710432243,49.97026514701257,wa_b-last,0.9707234680431394,0.9767713930326632,18.404018713105483,16.94027464416682,-0.006032474229174528,-0.027089175781975578,18.578253148909322
