subject,nll,bic,model,wp,wp_rec,beta,beta_rec,b_last,b_last_rec,nll_rec
56-alternatives,14.210349322933595,41.166184372015266,wa_b-last,0.9666061209488301,0.9612852993498425,25.285590591988402,99.25609291569357,0.01114076323775104,-0.027885428063425623,3.5039895423185956
