subject,nll,bic,model,wp,wp_rec,beta,beta_rec,b_last,b_last_rec,nll_rec
62-alternatives,27.283200574647648,67.31188687544338,wa_b-last,0.9450445482740698,0.9401462611781788,16.828579483867294,14.943656012265928,-0.00479733741460956,0.0024482977118734173,28.90160974821742
