subject,nll,bic,model,wp,wp_rec,beta,beta_rec,b_last,b_last_rec,nll_rec
70-alternatives,23.889781756845924,60.52504923983993,wa_b-last,0.9087244074154832,0.9227667632995298,14.673404400871446,13.044962157670968,0.059795745593564445,0.06095249750733711,27.361730950979478
