subject,nll,bic,model,wp,wp_rec,beta,beta_rec,b_last,b_last_rec,nll_rec
151-alternatives,28.14238790660664,69.03026153936136,wa_b-last,0.9541586516882079,0.9527833399920543,14.589896503304816,13.437537044796505,0.010843106377917957,0.027012177695364833,29.215018862514455
