subject,nll,bic,model,wp,wp_rec,beta,beta_rec,b_last,b_last_rec,nll_rec
62-attributes,13.604792816176962,39.955071358502,wa_b-last,0.9469496581587007,0.9474897007334677,41.74051661779091,46.88604130427659,-0.005723579928020824,-0.005601833135824652,12.314191240330363
