subject,nll,bic,model,wp,wp_rec,beta,beta_rec,b_last,b_last_rec,nll_rec
101-alternatives,16.780082964509926,46.305651655167935,wa_b-last,0.977664069035116,0.9834876950633399,17.633223749638898,19.037440300819135,0.005770993271708523,-0.006814034019754155,13.725065003578214
