subject,nll,bic,model,wp,wp_rec,beta,beta_rec,b_last,b_last_rec,nll_rec
198-alternatives,26.24613590122351,65.2377575285951,wa_b-last,0.9406658988930632,0.9463248251069323,17.718948946977285,17.505162993066907,0.0015370048760953256,0.0017398945032133456,26.579514903928924
