subject,nll,bic,model,wp,wp_rec,beta,beta_rec,b_last,b_last_rec,nll_rec
3-attributes,20.92528020288965,54.59604613192738,wa_b-last,0.9486804272266904,0.9459115662587043,24.659576019167265,25.821365607994245,0.006399907458865753,-0.0058095339944591266,20.39093534154132
