subject,nll,bic,model,wp,wp_rec,beta,beta_rec,b_last,b_last_rec,nll_rec
26-attributes,10.664164825381551,34.073815376911185,wa_b-last,0.9775536251975167,0.9671867122867147,25.42541328078589,80.51987516339415,-0.02567021186629301,-0.030404272772546488,3.7515635819786675
