subject,nll,bic,model,wp,wp_rec,beta,beta_rec,b_last,b_last_rec,nll_rec
188-alternatives,29.39525717029226,71.5360000667326,wa_b-last,0.8339365406181362,0.8366302464342422,6.405690373816411,9.929174181796071,0.01273614512853894,-0.022180385220346908,23.700333501635182
