subject,nll,bic,model,wp,wp_rec,beta,beta_rec,b_last,b_last_rec,nll_rec
54-alternatives,28.640547768058642,70.02658126226537,wa_b-last,0.9197047680196117,0.931076578757313,13.240002600790437,10.742879378920374,-0.005292588895995392,-0.019972706054726837,33.43498636690251
