subject,nll,bic,model,wp,wp_rec,beta,beta_rec,b_last,b_last_rec,nll_rec
60-alternatives,22.27409860136556,57.29368292887919,wa_b-last,0.9505058001470021,0.952487735860247,22.253499432531274,18.981026571035592,0.013559805757037309,0.008322625449466095,24.426513114932487
