subject,nll,bic,model,wp,wp_rec,beta,beta_rec,b_last,b_last_rec,nll_rec
114-alternatives,7.5583659050443535,27.862217536236784,wa_b-last,0.942992566289221,0.9416366342159409,69.33811383586365,199.9789261297823,0.02356050973917683,0.014511304344694258,1.418418561354049
