subject,nll,bic,model,wp,wp_rec,beta,beta_rec,b_last,b_last_rec,nll_rec
137-attributes,5.573693245196376,23.89287221654083,wa_b-last,0.7130736533948359,0.7325592154919496,17.467057216243187,199.9335235265062,-0.03525100629700447,-0.03767576230319763,1.3862234450840574
