subject,nll,bic,model,wp,wp_rec,beta,beta_rec,b_last,b_last_rec,nll_rec
47-attributes,-6.992268366789926e-05,12.745345880780743,wa_b-last,0.999999223388628,0.999999223388628,199.8459884602812,199.8459884602812,0.0009066984325161176,0.0009066984325161176,-6.992268366789926e-05
