subject,nll,bic,model,wp,wp_rec,beta,beta_rec,b_last,b_last_rec,nll_rec
40-attributes,27.963091654645712,68.62850282308321,wa_b-last,0.924696634078904,0.9308896411872015,13.761251446539829,10.678933309306995,0.017530451623894217,-0.013264407422155148,32.980555706510955
