subject,nll,bic,model,wp,wp_rec,beta,beta_rec,b_last,b_last_rec,nll_rec
102-attributes,30.908392359659107,74.5622704454663,wa_b-last,0.9339544271225101,0.9338843674832407,12.38846055072102,9.645665125399784,0.010715877271815244,0.05110021734913319,33.41933689320206
