subject,nll,bic,model,wp,wp_rec,beta,beta_rec,b_last,b_last_rec,nll_rec
57-alternatives,23.36835539069465,59.48219650753738,wa_b-last,0.9322896319036317,0.9081156765665154,19.889623386926097,28.752625088284073,0.000983903905115655,0.034814174408626906,17.130662889624745
