subject,nll,bic,model,wp,wp_rec,beta,beta_rec,b_last,b_last_rec,nll_rec
73-attributes,23.734380157173447,60.17107982813867,wa_b-last,0.9465906513327901,0.9473012835858493,20.05315730976903,20.236220650051667,0.026416305789469338,0.03951988974510036,23.056534536613917
