subject,nll,bic,model,wp,wp_rec,beta,beta_rec,b_last,b_last_rec,nll_rec
196-attributes,33.93359148708024,80.61266870030856,wa_b-last,0.9139814907166675,0.9047797065988653,7.867307417887041,8.415109841899511,0.07393507441455122,0.1582266583452777,27.723884901530937
