subject,nll,bic,model,wp,wp_rec,beta,beta_rec,b_last,b_last_rec,nll_rec
101-attributes,20.40957296863091,53.5646316634099,wa_b-last,1.0,1.0,10.938329886049553,14.141287392072718,-0.013313300411772424,-0.021187974391622125,15.092136534990674
