subject,nll,bic,model,wp,wp_rec,beta,beta_rec,b_last,b_last_rec,nll_rec
104-alternatives,31.465726310978972,75.50041684803722,wa_b-last,0.9340000837789132,0.9242119523474215,10.90389012384475,11.105939694409244,-0.016496759134161095,-0.008211567755465205,30.377028417220117
