subject,nll,bic,model,wp,wp_rec,beta,beta_rec,b_last,b_last_rec,nll_rec
114-attributes,11.050416197506603,34.84631812116129,wa_b-last,0.9396885623842579,0.9393100374742193,44.06640987848417,199.99898024275657,7.907885181640117e-06,-0.029303086832565405,1.4798424472992489
