subject,nll,bic,model,wp,wp_rec,beta,beta_rec,b_last,b_last_rec,nll_rec
20-alternatives,19.836074785537072,52.41763529722222,wa_b-last,0.9503467638966925,0.9561214431449764,26.533357362865694,30.452251566394562,-0.017526031355734585,-0.013281556192754304,15.891502819821252
