subject,nll,bic,model,wp,wp_rec,beta,beta_rec,b_last,b_last_rec,nll_rec
38-alternatives,30.448846049911705,73.64317782597149,wa_b-last,0.9279470468278318,0.9255925722951182,12.640723824018188,14.820858195219959,-0.028369195757861836,-0.012975858697250962,27.54632539341456
