subject,nll,bic,model,wp,wp_rec,beta,beta_rec,b_last,b_last_rec,nll_rec
54-attributes,29.55353487351282,71.85255547317372,wa_b-last,0.9137875218990453,0.8900933522849876,10.612678593569113,6.819184273645308,0.06029963033393683,0.11581960397667729,32.046316233694974
