subject,nll,bic,model,wp,wp_rec,beta,beta_rec,b_last,b_last_rec,nll_rec
138-attributes,-6.899996549434658e-05,12.70218151386079,wa_b-last,0.11880668054620735,0.11880668054620735,197.33467392995772,197.33467392995772,-0.29105245776449273,-0.29105245776449273,-6.899996549434658e-05
