subject,nll,bic,model,wp,wp_rec,beta,beta_rec,b_last,b_last_rec,nll_rec
138-alternatives,-6.999996499426464e-05,12.74534572621809,wa_b-last,0.04434758589717924,0.04434758589717924,196.08049966451222,196.08049966451222,-0.4485681203406221,-0.4485681203406221,-6.999996499426464e-05
