subject,nll,bic,model,wp,wp_rec,beta,beta_rec,b_last,b_last_rec,nll_rec
141-attributes,8.711941812729894,30.169369351607866,wa_b-last,0.9506387361533752,0.9487666600363753,65.72047659330426,87.60909433914593,-0.021369454735103353,-0.014156233823670237,7.102943119661215
