subject,nll,bic,model,wp,wp_rec,beta,beta_rec,b_last,b_last_rec,nll_rec
74-alternatives,32.18319771750889,76.79579961419238,wa_b-last,0.9908448217529597,0.9652712198794157,5.539145744182476,10.837097579043785,0.028912505443145796,-0.06124929652242741,27.152950326194425
