subject,nll,bic,model,wp,wp_rec,beta,beta_rec,b_last,b_last_rec,nll_rec
131-attributes,20.979323009550214,54.7041317452485,wa_b-last,0.919827694035269,0.9301920909397712,21.46499554335965,19.62662913545075,-0.026789883058401544,-0.02715703773140444,23.087768421975998
