subject,nll,bic,model,wp,wp_rec,beta,beta_rec,b_last,b_last_rec,nll_rec
109-alternatives,29.40956594147792,71.47765499848416,wa_b-last,0.9140772713176113,0.9229085236220013,10.773538268463614,9.718319802380016,0.02360548189490262,0.03569640133917075,31.84878388735208
