subject,nll,bic,model,wp,wp_rec,beta,beta_rec,b_last,b_last_rec,nll_rec
98-attributes,25.16130037274698,63.06808647164203,wa_b-last,0.9316838103539024,0.9343977601118182,17.211366239182617,17.38662868465282,0.022329293556537476,0.029068849059032592,25.151299013651048
