subject,nll,bic,model,wp,wp_rec,beta,beta_rec,b_last,b_last_rec,nll_rec
85-alternatives,16.228915925559228,45.20331757726653,wa_b-last,0.9801428787306348,0.9791856291589061,18.62261153880801,16.868659760884597,-0.042002855227375374,-0.005133263676067784,17.34718482003298
