subject,nll,bic,model,wp,wp_rec,beta,beta_rec,b_last,b_last_rec,nll_rec
41-attributes,45.80303139055571,104.22014063928432,wa_b-last,0.9361187618314888,0.9445835616720689,1.4492282725309478,3.344037294259734,-0.10105625096471842,-0.0069744015709670695,43.63767591340602
