subject,nll,bic,model,wp,wp_rec,beta,beta_rec,b_last,b_last_rec,nll_rec
50-alternatives,23.922521113889704,60.59052795392749,wa_b-last,0.8235706814989728,0.8136619725331289,8.428276427189891,14.150041045859206,0.03635346276247768,0.07055722951366093,15.599385903051147
