subject,nll,bic,model,wp,wp_rec,beta,beta_rec,b_last,b_last_rec,nll_rec
115-attributes,29.05947526176435,70.86443624967679,wa_b-last,0.9264671335400158,0.9264826935099066,13.300016554966861,20.145925959103785,0.0020807701257959054,0.00044238434274105113,22.4441309598497
