subject,nll,bic,model,wp,wp_rec,beta,beta_rec,b_last,b_last_rec,nll_rec
128-attributes,40.1253110680707,92.95294164993318,wa_b-last,0.9431589427071768,0.9437587173215126,6.225488340478983,6.093419458132016,-0.06512608471708681,-0.07747019563680331,40.162715897954534
