subject,nll,bic,model,wp,wp_rec,beta,beta_rec,b_last,b_last_rec,nll_rec
74-attributes,34.70962147587921,81.89589220183743,wa_b-last,0.9689007733316565,0.9815005532750817,5.641967337244077,4.841336734767956,0.06976710234284614,0.12512755474108772,34.11199147930846
