subject,nll,bic,model,wp,wp_rec,beta,beta_rec,b_last,b_last_rec,nll_rec
36-attributes,70.46415095256246,155.75322917295284,wa_b-last,0.956270278320389,0.9555175928108867,8.71045795994,11.430533608463053,0.00949708127222417,0.013316530975926472,62.515301600641905
