subject,nll,bic,model,wp,wp_rec,beta,beta_rec,b_last,b_last_rec,nll_rec
21-attributes,28.097630158266107,68.94074604268029,wa_b-last,0.9373373276989043,0.9363281791399897,15.308653780884983,14.171687702174601,-0.005668417785297236,0.016744289914181712,28.908859971512886
