subject,nll,bic,model,wp,wp_rec,beta,beta_rec,b_last,b_last_rec,nll_rec
110-alternatives,1.3872073134755245,15.519900353099128,wa_b-last,0.9786661485785726,0.9786661485785726,199.98636186184797,199.98636186184797,-0.02231334762452153,-0.02231334762452153,1.3872073134755245
