subject,nll,bic,model,wp,wp_rec,beta,beta_rec,b_last,b_last_rec,nll_rec
61-attributes,29.64317159350211,72.0318289131523,wa_b-last,0.9353289736612156,0.9380855999986064,13.750228107211818,14.710395723745991,-0.0129497921711121,-0.005521886865925957,28.796170362003817
