subject,nll,bic,model,wp,wp_rec,beta,beta_rec,b_last,b_last_rec,nll_rec
105-alternatives,25.60138755498344,63.948260836114954,wa_b-last,0.9275906251578433,0.9295896449646956,16.83579050509001,24.33403723358345,0.0015201443856544244,0.020338729381879923,19.626307348931864
