subject,nll,bic,model,wp,wp_rec,beta,beta_rec,b_last,b_last_rec,nll_rec
7-alternatives,36.65262168821543,86.05072910257894,wa_b-last,0.9341268316240292,0.9363514560220191,8.748836341738446,9.570154377352255,-0.037623126679000314,-0.04546326165211459,35.408731632338615
