subject,nll,bic,model,wp,wp_rec,beta,beta_rec,b_last,b_last_rec,nll_rec
185-attributes,33.739854350259826,80.22519442666773,wa_b-last,0.932604426512651,0.9259312482979244,10.013863113467854,11.726988961670182,0.02273906690177282,0.019878874432561852,30.70955603207609
