subject,nll,bic,model,wp,wp_rec,beta,beta_rec,b_last,b_last_rec,nll_rec
33-alternatives,36.93450110005505,86.61448792625818,wa_b-last,0.9210479620634222,0.8883528125287575,7.6520786442159014,5.109828701794064,0.02136468044644669,0.14645139467315685,35.65202558388954
