subject,nll,bic,model,wp,wp_rec,beta,beta_rec,b_last,b_last_rec,nll_rec
69-alternatives,33.490730172486415,79.7269460711209,wa_b-last,0.93055359432743,0.9321740230138458,10.245880376879168,9.251995568864013,0.02331343943463938,0.03512946038996297,34.78419427135218
