subject,nll,bic,model,wp,wp_rec,beta,beta_rec,b_last,b_last_rec,nll_rec
190-attributes,26.775287848906068,66.29606142396021,wa_b-last,0.9067112002621013,0.9137518041710717,12.780099405279703,21.3771916718097,-0.0593757811265357,-0.026535726647358305,20.911034685270995
