subject,nll,bic,model,wp,wp_rec,beta,beta_rec,b_last,b_last_rec,nll_rec
132-alternatives,30.69241272240525,74.08714495860228,wa_b-last,0.9081907388659526,0.8821029531267089,9.96200883141061,17.214075719869676,0.021295149284525625,0.03012594294939402,20.442127784111797
