subject,nll,bic,model,wp,wp_rec,beta,beta_rec,b_last,b_last_rec,nll_rec
117-alternatives,23.518925394329013,59.78333651480611,wa_b-last,0.9572516225880978,0.9531869374024605,18.77311837912586,16.486095448359855,-0.0267559460398428,-0.039729778983088104,26.519521106006646
