subject,nll,bic,model,wp,wp_rec,beta,beta_rec,b_last,b_last_rec,nll_rec
92-alternatives,33.2661116094713,79.27770894509068,wa_b-last,0.93542009177775,0.9362090288050241,10.258263435230965,13.274835827215616,0.040686211213530825,0.0336899228579902,29.653729010503778
