subject,nll,bic,model,wp,wp_rec,beta,beta_rec,b_last,b_last_rec,nll_rec
96-attributes,29.239934393766134,71.18218830132405,wa_b-last,0.9325585854240904,0.9400563343399527,13.267860237921584,28.48288114473778,-0.017406591138470654,-0.021603796884070773,17.53888054971211
