subject,nll,bic,model,wp,wp_rec,beta,beta_rec,b_last,b_last_rec,nll_rec
86-alternatives,11.851058826966867,36.447603380081816,wa_b-last,1.0,1.0,17.478103169089117,17.228810940842457,-0.019479350159762196,-0.07857925320235887,14.761305863138983
