subject,nll,bic,model,wp,wp_rec,beta,beta_rec,b_last,b_last_rec,nll_rec
59-alternatives,25.40378971474392,63.55306515563592,wa_b-last,0.9046928492864141,0.9230441276704506,14.571068040428118,14.693900936672634,0.017980386384989704,0.017560971919099767,27.02022021487699
