subject,nll,bic,model,wp,wp_rec,beta,beta_rec,b_last,b_last_rec,nll_rec
87-alternatives,27.050184146395868,66.84585401893982,wa_b-last,0.9504176063757881,0.9547328549424231,14.984171185933233,17.334940453792434,0.0466914841391334,0.03808982272163237,24.457696920303995
