subject,nll,bic,model,wp,wp_rec,beta,beta_rec,b_last,b_last_rec,nll_rec
179-attributes,26.341159285620417,65.42780429738892,wa_b-last,0.842721212044603,0.8600551050675553,8.274287449105561,9.735990891070694,0.019198051149852603,-0.04426915574106225,26.22287631519254
