subject,nll,bic,model,wp,wp_rec,beta,beta_rec,b_last,b_last_rec,nll_rec
176-attributes,30.41415950851954,73.57380474318715,wa_b-last,0.9400197748223673,0.942984660870041,11.57046874766478,16.11979982083432,0.06133281198247332,0.04341726326299034,26.3758951974223
