subject,nll,bic,model,wp,wp_rec,beta,beta_rec,b_last,b_last_rec,nll_rec
172-attributes,19.788701303047656,52.322888332243394,wa_b-last,0.7829581653350843,0.8085201819169038,8.043945105394098,8.835596929020436,0.044074292701720245,-0.012348441343517124,21.787350422191682
