subject,nll,bic,model,wp,wp_rec,beta,beta_rec,b_last,b_last_rec,nll_rec
51-alternatives,38.627505363415864,90.0004964529798,wa_b-last,0.8752267311611529,0.8587491165068544,4.57895046950376,3.570283700178271,0.04353287932295805,0.21284945672799654,36.57567409501144
