subject,nll,bic,model,wp,wp_rec,beta,beta_rec,b_last,b_last_rec,nll_rec
178-alternatives,35.05011533038512,82.84571638691831,wa_b-last,0.9456847462816417,0.9517725006407592,9.435008923388459,12.671828095710268,0.026101669818919534,0.03595086130731573,29.920173088422427
