subject,nll,bic,model,wp,wp_rec,beta,beta_rec,b_last,b_last_rec,nll_rec
44-attributes,19.629906593186785,52.00529891252165,wa_b-last,0.9629918333486782,0.9678164281678745,20.26682077463186,20.671829912585594,-0.015378396061569086,-0.035937583353554625,17.731691480332188
