subject,nll,bic,model,wp,wp_rec,beta,beta_rec,b_last,b_last_rec,nll_rec
39-alternatives,26.850058141355078,66.44560200885823,wa_b-last,0.8993168119048359,0.8951542704477651,11.044935269309924,12.173064172936975,0.07268148036730462,0.0495711309598243,25.907932782007137
