subject,nll,bic,model,wp,wp_rec,beta,beta_rec,b_last,b_last_rec,nll_rec
66-attributes,29.44620147933864,71.63788868482536,wa_b-last,0.9249385667783678,0.928144883779453,12.91070428221813,11.056359321948314,-0.02192691447720277,-0.04722858540939093,32.152622086017736
