subject,nll,bic,model,wp,wp_rec,beta,beta_rec,b_last,b_last_rec,nll_rec
182-alternatives,28.731288321298784,70.16489615638935,wa_b-last,0.9162723544746582,0.9148150636135878,12.085832818712394,9.376136380227802,0.03798849277325993,0.04555899402282693,32.38961241636479
