subject,nll,bic,model,wp,wp_rec,beta,beta_rec,b_last,b_last_rec,nll_rec
143-attributes,32.5965998352658,77.93868539667967,wa_b-last,0.9047046677588352,0.9069289545471124,8.427370069799325,7.870982741982985,0.05002183084150113,0.019101728998536273,34.69687541302688
