subject,nll,bic,model,wp,wp_rec,beta,beta_rec,b_last,b_last_rec,nll_rec
129-attributes,23.773128641379987,60.29174300890806,wa_b-last,0.9200614630582369,0.9228042993597133,17.82405872826574,24.72729467973327,0.007889287299451916,-0.025830041700839114,19.14278416872076
