subject,nll,bic,model,wp,wp_rec,beta,beta_rec,b_last,b_last_rec,nll_rec
6-alternatives,18.380245363442892,49.50597645303387,wa_b-last,0.9502217841214098,0.9471334566397556,29.352803608689385,33.831760050594056,-0.005518271252169399,-0.005552278985763364,16.560818363669455
