subject,nll,bic,model,wp,wp_rec,beta,beta_rec,b_last,b_last_rec,nll_rec
175-alternatives,26.727232986961695,66.19995170007147,wa_b-last,0.9085318907948614,0.916553747068939,13.316137709632034,13.831544165352504,0.0277703101684629,-0.005630213865082683,27.595071430728165
