subject,nll,bic,model,wp,wp_rec,beta,beta_rec,b_last,b_last_rec,nll_rec
46-attributes,15.169575799571973,43.08463732529202,wa_b-last,0.9386588481819954,0.9345796015479256,33.608486433141145,32.0772031328574,-0.006578925472481816,-0.0326844887515617,15.786470626744698
