subject,nll,bic,model,wp,wp_rec,beta,beta_rec,b_last,b_last_rec,nll_rec
123-attributes,19.71366278810313,52.17281130235433,wa_b-last,0.8986849141213601,0.8940189294721033,25.455327246564053,21.521248896840596,-0.005839126200857893,-0.013098946926830023,20.683193000580133
