subject,nll,bic,model,wp,wp_rec,beta,beta_rec,b_last,b_last_rec,nll_rec
66-alternatives,21.788807328315315,56.323100382778705,wa_b-last,0.944354124698378,0.9407055123095112,23.826725877978344,29.556590342274287,-0.017644743314831172,-0.024661601230441792,17.965046351736174
