subject,nll,bic,model,wp,wp_rec,beta,beta_rec,b_last,b_last_rec,nll_rec
25-alternatives,21.77070491310675,56.286895552361585,wa_b-last,0.9041422103830781,0.9156029990927914,20.495244456204713,20.478299233281636,0.007187124492403087,-0.03348004808815014,21.504896091459113
