subject,nll,bic,model,wp,wp_rec,beta,beta_rec,b_last,b_last_rec,nll_rec
41-alternatives,45.815457178647094,104.28943747282251,wa_b-last,0.928600563209262,0.8743956234121568,1.793041067587668,2.839224427153332,-0.17130320711166241,-0.3415719627394137,39.02438753970773
