subject,nll,bic,model,wp,wp_rec,beta,beta_rec,b_last,b_last_rec,nll_rec
141-alternatives,15.097900285841833,42.941286297831745,wa_b-last,0.9512238917648368,0.9547471959155082,36.53167842214725,38.47827320158827,-0.011505275665583134,0.02022869883128885,12.999097644082843
