subject,nll,bic,model,wp,wp_rec,beta,beta_rec,b_last,b_last_rec,nll_rec
75-attributes,10.756603061801451,34.25869184975098,wa_b-last,0.9625133567121127,0.9632350133383517,38.714426074646376,54.67630971542407,0.045747600351639925,0.07175541177298597,8.993594837469065
