subject,nll,bic,model,wp,wp_rec,beta,beta_rec,b_last,b_last_rec,nll_rec
48-alternatives,40.154452795075706,93.05439131629949,wa_b-last,0.8698618739290164,0.8815796538874513,3.8278382091693324,3.8934032011700106,0.05571623078466531,0.018054671507217394,41.54729880296251
