subject,nll,bic,model,wp,wp_rec,beta,beta_rec,b_last,b_last_rec,nll_rec
115-alternatives,28.273328487549822,69.29214270124773,wa_b-last,0.9287053120655057,0.9313044642321427,14.179753651595242,17.532602549736026,0.017769985756580235,0.022608640115669258,24.99528546998425
