subject,nll,bic,model,wp,wp_rec,beta,beta_rec,b_last,b_last_rec,nll_rec
57-attributes,24.213215978863932,61.17191768387595,wa_b-last,0.9247019717961431,0.9207271220162211,17.757064568613625,16.537589860123283,-0.020908845577208696,-0.028975941621198154,24.846732020273052
