subject,nll,bic,model,wp,wp_rec,beta,beta_rec,b_last,b_last_rec,nll_rec
19-attributes,24.313021177835644,61.37152808181936,wa_b-last,0.9176839221425914,0.9072193974163892,16.815264942736658,22.525425341611587,-0.029037473238182235,-0.012592802768211316,20.733912513481194
