subject,nll,bic,model,wp,wp_rec,beta,beta_rec,b_last,b_last_rec,nll_rec
157-attributes,-6.992308271606588e-05,12.745345879982647,wa_b-last,0.9999598597999899,0.9999598597999899,199.98870243710982,199.98870243710982,0.0011534049583575847,0.0011534049583575847,-6.992308271606588e-05
