subject,nll,bic,model,wp,wp_rec,beta,beta_rec,b_last,b_last_rec,nll_rec
111-alternatives,30.95245513533674,74.65039599682156,wa_b-last,0.875768260819361,0.8684759263685465,8.172044642779527,20.51247504498206,-0.01617008423967546,0.01724014811274265,17.784064555888136
