subject,nll,bic,model,wp,wp_rec,beta,beta_rec,b_last,b_last_rec,nll_rec
89-attributes,43.14770662638941,99.04089897892689,wa_b-last,0.8360806579685018,0.7418296843753486,1.8267963563784426,1.2989532834206794,0.2131887924882688,0.43201231789146183,40.49955243685101
