subject,nll,bic,model,wp,wp_rec,beta,beta_rec,b_last,b_last_rec,nll_rec
107-attributes,40.62901237297123,93.96034425973424,wa_b-last,0.9646977697479835,0.9645657491278409,4.914988874507038,6.442139587351633,0.022426256698694854,-0.024597117588560764,37.98780804530944
