subject,nll,bic,model,wp,wp_rec,beta,beta_rec,b_last,b_last_rec,nll_rec
102-alternatives,26.78044208165218,66.30636988945244,wa_b-last,0.9344400533924169,0.9430477082792957,16.067523039390306,13.726947413612663,0.023275799732974466,0.05569195694246953,28.347950903818212
