subject,nll,bic,model,wp,wp_rec,beta,beta_rec,b_last,b_last_rec,nll_rec
190-alternatives,17.27842474407126,47.30233521429059,wa_b-last,0.9229864196821235,0.9290773995272217,29.80008308913696,51.01184435669616,0.0001811941936078571,1.564812909862596e-05,10.493920061594036
