subject,nll,bic,model,wp,wp_rec,beta,beta_rec,b_last,b_last_rec,nll_rec
58-attributes,23.859993351665537,60.42230621712285,wa_b-last,0.9381631035089405,0.9409307151061986,19.28272372933553,14.32789146561263,-0.007698024114872773,-0.014788849219335804,28.78965988483969
