subject,nll,bic,model,wp,wp_rec,beta,beta_rec,b_last,b_last_rec,nll_rec
156-alternatives,21.047579437646316,54.840644601440715,wa_b-last,0.9275585890656073,0.9164295046015138,21.97830462562706,30.32227027344938,0.02090730861933268,0.023290233711101792,17.050179489862813
