subject,nll,bic,model,wp,wp_rec,beta,beta_rec,b_last,b_last_rec,nll_rec
146-attributes,24.405742179056237,61.556970084260556,wa_b-last,0.9491784695036088,0.9449957312575978,19.61426232060787,26.937778927859974,-0.005712027645593141,0.018332688161988346,19.52089578167913
