subject,nll,bic,model,wp,wp_rec,beta,beta_rec,b_last,b_last_rec,nll_rec
109-attributes,39.053891388029285,90.7663058915869,wa_b-last,0.913235343782267,0.9214935382695294,5.941180320052843,6.44049418161823,0.0008988231392054248,-0.05859173851367202,38.7835071873262
