subject,nll,bic,model,wp,wp_rec,beta,beta_rec,b_last,b_last_rec,nll_rec
23-alternatives,31.45062030592546,75.646726337999,wa_b-last,0.9534864951920975,0.9533084152095542,12.15726500560818,13.795518091039561,-0.01860062407154392,-0.01869125758665393,29.52248217850955
