subject,nll,bic,model,wp,wp_rec,beta,beta_rec,b_last,b_last_rec,nll_rec
116-alternatives,22.235513067488156,57.21651186112439,wa_b-last,0.9435982177893473,0.9400605281174554,22.939980076210386,26.866163976722785,0.006947108206872426,0.013082841924365842,19.161882576358884
