subject,nll,bic,model,wp,wp_rec,beta,beta_rec,b_last,b_last_rec,nll_rec
188-attributes,36.07164485450989,84.88877543516786,wa_b-last,0.8738029367820043,0.8529533499950307,5.178319162597342,4.077440343199217,0.06635035382747755,0.12846037410722586,35.998096712058285
