subject,nll,bic,model,wp,wp_rec,beta,beta_rec,b_last,b_last_rec,nll_rec
35-attributes,29.151340334238206,70.91675852664932,wa_b-last,0.94855071098021,0.9521343285802465,11.665265604266805,7.95964467052008,0.04508424009330971,0.06227571625702321,33.533171088239314
