subject,nll,bic,model,wp,wp_rec,beta,beta_rec,b_last,b_last_rec,nll_rec
2-alternatives,28.183426886399378,69.11233949894684,wa_b-last,0.948277645470695,0.9485751785672523,14.782180963956616,29.51328539918792,0.03161893335351221,0.02993777225297853,17.963846924269372
