subject,nll,bic,model,wp,wp_rec,beta,beta_rec,b_last,b_last_rec,nll_rec
84-alternatives,33.84598351934825,80.43745276484458,wa_b-last,0.9268730853862592,0.9163618180326305,10.137743950247348,11.653908593415297,-0.038055430293331215,-0.04807465152147081,30.11563041562171
