subject,nll,bic,model,wp,wp_rec,beta,beta_rec,b_last,b_last_rec,nll_rec
116-attributes,25.53175734813606,63.8090004224202,wa_b-last,0.9436112429404107,0.9511638821089795,18.50360082387926,15.624255858195152,-0.012279809763498066,-0.012431240913565398,27.600638083433644
