subject,nll,bic,model,wp,wp_rec,beta,beta_rec,b_last,b_last_rec,nll_rec
19-alternatives,32.1095829389308,76.92148539165338,wa_b-last,0.9058418533939073,0.9151637693094385,9.359926784127438,10.376564063491871,-0.0047323680243164315,0.0229413100404732,31.270104371409396
