subject,nll,bic,model,wp,wp_rec,beta,beta_rec,b_last,b_last_rec,nll_rec
7-attributes,34.67712912603064,82.09974397820936,wa_b-last,0.9233692930873708,0.9252817035659683,9.148969446615707,11.262430100662707,-0.0034276251892209537,0.0034433842283148747,31.57359054110605
