subject,nll,bic,model,wp,wp_rec,beta,beta_rec,b_last,b_last_rec,nll_rec
162-alternatives,34.36886912984139,81.48322398583086,wa_b-last,0.9040064854530452,0.8923877191511655,7.7019672119452744,6.6570686718796255,0.0436584903796247,0.02580914897401423,35.60570007353038
