subject,nll,bic,model,wp,wp_rec,beta,beta_rec,b_last,b_last_rec,nll_rec
79-attributes,24.139120628626085,61.02372698340025,wa_b-last,0.9673597188368861,0.9683211985922934,14.726293389725047,16.458933809355415,-0.032855932185128424,-0.05221444358582944,21.963270497490555
