subject,nll,bic,model,wp,wp_rec,beta,beta_rec,b_last,b_last_rec,nll_rec
51-attributes,36.658091018151175,85.93025989447526,wa_b-last,0.8080579871221713,0.8489869430105422,3.0552539757070822,7.484842361592757,-0.0910180941757241,-0.12371145093238535,27.386302709078286
