subject,nll,bic,model,wp,wp_rec,beta,beta_rec,b_last,b_last_rec,nll_rec
34-alternatives,36.13177370403168,84.92207052359169,wa_b-last,0.9081163159559104,0.9226806372566565,6.350022587912011,7.384734455802298,0.05585184466305997,0.08185610129889102,34.4434640816634
