subject,nll,bic,model,wp,wp_rec,beta,beta_rec,b_last,b_last_rec,nll_rec
55-alternatives,25.103904145803316,62.953294017754715,wa_b-last,0.8993200049260562,0.9047998642978972,14.10627282256769,13.828004916383481,0.027061770751042376,0.01040509350882855,26.27496674598547
