subject,nll,bic,model,wp,wp_rec,beta,beta_rec,b_last,b_last_rec,nll_rec
195-alternatives,20.069893537429685,52.885272801007446,wa_b-last,0.9495517203129402,0.9559225862761858,26.390790578704507,31.162766640465282,-0.011421371819502911,-0.013250141118530305,15.620510530134734
