subject,nll,bic,model,wp,wp_rec,beta,beta_rec,b_last,b_last_rec,nll_rec
127-attributes,29.415142725673725,71.53260496513923,wa_b-last,0.9110818713864899,0.8917154838975032,11.094965852522199,12.778091382553349,0.005914505504703014,0.059933577336858924,23.71506106201029
