subject,nll,bic,model,wp,wp_rec,beta,beta_rec,b_last,b_last_rec,nll_rec
175-attributes,21.645384312696137,55.99308813918405,wa_b-last,0.9314897757711947,0.9232510858462663,20.440171790269,141.5238604662037,0.025422093561385965,0.04070256156082715,6.73465727612971
