subject,nll,bic,model,wp,wp_rec,beta,beta_rec,b_last,b_last_rec,nll_rec
39-attributes,31.357073330127808,75.4596323864037,wa_b-last,0.9094213134371726,0.9270411635235534,10.18719821272922,15.958562264745009,-0.0244599834253508,-0.02853364529990164,26.134450196647855
