subject,nll,bic,model,wp,wp_rec,beta,beta_rec,b_last,b_last_rec,nll_rec
38-attributes,33.171315222237865,79.0881161706238,wa_b-last,0.9299965731089038,0.922554360463388,10.616188028058291,11.27185190175879,-0.030052417102109735,-0.06598051670409831,30.813516415031373
