subject,nll,bic,model,wp,wp_rec,beta,beta_rec,b_last,b_last_rec,nll_rec
122-attributes,36.06010486670822,84.86569545956452,wa_b-last,0.9339945019816851,0.9519494400797562,8.850860182945812,5.953721539412249,-0.002232683246571664,0.01980583100390152,40.27702466174735
