subject,nll,bic,model,wp,wp_rec,beta,beta_rec,b_last,b_last_rec,nll_rec
140-attributes,23.643975204934872,60.033436136017826,wa_b-last,0.9597257927736271,0.9794660020780593,17.296124796950018,12.098921684662592,-0.00604484676867356,0.008315613591720436,23.465764381814957
