subject,nll,bic,model,wp,wp_rec,beta,beta_rec,b_last,b_last_rec,nll_rec
76-alternatives,29.274042084397266,71.2935698949426,wa_b-last,0.9437463391212275,0.935401637279428,14.698269583359327,12.950503698562455,0.0026870668812085468,-0.011824761077017475,30.901692892719307
