subject,nll,bic,model,wp,wp_rec,beta,beta_rec,b_last,b_last_rec,nll_rec
5-alternatives,12.109040755652353,36.963567237452786,wa_b-last,0.8094815436890113,0.8199108360437112,19.20148954924362,20.1661466911668,0.055786381887579194,0.049326640528232456,12.658619133052914
