subject,nll,bic,model,wp,wp_rec,beta,beta_rec,b_last,b_last_rec,nll_rec
12-attributes,29.917090621558803,72.53650075690939,wa_b-last,0.9446943308987021,0.939643896698281,13.656570929653604,14.733434228657991,0.009802544760203568,0.01620919831058712,28.54634024636314
