subject,nll,bic,model,wp,wp_rec,beta,beta_rec,b_last,b_last_rec,nll_rec
161-alternatives,19.838853216171156,52.423192158490394,wa_b-last,0.956776646044936,0.9475364047101752,22.96286433757674,24.560544876624693,0.02222968659745266,0.0006580491604244239,21.311923617130294
