subject,nll,bic,model,wp,wp_rec,beta,beta_rec,b_last,b_last_rec,nll_rec
166-alternatives,24.861971299191474,62.46942832453102,wa_b-last,0.8431462042507202,0.8618431466305839,8.863469789626732,12.386491801501943,0.059849105716420534,0.07909556234791869,21.402727579973956
