subject,nll,bic,model,wp,wp_rec,beta,beta_rec,b_last,b_last_rec,nll_rec
43-alternatives,35.12210433753809,82.98969440122426,wa_b-last,0.9580868901773872,0.9616259939242737,8.502824054315402,7.1627236846480296,0.03212090865710846,0.05140807207576039,36.520042888554286
