subject,nll,bic,model,wp,wp_rec,beta,beta_rec,b_last,b_last_rec,nll_rec
197-alternatives,1.3871383588810862,15.47659623155395,wa_b-last,0.9787435170847779,0.9736436053799388,199.9545807758787,200.0,0.022631236325193923,0.029847450891184846,0.021514030412855652
