subject,nll,bic,model,wp,wp_rec,beta,beta_rec,b_last,b_last_rec,nll_rec
13-alternatives,29.249348658746097,71.24418304364028,wa_b-last,0.8619098478187972,0.8654824078969324,7.306966394255213,24.089512986027565,0.07875212485157071,0.033986053187369115,15.200278069255372
