subject,nll,bic,model,wp,wp_rec,beta,beta_rec,b_last,b_last_rec,nll_rec
133-attributes,19.560555923900086,51.82343136159195,wa_b-last,0.9574989339223416,0.9565654552905557,23.035005765977473,24.74669772289838,-0.006612950609274376,0.0004304330196685925,18.710117445828242
