subject,nll,bic,model,wp,wp_rec,beta,beta_rec,b_last,b_last_rec,nll_rec
1-attributes,33.34769497435535,79.44087567485877,wa_b-last,0.9246878072812337,0.9321250520455847,9.771482989428074,9.678775686753644,0.023509918152419484,0.023546408752985193,34.18262927583233
