subject,nll,bic,model,wp,wp_rec,beta,beta_rec,b_last,b_last_rec,nll_rec
122-alternatives,33.91597767038322,80.57744106691452,wa_b-last,0.9186837938787241,0.9198315622402806,9.52304823635281,9.666063358924399,-0.030945810815047048,-0.030692610874379907,33.819380147969284
