subject,nll,bic,model,wp,wp_rec,beta,beta_rec,b_last,b_last_rec,nll_rec
36-alternatives,57.03976548300723,128.86129202148607,wa_b-last,0.9435079189529316,0.9453390848239981,14.762805616088409,14.345322522280108,0.015697382331603105,0.02717959796739877,57.18491232349472
