subject,nll,bic,model,wp,wp_rec,beta,beta_rec,b_last,b_last_rec,nll_rec
194-attributes,34.2642908403054,81.23090119440258,wa_b-last,0.9368230109968546,0.9372237476248241,9.21273096188636,9.456014787389101,0.03602510422931553,0.044432837593556866,33.598976119718756
