subject,nll,bic,model,wp,wp_rec,beta,beta_rec,b_last,b_last_rec,nll_rec
105-attributes,29.151121912248176,71.04772955064443,wa_b-last,0.9261745031004767,0.9329859908067529,13.103390348583073,21.76979526776767,0.0101761351465025,0.02736794158070584,21.424052039177134
