subject,nll,bic,model,wp,wp_rec,beta,beta_rec,b_last,b_last_rec,nll_rec
160-alternatives,23.542310087415427,59.830105900978936,wa_b-last,0.9286951183262859,0.9287188699442482,18.349588143200506,15.374944497415994,0.03669956016020601,0.047181211901925604,26.00286326459353
