subject,nll,bic,model,wp,wp_rec,beta,beta_rec,b_last,b_last_rec,nll_rec
69-attributes,32.30590840296692,77.35730253208192,wa_b-last,0.9501643071575324,0.9460491718175056,11.458652210352671,15.199087265669142,-0.0037661242611361076,0.0017407194903825284,28.448227287218895
