subject,nll,bic,model,wp,wp_rec,beta,beta_rec,b_last,b_last_rec,nll_rec
106-alternatives,34.64397295632608,81.99026542644394,wa_b-last,0.8507543413762078,0.8197502746812524,4.920513291714772,6.1759638696639385,0.018278470337293934,-0.04401422786502833,28.04987452806272
