subject,nll,bic,model,wp,wp_rec,eta,eta_rec,beta,beta_rec,b_last,b_last_rec,nll_rec
95-attributes,24.825347748478706,66.64467646515484,twostagebetween,0.4916917940237486,0.49905509597302355,0.30833523022300197,0.19781931054873425,44.24552913734563,60.20565167185288,0.00846353754700078,0.0122037179919184,20.962972225746206
