subject,nll,bic,model,wp,wp_rec,eta,eta_rec,beta,beta_rec,b_last,b_last_rec,nll_rec
149-alternatives,4.658643190677202,26.136056858918266,twostagebetween,1.0,0.8225861426858486,0.5914202595531574,0.6122288799436821,28.935759360203672,38.84990742367188,-0.045697895517718926,0.00029936982877625255,6.371681417562311
