subject,nll,bic,model,wp,wp_rec,eta,eta_rec,beta,beta_rec,b_last,b_last_rec,nll_rec
47-attributes,0.00952191286847523,17.013024793934388,twostagebetween,1.0,1.0,1.0,1.0,100.0,100.0,7.83705363713422e-05,7.83705363713422e-05,0.00952191286847523
