subject,nll,bic,model,wp,wp_rec,eta,eta_rec,beta,beta_rec,b_last,b_last_rec,nll_rec
78-alternatives,22.407874998367102,61.809730964931646,twostagebetween,0.4867816896744961,0.4672531766736962,0.4550394867264165,0.44173312495270683,51.26635029872154,66.5003997944938,-0.05277833554872509,-0.06824713263548414,19.456502062958698
