subject,nll,bic,model,wp,wp_rec,eta,eta_rec,beta,beta_rec,b_last,b_last_rec,nll_rec
88-alternatives,19.858624156651846,56.71122928150113,twostagebetween,0.561077003845825,0.5694728584326159,0.5099432960314314,0.5576899649727053,51.40586777534961,65.1746289875923,0.012828582436071123,-0.010844464189896465,14.839642537207778
