subject,nll,bic,model,wp,wp_rec,eta,eta_rec,beta,beta_rec,b_last,b_last_rec,nll_rec
117-attributes,16.59284455653519,50.179670081267815,twostagebetween,0.6449640358429138,0.6754991876236035,1.0,0.5317768194008976,36.22503600043137,45.08234776489172,-0.005462526014642258,0.005164255294730778,14.98929451670439
