subject,nll,bic,model,wp,wp_rec,eta,eta_rec,beta,beta_rec,b_last,b_last_rec,nll_rec
72-alternatives,29.077256358987686,75.09093873636441,twostagebetween,0.6906997056228215,0.7076711800952786,0.32155140055715814,0.850198901891888,22.586783136560353,13.472290105491915,-0.0561996342139675,0.043371686855205205,31.1564680028097
