subject,nll,bic,model,wp,wp_rec,eta,eta_rec,beta,beta_rec,b_last,b_last_rec,nll_rec
30-attributes,13.296885068067862,43.53019615452476,twostagebetween,0.6628969820777088,0.6549902523484076,1.0,0.721434649543434,40.17745797027826,71.3749922159847,-0.006491950544754842,-0.01819899902873303,8.898698559592694
