subject,nll,bic,model,wp,wp_rec,eta,eta_rec,beta,beta_rec,b_last,b_last_rec,nll_rec
123-attributes,21.79990670028192,60.59379436876128,twostagebetween,0.47261186274761907,0.47151318858231966,1.0,0.9121747393455706,38.743361540149714,42.24206441636608,-0.003584115896944939,-0.0033775513823592774,21.285829684933898
