subject,nll,bic,model,wp,wp_rec,eta,eta_rec,beta,beta_rec,b_last,b_last_rec,nll_rec
12-alternatives,28.683375877075857,74.36073272234916,twostagebetween,0.5942126421878455,0.5978419661432852,0.037394473022818224,0.09131910050766585,42.39371514762787,46.2016909994385,-0.023588961115267693,-0.046018940871004436,26.18932611598022
