subject,nll,bic,model,wp,wp_rec,eta,eta_rec,beta,beta_rec,b_last,b_last_rec,nll_rec
174-attributes,21.632201763576234,60.2583844953499,twostagebetween,0.508357703465884,0.5122822661189069,1.0,1.0,37.06196836274983,47.81968886359615,-0.01914105420151293,-0.01817887442631616,17.961020635738425
