subject,nll,bic,model,wp,wp_rec,eta,eta_rec,beta,beta_rec,b_last,b_last_rec,nll_rec
16-alternatives,22.98433975249504,62.96266047318751,twostagebetween,0.6215170038592497,0.6177027317624897,0.15197389151591945,0.21664810873109439,48.80750516542154,45.95014444169766,0.018137637120837758,-0.07380510539685509,23.32179817142856
