subject,nll,bic,model,wp,wp_rec,eta,eta_rec,beta,beta_rec,b_last,b_last_rec,nll_rec
191-attributes,19.996669639208655,56.98732024661474,twostagebetween,0.4513305166707395,0.47561706563101763,0.8565441575256784,0.9721359857802931,48.941334944415686,91.33596188694278,0.003111936241355383,-0.01151513526255732,11.870301978686278
