subject,nll,bic,model,wp,wp_rec,eta,eta_rec,beta,beta_rec,b_last,b_last_rec,nll_rec
66-alternatives,20.705624967592467,58.405230903382375,twostagebetween,0.59880058390974,0.6321815223678037,0.2858788449890648,0.4891143298848934,53.17967533770502,48.70758209133159,0.030974401969554123,-0.02906773013440782,17.722064292927293
