subject,nll,bic,model,wp,wp_rec,eta,eta_rec,beta,beta_rec,b_last,b_last_rec,nll_rec
188-alternatives,19.398227552374404,55.79043607294625,twostagebetween,0.3715292013320912,0.3778736174180392,0.4230926877997536,0.03130868967266044,54.57344810406275,55.98564937301993,-0.006470130201302715,-0.06988538849641583,23.214493111164792
