subject,nll,bic,model,wp,wp_rec,eta,eta_rec,beta,beta_rec,b_last,b_last_rec,nll_rec
101-attributes,21.16752198113735,59.329024930472144,twostagebetween,1.0,0.8621143346112959,1.0,1.0,9.136840521847077,17.52322032810122,-0.015214377581525286,0.021309221498543227,13.079916876036506
