subject,nll,bic,model,wp,wp_rec,eta,eta_rec,beta,beta_rec,b_last,b_last_rec,nll_rec
188-attributes,23.2108280431935,63.41563705458444,twostagebetween,0.44836714386236654,0.43924841774991447,1.0,1.0,33.125111764267494,41.97083876051159,0.011795391639257564,0.006965125679782638,20.63865706397622
