subject,nll,bic,model,wp,wp_rec,eta,eta_rec,beta,beta_rec,b_last,b_last_rec,nll_rec
89-attributes,42.20613334656993,101.40624766133729,twostagebetween,0.3320610305606576,0.29170786578949104,1.0,0.7306237745116266,4.774818529927673,7.468218358634506,0.07523260592487896,0.09088187237167386,36.44052712516018
