subject,nll,bic,model,wp,wp_rec,eta,eta_rec,beta,beta_rec,b_last,b_last_rec,nll_rec
4-attributes,36.447266409720584,89.8885137876386,twostagebetween,0.4298350275945349,0.2816819909256237,1.0,1.0,11.495374113621413,7.803370807139836,0.019186839262020246,-0.026418083576441074,37.02481153367536
