subject,nll,bic,model,wp,wp_rec,eta,eta_rec,beta,beta_rec,b_last,b_last_rec,nll_rec
156-alternatives,20.043517501129585,57.081015970456605,twostagebetween,0.5423155733796511,0.559334963734219,0.5223436847345252,0.11690533639269862,52.755087630671376,51.5153066399252,-0.015980838242701436,-0.07423807051088305,25.196943236856047
