subject,nll,bic,model,wp,wp_rec,eta,eta_rec,beta,beta_rec,b_last,b_last_rec,nll_rec
98-attributes,27.837245079805868,72.66847112780917,twostagebetween,0.5555338841317596,0.5497865525574277,0.8420805857965634,1.0,26.0741902700326,17.34226818438885,0.013113378674012936,0.006712224361457456,33.123476102179495
