subject,nll,bic,model,wp,wp_rec,eta,eta_rec,beta,beta_rec,b_last,b_last_rec,nll_rec
49-attributes,7.314949327312832,31.566324673014705,twostagebetween,0.797346852960547,0.8518600992769101,0.0,0.018724161780029,77.889273682358,59.72764082315647,-0.00589594382364562,-0.01657492158003626,7.481158793593575
