subject,nll,bic,model,wp,wp_rec,eta,eta_rec,beta,beta_rec,b_last,b_last_rec,nll_rec
182-alternatives,32.79094603186096,82.51831808211097,twostagebetween,0.5196885499131881,0.5361608215830406,0.01926299245875306,0.19510288341348314,35.47363749385994,37.51197331097298,0.059891468719515166,-0.0648985227460219,29.639536106716474
