subject,nll,bic,model,wp,wp_rec,eta,eta_rec,beta,beta_rec,b_last,b_last_rec,nll_rec
54-attributes,26.067302951521295,69.12858687124003,twostagebetween,0.5091585162000548,0.5055441114623989,1.0,0.9530980775595724,26.35521204674131,37.71265954247336,0.026402682166031456,0.026568437918217475,21.08567064663712
