subject,nll,bic,model,wp,wp_rec,eta,eta_rec,beta,beta_rec,b_last,b_last_rec,nll_rec
26-attributes,9.655763691110677,36.30550835041879,twostagebetween,0.7792339918258767,0.7239066312425534,1.0,1.0,30.000596194783203,37.29400628263548,-0.024847495402843506,-0.008834869667412003,10.216042369847196
