subject,nll,bic,model,wp,wp_rec,eta,eta_rec,beta,beta_rec,b_last,b_last_rec,nll_rec
171-alternatives,36.68628393777955,90.30899389394814,twostagebetween,0.46222775985609077,0.5157261482717541,0.2980496269601612,0.4184006156366886,18.60701880140288,14.508208355708097,0.0494899557236296,0.055285330117380994,39.332764551033144
