subject,nll,bic,model,wp,wp_rec,eta,eta_rec,beta,beta_rec,b_last,b_last_rec,nll_rec
38-alternatives,25.56365414540468,68.1212892590068,twostagebetween,0.53839065813737,0.5431154496775182,0.8590312848398062,0.32840816166627196,31.14306181383383,57.3113696284862,0.08336021464055082,0.0007311036214668666,20.893344037157853
