subject,nll,bic,model,wp,wp_rec,eta,eta_rec,beta,beta_rec,b_last,b_last_rec,nll_rec
162-attributes,30.115302723092267,77.22458641438197,twostagebetween,0.4711843677786483,0.4837256469031935,0.2701053627732021,0.30475744351139905,31.487899348502573,23.262382905454746,0.0005986678976551496,0.005258970451468869,34.05679850202963
