subject,nll,bic,model,wp,wp_rec,eta,eta_rec,beta,beta_rec,b_last,b_last_rec,nll_rec
146-attributes,19.858211088475894,56.71040314514923,twostagebetween,0.6252919204244417,0.6363479837668298,1.0,0.6355549144034287,32.74789756355643,26.587445041857965,-0.004839771678985547,-0.003772968541268943,26.442527097508236
