subject,nll,bic,model,wp,wp_rec,eta,eta_rec,beta,beta_rec,b_last,b_last_rec,nll_rec
36-alternatives,64.8598277085191,149.42867015766703,twostagebetween,0.6141861581858119,0.6003485354578276,0.28462487259681846,0.17959193522827352,24.89932742446318,24.22799143386378,0.09194348816548237,0.04480713153236602,69.07870890528095
