subject,nll,bic,model,wp,wp_rec,eta,eta_rec,beta,beta_rec,b_last,b_last_rec,nll_rec
145-attributes,17.431770324598936,51.85752161739531,twostagebetween,0.5605902376606384,0.5571984067182895,0.7034852237880309,0.4404619087381221,52.19897725572415,64.4602981900252,0.007244833679596507,0.014867321961066065,16.83942884821455
