subject,nll,bic,model,wp,wp_rec,eta,eta_rec,beta,beta_rec,b_last,b_last_rec,nll_rec
194-alternatives,36.02382260905579,89.04162618630902,twostagebetween,0.5038151257319914,0.5095329812482381,0.09919334570010652,0.9128738759323544,25.789426002808554,26.128297454681007,0.0689365594706048,-0.09395385451697656,28.077312969066796
