subject,nll,bic,model,wp,wp_rec,eta,eta_rec,beta,beta_rec,b_last,b_last_rec,nll_rec
107-attributes,39.81326976907002,96.56296555652908,twostagebetween,0.7278898963497649,0.793402730413143,1.0,1.0,6.378037006777306,5.568388422657459,0.012420737291976925,0.0038240541978481852,39.49943674169358
