subject,nll,bic,model,wp,wp_rec,eta,eta_rec,beta,beta_rec,b_last,b_last_rec,nll_rec
125-alternatives,18.207259850581128,53.4085006693597,twostagebetween,0.6403067972170876,0.6999096163525327,0.10497902799217049,0.7674983621309664,61.56624805004306,24.886710435197752,0.020952806653743484,-0.022056339465010802,21.319439886143158
