subject,nll,bic,model,wp,wp_rec,eta,eta_rec,beta,beta_rec,b_last,b_last_rec,nll_rec
159-alternatives,24.473131499937246,65.94024396807193,twostagebetween,0.5100241621419608,0.5103962776297087,0.6038356898682319,0.5948633538903692,39.705727493472445,45.447872752187706,-0.006179132555863676,0.09625347448805135,22.543031841347076
