subject,nll,bic,model,wp,wp_rec,eta,eta_rec,beta,beta_rec,b_last,b_last_rec,nll_rec
138-alternatives,0.00197017400508589,16.99792131620761,twostagebetween,0.0,0.0,1.0,1.0,100.0,100.0,-0.08785519707774228,-0.08785519707774228,0.00197017400508589
