subject,nll,bic,model,wp,wp_rec,eta,eta_rec,beta,beta_rec,b_last,b_last_rec,nll_rec
42-attributes,20.764315745035105,58.522612458267645,twostagebetween,0.6213476478375809,0.6271337692433243,0.8432069527075537,1.0,34.03544960780467,28.269019530737307,0.009330669143206946,-0.004766065613606892,22.38530846629441
