subject,nll,bic,model,wp,wp_rec,eta,eta_rec,beta,beta_rec,b_last,b_last_rec,nll_rec
114-attributes,19.134965235100776,55.26391143839899,twostagebetween,0.5752284723135322,0.5717917028788972,0.8689728673351609,0.867249485138966,41.594864406434546,45.840282661468514,5.708491346496942e-05,0.008277211694330707,17.58658577835714
