subject,nll,bic,model,wp,wp_rec,eta,eta_rec,beta,beta_rec,b_last,b_last_rec,nll_rec
69-attributes,27.82183774596651,72.63765646013046,twostagebetween,0.6335791653907922,0.63693392873884,1.0,1.0,20.459446968075586,22.819886949707076,-0.004448304665037567,0.006144056603881729,25.528770933980404
