subject,nll,bic,model,wp,wp_rec,eta,eta_rec,beta,beta_rec,b_last,b_last_rec,nll_rec
2-alternatives,27.195484276582015,71.38494952136146,twostagebetween,0.6335531238596592,0.636587560600815,0.4499317948903889,0.5789062142692809,29.377473436456434,20.153955211589437,-0.09003836083944455,-0.0011919707232794564,31.961568272686087
