subject,nll,bic,model,wp,wp_rec,eta,eta_rec,beta,beta_rec,b_last,b_last_rec,nll_rec
1-attributes,34.09986557981531,85.19371212782805,twostagebetween,0.5322916334425043,0.5496081846481519,0.8204815615665502,0.5539132216432875,17.58409716691848,18.568083380128055,0.011641535566153955,0.015625578134105565,35.013855000348805
