subject,nll,bic,model,wp,wp_rec,eta,eta_rec,beta,beta_rec,b_last,b_last_rec,nll_rec
140-attributes,19.341415142452373,55.67681125310219,twostagebetween,0.683710839235223,0.7024341146237988,0.7358180807332027,1.0,30.12026659156112,19.11722773445972,-0.005197710882291013,-0.019541857398865874,23.998922049469034
