subject,nll,bic,model,wp,wp_rec,eta,eta_rec,beta,beta_rec,b_last,b_last_rec,nll_rec
179-alternatives,23.056061184540855,63.10610333727915,twostagebetween,0.3081576597260093,0.28359361272304917,0.6029941673747189,0.35555525830072227,27.570053175064977,28.5861356751118,0.07475805246660161,-0.07362552222678227,23.326062452201885
