subject,nll,bic,model,wp,wp_rec,eta,eta_rec,beta,beta_rec,b_last,b_last_rec,nll_rec
134-alternatives,26.689390393767365,70.37276175573217,twostagebetween,0.5451169684453754,0.5545305662851266,0.7223611560134641,0.44797591257107183,31.15587111873862,29.76512766253246,-0.010707250161487214,-0.09344767596989662,30.071187361440348
