subject,nll,bic,model,wp,wp_rec,eta,eta_rec,beta,beta_rec,b_last,b_last_rec,nll_rec
177-attributes,25.81394060882344,68.62186218584432,twostagebetween,0.5467776404871858,0.5408947257942587,0.8170213625331685,0.6816418048442654,29.617463919553284,33.47955167140355,0.02030189414715521,0.011094653787598347,25.467971947087165
