subject,nll,bic,model,wp,wp_rec,eta,eta_rec,beta,beta_rec,b_last,b_last_rec,nll_rec
128-alternatives,32.178379483677006,81.29318498574305,twostagebetween,0.5675719520700796,0.5953507474481048,0.4031086117693325,0.23851688069634003,25.293661626602745,21.57531534421249,-0.018508124737467293,-0.06548887619223592,35.536807048049866
