subject,nll,bic,model,wp,wp_rec,eta,eta_rec,beta,beta_rec,b_last,b_last_rec,nll_rec
143-alternatives,34.145306614702925,85.28459419760328,twostagebetween,0.5114637095939533,0.45080796866052014,0.9355332622189938,0.05468445878898101,16.94210949020781,52.2544536845106,-0.06756814383670326,0.0013722094031692889,26.06079149375806
