subject,nll,bic,model,wp,wp_rec,eta,eta_rec,beta,beta_rec,b_last,b_last_rec,nll_rec
55-attributes,26.45189497380182,69.84021596599268,twostagebetween,0.4834573058201446,0.5034141746952109,0.921159976352047,0.6976930823212344,27.54075576643573,33.29171605278582,0.012541449853363253,0.03308115827483262,23.75222221386902
