subject,nll,bic,model,wp,wp_rec,eta,eta_rec,beta,beta_rec,b_last,b_last_rec,nll_rec
74-alternatives,25.904612677366345,68.38176426029882,twostagebetween,0.7448328657205915,0.7567528104505129,0.16197174630558456,0.45593497767159197,20.984832157816307,14.404770984902507,0.02696526347792616,-0.07922297576752227,27.91609470941627
