subject,nll,bic,model,wp,wp_rec,eta,eta_rec,beta,beta_rec,b_last,b_last_rec,nll_rec
146-alternatives,15.452057066414655,47.89809510102675,twostagebetween,0.6363764579849241,0.6228155550907205,0.18066380815587182,0.26844247572763014,68.95098536955899,53.66058925230436,-0.05611185483636941,0.006512599599459712,19.487018771301493
