subject,nll,bic,model,wp,wp_rec,eta,eta_rec,beta,beta_rec,b_last,b_last_rec,nll_rec
0-alternatives,31.993302717255368,80.98058640270817,twostagebetween,0.538036787334317,0.49273417372461276,0.5385912720727924,0.36058371034977277,24.935713851349917,28.61919391197568,-0.03965893855559484,-0.04321484754660561,31.52295392180066
