subject,nll,bic,model,wp,wp_rec,eta,eta_rec,beta,beta_rec,b_last,b_last_rec,nll_rec
178-attributes,25.529457823081618,68.05289661436068,twostagebetween,0.6509273110011666,0.6482133529974757,0.3697280056656643,0.6802412426424655,31.182308440883492,36.782354530659,-0.007289180917234144,-0.023021246641544032,19.380408323798736
