subject,nll,bic,model,wp,wp_rec,eta,eta_rec,beta,beta_rec,b_last,b_last_rec,nll_rec
84-attributes,23.849255302000056,64.69249157219755,twostagebetween,0.5284819771758167,0.517558149713209,0.5919410922999203,0.5094084108663057,34.55203375117837,31.168989419803317,0.035534508722759046,0.05665653401199306,22.511423610602737
