subject,nll,bic,model,wp,wp_rec,eta,eta_rec,beta,beta_rec,b_last,b_last_rec,nll_rec
133-alternatives,19.958875994638728,56.85417800766649,twostagebetween,0.6474805180674192,0.6793941559635238,0.7102730926658686,0.24874041450935835,33.737782554319445,55.73923392349362,0.0012709214809058624,-0.07690244125396578,14.033942039846272
