subject,nll,bic,model,wp,wp_rec,eta,eta_rec,beta,beta_rec,b_last,b_last_rec,nll_rec
41-alternatives,46.184363193248814,109.24675720720205,twostagebetween,0.5473743891061464,0.7057537947963006,0.30893867076387743,0.5546816018086742,4.309743575824426,3.1293082762004563,-0.03990718022967198,0.07038203542727102,45.876220884883956
