subject,nll,bic,model,wp,wp_rec,eta,eta_rec,beta,beta_rec,b_last,b_last_rec,nll_rec
55-alternatives,24.174244737620004,65.34247044343745,twostagebetween,0.4698755247045495,0.44521110481796544,0.059425529497198475,0.5225188404568367,61.61794648607927,62.59964127434532,0.03667852948903196,-0.07889108912137088,19.695719528548643
