subject,nll,bic,model,wp,wp_rec,eta,eta_rec,beta,beta_rec,b_last,b_last_rec,nll_rec
40-attributes,21.021237799712466,58.978901617813975,twostagebetween,0.5242867459976843,0.514727178721772,1.0,0.9687474141492242,38.303367646684265,60.0752471476683,0.007701267231350444,0.02451623957895929,14.738993937778313
