subject,nll,bic,model,wp,wp_rec,eta,eta_rec,beta,beta_rec,b_last,b_last_rec,nll_rec
189-alternatives,22.163275081923835,61.26297618223671,twostagebetween,0.6145559014732719,0.5980326321572444,0.10433969032915491,0.02886239018287977,52.492790026556385,55.46870453853581,0.017990710299884173,-0.018816340716623227,23.32449407440087
