subject,nll,bic,model,wp,wp_rec,eta,eta_rec,beta,beta_rec,b_last,b_last_rec,nll_rec
104-alternatives,34.23962750234604,85.23787397279779,twostagebetween,0.5719241045181122,0.5597876349814545,0.18695561582363052,0.1997700607557749,23.639369636508835,25.63266758440076,0.05752376061037632,0.09993855364702538,33.27473852385522
