subject,nll,bic,model,wp,wp_rec,eta,eta_rec,beta,beta_rec,b_last,b_last_rec,nll_rec
29-alternatives,34.84763133323847,86.68924363467437,twostagebetween,0.6289090425332297,0.7009996145267823,0.1157257868350126,0.07805165348079696,24.209211436873257,19.697180681827742,0.00276544311937883,0.05417164065194518,34.84689295566541
