subject,nll,bic,model,wp,wp_rec,eta,eta_rec,beta,beta_rec,b_last,b_last_rec,nll_rec
141-attributes,18.84644552685434,54.68687202190611,twostagebetween,0.6460461862488951,0.6264975878948551,1.0,1.0,32.112666349733125,32.72350948279008,-0.021756293359508048,-0.014912650648947574,19.826749589510886
