subject,nll,bic,model,wp,wp_rec,eta,eta_rec,beta,beta_rec,b_last,b_last_rec,nll_rec
44-attributes,12.840992188845947,42.67596534588933,twostagebetween,0.6978775453060299,0.718778036989096,0.6793322474460968,0.8236157205728318,42.55183779476948,31.448532765662264,-0.012621409085248622,0.0005086703591144647,14.538660478484417
