subject,nll,bic,model,wp,wp_rec,eta,eta_rec,beta,beta_rec,b_last,b_last_rec,nll_rec
75-attributes,14.710101805536933,46.41418457927131,twostagebetween,0.7206129761453719,0.7416548927272345,1.0,1.0,28.827217096230164,20.655069060499482,0.0415647884145442,0.019283598816764953,18.60540456645011
