subject,nll,bic,model,wp,wp_rec,eta,eta_rec,beta,beta_rec,b_last,b_last_rec,nll_rec
23-alternatives,22.51541817857233,62.0248173253421,twostagebetween,0.6307669572410018,0.6299813079163098,0.8339318607986188,0.4930653184223365,30.411843275570515,28.155641370123544,0.043328569928147646,-0.03899162056568964,27.651009047841363
