subject,nll,bic,model,wp,wp_rec,eta,eta_rec,beta,beta_rec,b_last,b_last_rec,nll_rec
126-alternatives,22.23848794896662,61.47095686613068,twostagebetween,0.6249898598202182,0.6140784979395396,0.14912724609196137,0.06192398264486107,50.362567159554835,41.21990529393894,0.031455778135190675,0.011662776301591916,27.8548997976281
