subject,nll,bic,model,wp,wp_rec,eta,eta_rec,beta,beta_rec,b_last,b_last_rec,nll_rec
151-attributes,19.387659060427794,55.76929908905302,twostagebetween,0.6016230942215746,0.643381300693336,0.7974258492332833,0.2593825667077293,40.186303365198164,65.1896355672317,0.0042767836090722355,-0.010784975389743047,14.475371000943102
