subject,nll,bic,model,wp,wp_rec,eta,eta_rec,beta,beta_rec,b_last,b_last_rec,nll_rec
20-alternatives,22.421915483095436,61.83781193438831,twostagebetween,0.6406780914984932,0.6474040507610863,0.44620578346378387,0.10869885162425194,37.26821190114593,64.54881272174704,0.030962762293799153,-0.050139289907094535,16.71875971013647
