subject,nll,bic,model,wp,wp_rec,eta,eta_rec,beta,beta_rec,b_last,b_last_rec,nll_rec
80-alternatives,14.933118381551134,46.860217731299706,twostagebetween,0.46814034469177757,0.46647805875571924,0.5033585639562574,0.9106150990928135,96.32874414637037,74.69380745384237,0.08740112505237035,-0.08418157700057548,15.174326475490055
