subject,nll,bic,model,wp,wp_rec,eta,eta_rec,beta,beta_rec,b_last,b_last_rec,nll_rec
68-alternatives,9.906003681025128,36.80598833024769,twostagebetween,0.11991043652324657,0.0826316038902618,0.25139341167446505,0.6921169852421095,36.7887998861491,26.481526349932768,0.03220968952048129,0.04290970136585377,8.760468048192838
