subject,nll,bic,model,wp,wp_rec,eta,eta_rec,beta,beta_rec,b_last,b_last_rec,nll_rec
164-alternatives,10.606738710003778,38.207458388205,twostagebetween,0.5937709315183317,0.588950584805574,0.5376077683443586,1.0,83.5120498812197,100.0,0.02106309484523874,0.051342913847838026,4.019754714728994
