subject,nll,bic,model,wp,wp_rec,eta,eta_rec,beta,beta_rec,b_last,b_last_rec,nll_rec
166-attributes,21.767830320129377,60.52964160845619,twostagebetween,0.3841269405868942,0.39936010887273166,0.4094188783696929,0.6279832338999943,44.40003765028918,56.17798409707706,0.009456559526757292,0.01811494337154937,17.393846387715353
