subject,nll,bic,model,wp,wp_rec,eta,eta_rec,beta,beta_rec,b_last,b_last_rec,nll_rec
135-attributes,39.483669871850715,95.96132071189886,twostagebetween,0.29605325527792015,0.08937076883193934,1.0,1.0,5.400108414500176,5.7902524303390015,0.09458879559554838,0.1,32.56817077333193
