subject,nll,bic,model,wp,wp_rec,eta,eta_rec,beta,beta_rec,b_last,b_last_rec,nll_rec
53-attributes,21.347098069383108,59.68817710696365,twostagebetween,0.6060988622914406,0.609739623254173,0.9713184566930999,0.896724155073107,32.514837332560994,41.3572169722024,0.00016938579919810934,-0.013418625434743217,17.69489001410676
