subject,nll,bic,model,wp,wp_rec,eta,eta_rec,beta,beta_rec,b_last,b_last_rec,nll_rec
16-attributes,21.145784954290995,59.285550876779425,twostagebetween,0.621157651586524,0.6201116885593309,0.5551735298668516,0.9521738114508141,39.08277950583604,41.265799854523934,0.004103841694903669,0.009645223295276421,16.629231720437243
