subject,nll,bic,model,wp,wp_rec,eta,eta_rec,beta,beta_rec,b_last,b_last_rec,nll_rec
66-attributes,29.416524547809654,75.82703006381675,twostagebetween,0.5277384430388458,0.524558192605066,1.0,1.0,22.518740081427726,20.552508045878454,-0.013178128516930891,-0.013484440270610404,30.813230611736707
