subject,nll,bic,model,wp,wp_rec,eta,eta_rec,beta,beta_rec,b_last,b_last_rec,nll_rec
133-attributes,19.444206417257618,55.82483885290428,twostagebetween,0.6788851155436118,0.6784229151431448,0.40438046744157125,0.6899397246477856,37.83465749453611,23.883845575515974,-0.004099883950241659,0.0010862910929749134,24.68815034598795
