subject,nll,bic,model,wp,wp_rec,eta,eta_rec,beta,beta_rec,b_last,b_last_rec,nll_rec
142-alternatives,26.219233380260246,69.43244772871793,twostagebetween,0.5572235832199349,0.5334999070340701,0.7083777790852431,0.26475806226491483,31.827372807884597,62.12574680474906,0.01570379043524066,0.04741605172613239,20.725514027426318
