subject,nll,bic,model,wp,wp_rec,eta,eta_rec,beta,beta_rec,b_last,b_last_rec,nll_rec
25-alternatives,25.26128748452233,67.5165559372421,twostagebetween,0.4812035189169158,0.4941462692439549,0.5269597936668198,0.4407649719958179,39.589514744767,44.583832020676915,0.05850457509672147,-0.010772695883408191,24.44322377225401
