subject,nll,bic,model,wp,wp_rec,eta,eta_rec,beta,beta_rec,b_last,b_last_rec,nll_rec
3-alternatives,23.054139325047625,63.10225961829269,twostagebetween,0.6339463441287041,0.6587499511400494,0.7727253525425364,0.6384729332304988,30.17364449622259,36.48734114253581,-0.005480188087703475,0.008752494361687613,19.033759877591994
