subject,nll,bic,model,wp,wp_rec,eta,eta_rec,beta,beta_rec,b_last,b_last_rec,nll_rec
192-attributes,0.009521912868474912,17.013024793934388,twostagebetween,1.0,1.0,1.0,1.0,100.0,100.0,7.837444343849087e-05,7.837444343849087e-05,0.009521912868474912
