subject,nll,bic,model,wp,wp_rec,eta,eta_rec,beta,beta_rec,b_last,b_last_rec,nll_rec
103-alternatives,23.196314775128066,63.386610518453566,twostagebetween,0.6488933391870949,0.6249578518199342,0.685686781592822,0.13279098991280802,29.64381327714516,58.84253969087092,0.07909256181453746,0.0020856212539242416,19.712039256216524
