subject,nll,bic,model,wp,wp_rec,eta,eta_rec,beta,beta_rec,b_last,b_last_rec,nll_rec
171-attributes,27.938978427950556,72.87193782409855,twostagebetween,0.48820444168432686,0.4789187091869058,1.0,0.4001305414327801,22.746231890942855,31.164794089467453,-0.0366221214596952,-0.03002411723758901,27.79694552035736
