subject,nll,bic,model,wp,wp_rec,eta,eta_rec,beta,beta_rec,b_last,b_last_rec,nll_rec
65-alternatives,13.342230061057723,43.67844109031289,twostagebetween,0.6124066208202825,0.629733372627839,0.05216158024350664,0.5990707163371985,98.66964360620578,78.32454733261805,-0.08342191369088149,0.03544289498856079,10.100829522037856
