subject,nll,bic,model,wp,wp_rec,eta,eta_rec,beta,beta_rec,b_last,b_last_rec,nll_rec
100-alternatives,26.85255550565878,70.699091979515,twostagebetween,0.6118458690774309,0.6370036194262185,0.5184556979772006,0.16470188106303582,30.750476599208213,47.72208227923628,-0.00819901517857169,-0.02409813366266819,22.129980088687795
