subject,nll,bic,model,wp,wp_rec,eta,eta_rec,beta,beta_rec,b_last,b_last_rec,nll_rec
174-alternatives,22.456257469470987,61.906495907139416,twostagebetween,0.4752348381036871,0.4973503759925825,0.19455631261717984,0.593596480426803,62.503383113627216,38.4312409300943,-0.018611070750329816,0.07242437043436811,25.113648535610604
