subject,nll,bic,model,wp,wp_rec,eta,eta_rec,beta,beta_rec,b_last,b_last_rec,nll_rec
126-attributes,25.770909747529863,68.53580046325716,twostagebetween,0.6145676515314659,0.6174032596011436,1.0,0.49121978623075224,24.409023031559844,31.63523535875476,0.0005279134179036225,-0.011051564979476715,25.933383130716336
