subject,nll,bic,model,wp,wp_rec,eta,eta_rec,beta,beta_rec,b_last,b_last_rec,nll_rec
155-alternatives,29.61497659653274,76.22393416126292,twostagebetween,0.7025649100940752,0.6325654194618285,0.14438344269587955,0.17896473075300096,24.85568052501641,40.49351829726013,0.00959368804871632,-0.01613337559505339,25.218841891273026
