subject,nll,bic,model,wp,wp_rec,eta,eta_rec,beta,beta_rec,b_last,b_last_rec,nll_rec
129-attributes,32.014223920221106,81.02242880863965,twostagebetween,0.5309810061222557,0.49871097699326183,1.0,1.0,18.840617463993137,17.88283981549074,0.006115438053062382,0.02208244033671835,31.90813495284173
