subject,nll,bic,model,wp,wp_rec,eta,eta_rec,beta,beta_rec,b_last,b_last_rec,nll_rec
107-alternatives,44.52497270651639,105.98637143142182,twostagebetween,0.8757133548938263,1.0,0.6918727863518088,0.3080467616876234,3.171684375530316,4.445064073502411,-0.05210309357063552,0.005684336857990524,41.99407864650373
