subject,nll,bic,model,wp,wp_rec,eta,eta_rec,beta,beta_rec,b_last,b_last_rec,nll_rec
43-attributes,21.647154954229926,60.288290876657285,twostagebetween,0.7200515452628969,0.7632028141760866,1.0,0.6633933190015558,19.75129736380386,18.141268555029843,-0.006010184569790641,0.0033856238031278393,23.534123598791755
