subject,nll,bic,model,wp,wp_rec,eta,eta_rec,beta,beta_rec,b_last,b_last_rec,nll_rec
73-attributes,21.386454866736525,59.709335751862085,twostagebetween,0.6026740928669557,0.586956844567359,1.0,1.0,31.937153604918624,50.186553656156526,0.018913777208436358,0.004753526388659538,14.347531249612263
