subject,nll,bic,model,wp,wp_rec,eta,eta_rec,beta,beta_rec,b_last,b_last_rec,nll_rec
38-attributes,29.097638586421724,75.18925814104088,twostagebetween,0.550451839351151,0.5294620165997243,1.0,1.0,22.61897037362213,19.279566787160107,-0.01796609029988159,-0.03871542911728737,30.904933237083796
