subject,nll,bic,model,wp,wp_rec,eta,eta_rec,beta,beta_rec,b_last,b_last_rec,nll_rec
20-attributes,19.246560975878207,55.487102919953855,twostagebetween,0.6586075217940398,0.6903740962464637,1.0,1.0,29.79544003751973,26.968723250313772,-0.022962877970949175,-0.03311030224002489,18.690962482683474
