subject,nll,bic,model,wp,wp_rec,eta,eta_rec,beta,beta_rec,b_last,b_last_rec,nll_rec
10-alternatives,28.994485628209038,74.98295222461552,twostagebetween,0.556462249236246,0.5805064917466867,0.4755923967255732,0.423091747396037,31.19223770875077,45.59169528075512,-0.052719667028408496,-0.01725402465553394,22.38349091367327
