subject,nll,bic,model,wp,wp_rec,eta,eta_rec,beta,beta_rec,b_last,b_last_rec,nll_rec
154-alternatives,11.600157517506123,40.194296003209686,twostagebetween,0.861294867641233,0.7571300939538563,0.8646107732046568,0.08876997535803972,20.52702671335064,66.1909844968852,-0.025382191582728066,-0.07065503533492035,8.421065597371951
