subject,nll,bic,model,wp,wp_rec,eta,eta_rec,beta,beta_rec,b_last,b_last_rec,nll_rec
7-attributes,27.195706963282323,71.38539489476209,twostagebetween,0.544748335481907,0.5486309754039079,0.7638576517375525,0.3722274809965925,29.14547358872232,32.55485292571276,-0.003582190903108586,-0.022509493244227432,28.27736243042061
