subject,nll,bic,model,wp,wp_rec,eta,eta_rec,beta,beta_rec,b_last,b_last_rec,nll_rec
139-attributes,28.424847563397954,73.78612114518495,twostagebetween,0.5094938667473589,0.5204624891150323,1.0,1.0,23.034169932361223,33.97420322202973,-0.0014694642408909359,-0.0013966509308657215,22.499829509743634
