subject,nll,bic,model,wp,wp_rec,eta,eta_rec,beta,beta_rec,b_last,b_last_rec,nll_rec
191-alternatives,20.73550392451662,58.464988817230676,twostagebetween,0.44636616908716786,0.44780377430484447,0.5518530605536677,0.6864170003154176,55.63374327408336,85.45924160092262,-0.010576187178120101,-0.08172868975412839,15.798043945866663
