subject,nll,bic,model,wp,wp_rec,eta,eta_rec,beta,beta_rec,b_last,b_last_rec,nll_rec
73-alternatives,20.73542611046868,58.4072782393264,twostagebetween,0.610539786195384,0.5917643674813816,0.016275375133598988,0.9190508880341816,63.60663801012672,36.65985991069695,-0.031084398291961503,-0.03864862178805745,20.060265247933273
