subject,nll,bic,model,wp,wp_rec,eta,eta_rec,beta,beta_rec,b_last,b_last_rec,nll_rec
67-attributes,29.89936322573271,76.79270741966286,twostagebetween,0.6324412843798944,0.635820246991917,1.0,0.5276918548256199,18.197821459179835,27.991778120378388,-0.021130007419314704,-0.016110193709049318,26.67032603763966
