subject,nll,bic,model,wp,wp_rec,eta,eta_rec,beta,beta_rec,b_last,b_last_rec,nll_rec
65-attributes,17.206097778625093,51.40617652544762,twostagebetween,0.59029223595799,0.5937012093346682,0.9960660911281458,1.0,42.15449478794156,40.01972719088962,4.2654316267232606e-05,-0.009124103445159891,18.014363968410596
