subject,nll,bic,model,wp,wp_rec,eta,eta_rec,beta,beta_rec,b_last,b_last_rec,nll_rec
8-alternatives,24.01053533282872,65.01505163385488,twostagebetween,0.6088610873746957,0.5951660968781309,0.29155086869721564,0.09604246721602984,42.83177286319519,59.5983556697439,-0.056610142774481335,-0.00386941121491724,21.686151139061142
