subject,nll,bic,model,wp,wp_rec,eta,eta_rec,beta,beta_rec,b_last,b_last_rec,nll_rec
56-attributes,6.69064979207285,30.375280552343135,twostagebetween,0.9598979333577263,0.9211582010563667,1.0,1.0,21.257940581014868,100.0,-0.021072930030445636,-0.037413931033690194,1.3900817069305593
