subject,nll,bic,model,wp,wp_rec,eta,eta_rec,beta,beta_rec,b_last,b_last_rec,nll_rec
61-attributes,31.23804212996294,79.47006522812332,twostagebetween,0.5587212568109855,0.5465411958337355,0.7965990713091746,0.11988325558378589,21.95887259143954,41.86481203301932,-0.00796190252062628,-0.002398468281876578,27.145809506648988
