subject,nll,bic,model,wp,wp_rec,eta,eta_rec,beta,beta_rec,b_last,b_last_rec,nll_rec
92-alternatives,38.58024445281881,94.15446987383505,twostagebetween,0.5777551017667392,0.5410417112865749,0.5305197884328775,0.6719286668531017,14.861512038598473,14.588614557970672,-0.04641619395287627,0.03370688910758717,38.09202267583572
