subject,nll,bic,model,wp,wp_rec,eta,eta_rec,beta,beta_rec,b_last,b_last_rec,nll_rec
131-attributes,29.646102688135123,76.28618634446768,twostagebetween,0.5222753540306788,0.5131332188999389,1.0,1.0,22.044398960011517,28.68527718593237,-0.017885750838292774,0.00021688754193831947,25.819934338242657
