subject,nll,bic,model,wp,wp_rec,eta,eta_rec,beta,beta_rec,b_last,b_last_rec,nll_rec
80-attributes,18.291883319355694,53.57774760690883,twostagebetween,0.519821569453178,0.5151060863058058,1.0,0.6898289843146307,47.188697940566435,62.58326032361531,0.00368943841541234,0.00914651051022446,16.64202643919438
