subject,nll,bic,model,wp,wp_rec,eta,eta_rec,beta,beta_rec,b_last,b_last_rec,nll_rec
102-alternatives,25.662858915120104,68.31969879843764,twostagebetween,0.5624104825993654,0.5674005265660078,0.9236102157876201,0.43438904187671923,28.97800741479885,32.901648339408915,-0.02968315078023911,0.056182424442228165,28.35464842969018
