subject,nll,bic,model,wp,wp_rec,eta,eta_rec,beta,beta_rec,b_last,b_last_rec,nll_rec
71-alternatives,19.2027638028507,55.39950857389884,twostagebetween,0.48916643153663475,0.49736883713333974,0.6298851768696199,0.01171230406699096,57.88887417983372,83.55543734663131,0.06888905676371518,-0.08959779101908966,20.548154092528264
