subject,nll,bic,model,wp,wp_rec,eta,eta_rec,beta,beta_rec,b_last,b_last_rec,nll_rec
114-alternatives,21.301855059592015,59.59769108738146,twostagebetween,0.5856692720948699,0.5620004135210157,0.4414326052779816,0.6960422549441874,47.272497858877415,40.71819308419089,-0.055979289212752664,0.02674646036639332,21.90272845253309
