subject,nll,bic,model,wp,wp_rec,eta,eta_rec,beta,beta_rec,b_last,b_last_rec,nll_rec
176-attributes,35.70729316244285,88.40856729308314,twostagebetween,0.614757294103015,0.7512749606637135,1.0,1.0,10.873495881062665,6.380620214323768,0.05705940132115368,0.1,37.05136281613986
