subject,nll,bic,model,wp,wp_rec,eta,eta_rec,beta,beta_rec,b_last,b_last_rec,nll_rec
135-alternatives,35.86670564774909,88.72739226369562,twostagebetween,0.25191558079061865,0.2770183070500099,0.29516209534889454,0.45888409734565455,12.21536022097676,15.936992008029288,0.080079441153244,-0.08090110516609424,30.89945600139295
