subject,nll,bic,model,wp,wp_rec,eta,eta_rec,beta,beta_rec,b_last,b_last_rec,nll_rec
111-attributes,26.630685122032364,70.25535121226217,twostagebetween,0.40416910384882004,0.33761145214696986,0.8020994730087067,0.1785408651323697,25.409241452373767,39.141638636055376,0.009397020297793015,-0.002942329962703687,23.4479823129444
