subject,nll,bic,model,wp,wp_rec,eta,eta_rec,beta,beta_rec,b_last,b_last_rec,nll_rec
81-alternatives,27.816221484822723,72.56886898803448,twostagebetween,0.5468225554583582,0.60676693323877,0.826588032596831,0.16579346045176527,26.23224984701707,42.23879789698031,0.056054700395238966,0.050734179427446874,25.530226252583176
