subject,nll,bic,model,wp,wp_rec,eta,eta_rec,beta,beta_rec,b_last,b_last_rec,nll_rec
185-alternatives,28.57164832308564,74.13727761436871,twostagebetween,0.48361150665187325,0.49494320608719405,0.12057092690339498,0.17872726933660926,42.483699483664815,23.515418013381712,0.0667357480844274,0.053418995102049775,36.20257660962145
