subject,nll,bic,model,wp,wp_rec,eta,eta_rec,beta,beta_rec,b_last,b_last_rec,nll_rec
147-alternatives,36.05507865538568,89.10413827896879,twostagebetween,0.6493129394290977,0.7588660538926995,0.05773787368103987,0.6538963673450928,22.05366843734705,11.485730134504244,-0.009939412116010416,-0.059588477396898445,33.449603587660796
