subject,nll,bic,model,wp,wp_rec,eta,eta_rec,beta,beta_rec,b_last,b_last_rec,nll_rec
57-attributes,26.602974108469628,70.1999291851367,twostagebetween,0.5276975684890196,0.5511901112266612,1.0,1.0,26.938286568542196,29.900113483758904,-0.012595457274852673,-0.021274714571464706,24.360739451729135
