subject,nll,bic,model,wp,wp_rec,eta,eta_rec,beta,beta_rec,b_last,b_last_rec,nll_rec
99-alternatives,32.40229547340372,81.79857191500487,twostagebetween,0.5737021237722094,0.5728607862226945,0.42863340685069323,0.32121426317767976,25.334760089207105,36.95387289511885,-0.014368910331581053,-0.023616071698473552,27.643185116867958
