subject,nll,bic,model,wp,wp_rec,eta,eta_rec,beta,beta_rec,b_last,b_last_rec,nll_rec
49-alternatives,10.732388029587982,38.4587570273734,twostagebetween,0.7151387248684712,0.6942204197102846,0.6538806277948186,0.5397295440158989,45.55859552738623,55.199860573248664,0.04566537609570647,-0.002094629558617056,10.299127724552083
