subject,nll,bic,model,wp,wp_rec,eta,eta_rec,beta,beta_rec,b_last,b_last_rec,nll_rec
98-alternatives,34.21292081884192,85.41982260588128,twostagebetween,0.547468549088886,0.5795669440065467,0.1942122124000832,0.4088412663079397,27.434931031659485,31.680888937101688,-0.09032363712664854,0.0427098800888627,28.94516213361727
