subject,nll,bic,model,wp,wp_rec,eta,eta_rec,beta,beta_rec,b_last,b_last_rec,nll_rec
129-alternatives,27.385844274941057,71.76566951807955,twostagebetween,0.5166646255053567,0.5138998004214087,0.1874571891632677,0.25991862637053054,44.06686666504482,31.944098031707224,0.028245575247771982,-0.009354373249981151,31.269639187327776
