subject,nll,bic,model,wp,wp_rec,eta,eta_rec,beta,beta_rec,b_last,b_last_rec,nll_rec
197-alternatives,6.885602288222845,30.70763059483473,twostagebetween,0.98761229830498,0.7930275650740738,0.05063577936012537,1.0,36.51661635373023,100.0,0.009356981950994015,0.03559149406950351,2.778956959928912
