subject,nll,bic,model,wp,wp_rec,eta,eta_rec,beta,beta_rec,b_last,b_last_rec,nll_rec
148-alternatives,22.280045759077368,61.55407248635217,twostagebetween,0.6336801000315927,0.6206654966877952,0.4546011900689643,0.20133718013967686,38.403875600307344,46.01901737326704,-0.036414749174324856,0.03688095758215098,23.341650151063803
