subject,nll,bic,model,wp,wp_rec,eta,eta_rec,beta,beta_rec,b_last,b_last_rec,nll_rec
198-alternatives,24.32846751700866,65.65091600221476,twostagebetween,0.5832056836180586,0.5517159977077223,0.5334654004238937,0.4180130707284101,37.771896685860405,40.45302533116833,-0.04476561944307503,-0.013838886040074239,25.439548472396147
