subject,nll,bic,model,wp,wp_rec,eta,eta_rec,beta,beta_rec,b_last,b_last_rec,nll_rec
30-alternatives,24.684752676043143,66.36348632028373,twostagebetween,0.6017189828537496,0.6257472033872405,0.07868346655089346,0.6401669312453696,50.3892140363216,45.44853733883841,0.08323188455968428,0.088207174631173,17.720982930746274
