subject,nll,bic,model,wp,wp_rec,eta,eta_rec,beta,beta_rec,b_last,b_last_rec,nll_rec
167-alternatives,21.19286233079096,58.26689231579041,twostagebetween,0.4909997428146938,0.4912440244811241,0.06678901059101856,0.9616224538159902,46.16076336457364,28.547060174866054,-0.07930312724456012,-0.08236634101798425,19.802960603031213
