subject,nll,bic,model,wp,wp_rec,eta,eta_rec,beta,beta_rec,b_last,b_last_rec,nll_rec
137-alternatives,12.513978669205713,42.02193830660886,twostagebetween,0.12835559797841956,0.1818208951019161,0.3402680592258257,0.09973290133972569,30.116051451038356,62.69074206360347,-0.05494117976605609,-0.0841372859129849,7.411886982002007
