subject,nll,bic,model,wp,wp_rec,eta,eta_rec,beta,beta_rec,b_last,b_last_rec,nll_rec
106-attributes,35.75862522446072,88.51123141711888,twostagebetween,0.32093810301144526,0.44181867835811073,0.23734861427683837,0.1849923441000014,11.935886689964223,17.26579399994894,0.05632171543234527,0.017614523341744456,37.34871196215389
