subject,nll,bic,model,wp,wp_rec,eta,eta_rec,beta,beta_rec,b_last,b_last_rec,nll_rec
76-alternatives,29.4885075085075,75.97099598521244,twostagebetween,0.5880351392119693,0.5821957265948038,1.0,0.2292847893074446,21.235206673956636,33.10412738603524,0.08995382924182525,0.04883029364271574,30.366748229757736
