subject,nll,bic,model,wp,wp_rec,eta,eta_rec,beta,beta_rec,b_last,b_last_rec,nll_rec
27-alternatives,28.115482796628456,73.22494656145435,twostagebetween,0.507931687087468,0.5277341964670438,0.029282641387843363,0.9375779819997705,48.42167444513314,34.46459261818103,-0.014503224028248218,-0.033661270226226385,23.47055525096419
