subject,nll,bic,model,wp,wp_rec,eta,eta_rec,beta,beta_rec,b_last,b_last_rec,nll_rec
112-alternatives,19.1388194338276,55.27161983585263,twostagebetween,0.6008888306950777,0.6102548331450381,0.44957619256820885,0.4943220914329702,51.263183139436904,54.72927534187029,0.08125519277681775,0.045798647198333244,17.08319779835409
