subject,nll,bic,model,wp,wp_rec,eta,eta_rec,beta,beta_rec,b_last,b_last_rec,nll_rec
150-alternatives,34.76489322117377,86.46621246073659,twostagebetween,0.4529797561395761,0.48348622581953593,0.6378480526504701,0.21152084481426564,16.926004112592253,26.716389819823558,0.02676025452823838,0.06284295516148933,33.299284453490316
