subject,nll,bic,model,wp,wp_rec,eta,eta_rec,beta,beta_rec,b_last,b_last_rec,nll_rec
69-alternatives,26.77279156145887,70.53956409111518,twostagebetween,0.5610461886268009,0.5688069568523271,0.5446140461380736,0.4691944327054876,33.88888267609828,31.005060409859677,-0.08040978782060676,-0.0022114366689302114,28.90342862536433
