subject,nll,bic,model,wp,wp_rec,eta,eta_rec,beta,beta_rec,b_last,b_last_rec,nll_rec
40-alternatives,22.92875179116518,62.8514845505278,twostagebetween,0.5158540449090221,0.5183269768040831,0.09923800925908266,1.0,63.864145827993056,100.0,-0.043351747917045325,-0.006249027005847819,9.229761304807436
