subject,nll,bic,model,wp,wp_rec,eta,eta_rec,beta,beta_rec,b_last,b_last_rec,nll_rec
28-alternatives,19.38402118602811,55.76202334025366,twostagebetween,0.549493517047347,0.554984701395142,0.22021683324653532,0.5491151799308268,67.2519453323823,80.31966297116747,0.08811639401236859,-0.0444000650266238,12.655228297641154
