subject,nll,bic,model,wp,wp_rec,eta,eta_rec,beta,beta_rec,b_last,b_last_rec,nll_rec
17-attributes,36.28392669669919,89.4458842141028,twostagebetween,0.6032314664852995,0.6456805165286882,0.29815592566140625,0.08626314701535896,16.298248061589323,18.708479517772307,0.024652665962831565,0.022570639685744884,35.01501749070692
