subject,nll,bic,model,wp,wp_rec,eta,eta_rec,beta,beta_rec,b_last,b_last_rec,nll_rec
179-attributes,20.95750724945332,58.90899546710408,twostagebetween,0.36107192236654934,0.3759822804282222,0.802086688298154,0.6311955264340853,35.54443424956283,38.05969788150077,0.004228846101743823,0.0037682356508478908,21.94166396166922
