subject,nll,bic,model,wp,wp_rec,eta,eta_rec,beta,beta_rec,b_last,b_last_rec,nll_rec
70-attributes,21.74425846452595,60.48249789724933,twostagebetween,0.569284797098152,0.5590710739049066,1.0,1.0,34.01758701409711,72.64055903081518,0.00011498270391622964,-0.013356882165483776,10.492157932430402
