subject,nll,bic,model,wp,wp_rec,eta,eta_rec,beta,beta_rec,b_last,b_last_rec,nll_rec
162-alternatives,23.79159244381376,64.57716585582496,twostagebetween,0.4907568368159287,0.47964995402064164,0.8512902564320204,0.1449104124891847,36.37668179228196,76.05116767429074,-0.0059813269051944284,0.06238450006097534,20.436221789731714
