subject,nll,bic,model,wp,wp_rec,eta,eta_rec,beta,beta_rec,b_last,b_last_rec,nll_rec
141-alternatives,29.010600213444434,75.0151813950863,twostagebetween,0.6698414262390233,0.6743723169349267,0.5061453435570769,0.1968795248553695,22.2147035529686,26.69403109780003,-0.06908259244875418,-0.050104846804187544,29.518451449270252
