subject,nll,bic,model,wp,wp_rec,eta,eta_rec,beta,beta_rec,b_last,b_last_rec,nll_rec
124-alternatives,14.88180347650422,46.75758792120588,twostagebetween,0.4465694755683243,0.44590469971687086,0.7915746457130479,1.0,89.83768090213351,100.0,-0.023295113581283125,-0.09356346625965971,10.311469120872415
