subject,nll,bic,model,wp,wp_rec,eta,eta_rec,beta,beta_rec,b_last,b_last_rec,nll_rec
67-alternatives,25.670359194584567,68.33469935736657,twostagebetween,0.7070575610816845,0.8031456499685449,0.22587187619044521,0.11554133503737929,27.930134305991423,25.199677606724403,0.007502933581611604,-0.0917836084219977,22.10319737632447
