subject,nll,bic,model,wp,wp_rec,eta,eta_rec,beta,beta_rec,b_last,b_last_rec,nll_rec
96-alternatives,26.24397252195825,69.48192601211393,twostagebetween,0.5708793868019917,0.5757558590187728,0.4798634392628032,0.4867969697960625,35.92751533326234,34.423748358687426,-0.03307183744088176,0.057281139621323224,26.7540300200767
