subject,nll,bic,model,wp,wp_rec,eta,eta_rec,beta,beta_rec,b_last,b_last_rec,nll_rec
58-attributes,26.006347301171377,68.94912062073179,twostagebetween,0.5717741753151588,0.5693495478713694,0.9602058451340567,0.8651695128730184,26.334897060591278,39.93714905127799,-0.005259022884822653,0.00766011766091216,19.706503669544617
