subject,nll,bic,model,wp,wp_rec,eta,eta_rec,beta,beta_rec,b_last,b_last_rec,nll_rec
43-alternatives,25.80780181390717,68.60958459601177,twostagebetween,0.6402898066083734,0.5868144411810501,0.5323239665208279,0.012820652675247837,29.29045749378749,40.16732989639231,0.050251699169095554,0.03468553560041632,30.227638191701576
