subject,nll,bic,model,wp,wp_rec,eta,eta_rec,beta,beta_rec,b_last,b_last_rec,nll_rec
21-alternatives,20.783277080387286,58.560535128972006,twostagebetween,0.49189374935746355,0.4623947934184999,0.07955905370051342,0.4723280893225475,77.49267522528235,49.39163564028203,0.059146863861204026,0.03258683910782028,22.77799351345965
