subject,nll,bic,model,wp,wp_rec,eta,eta_rec,beta,beta_rec,b_last,b_last_rec,nll_rec
155-attributes,32.33656649641184,81.66711396102112,twostagebetween,0.7256122927164933,0.7504805148345896,0.845979022524557,1.0,11.948611941362064,10.789856611574706,0.014250503739807602,0.06398159079445806,29.8376622212235
