subject,nll,bic,model,wp,wp_rec,eta,eta_rec,beta,beta_rec,b_last,b_last_rec,nll_rec
52-attributes,14.356546109467207,45.707073187131854,twostagebetween,1.0,1.0,1.0,1.0,12.048749162885874,12.227264078482248,0.01603304862573947,0.0371696325696898,13.95356789534587
