subject,nll,bic,model,wp,wp_rec,eta,eta_rec,beta,beta_rec,b_last,b_last_rec,nll_rec
0-attributes,41.37899788262329,99.75197673344401,twostagebetween,0.5635925000320534,0.6697784496336076,0.9224139415008047,0.35818037884214493,9.142533678499548,16.127510267757426,-0.006471139955906757,0.04191097963686996,33.296157016284795
