subject,nll,bic,model,wp,wp_rec,eta,eta_rec,beta,beta_rec,b_last,b_last_rec,nll_rec
120-alternatives,26.084475085842275,69.16293113988199,twostagebetween,0.618170208539277,0.6111577769225996,0.09871683255580946,0.5059311632471448,43.52748428647568,28.74759720624899,-0.011964608693958646,0.0679758082189488,28.193613359765497
