subject,nll,bic,model,wp,wp_rec,eta,eta_rec,beta,beta_rec,b_last,b_last_rec,nll_rec
75-alternatives,30.653093091158624,78.30016715051468,twostagebetween,0.7494442064664825,0.7583166841559256,0.4068478595417039,0.7873867013631984,16.130536872272682,12.053796873056433,0.09270980798917501,-0.013590435344959451,31.08709751382715
