subject,nll,bic,model,wp,wp_rec,eta,eta_rec,beta,beta_rec,b_last,b_last_rec,nll_rec
196-attributes,29.529957469686757,76.05389590757095,twostagebetween,0.5115065745147923,0.53121110287238,1.0,1.0,20.584150554911712,14.704915444394425,0.029928439058417397,0.03720543602698916,34.00586332671073
