subject,nll,bic,model,wp,wp_rec,eta,eta_rec,beta,beta_rec,b_last,b_last_rec,nll_rec
19-attributes,16.25674619732587,49.50747336284918,twostagebetween,0.49945542362726636,0.4797584798782021,0.63956408609306,0.4663629405829553,68.43728310662478,82.62095616759042,-0.011229090329230116,-0.01184847410450329,15.476907025365756
