subject,nll,bic,model,wp,wp_rec,eta,eta_rec,beta,beta_rec,b_last,b_last_rec,nll_rec
46-attributes,24.98484066595932,66.96366230011608,twostagebetween,0.57441995715607,0.5679446109666607,0.6994428409487341,0.41608036616965194,32.98883014953653,35.44326309197916,-0.0035948330706125514,-0.016146081611063595,26.48537724291548
