subject,nll,bic,model,wp,wp_rec,eta,eta_rec,beta,beta_rec,b_last,b_last_rec,nll_rec
176-alternatives,33.26978677204847,83.53355451229437,twostagebetween,0.5897310358881378,0.5696128031710982,0.5272041262611865,0.16286451380240444,21.748253561516993,46.517743267359144,-0.009544942612192731,0.03641413062200127,25.98199728914948
