subject,nll,bic,model,wp,wp_rec,eta,eta_rec,beta,beta_rec,b_last,b_last_rec,nll_rec
5-attributes,16.752078406962003,50.49813778212145,twostagebetween,0.3421091067736111,0.3804760708297824,0.8445182233853196,0.4965603153226338,46.32835001253671,80.90631532363344,0.004049098493984059,-0.007918982343041803,14.570200791291642
