subject,nll,bic,model,wp,wp_rec,eta,eta_rec,beta,beta_rec,b_last,b_last_rec,nll_rec
77-alternatives,18.752717374098353,54.49941571639414,twostagebetween,0.7022784243759816,0.687686745610693,0.42901715266321,0.6103381673555431,34.746676005241675,34.37382087952247,0.03018626408154761,-0.07641348138278647,17.983797884542927
