subject,nll,bic,model,wp,wp_rec,eta,eta_rec,beta,beta_rec,b_last,b_last_rec,nll_rec
50-alternatives,24.789472114571506,66.57292519734045,twostagebetween,0.3467607866102889,0.3774979225662178,0.6592351759481917,0.15328045364560364,27.464355841517033,53.9343995520987,0.016868809400219842,-0.018527134438160644,22.29863822028358
