subject,nll,bic,model,wp,wp_rec,eta,eta_rec,beta,beta_rec,b_last,b_last_rec,nll_rec
105-attributes,27.438317143887634,71.87061525597271,twostagebetween,0.5297925772343023,0.5090712337394127,1.0,1.0,25.54062967612557,32.91316328726991,0.004747731411128481,0.004067991404566609,23.76049565072855
