subject,nll,bic,model,wp,wp_rec,eta,eta_rec,beta,beta_rec,b_last,b_last_rec,nll_rec
144-attributes,30.163801896333684,77.32158476086481,twostagebetween,0.4744369679377329,0.4850954756954762,0.724034807146296,0.997261535210504,23.9572709150357,22.064997499750085,0.0007090569290617052,-0.003995795327222987,29.512396088325623
