subject,nll,bic,model,wp,wp_rec,eta,eta_rec,beta,beta_rec,b_last,b_last_rec,nll_rec
195-attributes,21.713757348907084,60.42149566601161,twostagebetween,0.7070912531392832,0.9503349527922543,0.7521779763103934,1.0,23.789676863105722,8.659215974297606,-0.005163246395221885,-0.02762698957221671,25.00021705418717
