subject,nll,bic,model,wp,wp_rec,eta,eta_rec,beta,beta_rec,b_last,b_last_rec,nll_rec
70-alternatives,25.46221937414329,67.91841971648402,twostagebetween,0.4901582411059626,0.4671085609324533,0.4755217513964554,0.12216585602303455,40.48585873007391,56.66273626847653,-0.08530709126381127,0.05686306376912331,24.49004358497307
