subject,nll,bic,model,wp,wp_rec,eta,eta_rec,beta,beta_rec,b_last,b_last_rec,nll_rec
140-alternatives,17.233798996240285,51.46157896067801,twostagebetween,0.7776493561916952,0.7444671290011537,0.45199909090586,0.7502416682759235,26.455473612937464,20.640359320951404,-0.0973617678983279,0.057468013832133735,21.352685544713964
