subject,nll,bic,model,wp,wp_rec,eta,eta_rec,beta,beta_rec,b_last,b_last_rec,nll_rec
120-attributes,18.344237867007575,53.68245670221259,twostagebetween,0.6603988138711255,0.698532384118182,0.767024580665294,0.8254100742141393,34.62834823574462,44.00790012126164,0.021164317272245336,-0.014502953422022147,11.031032245030666
