subject,nll,bic,model,wp,wp_rec,eta,eta_rec,beta,beta_rec,b_last,b_last_rec,nll_rec
78-attributes,16.647889387563126,50.289759743323685,twostagebetween,0.5332132172840552,0.5647335942766746,1.0,0.9967844682311658,50.652242469466664,52.97651520285701,0.011352367752770006,0.01327480872357463,14.482714668125213
