subject,nll,bic,model,wp,wp_rec,eta,eta_rec,beta,beta_rec,b_last,b_last_rec,nll_rec
74-attributes,28.893583757730553,74.4226998488998,twostagebetween,0.7012503674718751,0.823945989927322,1.0,1.0,12.093800069573835,8.064864101160184,0.03327100241783988,0.04625881019801138,29.326235143057147
