subject,nll,bic,model,wp,wp_rec,eta,eta_rec,beta,beta_rec,b_last,b_last_rec,nll_rec
94-alternatives,24.69212300923922,66.37822698667588,twostagebetween,0.5307691792548164,0.5421159662368553,0.6481286843767524,0.2073770650081244,37.38916895051239,42.01833783230177,-0.07952326823631065,-0.009141716260925992,27.650242644214607
