subject,nll,bic,model,wp,wp_rec,eta,eta_rec,beta,beta_rec,b_last,b_last_rec,nll_rec
122-alternatives,25.249525165716065,67.49303129962956,twostagebetween,0.5116666493133206,0.5345001778008208,0.3867395796402551,0.06919517370088729,43.55683492686352,44.96790755101111,0.0026127382253539944,0.06818200846939544,28.58606081683646
