subject,nll,bic,model,wp,wp_rec,eta,eta_rec,beta,beta_rec,b_last,b_last_rec,nll_rec
42-alternatives,18.667710135895614,54.32940123998867,twostagebetween,0.5871792062600557,0.5869407088690082,0.017466551507937446,0.9292504058334463,77.23168713205142,57.28380896052279,-0.017115292468045783,-0.036409996295942236,12.87109361195622
