subject,nll,bic,model,wp,wp_rec,eta,eta_rec,beta,beta_rec,b_last,b_last_rec,nll_rec
22-attributes,21.28958166623308,59.5731443006636,twostagebetween,0.6599519298421068,0.6655219689109694,0.30057379798837514,0.5552559678598902,39.793730631146055,37.13191217041412,-0.007313516603212949,0.004992920854731908,18.91048001195
