subject,nll,bic,model,wp,wp_rec,eta,eta_rec,beta,beta_rec,b_last,b_last_rec,nll_rec
116-alternatives,19.248769820076184,55.4915206083498,twostagebetween,0.5928519370809431,0.5770662231865445,0.3279448505571059,0.37831212818059773,56.6305747747853,69.73379187059251,0.07436804083340114,-0.05159122860507033,15.455729212266206
