subject,nll,bic,model,wp,wp_rec,eta,eta_rec,beta,beta_rec,b_last,b_last_rec,nll_rec
194-attributes,28.10168058798579,73.13978719436062,twostagebetween,0.5710190159723996,0.5867554093278035,1.0,1.0,22.116214010355705,19.966923629577707,0.016972964459272277,0.002423452768627378,29.763820078369683
