subject,nll,bic,model,wp,wp_rec,eta,eta_rec,beta,beta_rec,b_last,b_last_rec,nll_rec
87-alternatives,26.436027930611843,69.86603682942112,twostagebetween,0.6316037696194358,0.6542282070619684,0.196716883122019,0.16904573092177286,37.41037689582999,36.425159587048,0.07442651618840879,-0.006064992447837947,25.75860972688091
