subject,nll,bic,model,wp,wp_rec,eta,eta_rec,beta,beta_rec,b_last,b_last_rec,nll_rec
79-attributes,21.56527144284577,60.124523853888974,twostagebetween,0.705564682110842,0.6498740637295696,1.0,1.0,21.455099340629726,23.050353420046605,-0.027411139613913112,-0.0329830482097524,24.52870547370627
