subject,nll,bic,model,wp,wp_rec,eta,eta_rec,beta,beta_rec,b_last,b_last_rec,nll_rec
160-alternatives,25.01487653867381,67.02373404554505,twostagebetween,0.5529638127543636,0.5511046891705419,0.4238989592117972,0.24309831463150114,41.22978378727711,61.44025199087052,-0.05360727211499533,-0.009468530410689692,20.53579864199808
