subject,nll,bic,model,wp,wp_rec,eta,eta_rec,beta,beta_rec,b_last,b_last_rec,nll_rec
104-attributes,25.076841057107476,67.1476630824124,twostagebetween,0.6070832801781396,0.558796189415702,0.6810674109829596,0.5070704951209077,30.68445579194102,33.092629516839395,0.0003542281017726485,0.0037644462038666873,27.13532173094881
