subject,nll,bic,model,wp,wp_rec,eta,eta_rec,beta,beta_rec,b_last,b_last_rec,nll_rec
151-alternatives,22.766603924820448,62.527188817838336,twostagebetween,0.649731859162381,0.6483874029559086,0.2771075477773496,0.9796641057781652,39.899076047561834,25.378466249874073,-0.03697877227762232,0.04115813481079958,23.134909461259234
