subject,nll,bic,model,wp,wp_rec,eta,eta_rec,beta,beta_rec,b_last,b_last_rec,nll_rec
62-attributes,24.960085964300884,66.91415289679921,twostagebetween,0.6264415846622179,0.6788588834959356,1.0,0.9826589120362635,24.604448352660274,19.189092343369804,-0.004625280891364081,0.014389079982321943,25.620949159402635
