subject,nll,bic,model,wp,wp_rec,eta,eta_rec,beta,beta_rec,b_last,b_last_rec,nll_rec
64-alternatives,25.8991738362873,68.79232864077204,twostagebetween,0.6096100569106373,0.5942576223472047,0.5556022770681379,0.2679531551106504,31.905178113665475,43.58039742020059,-0.0595295308372013,0.06780115817913693,24.729222204308837
