subject,nll,bic,model,wp,wp_rec,eta,eta_rec,beta,beta_rec,b_last,b_last_rec,nll_rec
164-attributes,25.477324767879473,67.94863050395638,twostagebetween,0.577822567451696,0.5425764488301446,1.0,1.0,27.15899608015589,26.8049556984657,-0.013325362230394001,-0.008407095288339552,26.56597852588956
