subject,nll,bic,model,wp,wp_rec,eta,eta_rec,beta,beta_rec,b_last,b_last_rec,nll_rec
25-attributes,19.1552849771492,55.304550922495835,twostagebetween,0.48572774009351155,0.4769506103696988,0.8504969291040645,1.0,47.65329313593968,66.91763268176527,0.019903552704690585,0.006203144328035859,15.13538645708505
