subject,nll,bic,model,wp,wp_rec,eta,eta_rec,beta,beta_rec,b_last,b_last_rec,nll_rec
186-attributes,39.786614036274386,96.5672090407462,twostagebetween,0.3793761414094857,0.38137860124999035,0.007467852880680025,0.18202510216614043,8.00479199015086,8.563414919210196,0.1,0.1,38.19372080540046
