subject,nll,bic,model,wp,wp_rec,eta,eta_rec,beta,beta_rec,b_last,b_last_rec,nll_rec
113-attributes,27.35466350914323,71.70330798648389,twostagebetween,0.2572266290460539,0.20574514325948792,0.3471551442858195,0.11779573555571562,18.764299160455476,21.626182345369738,0.02163523222026879,0.026764578288952918,25.115908110909643
