subject,nll,bic,model,wp,wp_rec,eta,eta_rec,beta,beta_rec,b_last,b_last_rec,nll_rec
150-attributes,25.924405561421356,68.78523714123175,twostagebetween,0.49869354800907767,0.47854496498031235,1.0,0.6154394170157029,26.112898212490446,23.25068192659196,0.019291490008345836,0.028045655552626735,29.278455847445805
