subject,nll,bic,model,wp,wp_rec,eta,eta_rec,beta,beta_rec,b_last,b_last_rec,nll_rec
128-attributes,39.09708010444428,95.1305862272776,twostagebetween,0.6097792351434679,0.6359529224550354,0.5955626133077563,0.49119563160613305,12.043019829559858,20.84809275515494,-0.03727445047763296,-0.06871022295668731,28.901234720726315
