subject,nll,bic,model,wp,wp_rec,eta,eta_rec,beta,beta_rec,b_last,b_last_rec,nll_rec
28-attributes,26.511939496693124,70.01785996158368,twostagebetween,0.5537508738818014,0.5313200654103603,0.9968315707971491,1.0,26.520974786492378,24.116526071180967,0.00475131642345139,0.023060984748138426,27.64566419934323
