subject,nll,bic,model,wp,wp_rec,eta,eta_rec,beta,beta_rec,b_last,b_last_rec,nll_rec
178-alternatives,32.17348575920823,81.3409524866139,twostagebetween,0.6090543481755967,0.5333952313783619,0.508596983374598,0.3071997515716211,22.624987459288125,39.61051443430827,-0.062167846551547945,0.04898682340442369,27.431837064720963
