subject,nll,bic,model,wp,wp_rec,eta,eta_rec,beta,beta_rec,b_last,b_last_rec,nll_rec
59-alternatives,33.6425945398875,84.27917004797243,twostagebetween,0.4827242883710887,0.461938715267482,0.04657269182339181,0.017014782890681455,31.56343211739441,57.840862509781765,-0.024819852684836042,-0.017419012009455826,25.425334144796807
