subject,nll,bic,model,wp,wp_rec,eta,eta_rec,beta,beta_rec,b_last,b_last_rec,nll_rec
85-attributes,14.136448440211794,45.20932289881263,twostagebetween,0.9286564604891014,1.0,1.0,1.0,14.545710948248447,100.0,-0.026537787919585238,7.837244744044173e-05,0.009522912867974445
