subject,nll,bic,model,wp,wp_rec,eta,eta_rec,beta,beta_rec,b_last,b_last_rec,nll_rec
109-alternatives,33.34647443795297,83.57097969661037,twostagebetween,0.513917516046461,0.5449300642981894,0.6024575259379849,0.8823866533537023,19.726888094406977,21.34019366489963,-0.0922334695845381,0.053136555046810696,30.067703871988826
