subject,nll,bic,model,wp,wp_rec,eta,eta_rec,beta,beta_rec,b_last,b_last_rec,nll_rec
27-attributes,25.940940866311387,68.8758627008202,twostagebetween,0.4784769971683358,0.45188429018071213,1.0,1.0,27.93338014587698,21.233270490488042,0.008588723716719496,0.005588009508173156,29.220393637617192
