subject,nll,bic,model,wp,wp_rec,eta,eta_rec,beta,beta_rec,b_last,b_last_rec,nll_rec
148-attributes,24.364535435006644,65.66549688840233,twostagebetween,0.6277347044290581,0.658628385833536,1.0,0.8031654200820237,24.91670867512061,23.79917947459953,-0.030282840560085254,-0.004079989078490527,24.945078744607514
