subject,nll,bic,model,wp,wp_rec,eta,eta_rec,beta,beta_rec,b_last,b_last_rec,nll_rec
58-alternatives,31.463645509798695,79.6859099877031,twostagebetween,0.6210692132610298,0.6402012444179526,0.1149106292032599,0.037511058935729404,29.0846936956879,21.734936699625106,0.0374304214032724,0.004153826140794604,35.51554814709767
