subject,nll,bic,model,wp,wp_rec,eta,eta_rec,beta,beta_rec,b_last,b_last_rec,nll_rec
57-alternatives,24.785046944358143,66.56407485691372,twostagebetween,0.5478992448383513,0.5333837187311083,0.17131807817781464,0.4762097044183638,51.17375975563322,45.20651957689358,-0.09048383325348759,-0.02499860376260279,23.35272396023705
