subject,nll,bic,model,wp,wp_rec,eta,eta_rec,beta,beta_rec,b_last,b_last_rec,nll_rec
199-attributes,28.755927878838918,74.50583672587527,twostagebetween,0.39669397760296765,0.40458161187325997,1.0,1.0,19.493030166386937,13.74591629714744,-0.004266078681530878,0.003318651608320199,33.71525812670351
