subject,nll,bic,model,wp,wp_rec,eta,eta_rec,beta,beta_rec,b_last,b_last_rec,nll_rec
100-attributes,34.345871175650835,85.6857233194991,twostagebetween,0.5645003432930397,0.5749990386270152,1.0,0.3682250198970165,15.695417485518561,18.23315721376921,0.007582863029058243,-0.010409027797331001,37.02101365514544
