subject,nll,bic,model,wp,wp_rec,eta,eta_rec,beta,beta_rec,b_last,b_last_rec,nll_rec
184-attributes,5.4461676108543875,27.88631618990621,twostagebetween,0.9326773768576431,0.9133272589141835,1.0,0.1735932006243538,28.567300172260463,100.0,-0.05325132759557233,-0.019977837406775684,0.9742418827337764
