,TwoStageBetween,TwoStageWithin,TwoStageMixtureNoScaling
count,20.0,20.0,20.0
mean,225.6991,231.84328999999997,239.30692999999997
std,120.44270502512147,117.98351296640828,118.9183945764184
min,5.4138,-0.5338,16.4154
25%,120.898275,139.424,134.7245
50%,229.34525,221.7301,242.27704999999997
75%,331.17345,333.077275,342.124
max,403.33,413.6673,416.8515
