subject,nll,bic,model,alpha,alpha_rec,beta,beta_rec,theta,theta_rec,nll_rec
1,53.00091891341097,120.82676509464986,eu_dur-weighted,0.3909612286970047,0.43915487032563744,7.48826904171892,7.779161642758243,1.0,1.0,50.034567817696704
