subject,nll,bic,model,alpha,alpha_rec,beta,beta_rec,theta,theta_rec,nll_rec
2,34.00485502296421,82.79147110140003,eu_dur-weighted,0.6477103361774988,0.6521326415140516,10.115276362468704,16.454164755980106,1.0,0.8200123999310425,23.85034051791616
