subject,nll,bic,model,alpha,alpha_rec,beta,beta_rec,theta,theta_rec,nll_rec
4,58.85337030454329,132.5316678769145,eu_dur-weighted,1.2077963015108812,1.2179321865892758,2.231228657529156,1.7364572932166535,0.7178354152975445,1.0,61.35061344981224
