subject,nll,bic,model,alpha,alpha_rec,beta,beta_rec,theta,theta_rec,nll_rec
14,54.89221536109637,124.58785252158481,eu_dur-weighted,1.0900029821065276,1.1433748497371277,3.2082363566006373,2.4801824208518046,0.7649238924701733,1.0,55.939091123497704
