subject,nll,bic,model,alpha,alpha_rec,beta,beta_rec,theta,theta_rec,nll_rec
8,55.773653715145066,126.37223469811805,eu_dur-weighted,0.7319959309433395,0.6475022534113883,4.80902281015774,5.6485146851090215,1.0,1.0,53.84175339914586
