subject,nll,bic,model,alpha,alpha_rec,beta,beta_rec,theta,theta_rec,nll_rec
6,78.91189721313168,172.64872169409128,eu_dur-weighted,0.7885211881163546,0.9139200884316397,1.9882507420750553,1.2625072429434236,1.0,1.0,83.61616337866741
