subject,nll,bic,model,alpha,alpha_rec,beta,beta_rec,theta,theta_rec,nll_rec
9,71.0490830549085,156.90158790920907,eu_dur-weighted,1.1287639677517465,1.0557469299710842,1.4709096947155955,2.2728143436784887,0.9208171032097501,0.5920654218539044,67.840559971841
