subject,nll,bic,model,alpha,alpha_rec,beta,beta_rec,theta,theta_rec,nll_rec
18,61.12231991753305,137.069567102894,eu_dur-weighted,0.5533686260004999,0.5196234503440068,5.139626405366396,7.6729576208142545,1.0,0.744188835441934,52.80432292357648
