subject,nll,bic,model,alpha,alpha_rec,beta,beta_rec,theta,theta_rec,nll_rec
7,95.72201088311226,206.26894903405244,eu_dur-weighted,0.07775128814515042,0.5327983263502019,0.9396031441215297,1.7845443503297984,1.0,0.0,93.5810973774129
