subject,nll,bic,model,alpha,alpha_rec,beta,beta_rec,theta,theta_rec,nll_rec
0,67.40760853575969,149.6401443393473,eu_dur-weighted,1.6292567800175672,1.8176664372305633,0.5711837449147456,0.7825688833610168,0.9363055975523554,0.796462512799743,46.20324860454153
