subject,nll,bic,model,alpha,alpha_rec,beta,beta_rec,theta,theta_rec,nll_rec
3,21.133661961580625,57.09225119098916,eu_dur-weighted,0.32889981797107215,0.33263528140444093,22.27801704522305,20.544855269155534,0.8300589485986867,0.7662362884041868,23.81963995034737
