subject,nll,bic,model,alpha,alpha_rec,beta,beta_rec,theta,theta_rec,nll_rec
17,40.13396296045558,95.09285318873907,eu_dur-weighted,1.1387441760288557,1.1005909655794883,4.973410144105138,5.128028904283849,0.8716086699605051,0.8285926708552689,41.563997656511376
