subject,nll,bic,model,alpha,alpha_rec,beta,beta_rec,theta,theta_rec,nll_rec
13,53.212051358949616,121.24902998572715,eu_dur-weighted,0.6085266094273436,0.6247271903458593,6.0542139213111055,8.46537752152676,0.9858656578161731,0.9532787739343849,41.48921339785274
