subject,nll,bic,model,alpha,alpha_rec,beta,beta_rec,theta,theta_rec,nll_rec
5,46.682681996726416,108.19029126128075,eu_dur-weighted,0.5182587630022479,0.5267322502138387,8.395830988259112,9.912689872565597,0.8773510434364429,0.7211430461431552,43.68664060907809
