subject,nll,bic,model,alpha,alpha_rec,beta,beta_rec,theta,theta_rec,nll_rec
10,48.84854280167296,112.52201287117384,eu_dur-weighted,2.635433829137002,2.673826296952209,0.144785348601236,0.1004081726566656,0.7157021886164284,0.5453367477580257,58.923077995599044
