subject,nll,bic,model,alpha,alpha_rec,beta,beta_rec,theta,theta_rec,nll_rec
19,26.083896088109093,66.9927194440461,eu_dur-weighted,0.31393956475277196,0.29784432005497785,16.62555417517727,16.6573711685079,1.0,0.9134059212898586,26.78093839368328
