subject,nll,bic,model,wp,wp_rec,beta,beta_rec,nll_rec
13,58.3909915571373,126.6652679594932,wa_dn,0.5931725408554263,0.6052660900395093,21.28519468994433,29.05554136534045,46.46485806580954
