subject,nll,bic,model,wp,wp_rec,beta,beta_rec,nll_rec
9,69.00276616367921,147.8744801936198,wa_dn,0.5047667586562936,0.4830806913692631,15.487396272806327,18.353543493222265,63.670665141706976
