subject,nll,bic,model,wp,wp_rec,beta,beta_rec,nll_rec
17,42.970138871778445,95.8235625887755,wa_dn,0.4557617913223945,0.45698745244740807,40.18888529220506,34.171323837449755,46.78677831437776
