subject,nll,bic,model,wp,wp_rec,beta,beta_rec,nll_rec
18,60.22851630362011,130.34031745245883,wa_dn,0.6009655706209515,0.5964768325759456,19.758319714211805,17.70926811291694,64.04379999972242
