subject,nll,bic,model,wp,wp_rec,beta,beta_rec,nll_rec
0,65.52409892246183,140.93148269014227,wa_dn,0.40063408610128304,0.4323203392001545,14.765475907157306,13.616028941273175,69.83847221510167
