subject,nll,bic,model,wp,wp_rec,beta,beta_rec,nll_rec
15,52.0851005255127,114.03914891728678,wa_dn,0.6037911031540735,0.598171020402472,24.59467103312127,27.008821144732767,49.29958684347344
