subject,nll,bic,model,wp,wp_rec,beta,beta_rec,nll_rec
11,72.66017974200243,155.18930735026623,wa_dn,0.3991118028596622,0.40849902479022254,11.010066984208398,11.444274580761597,72.2637050948867
