subject,nll,bic,model,wp,wp_rec,beta,beta_rec,nll_rec
8,50.98792811563634,111.8591410764913,wa_dn,0.5795152370386801,0.5505954538150244,27.187749314807295,37.20421568303812,41.836925524793045
