subject,nll,bic,model,wp,wp_rec,beta,beta_rec,nll_rec
4,59.95644979474998,129.79618443471855,wa_dn,0.4622808646789454,0.4672250970966879,20.746510036603635,19.453436543037807,61.95434724146291
