subject,nll,bic,model,wp,wp_rec,beta,beta_rec,nll_rec
7,95.65746453563659,201.1982139164918,wa_dn,1.0,1.0,0.9251860716720058,0.2267464195758521,96.95584109087903
