subject,nll,bic,model,wp,wp_rec,beta,beta_rec,nll_rec
6,76.77596012818469,163.435205101588,wa_dn,0.5916170904851126,0.5494852720154977,11.230810674249119,11.202193971005155,77.93768820875113
