subject,nll,bic,model,wp,wp_rec,beta,beta_rec,nll_rec
16,85.26474607966819,180.31019041577989,wa_dn,0.5316832428410103,0.38553583101751887,5.696479962514439,5.716698620357733,82.85895936380808
