subject,nll,bic,model,wp,wp_rec,beta,beta_rec,nll_rec
5,46.94773082182304,103.7787464888647,wa_dn,0.617719580101412,0.6178058086062423,27.59213471843658,24.329834033100738,51.45045074830928
