subject,nll,bic,model,wp,wp_rec,beta,beta_rec,b_last,b_last_rec,b_longer,b_longer_rec,nll_rec
12,68.31664610856058,156.3711879496439,diffofdiff_b-last_b-longer,0.9324216822773758,0.9339880288952889,4.601001618098122,3.456116708373588,0.08556520312718637,0.18164015720156027,-0.016824862160711294,-0.0341264203741942,72.51694884694558
