subject,nll,bic,model,wp,wp_rec,beta,beta_rec,b_last,b_last_rec,b_longer,b_longer_rec,nll_rec
16,84.24587312328916,188.05314275946535,diffofdiff_b-last_b-longer,0.9170093701345342,0.9302675106632273,1.5701176985713936,1.7565553842675545,0.19165995494215424,0.20809136789208477,-0.025588744446505544,-0.04505927276097,82.79735387949917
