subject,nll,bic,model,wp,wp_rec,beta,beta_rec,b_last,b_last_rec,b_longer,b_longer_rec,nll_rec
1,45.931564630428674,111.62969895129456,diffofdiff_b-last_b-longer,0.9531283916987936,0.9497871667077884,10.136118494775584,18.58433955890992,0.015597346842458622,0.006035470662616685,-0.04090965114410884,-0.040374445884272324,29.829564515989112
