subject,nll,bic,model,wp,wp_rec,beta,beta_rec,b_last,b_last_rec,b_longer,b_longer_rec,nll_rec
11,79.8296858548106,179.39726744214397,diffofdiff_b-last_b-longer,0.864789153147479,0.8717132703535179,1.860596903481887,2.0709012314546618,0.04599431737563653,-0.016535135176453365,0.05586573276976816,0.2946432741066689,76.25672941608556
