subject,nll,bic,model,wp,wp_rec,beta,beta_rec,b_last,b_last_rec,b_longer,b_longer_rec,nll_rec
18,52.158512742352315,124.08359517514185,diffofdiff_b-last_b-longer,0.94326836077918,0.9450796169049349,8.467430959499023,8.654562736370078,0.07118997600356017,0.07753964605324798,-3.104766852627899e-07,0.02113061733019002,51.08494657004003
