subject,nll,bic,model,wp,wp_rec,beta,beta_rec,b_last,b_last_rec,b_longer,b_longer_rec,nll_rec
14,70.89716733250327,161.5322303975293,diffofdiff_b-last_b-longer,0.9010963880872102,0.8921800382237844,3.4742487672640356,1.7794225596924638,0.05754286408211871,0.21546637098572297,0.0640986775762316,0.1732330331307763,82.04327587345772
