subject,nll,bic,model,wp,wp_rec,beta,beta_rec,b_last,b_last_rec,b_longer,b_longer_rec,nll_rec
19,36.31007118666301,92.38671206376324,diffofdiff_b-last_b-longer,0.9812629623029413,0.988261110819035,7.637848708616173,5.421885993559127,0.026554955202373394,0.016641971530332755,0.0133982129975016,0.1175849615178545,47.14290286125076
