subject,nll,bic,model,wp,wp_rec,beta,beta_rec,b_last,b_last_rec,b_longer,b_longer_rec,nll_rec
0,67.06662832140017,153.89982633323757,diffofdiff_b-last_b-longer,0.8598757952842871,0.8322048775211525,2.9232734914717358,3.171466246938758,0.030571139563077714,-0.025877719374345756,0.06585322693355991,0.17690278761905937,57.3416116223548
