subject,nll,bic,model,wp,wp_rec,beta,beta_rec,b_last,b_last_rec,b_longer,b_longer_rec,nll_rec
7,95.66126287247465,211.08909543538653,diffofdiff_b-last_b-longer,1.0,1.0,0.4768164313710167,0.6863749900469083,0.12145925815867417,0.19740676426049497,-0.07128669886610763,-0.10133760858400251,93.96190189504166
