subject,nll,bic,model,wp,wp_rec,beta,beta_rec,b_last,b_last_rec,b_longer,b_longer_rec,nll_rec
2,46.05668023851753,111.82237521766388,diffofdiff_b-last_b-longer,0.9437093753467592,0.9461928696615086,10.670297951790937,14.581639431133588,-0.007295428893226847,-0.007351055507504283,-0.016714077312314297,-0.015931932636820186,36.58025435601888
