subject,nll,bic,model,wp,wp_rec,beta,beta_rec,b_last,b_last_rec,b_longer,b_longer_rec,nll_rec
6,89.52648292958294,198.8195355496031,diffofdiff_b-last_b-longer,0.9459035382747009,0.9474574317364866,1.5862273598914436,2.818142891954466,0.15359043085185922,0.06978561061983213,-0.09032658025524418,0.01383263995746262,81.81330241725973
