subject,nll,bic,model,wp,wp_rec,beta,beta_rec,b_last,b_last_rec,b_longer,b_longer_rec,nll_rec
13,55.560619915174854,130.88780952078693,diffofdiff_b-last_b-longer,0.9429358406649919,0.9465386552090287,8.019383093932452,8.886467930739713,0.0034786410324204337,0.06291170049621159,-0.014099492939312267,-0.006904996742012832,50.891521212673894
