subject,nll,bic,model,wp,wp_rec,beta,beta_rec,b_last,b_last_rec,b_longer,b_longer_rec,nll_rec
10,38.66595113404003,97.09847195851728,diffofdiff_b-last_b-longer,0.6988458826948181,0.7032657480535669,2.5911136972375397,2.8856035586247035,0.00438741979450535,0.059829228116086194,0.03512367096508717,-0.03380109181932468,35.556486231448574
