subject,nll,bic,model,wp,wp_rec,beta,beta_rec,b_last,b_last_rec,b_longer,b_longer_rec,nll_rec
5,32.3332766574456,84.43312300532841,diffofdiff_b-last_b-longer,0.9464879166068756,0.9471707088434126,17.17318795134561,21.26681493327824,0.00609267318194097,0.028969345000439153,0.029273327389774333,0.05176540970041547,26.494393920474177
