subject,nll,bic,model,wp,wp_rec,beta,beta_rec,b_last,b_last_rec,b_longer,b_longer_rec,nll_rec
4,70.1679378651179,160.10244542067304,diffofdiff_b-last_b-longer,0.8927480775634691,0.8772703307753766,3.502639604326134,2.67773012196569,-0.05140275459668902,0.06816500927818263,0.07890270358011381,0.03275355204096254,73.40197071108305
