subject,nll,bic,model,wp,wp_rec,beta,beta_rec,b_last,b_last_rec,b_longer,b_longer_rec,nll_rec
15,54.27064723042798,128.27919019337872,diffofdiff_b-last_b-longer,0.9452732552693667,0.9464978769802884,8.013776863665651,8.334352855423324,0.05199364091407975,-0.003673915578169866,-0.021615589663732178,-0.014084598713854276,54.256889523184995
