subject,nll,bic,model,alpha,alpha_rec,theta,theta_rec,wp,wp_rec,eta,eta_rec,w_between_attwise,w_between_attwise_rec,w_between_altwise,w_between_altwise_rec,beta,beta_rec,b_last,b_last_rec,nll_rec
62,48.23544108706095,136.0040215549963,twostagemixturenoscaling,0.0,0.0,1.0,0.7976618922031213,0.4074663500418469,0.26355809188348167,1.0,1.0,0.5898526830330532,0.4125003935385486,0.6272964589611305,0.46706630376486674,28.396256966268943,31.418642843732087,-0.004006898598577472,-0.014562032573231585,46.0624679150707
