subject,nll,bic,model,alpha,alpha_rec,theta,theta_rec,wp,wp_rec,eta,eta_rec,w_between_attwise,w_between_attwise_rec,w_between_altwise,w_between_altwise_rec,beta,beta_rec,b_last,b_last_rec,nll_rec
185,55.502335557178284,150.53781049523099,twostagemixturenoscaling,0.8044870243233335,0.0,0.2844340003217531,1.0,0.4822860562074644,0.51139464903897,0.09657931086130082,1.0,0.0,0.8631601787756032,0.9821718781859475,1.0,43.504117829147745,21.55484067215043,0.005520599987606747,-0.008459784715599038,60.03524325662934
