subject,nll,bic,model,alpha,alpha_rec,theta,theta_rec,wp,wp_rec,eta,eta_rec,w_between_attwise,w_between_attwise_rec,w_between_altwise,w_between_altwise_rec,beta,beta_rec,b_last,b_last_rec,nll_rec
87,49.37118879326124,138.27551696739692,twostagemixturenoscaling,0.36968334755087634,0.2544944836752821,0.769993085587239,0.7299421413018403,0.5901530563437045,0.317698449715479,1.0,1.0,0.0,0.263024417809688,0.5488145012645275,0.3581352895513817,23.150656244176346,28.093917034362008,0.012791804969467892,0.007597413816406975,50.021987251032435
