subject,nll,bic,model,alpha,alpha_rec,theta,theta_rec,wp,wp_rec,eta,eta_rec,w_between_attwise,w_between_attwise_rec,w_between_altwise,w_between_altwise_rec,beta,beta_rec,b_last,b_last_rec,nll_rec
162,53.889461683327426,147.3120627475293,twostagemixturenoscaling,1.4365516374415397,1.2548310326377565,0.0,1.0,0.4925564058763088,0.4788143146666668,0.16641448601353245,0.0,0.5549727111743105,0.9044460252305406,1.0,0.4223304809479772,49.33885350060245,71.50383958094022,0.0037227379455887413,0.0032580611131948507,40.55710139152201
