subject,nll,bic,model,alpha,alpha_rec,theta,theta_rec,wp,wp_rec,eta,eta_rec,w_between_attwise,w_between_attwise_rec,w_between_altwise,w_between_altwise_rec,beta,beta_rec,b_last,b_last_rec,nll_rec
99,58.520236336061544,156.57361205299753,twostagemixturenoscaling,0.0,0.17561976542344876,1.0,1.0,0.3804185098564658,0.3928743618555271,0.9048022744164568,0.7647639664237962,0.6662208873610358,0.6167522638201017,0.6650049325650385,0.5988912937240297,23.002791320270592,23.01705042701543,-0.0012258923754687762,-0.01010074562903876,59.285144355988606
