subject,nll,bic,model,alpha,alpha_rec,theta,theta_rec,wp,wp_rec,eta,eta_rec,w_between_attwise,w_between_attwise_rec,w_between_altwise,w_between_altwise_rec,beta,beta_rec,b_last,b_last_rec,nll_rec
94,51.4583083258045,142.44975603248344,twostagemixturenoscaling,2.494818611749252,3.0,1.0,0.4159325015236343,0.5985535860200245,0.5771707469058995,1.0,0.9593131521642121,0.5066001576492726,0.45439307678615043,0.6244472601081397,0.670523574729891,39.18448971822329,40.48736967618606,0.00022617120590092988,0.0017202365652443674,54.17483715941366
