subject,nll,bic,model,alpha,alpha_rec,theta,theta_rec,wp,wp_rec,eta,eta_rec,w_between_attwise,w_between_attwise_rec,w_between_altwise,w_between_altwise_rec,beta,beta_rec,b_last,b_last_rec,nll_rec
42,31.442559018288847,102.41825741745212,twostagemixturenoscaling,0.0,0.0,1.0,1.0,0.333547813316572,0.3671030783094691,0.8082727703981659,0.586893021103626,0.5504729562415455,0.6211089137417375,0.5897920648039953,0.6462819854364417,50.710566275284435,74.46842352085388,-0.0019448394309116949,0.006063776213336899,22.635872101934083
