subject,nll,bic,model,alpha,alpha_rec,theta,theta_rec,wp,wp_rec,eta,eta_rec,w_between_attwise,w_between_attwise_rec,w_between_altwise,w_between_altwise_rec,beta,beta_rec,b_last,b_last_rec,nll_rec
102,41.3501437900058,122.23342696088604,twostagemixturenoscaling,3.0,0.0,1.0,0.7713481005148587,0.6045030891455546,0.5286910640603121,0.46969080022724435,0.416427521020918,0.7761086118037518,0.9770934822775712,0.7809464416583308,0.9038102038705382,60.050029928159255,44.46595090672802,0.005175909102724803,0.01585464328643032,45.30343046301866
