subject,nll,bic,model,alpha,alpha_rec,theta,theta_rec,wp,wp_rec,eta,eta_rec,w_between_attwise,w_between_attwise_rec,w_between_altwise,w_between_altwise_rec,beta,beta_rec,b_last,b_last_rec,nll_rec
182,61.18166177680233,161.8391150186502,twostagemixturenoscaling,3.0,2.3707930785365345,0.8373167262405152,0.9861923587690479,0.6875787221174409,1.0,1.0,0.46061057314150883,0.3394169478645343,0.2136622582955716,0.34919160112632436,0.26162631257836233,33.43912652936538,36.74904060777283,0.011119003996520436,0.013658413761342593,58.25639046211365
