subject,nll,bic,model,alpha,alpha_rec,theta,theta_rec,wp,wp_rec,eta,eta_rec,w_between_attwise,w_between_attwise_rec,w_between_altwise,w_between_altwise_rec,beta,beta_rec,b_last,b_last_rec,nll_rec
73,32.62243799585582,104.66290547296927,twostagemixturenoscaling,0.17110319978677785,0.04419875609975657,1.0,0.9336870734764785,0.0,0.27080890455792644,1.0,1.0,0.24276763394653264,0.4732895210345351,0.23158743161722903,0.4465916003714857,44.291667469353236,62.656174537406635,0.011299403736634949,0.00452346719653632,24.082158512370533
