subject,nll,bic,model,alpha,alpha_rec,theta,theta_rec,wp,wp_rec,eta,eta_rec,w_between_attwise,w_between_attwise_rec,w_between_altwise,w_between_altwise_rec,beta,beta_rec,b_last,b_last_rec,nll_rec
194,61.27788035962921,162.03155218430396,twostagemixturenoscaling,1.3631891315020452,1.303700086590788,1.0,0.6863333815338697,0.6067613450478307,0.7122087578755972,1.0,0.0,0.7540431808032436,0.39200220702001126,0.2631715412012699,0.155402709535267,22.222857191496963,41.58437256742377,0.021760832422691077,0.005168682404556628,56.8281469594242
