subject,nll,bic,model,alpha,alpha_rec,theta,theta_rec,wp,wp_rec,eta,eta_rec,w_between_attwise,w_between_attwise_rec,w_between_altwise,w_between_altwise_rec,beta,beta_rec,b_last,b_last_rec,nll_rec
141,28.419872516183126,96.37288441324068,twostagemixturenoscaling,0.01799319335321382,0.0,1.0,1.0,0.0,0.0,0.9328602515760313,0.5860127931645694,0.3191882875043914,0.35751392057048154,0.3187158427164636,0.3920812191194385,56.555401631303035,42.07359631202826,-0.011809112484021054,-0.02008858140323753,36.400614635205145
