subject,nll,bic,model,alpha,alpha_rec,theta,theta_rec,wp,wp_rec,eta,eta_rec,w_between_attwise,w_between_attwise_rec,w_between_altwise,w_between_altwise_rec,beta,beta_rec,b_last,b_last_rec,nll_rec
83,43.08818159630391,125.70950257348225,twostagemixturenoscaling,0.5425839409620058,0.5575466617174681,0.3639844863236288,0.0,0.6107870681154524,0.6387999416966914,0.7249468375166974,0.2477180747416944,0.0,0.15061868045307902,1.0,1.0,39.71626818652539,46.315442984205525,-0.005185654339753057,-0.0024937912545768388,46.50500351721425
