subject,nll,bic,model,alpha,alpha_rec,theta,theta_rec,wp,wp_rec,eta,eta_rec,w_between_attwise,w_between_attwise_rec,w_between_altwise,w_between_altwise_rec,beta,beta_rec,b_last,b_last_rec,nll_rec
105,42.822809617454226,125.17875861578288,twostagemixturenoscaling,0.8730436921690043,0.7791272958200215,0.0,0.0,0.5325409778524839,0.5357917483297421,0.32672803495065444,1.0,0.0,0.0,0.971700069424658,0.9157681743163577,71.07129002914286,58.71010174321762,0.0011668634419538118,0.00022841628348102043,41.581648260811576
