subject,nll,bic,model,alpha,alpha_rec,theta,theta_rec,wp,wp_rec,eta,eta_rec,w_between_attwise,w_between_attwise_rec,w_between_altwise,w_between_altwise_rec,beta,beta_rec,b_last,b_last_rec,nll_rec
190,50.63934226453969,140.81182390995383,twostagemixturenoscaling,3.0,3.0,0.6531906497151714,0.7613707716540765,0.5901549166078166,0.5980488975343191,1.0,1.0,0.3623387328522318,0.43187677160857535,0.6210566623610135,0.6681085676868458,45.7081770649498,49.162280012447034,-0.009062063521174845,-0.010847687521682747,46.13817223640222
