subject,nll,bic,model,alpha,alpha_rec,theta,theta_rec,wp,wp_rec,eta,eta_rec,w_between_attwise,w_between_attwise_rec,w_between_altwise,w_between_altwise_rec,beta,beta_rec,b_last,b_last_rec,nll_rec
116,37.34493110075128,114.223001582377,twostagemixturenoscaling,0.6377980580757674,0.7779372560609467,0.5296075216947778,0.5880956325052229,0.5895855282193059,0.6172202431244772,0.7144296035755093,0.8730103855042571,0.0,0.006554073836938162,0.5031223141632345,0.460210252076604,50.52353008139646,58.861566228462095,-0.0015234660248122334,-0.006479252343407504,33.89852827083606
