subject,nll,bic,model,alpha,alpha_rec,theta,theta_rec,wp,wp_rec,eta,eta_rec,w_between_attwise,w_between_attwise_rec,w_between_altwise,w_between_altwise_rec,beta,beta_rec,b_last,b_last_rec,nll_rec
30,36.35112004770046,112.17803156044646,twostagemixturenoscaling,0.4216279545154764,0.407314824805008,1.0,0.9184372565712448,0.5716490989630042,0.3508488646086784,0.05106476630905878,0.0,0.0,0.0,0.8118877676901458,0.38542792053320074,44.103956138316384,45.199245830115814,-0.0016359693291614146,-0.0019431665651932887,31.75924379840935
