subject,nll,bic,model,alpha,alpha_rec,theta,theta_rec,wp,wp_rec,eta,eta_rec,w_between_attwise,w_between_attwise_rec,w_between_altwise,w_between_altwise_rec,beta,beta_rec,b_last,b_last_rec,nll_rec
20,37.357814125491934,114.2487676318583,twostagemixturenoscaling,1.0296074065626615,0.561724347610187,1.0,0.8070833155352684,1.0,0.5985401273288131,1.0,0.7857557784044842,0.2774964869610081,0.7352393626987543,0.24292608330365592,0.0,34.16154827418614,49.54689628103602,-0.018055498841983653,-0.0185391052418932,31.650859117332182
