subject,nll,bic,model,alpha,alpha_rec,theta,theta_rec,wp,wp_rec,eta,eta_rec,w_between_attwise,w_between_attwise_rec,w_between_altwise,w_between_altwise_rec,beta,beta_rec,b_last,b_last_rec,nll_rec
5,31.7726238404829,103.07838706184023,twostagemixturenoscaling,3.0,2.7769777812875027,0.5064394815274548,1.0,0.35759526992649204,0.38649306320383037,0.6919662238053725,0.7701048757430996,0.6754023503641174,0.7023435383900111,0.16659707597421966,0.05539413738747965,82.15726279776159,100.0,0.0060435144004420205,0.006860975220482141,24.987676472733604
