subject,nll,bic,model,alpha,alpha_rec,theta,theta_rec,wp,wp_rec,eta,eta_rec,w_between_attwise,w_between_attwise_rec,w_between_altwise,w_between_altwise_rec,beta,beta_rec,b_last,b_last_rec,nll_rec
142,38.29462699487277,116.12239337061997,twostagemixturenoscaling,0.0,0.18777792377227864,1.0,1.0,0.34469224195479714,0.41364925121965984,1.0,0.9171965093654412,0.6437924723184766,0.6513854395064638,0.6429662583198062,0.6418161077272422,38.763579805005826,45.2411508681943,0.006992202829160256,0.006797294691624467,33.56996856692383
