subject,nll,bic,model,alpha,alpha_rec,theta,theta_rec,wp,wp_rec,eta,eta_rec,w_between_attwise,w_between_attwise_rec,w_between_altwise,w_between_altwise_rec,beta,beta_rec,b_last,b_last_rec,nll_rec
38,53.15630181173438,145.8457430043432,twostagemixturenoscaling,0.0,0.7263059439387761,0.19837498979572385,0.14825739196922466,0.49256945981019234,0.5159251518437116,1.0,0.0,0.8002655179716092,0.0,0.8369877128372328,0.7471974685347516,28.640983347298665,66.77095553417547,-0.01580143853554332,-0.009681196421644488,43.26015928986628
