subject,nll,bic,model,alpha,alpha_rec,theta,theta_rec,wp,wp_rec,eta,eta_rec,w_between_attwise,w_between_attwise_rec,w_between_altwise,w_between_altwise_rec,beta,beta_rec,b_last,b_last_rec,nll_rec
126,47.55485870534393,134.64285679156228,twostagemixturenoscaling,1.4339394739406848,0.5950894666379185,0.0,0.0,0.6526103988495331,0.6334872166456509,1.0,0.22682540319205627,0.6199925005010222,0.0,0.7268351359082325,0.9252825830327467,34.02929259617617,49.52745228459948,0.00044739706525340954,0.0018438820871190737,46.701444643081075
