subject,nll,bic,model,alpha,alpha_rec,theta,theta_rec,wp,wp_rec,eta,eta_rec,w_between_attwise,w_between_attwise_rec,w_between_altwise,w_between_altwise_rec,beta,beta_rec,b_last,b_last_rec,nll_rec
11,59.3622123382749,158.25756405742425,twostagemixturenoscaling,2.148440614423782,2.863124152733566,0.772216665921772,0.21314820668252848,0.5756374095333483,0.5122116103225652,1.0,1.0,0.43783741286867106,0.5455255855422431,0.36929896554124836,0.46033526058380175,33.079070074986575,38.59968265063982,-0.005530542983329252,-0.003800726729392174,56.223046364686496
