subject,nll,bic,model,alpha,alpha_rec,theta,theta_rec,wp,wp_rec,eta,eta_rec,w_between_attwise,w_between_attwise_rec,w_between_altwise,w_between_altwise_rec,beta,beta_rec,b_last,b_last_rec,nll_rec
129,50.19764050054801,139.92842038197045,twostagemixturenoscaling,3.0,3.0,0.17460013105033553,0.2824307743496012,0.6293967021613193,0.6678204818262553,1.0,1.0,0.32209264823473754,0.31157038485016353,0.3431102849839943,0.26220833538425153,62.26114453177626,64.54530225202231,0.0021088240730403177,0.0039826131217295425,49.52513515677197
