subject,nll,bic,model,alpha,alpha_rec,theta,theta_rec,wp,wp_rec,eta,eta_rec,w_between_attwise,w_between_attwise_rec,w_between_altwise,w_between_altwise_rec,beta,beta_rec,b_last,b_last_rec,nll_rec
150,56.44420622295411,152.30644192716585,twostagemixturenoscaling,0.0,0.0,0.7922574609292911,0.46169740662861397,0.04480245803317137,0.2745437942608201,1.0,0.43196639229438955,0.4713810115500727,0.598159895585744,0.5038181536561643,0.7617612537356333,20.81813409129101,42.54726206986429,0.027328158227922183,0.004340557109339714,45.371623727788176
