subject,nll,bic,model,alpha,alpha_rec,theta,theta_rec,wp,wp_rec,eta,eta_rec,w_between_attwise,w_between_attwise_rec,w_between_altwise,w_between_altwise_rec,beta,beta_rec,b_last,b_last_rec,nll_rec
122,52.39165888272812,144.31645714633066,twostagemixturenoscaling,0.3098608687890571,0.3590386247021279,0.0,0.0,0.5148220870649974,0.5218695345931624,1.0,1.0,0.6845531515578182,0.4740862737424701,1.0,0.9888199207495489,30.01619405090446,37.11658664758387,-0.009426420507600172,-0.014326412691219098,46.53610899903535
