subject,nll,bic,model,alpha,alpha_rec,theta,theta_rec,wp,wp_rec,eta,eta_rec,w_between_attwise,w_between_attwise_rec,w_between_altwise,w_between_altwise_rec,beta,beta_rec,b_last,b_last_rec,nll_rec
64,55.29643857003188,150.1260165209382,twostagemixturenoscaling,1.0728059224007047,1.2011081201825735,0.6302181824522,0.17325798281977445,1.0,1.0,1.0,0.5153871683311289,0.24946012489253913,0.2574700517774293,0.19759934000206894,0.3043575709948649,25.02819877391701,26.51719531607382,0.01327238757908239,0.008458008338606297,60.697085947853296
