subject,nll,bic,model,alpha,alpha_rec,theta,theta_rec,wp,wp_rec,eta,eta_rec,w_between_attwise,w_between_attwise_rec,w_between_altwise,w_between_altwise_rec,beta,beta_rec,b_last,b_last_rec,nll_rec
46,54.938351071927706,149.40984152472984,twostagemixturenoscaling,0.1594386715696371,0.12282938273198564,1.0,1.0,0.0656510453092427,0.0,0.35704379709220585,1.0,0.39654350223310336,0.31267257072072513,0.4253706022363867,0.35044181510719136,26.363371236683808,17.747507265124707,0.014038164332427728,0.03512936976410005,61.605284946445536
