subject,nll,bic,model,alpha,alpha_rec,theta,theta_rec,wp,wp_rec,eta,eta_rec,w_between_attwise,w_between_attwise_rec,w_between_altwise,w_between_altwise_rec,beta,beta_rec,b_last,b_last_rec,nll_rec
188,39.599728749632,118.73259688013843,twostagemixturenoscaling,1.2365512752232446,1.3017261617768625,1.0,0.2595581189679685,0.15531040253033349,0.34762039560182717,0.0,0.0,0.0,0.0,0.37037433422884647,0.6363780213073345,55.87602605543399,96.57022497279019,0.00437802557470779,0.0035565227628511463,36.24701193058441
