subject,nll,bic,model,alpha,alpha_rec,theta,theta_rec,wp,wp_rec,eta,eta_rec,w_between_attwise,w_between_attwise_rec,w_between_altwise,w_between_altwise_rec,beta,beta_rec,b_last,b_last_rec,nll_rec
115,22.282142781090975,84.09742494305638,twostagemixturenoscaling,0.9087244733044235,0.8697417732917514,1.0,0.8621504133612636,0.5304543161769032,0.12260300068775035,0.06429615225917876,1.0,0.0,0.08687800017104433,0.5534790739472447,0.0,100.0,100.0,0.002561398408325684,0.0040474177641952455,20.221789900023047
