subject,nll,bic,model,alpha,alpha_rec,theta,theta_rec,wp,wp_rec,eta,eta_rec,w_between_attwise,w_between_attwise_rec,w_between_altwise,w_between_altwise_rec,beta,beta_rec,b_last,b_last_rec,nll_rec
2,48.8009454541008,137.13503028907604,twostagemixturenoscaling,3.0,1.483969945032621,0.3105023555887491,0.0,0.7052360202872162,0.73854735648801,0.2467389257874089,0.0,0.6457900291150857,0.6430293189283143,0.6430837148389157,0.5606105971697772,51.294281771824274,78.81442869838192,0.006526102195456581,0.009466230808685342,34.81206155189867
