subject,nll,bic,model,alpha,alpha_rec,theta,theta_rec,wp,wp_rec,eta,eta_rec,w_between_attwise,w_between_attwise_rec,w_between_altwise,w_between_altwise_rec,beta,beta_rec,b_last,b_last_rec,nll_rec
17,68.70830604359998,176.71785117308838,twostagemixturenoscaling,3.0,3.0,1.0,0.0,0.6993375695231733,0.6743384134889132,0.1863564371503086,0.0,0.6672390586868001,0.5953693403947885,0.5851519638716289,0.7911628920669879,25.986378608247197,37.345307735679754,0.010726515301443819,0.012890282326117017,62.323170111180794
