subject,nll,bic,model,alpha,alpha_rec,theta,theta_rec,wp,wp_rec,eta,eta_rec,w_between_attwise,w_between_attwise_rec,w_between_altwise,w_between_altwise_rec,beta,beta_rec,b_last,b_last_rec,nll_rec
23,44.37155688010811,128.27625314109065,twostagemixturenoscaling,0.49895820833808585,0.4293254179499618,1.0,0.26571118094899676,0.6207167250548545,0.6552438649788904,1.0,1.0,0.0,0.17917211620183013,0.32931659841198724,1.0,27.000537579982698,24.369093344199282,0.0010636019092683407,0.009099590017037931,51.63339373823696
