subject,nll,bic,model,alpha,alpha_rec,theta,theta_rec,wp,wp_rec,eta,eta_rec,w_between_attwise,w_between_attwise_rec,w_between_altwise,w_between_altwise_rec,beta,beta_rec,b_last,b_last_rec,nll_rec
34,69.60178708038347,178.2659895414579,twostagemixturenoscaling,3.0,3.0,1.0,0.020398657244195255,0.9214058386423228,1.0,0.2817352451713069,1.0,0.24400681836404153,0.11654899714134455,0.23717036430472943,0.09594715663657552,22.98364695293302,26.758268572137048,0.021920611997204815,0.011106475947812845,76.76190432569817
