subject,nll,bic,model,alpha,alpha_rec,theta,theta_rec,wp,wp_rec,eta,eta_rec,w_between_attwise,w_between_attwise_rec,w_between_altwise,w_between_altwise_rec,beta,beta_rec,b_last,b_last_rec,nll_rec
90,29.24372219265492,98.02058376618427,twostagemixturenoscaling,0.15320070222972704,0.0,0.7392259105660451,0.9945876422283941,0.42944727512382397,0.4460246507612843,1.0,0.8621302040691518,0.3463628201619804,0.5913837714091833,0.43053326612181203,0.6147743880078137,50.875005429862874,57.82720218729985,-0.004117872277604193,-0.011599193906729182,27.45077409438244
