subject,nll,bic,model,alpha,alpha_rec,theta,theta_rec,wp,wp_rec,eta,eta_rec,w_between_attwise,w_between_attwise_rec,w_between_altwise,w_between_altwise_rec,beta,beta_rec,b_last,b_last_rec,nll_rec
72,50.572212309533285,140.5624541003242,twostagemixturenoscaling,1.3298757534845294,1.8435827739322042,1.0,1.0,1.0,1.0,0.9299043951144529,0.5717121347001913,0.5096210170008972,0.49494437214140197,0.39414071131843614,0.392363009409813,18.54381036765334,21.563459889348376,-0.006040276587809887,-0.0012792356224264017,57.939671078524896
