subject,nll,bic,model,alpha,alpha_rec,theta,theta_rec,wp,wp_rec,eta,eta_rec,w_between_attwise,w_between_attwise_rec,w_between_altwise,w_between_altwise_rec,beta,beta_rec,b_last,b_last_rec,nll_rec
123,42.64952733713967,124.83219405515378,twostagemixturenoscaling,3.0,1.9524793683144421,1.0,1.0,0.5215733499319705,0.510041933232524,0.9953878803206203,1.0,0.6100122027856395,0.4330854021392972,0.6746700464340015,0.7115472377170852,50.94339035667206,52.570516037987446,-0.002797206300931561,-0.008799448824875487,40.08368756220679
