subject,nll,bic,model,alpha,alpha_rec,theta,theta_rec,wp,wp_rec,eta,eta_rec,w_between_attwise,w_between_attwise_rec,w_between_altwise,w_between_altwise_rec,beta,beta_rec,b_last,b_last_rec,nll_rec
51,70.64947788069597,180.65880316801693,twostagemixturenoscaling,1.6286931069644983,0.6481242262849627,0.5595103390192347,1.0,0.31241091292569695,0.05234028294955437,0.0,0.0,0.727378124765436,0.6580236985546172,0.0,0.6225355187316306,22.439602652564954,22.489541554717448,-0.0032848738689233077,0.0025843768591220966,59.03615186118666
