subject,nll,bic,model,alpha,alpha_rec,theta,theta_rec,wp,wp_rec,eta,eta_rec,w_between_attwise,w_between_attwise_rec,w_between_altwise,w_between_altwise_rec,beta,beta_rec,b_last,b_last_rec,nll_rec
149,9.342105686668411,57.98545045922524,twostagemixturenoscaling,0.0,0.015691239392683888,0.6984556991611462,1.0,0.9308408713086879,0.7785888294605243,0.22862280966747658,0.1626887484750923,0.8607007151472205,0.9213743160981831,0.21239596327264085,0.0,37.48662434894519,100.0,0.016652582643116948,9.801212350900387e-05,1.8254890706068152
