subject,nll,bic,model,alpha,alpha_rec,theta,theta_rec,wp,wp_rec,eta,eta_rec,w_between_attwise,w_between_attwise_rec,w_between_altwise,w_between_altwise_rec,beta,beta_rec,b_last,b_last_rec,nll_rec
153,49.494045175083855,138.52122973104213,twostagemixturenoscaling,3.0,2.595032980048942,1.0,1.0,0.5167685197168054,0.590344843072293,0.9038690630941381,0.35002769859289057,0.7470110588028157,0.6593170070686416,0.6283722717748105,0.6459964691462555,39.48617674703252,67.68756386938394,0.009542100079894828,0.014666265887042163,40.599115497191264
