subject,nll,bic,model,alpha,alpha_rec,theta,theta_rec,wp,wp_rec,eta,eta_rec,w_between_attwise,w_between_attwise_rec,w_between_altwise,w_between_altwise_rec,beta,beta_rec,b_last,b_last_rec,nll_rec
135,75.96826987490321,191.46967913068084,twostagemixturenoscaling,3.0,3.0,0.0,0.0,0.2642351736259413,0.27991637849078327,1.0,1.0,0.326039353090006,0.37721459872020086,0.5643052156376799,1.0,11.885895196064487,9.412809104307092,0.026499122373967583,0.04097766486332252,74.60755170325703
