subject,nll,bic,model,alpha,alpha_rec,theta,theta_rec,wp,wp_rec,eta,eta_rec,w_between_attwise,w_between_attwise_rec,w_between_altwise,w_between_altwise_rec,beta,beta_rec,b_last,b_last_rec,nll_rec
26,26.55353526461333,92.64020991010109,twostagemixturenoscaling,0.2508900379717809,0.34699436248113297,1.0,0.5427198510555906,0.8531939835587048,1.0,1.0,0.0,0.29786895919358053,0.1867048109765441,0.0,0.3874758818873291,25.7342343818777,49.12183311191591,-0.017980283852074706,0.0009092866624396032,17.70924043018027
