subject,nll,bic,model,alpha,alpha_rec,theta,theta_rec,wp,wp_rec,eta,eta_rec,w_between_attwise,w_between_attwise_rec,w_between_altwise,w_between_altwise_rec,beta,beta_rec,b_last,b_last_rec,nll_rec
131,54.475997911771415,148.48513520441725,twostagemixturenoscaling,2.97424843250083,2.3411285832193847,0.0,0.2770613350173444,0.5937460320163996,0.6467522318806953,1.0,0.36774592514393906,0.3928933563704177,0.3695326834275562,0.3436523260610092,0.39299120023571615,53.694360518860265,91.44603329390215,-0.004999275953854528,-0.006595181587373524,41.11588812097601
