subject,nll,bic,model,alpha,alpha_rec,theta,theta_rec,wp,wp_rec,eta,eta_rec,w_between_attwise,w_between_attwise_rec,w_between_altwise,w_between_altwise_rec,beta,beta_rec,b_last,b_last_rec,nll_rec
177,50.038975139489835,139.6110896598541,twostagemixturenoscaling,0.0,0.0,0.694326339305864,0.5339796535780184,0.46137249010502673,0.4735542991188765,0.8032790832222445,0.4665936250544035,0.8087038218063075,0.7947859703759945,0.8702660624587362,0.9364079377903607,31.93651465339508,43.03827528604,0.01963095390107821,0.014250849357413454,46.32932893493904
