subject,nll,bic,model,alpha,alpha_rec,theta,theta_rec,wp,wp_rec,eta,eta_rec,w_between_attwise,w_between_attwise_rec,w_between_altwise,w_between_altwise_rec,beta,beta_rec,b_last,b_last_rec,nll_rec
170,32.96010049107462,105.45334036302367,twostagemixturenoscaling,0.07215379254643889,0.2605246763188593,1.0,1.0,0.43494346576589776,0.5015163059739762,1.0,0.46325573192201236,0.5960719451229991,0.5959361496705385,0.7010213043692074,0.8063677675561306,43.658229432007346,46.80330298007579,0.0001603940346968596,-0.0016998518756436104,37.022272117777646
