subject,nll,bic,model,alpha,alpha_rec,theta,theta_rec,wp,wp_rec,eta,eta_rec,w_between_attwise,w_between_attwise_rec,w_between_altwise,w_between_altwise_rec,beta,beta_rec,b_last,b_last_rec,nll_rec
103,40.34136654379886,120.21587246847216,twostagemixturenoscaling,3.0,0.5615983095153109,1.0,1.0,0.698220562242075,0.6690153962866333,0.24949256197263667,0.0,0.7971758233754286,0.7685943810521443,0.7963099621713324,1.0,54.07913759344619,68.93284222084402,-0.0027643886117757832,-0.01168263300591468,29.54474563581925
