subject,nll,bic,model,alpha,alpha_rec,theta,theta_rec,wp,wp_rec,eta,eta_rec,w_between_attwise,w_between_attwise_rec,w_between_altwise,w_between_altwise_rec,beta,beta_rec,b_last,b_last_rec,nll_rec
160,45.12131928637292,129.7184300377914,twostagemixturenoscaling,3.0,1.5211997478367207,1.0,0.947332677989155,0.6272717582921224,1.0,0.8532349258584274,1.0,0.6945490350032572,0.18286565457358273,0.5828977575165791,0.13311151733539042,46.3061153654719,69.26694350431144,0.016399371028214576,0.013584177291422823,36.43266297384605
