subject,nll,bic,model,alpha,alpha_rec,theta,theta_rec,wp,wp_rec,eta,eta_rec,w_between_attwise,w_between_attwise_rec,w_between_altwise,w_between_altwise_rec,beta,beta_rec,b_last,b_last_rec,nll_rec
100,60.06820481695772,159.66954901478988,twostagemixturenoscaling,1.5553649274709214,3.0,1.0,0.0,0.6762167347536941,0.6023632934607599,1.0,1.0,0.44478648839965357,0.5731658044307341,0.7087476312763276,0.6347390451190427,23.160083127230987,35.16875327000812,0.007750161599051011,0.009613548562365267,56.5228415310137
