subject,nll,bic,model,alpha,alpha_rec,theta,theta_rec,wp,wp_rec,eta,eta_rec,w_between_attwise,w_between_attwise_rec,w_between_altwise,w_between_altwise_rec,beta,beta_rec,b_last,b_last_rec,nll_rec
98,57.99247806304349,155.5180955069614,twostagemixturenoscaling,1.4989458691807491,1.535018335429531,0.9463023702674174,0.33819345009061585,1.0,0.661324338045623,0.5313494080625224,0.0,0.20315513025126247,0.3534017696599801,0.17511407060061063,0.4653799613802611,36.11064620635982,47.98791908928404,0.004969493693178366,0.0026015826528257317,59.200637258093884
