subject,nll,bic,model,alpha,alpha_rec,theta,theta_rec,wp,wp_rec,eta,eta_rec,w_between_attwise,w_between_attwise_rec,w_between_altwise,w_between_altwise_rec,beta,beta_rec,b_last,b_last_rec,nll_rec
65,28.506562418842268,96.54626421855897,twostagemixturenoscaling,3.0,0.6212350359611069,0.37822608749727527,0.0,0.634456792275554,0.5923135297779375,1.0,1.0,0.6662131420191315,0.07460813833349808,0.766041735282023,0.8296493769173847,72.34927931174269,82.4764199094568,0.001581427481134243,0.009434509707113408,25.62787147533065
