subject,nll,bic,model,alpha,alpha_rec,theta,theta_rec,wp,wp_rec,eta,eta_rec,w_between_attwise,w_between_attwise_rec,w_between_altwise,w_between_altwise_rec,beta,beta_rec,b_last,b_last_rec,nll_rec
78,35.620777307202594,110.77469399527962,twostagemixturenoscaling,1.2011050551893587,2.74646461226126,0.8113469103607621,0.0,0.7626218493202334,0.544944457622432,1.0,0.9182829110199664,0.15478148517727103,0.5526391087021256,0.054835382886929886,0.6656020971671247,79.4697902742659,99.11350014511646,0.004431507337535007,0.006617000324928943,29.016244466038096
