subject,nll,bic,model,alpha,alpha_rec,theta,theta_rec,wp,wp_rec,eta,eta_rec,w_between_attwise,w_between_attwise_rec,w_between_altwise,w_between_altwise_rec,beta,beta_rec,b_last,b_last_rec,nll_rec
161,24.423611330741597,88.38036204235763,twostagemixturenoscaling,0.0,0.0,1.0,0.7242717666726994,0.5466291920408739,0.5445492549760201,1.0,1.0,0.7852468874709221,0.7686651501668277,0.7311391134587425,0.7130505659041486,57.10084154135394,64.47205697248913,0.011707988041561469,0.01780634604232904,22.545658529922328
