subject,nll,bic,model,alpha,alpha_rec,theta,theta_rec,wp,wp_rec,eta,eta_rec,w_between_attwise,w_between_attwise_rec,w_between_altwise,w_between_altwise_rec,beta,beta_rec,b_last,b_last_rec,nll_rec
19,36.43912832889798,112.35404812284149,twostagemixturenoscaling,0.9476970570687749,0.7139741453699618,1.0,1.0,0.4518384958071454,0.1275426513390566,0.0,0.0,0.28804683086839705,0.4212565838021442,0.6703376379039674,0.3901321077419794,76.36237357618731,60.554399293099934,-0.005561739030212865,0.004129985475283772,37.69802232839751
