subject,nll,bic,model,alpha,alpha_rec,theta,theta_rec,wp,wp_rec,eta,eta_rec,w_between_attwise,w_between_attwise_rec,w_between_altwise,w_between_altwise_rec,beta,beta_rec,b_last,b_last_rec,nll_rec
35,53.35020389853003,146.06025520368507,twostagemixturenoscaling,0.0,0.0,0.9420843033169645,0.8434688600029487,0.0,0.0,1.0,1.0,0.3447666162585153,0.3318243377235699,0.27310623239656995,0.21435217211080623,20.352932354517844,16.25664589534277,0.013202770112933776,0.03002868256012228,56.769033372339834
