subject,nll,bic,model,alpha,alpha_rec,theta,theta_rec,wp,wp_rec,eta,eta_rec,w_between_attwise,w_between_attwise_rec,w_between_altwise,w_between_altwise_rec,beta,beta_rec,b_last,b_last_rec,nll_rec
60,47.69824697322039,134.92963332731523,twostagemixturenoscaling,0.0,0.0,1.0,0.49238652629890994,0.31733337840771025,0.4635885059378369,0.36022621048986375,0.36283215070704833,0.6527803653475144,0.7200016422372516,0.5907741951606794,0.6317083302042144,35.981574141451254,58.2482669801785,0.00232337601681224,0.003446135240607048,33.866549033480084
