subject,nll,bic,model,alpha,alpha_rec,theta,theta_rec,wp,wp_rec,eta,eta_rec,w_between_attwise,w_between_attwise_rec,w_between_altwise,w_between_altwise_rec,beta,beta_rec,b_last,b_last_rec,nll_rec
113,56.58578669461839,152.64736485428233,twostagemixturenoscaling,3.0,2.9598771569999878,0.03154525757704005,0.3514892067114003,0.3205304387220772,0.7607240353410861,0.05070333837618855,0.0,0.265033623624865,0.09248210839400997,0.0,0.05036760227514403,58.72115398801644,100.0,0.0030890994098448743,0.00429552918208154,43.41106927826273
