subject,nll,bic,model,alpha,alpha_rec,theta,theta_rec,wp,wp_rec,eta,eta_rec,w_between_attwise,w_between_attwise_rec,w_between_altwise,w_between_altwise_rec,beta,beta_rec,b_last,b_last_rec,nll_rec
198,46.81004132126631,133.15322202340707,twostagemixturenoscaling,0.5920891543167248,0.7733653218205429,0.5159667978532267,0.5657441735417391,0.5559598372267873,0.6227814152397331,1.0,1.0,0.005260397978752155,0.6993506049360642,0.4024440198438985,0.3867451492965005,36.52843904525001,32.033235797634404,-0.001301991773298967,0.0025934343680979323,48.02631189081718
