subject,nll,bic,model,alpha,alpha_rec,theta,theta_rec,wp,wp_rec,eta,eta_rec,w_between_attwise,w_between_attwise_rec,w_between_altwise,w_between_altwise_rec,beta,beta_rec,b_last,b_last_rec,nll_rec
29,65.7129561338085,170.95905164849142,twostagemixturenoscaling,0.0,0.0,0.595169865623444,0.37015684298768065,0.5738617871790798,0.5438921250833298,1.0,0.4541964667245684,0.8969696540565135,0.7712343223035252,0.8347589261081454,0.8149734974287893,16.770875926474872,33.79222113171525,-0.016936746063340252,-0.0011911667312727314,51.77688781245358
