subject,nll,bic,model,alpha,alpha_rec,theta,theta_rec,wp,wp_rec,eta,eta_rec,w_between_attwise,w_between_attwise_rec,w_between_altwise,w_between_altwise_rec,beta,beta_rec,b_last,b_last_rec,nll_rec
136,36.631604586987194,112.79634855484882,twostagemixturenoscaling,1.2085620996810962,1.5399175863149,1.0,0.44635476094447757,0.998598759429593,1.0,1.0,0.37986508545811143,0.3570287307384907,0.39120094175685266,0.25246299422563134,0.3094306666198819,34.111215636512554,62.31706946748832,0.0006489510994269045,0.009509814586606801,29.104061093267195
