subject,nll,bic,model,alpha,alpha_rec,theta,theta_rec,wp,wp_rec,eta,eta_rec,w_between_attwise,w_between_attwise_rec,w_between_altwise,w_between_altwise_rec,beta,beta_rec,b_last,b_last_rec,nll_rec
154,20.59102134917528,80.71518207922499,twostagemixturenoscaling,0.0,0.0,1.0,1.0,0.5792291308721245,0.6819240630745825,0.3207086875056113,0.0,0.6433986296280223,0.8681238505248617,0.4974077600334654,0.7993238155735665,37.19907782876404,49.807796402625065,0.010613801653833957,0.0006976456825741702,23.91718712205423
