subject,nll,bic,model,alpha,alpha_rec,theta,theta_rec,wp,wp_rec,eta,eta_rec,w_between_attwise,w_between_attwise_rec,w_between_altwise,w_between_altwise_rec,beta,beta_rec,b_last,b_last_rec,nll_rec
107,83.4299223398265,206.27787416091064,twostagemixturenoscaling,0.20301165074884886,0.0,0.8210989510735023,0.36102146783754374,0.7953789993226769,0.5617465781378536,1.0,1.0,1.0,1.0,0.0,0.37153603093379767,4.613611872659065,6.443309696848587,0.03955231583879847,0.02297703873137404,83.5031125325319
