subject,nll,bic,model,alpha,alpha_rec,theta,theta_rec,wp,wp_rec,eta,eta_rec,w_between_attwise,w_between_attwise_rec,w_between_altwise,w_between_altwise_rec,beta,beta_rec,b_last,b_last_rec,nll_rec
151,39.444265616896864,118.42167061466816,twostagemixturenoscaling,0.6257941562000521,0.8318270647825902,1.0,0.20764363548786813,0.6686442728323495,0.6463833235722872,0.0,0.31394714905780846,0.07861615633402179,0.31316469944450875,0.8497619296618245,1.0,44.4946483815286,66.3435460605787,0.004083472798393717,0.009302098058315307,32.69244271457053
