subject,nll,bic,model,alpha,alpha_rec,theta,theta_rec,wp,wp_rec,eta,eta_rec,w_between_attwise,w_between_attwise_rec,w_between_altwise,w_between_altwise_rec,beta,beta_rec,b_last,b_last_rec,nll_rec
125,29.6342597111784,98.80165880323123,twostagemixturenoscaling,0.0,0.2369070411096484,0.6517711654432393,0.6715215281192066,0.5017434306037986,0.031013673291346282,0.9995931732523697,0.6593953505128062,0.6645783005778614,0.17947644133126664,0.6444351792855773,0.1364759864417788,52.357106960020616,46.60418383450652,9.806060128812952e-05,-0.003702119469601192,34.008842986311656
