subject,nll,bic,model,alpha,alpha_rec,theta,theta_rec,wp,wp_rec,eta,eta_rec,w_between_attwise,w_between_attwise_rec,w_between_altwise,w_between_altwise_rec,beta,beta_rec,b_last,b_last_rec,nll_rec
71,45.961037077272714,131.45521353541986,twostagemixturenoscaling,0.15534761923345097,0.297044656193494,0.8509732496760053,0.8510953427076894,0.30381520552559044,0.0,0.8639570020301269,0.6500498413089282,0.6624632743315094,0.42285577354626214,0.6395795620774591,0.3261827074922603,35.38566357109574,33.922900325993176,-0.009156485298254179,-0.021835178491446467,45.211905781448486
