subject,nll,bic,model,alpha,alpha_rec,theta,theta_rec,wp,wp_rec,eta,eta_rec,w_between_attwise,w_between_attwise_rec,w_between_altwise,w_between_altwise_rec,beta,beta_rec,b_last,b_last_rec,nll_rec
166,41.56502030520554,122.66317999128552,twostagemixturenoscaling,3.0,2.909676569949627,1.0,0.0,0.48493150104046734,0.4481724679881454,0.13660391705210778,0.031908243691360985,0.41502821134575785,0.48602305605179613,0.413776430505364,0.6110423336355947,68.7143386663656,79.3688571713998,0.0076654574060623214,0.009709314403706678,43.42317391968293
