subject,nll,bic,model,alpha,alpha_rec,theta,theta_rec,wp,wp_rec,eta,eta_rec,w_between_attwise,w_between_attwise_rec,w_between_altwise,w_between_altwise_rec,beta,beta_rec,b_last,b_last_rec,nll_rec
145,32.33181930645558,104.19677799378559,twostagemixturenoscaling,0.0,0.0586214718063059,1.0,0.733456697184516,0.32721546429885684,0.30875651465551923,0.5370423659324131,0.141545855155164,0.6660111684411932,0.6880050615882047,0.6856009803654662,0.6742330232103824,54.65986780826923,91.5426570906036,0.013762096372873192,0.01605813946165367,25.44853180039788
