subject,nll,bic,model,alpha,alpha_rec,theta,theta_rec,wp,wp_rec,eta,eta_rec,w_between_attwise,w_between_attwise_rec,w_between_altwise,w_between_altwise_rec,beta,beta_rec,b_last,b_last_rec,nll_rec
164,35.89500639841327,111.32315217770098,twostagemixturenoscaling,0.9544938207478133,2.0991772112286347,0.0,0.9364491857286381,0.6004319219183285,0.644883998285951,1.0,1.0,0.28911497767743594,0.6302906698896334,0.9376779586754754,0.7187418004880214,56.41402932485398,77.9326309890433,-0.006335860403751504,-0.01298652092008251,25.720919291426966
