subject,nll,bic,model,alpha,alpha_rec,theta,theta_rec,wp,wp_rec,eta,eta_rec,w_between_attwise,w_between_attwise_rec,w_between_altwise,w_between_altwise_rec,beta,beta_rec,b_last,b_last_rec,nll_rec
137,18.426353098507125,76.38584557788869,twostagemixturenoscaling,3.0,2.8861529122843517,0.7426816416534643,1.0,0.17787532194770478,0.174760803657063,0.0,0.0,0.5055950428679459,0.5858602862172431,0.27569772502185574,0.26441899620813303,100.0,100.0,0.002062456077901419,0.013283515839313259,17.05577353849553
