subject,nll,bic,model,alpha,alpha_rec,theta,theta_rec,wp,wp_rec,eta,eta_rec,w_between_attwise,w_between_attwise_rec,w_between_altwise,w_between_altwise_rec,beta,beta_rec,b_last,b_last_rec,nll_rec
12,54.9966424321387,149.46907632932295,twostagemixturenoscaling,3.0,3.0,1.0,1.0,0.6896206808262599,0.6722713335864039,1.0,0.6807208480517124,0.5918020787633139,0.7089135948492866,0.6202482059025254,0.7330535509440438,29.699841948494377,28.12808990903407,0.011843361253359668,0.015754221003376374,57.72069827905483
