subject,nll,bic,model,alpha,alpha_rec,theta,theta_rec,wp,wp_rec,eta,eta_rec,w_between_attwise,w_between_attwise_rec,w_between_altwise,w_between_altwise_rec,beta,beta_rec,b_last,b_last_rec,nll_rec
180,55.89467652919988,151.32249243927419,twostagemixturenoscaling,0.0,0.03199234143917582,1.0,1.0,0.1188377152886729,0.30280450134463927,1.0,0.9189277581998785,0.3961201191155566,0.5411248379682959,0.38674462304304813,0.45626375199315594,21.951423332279333,20.921361144936824,0.011432659606125335,0.019322185638193514,57.312525986991766
