subject,nll,bic,model,alpha,alpha_rec,theta,theta_rec,wp,wp_rec,eta,eta_rec,w_between_attwise,w_between_attwise_rec,w_between_altwise,w_between_altwise_rec,beta,beta_rec,b_last,b_last_rec,nll_rec
76,50.36032791819517,140.19644730143585,twostagemixturenoscaling,0.1598151940572076,0.23812027758200305,1.0,1.0,0.0,0.39548144290910386,0.383635263113068,0.17449813878537918,0.2932563212443395,0.5337498455394817,0.3487988927614635,0.7345226654555576,27.80262244981754,41.52019641101932,-0.004311094095688143,-0.0037329856525293694,44.53845290041622
