subject,nll,bic,model,alpha,alpha_rec,theta,theta_rec,wp,wp_rec,eta,eta_rec,w_between_attwise,w_between_attwise_rec,w_between_altwise,w_between_altwise_rec,beta,beta_rec,b_last,b_last_rec,nll_rec
96,46.560123832448525,132.5960391299426,twostagemixturenoscaling,3.0,3.0,1.0,0.5850395751321681,0.5974518722633357,0.6084625246037403,0.8155660013990887,0.67950567757211,0.7635084004390071,0.6958482175646308,0.8352395432218453,0.7164810477251683,41.00842573283006,54.05430936532157,-0.0016543259048141855,-0.00956158094671283,42.965120840219456
