subject,nll,bic,model,alpha,alpha_rec,theta,theta_rec,wp,wp_rec,eta,eta_rec,w_between_attwise,w_between_attwise_rec,w_between_altwise,w_between_altwise_rec,beta,beta_rec,b_last,b_last_rec,nll_rec
61,54.411151679999975,148.35544274087437,twostagemixturenoscaling,0.7064360924097526,0.6865265694572298,0.43841157395760394,0.0,0.5835847522116259,0.5822304176746546,0.7731956116768819,1.0,0.0,0.0,1.0,1.0,31.24696216915144,38.87913238901384,0.004505018675795367,0.008862784908218228,49.92056275268091
