subject,nll,bic,model,alpha,alpha_rec,theta,theta_rec,wp,wp_rec,eta,eta_rec,w_between_attwise,w_between_attwise_rec,w_between_altwise,w_between_altwise_rec,beta,beta_rec,b_last,b_last_rec,nll_rec
53,37.05892933820037,113.65099805727517,twostagemixturenoscaling,0.18059137962805263,0.17264172231320676,0.8596492144818276,0.8263305108099505,0.3590719370699488,0.13010225254389077,1.0,1.0,0.408981262727821,0.2781142534201007,0.4221274070141163,0.2814653192991345,39.46142930789885,53.477016709063996,-0.001939762256087454,0.012800679650182405,28.76972487327231
