subject,nll,bic,model,alpha,alpha_rec,theta,theta_rec,wp,wp_rec,eta,eta_rec,w_between_attwise,w_between_attwise_rec,w_between_altwise,w_between_altwise_rec,beta,beta_rec,b_last,b_last_rec,nll_rec
67,47.61556558609793,134.76427055307028,twostagemixturenoscaling,0.0,0.15269000549035028,1.0,1.0,0.25218844739286006,0.0,0.9191723484187544,1.0,0.47684786184573774,0.22823297680947116,0.3945337671116759,0.15653661525538873,26.336325380152463,31.193022444295806,-0.01644340038942675,-0.0017925386299858645,39.571746153769524
