subject,nll,bic,model,alpha,alpha_rec,theta,theta_rec,wp,wp_rec,eta,eta_rec,w_between_attwise,w_between_attwise_rec,w_between_altwise,w_between_altwise_rec,beta,beta_rec,b_last,b_last_rec,nll_rec
124,35.727443362763296,110.98802610640102,twostagemixturenoscaling,3.0,3.0,0.0,0.0,0.46041170531338577,0.46650333469016625,0.9175902983548062,1.0,0.7230655674030425,0.770958293860529,0.990549302779584,0.9619499737227458,63.7616322964261,78.74075269242287,0.004070465500974651,-0.005222204507740066,30.116945764797414
