subject,nll,bic,model,alpha,alpha_rec,theta,theta_rec,wp,wp_rec,eta,eta_rec,w_between_attwise,w_between_attwise_rec,w_between_altwise,w_between_altwise_rec,beta,beta_rec,b_last,b_last_rec,nll_rec
59,62.28425948438011,164.04431043380575,twostagemixturenoscaling,3.0,2.775541927553063,1.0,0.6622299372511135,0.5476835991428504,0.6297619609157407,1.0,0.17198211482558734,0.6908808333412325,0.4753485107522901,0.5622256951636452,0.38236756056943433,25.26778239638799,43.688900408131296,0.009232386794512442,0.01622487330643646,57.24184024143996
