subject,nll,bic,model,alpha,alpha_rec,theta,theta_rec,wp,wp_rec,eta,eta_rec,w_between_attwise,w_between_attwise_rec,w_between_altwise,w_between_altwise_rec,beta,beta_rec,b_last,b_last_rec,nll_rec
186,75.84807054714014,191.22928047515472,twostagemixturenoscaling,0.0,0.0,0.28727527098485395,0.08539388202890358,0.0,0.047711521890828563,0.336956914342629,1.0,0.5231575394329673,0.36907829975181594,0.5236344465658784,0.6644776889032107,11.206980267332481,9.295811957319447,0.0668271067870996,0.08721780161764359,70.63403494970527
