subject,nll,bic,model,alpha,alpha_rec,theta,theta_rec,wp,wp_rec,eta,eta_rec,w_between_attwise,w_between_attwise_rec,w_between_altwise,w_between_altwise_rec,beta,beta_rec,b_last,b_last_rec,nll_rec
92,81.4887892048067,202.51071779048783,twostagemixturenoscaling,3.0,0.383132883013764,0.0,0.9507609737939559,0.6862052829755817,0.4886728727875939,1.0,1.0,0.19344254208069947,1.0,0.40566532558611335,0.4166069258617888,19.218567976734068,8.792418920573073,0.013279379048315214,0.007450125732787297,82.31516176843581
