subject,nll,bic,model,alpha,alpha_rec,theta,theta_rec,wp,wp_rec,eta,eta_rec,w_between_attwise,w_between_attwise_rec,w_between_altwise,w_between_altwise_rec,beta,beta_rec,b_last,b_last_rec,nll_rec
117,26.475993139509892,92.48512565989421,twostagemixturenoscaling,3.0,2.9209417082218283,0.748283676671149,1.0,0.7227110838003399,0.7292947820957459,1.0,1.0,0.5995170622156032,0.5973801413129832,0.6536415904956887,0.5884226064431936,64.05197322848346,99.71779450448656,-0.009813220321649798,-0.0015643646579326142,20.53138742291956
