subject,nll,bic,model,alpha,alpha_rec,theta,theta_rec,wp,wp_rec,eta,eta_rec,w_between_attwise,w_between_attwise_rec,w_between_altwise,w_between_altwise_rec,beta,beta_rec,b_last,b_last_rec,nll_rec
196,55.952709991321434,151.4385593635173,twostagemixturenoscaling,1.2627805298712256,0.9976899059672328,0.8496379253676741,1.0,1.0,0.49490179307495075,1.0,0.6808070136688994,0.06668232899032621,0.7989721055407629,0.08169066396042801,0.0,37.46457170624064,34.86052716993293,0.011884974556172732,0.008829516917806552,52.28805812138
