subject,nll,bic,model,alpha,alpha_rec,theta,theta_rec,wp,wp_rec,eta,eta_rec,w_between_attwise,w_between_attwise_rec,w_between_altwise,w_between_altwise_rec,beta,beta_rec,b_last,b_last_rec,nll_rec
178,56.97820457856094,153.4895485379963,twostagemixturenoscaling,1.5297825044688214,3.0,1.0,1.0,0.8180139508263821,0.7030339981604826,0.06089162307425292,0.0,0.6588408100125979,0.940928280777711,0.5534752865586705,0.7676471589875541,32.072255883719,45.55575137476668,0.0011564155970238956,0.0004883003639947923,49.84990536374102
