subject,nll,bic,model,alpha,alpha_rec,theta,theta_rec,wp,wp_rec,eta,eta_rec,w_between_attwise,w_between_attwise_rec,w_between_altwise,w_between_altwise_rec,beta,beta_rec,b_last,b_last_rec,nll_rec
195,36.0499019613718,111.63294330361803,twostagemixturenoscaling,0.0,0.0,1.0,0.5907657384040299,0.49456560630129237,0.4920844072267192,0.7443161682916799,1.0,0.6387348184718825,0.49679103385097845,0.7249134534254982,0.6955906446684322,40.477343711611915,40.73924286214894,-0.006289665380949451,-0.006834792864372481,33.788584815100265
