subject,nll,bic,model,alpha,alpha_rec,theta,theta_rec,wp,wp_rec,eta,eta_rec,w_between_attwise,w_between_attwise_rec,w_between_altwise,w_between_altwise_rec,beta,beta_rec,b_last,b_last_rec,nll_rec
74,49.688281120298974,138.13005893226668,twostagemixturenoscaling,2.7746698665178964,3.0,0.6707393818509092,1.0,1.0,0.924878706728929,1.0,1.0,0.32716932547076755,0.3630003350426825,0.37854078742196234,0.4796834164049541,25.098190012540044,48.12988349282305,0.011374406918166897,-0.005398132405993968,28.00502721201232
