subject,nll,bic,model,alpha,alpha_rec,theta,theta_rec,wp,wp_rec,eta,eta_rec,w_between_attwise,w_between_attwise_rec,w_between_altwise,w_between_altwise_rec,beta,beta_rec,b_last,b_last_rec,nll_rec
52,21.786700229394974,83.10653983966438,twostagemixturenoscaling,0.0,0.00513203352693364,1.0,0.0,0.15510497336140971,0.8286498481058807,1.0,0.5043802897269267,0.11221565853297494,0.06473918883657248,0.10205556333503189,1.0,21.974580251688067,39.97879129250861,-0.009033486198371868,0.002959945223133255,14.581156832906002
