subject,nll,bic,model,alpha,alpha_rec,theta,theta_rec,wp,wp_rec,eta,eta_rec,w_between_attwise,w_between_attwise_rec,w_between_altwise,w_between_altwise_rec,beta,beta_rec,b_last,b_last_rec,nll_rec
127,53.12708173502167,145.72995493508887,twostagemixturenoscaling,0.24694499484268506,0.21457205997775436,0.8295789133889524,0.7470009842886018,0.2921267544047132,0.0,0.6560333982776979,1.0,0.5787189696626882,0.32102745243784725,0.42881574525265875,0.21695621916697522,28.139667925823268,32.13894676566432,0.008508412232840594,-0.008613433391388236,46.24399156773856
