subject,nll,bic,model,alpha,alpha_rec,theta,theta_rec,wp,wp_rec,eta,eta_rec,w_between_attwise,w_between_attwise_rec,w_between_altwise,w_between_altwise_rec,beta,beta_rec,b_last,b_last_rec,nll_rec
68,37.810786298932975,115.15471197874038,twostagemixturenoscaling,3.0,3.0,0.24375451889924812,0.8524655744467391,0.0065720853308372015,0.0,1.0,0.5879398772585963,0.1232167681431888,0.14854862979308314,0.4827213807020383,0.4852098184473734,31.26243942578914,31.482061698129492,0.008876393863338293,0.008428964280518812,37.319954755274125
