subject,nll,bic,model,alpha,alpha_rec,theta,theta_rec,wp,wp_rec,eta,eta_rec,w_between_attwise,w_between_attwise_rec,w_between_altwise,w_between_altwise_rec,beta,beta_rec,b_last,b_last_rec,nll_rec
81,51.94639704427597,143.36858555359748,twostagemixturenoscaling,1.2251483212828982,1.1314808578368838,1.0,1.0,1.0,1.0,0.0,0.18636923209170392,0.12011565914684771,0.1321446067347073,0.2021280104205426,0.12990577881252807,43.64015936664858,40.38206614691219,0.0009253333404225171,0.012822291392223996,50.49996182983806
