subject,nll,bic,model,alpha,alpha_rec,theta,theta_rec,wp,wp_rec,eta,eta_rec,w_between_attwise,w_between_attwise_rec,w_between_altwise,w_between_altwise_rec,beta,beta_rec,b_last,b_last_rec,nll_rec
133,32.41710026194196,104.25223000514157,twostagemixturenoscaling,0.0,0.048353799675122766,0.7661872699818069,0.757430436210713,0.4471041617669062,0.48517318565595,0.39787547200168044,0.05077372683208806,0.6256343373959258,0.6154389898562302,0.6700486418386126,0.7393316350095208,55.19850535263033,68.9951863777211,-0.008133685114845315,-0.004303622627061836,27.424525006106897
