subject,nll,bic,model,alpha,alpha_rec,theta,theta_rec,wp,wp_rec,eta,eta_rec,w_between_attwise,w_between_attwise_rec,w_between_altwise,w_between_altwise_rec,beta,beta_rec,b_last,b_last_rec,nll_rec
134,52.82688726491179,145.18691391069802,twostagemixturenoscaling,0.5951631389112114,0.25441735962717293,1.0,0.5816625211173022,0.4830747348707675,0.4292362551923516,0.5674213840244192,0.5562277866952464,0.6049364326987687,0.5422805231229072,0.5943221433716954,0.6756454982639664,31.30867029660428,43.41255280766844,-0.0013352788889687442,-0.004937363100149814,42.91130520662154
