subject,nll,bic,model,alpha,alpha_rec,theta,theta_rec,wp,wp_rec,eta,eta_rec,w_between_attwise,w_between_attwise_rec,w_between_altwise,w_between_altwise_rec,beta,beta_rec,b_last,b_last_rec,nll_rec
172,40.971625885619964,121.47639115211436,twostagemixturenoscaling,2.1338574556266505,1.7525361044704415,0.9426412841424349,1.0,0.26778702081356676,0.21574035751065185,0.08004204756466206,0.0,0.8816661876517865,1.0,0.11319786401521396,0.12683791259427532,47.81248851363034,42.09640582060613,0.00582901383235873,-0.000676073215460023,41.491128991966654
