subject,nll,bic,model,alpha,alpha_rec,theta,theta_rec,wp,wp_rec,eta,eta_rec,w_between_attwise,w_between_attwise_rec,w_between_altwise,w_between_altwise_rec,beta,beta_rec,b_last,b_last_rec,nll_rec
106,70.46379255509723,180.40337657523997,twostagemixturenoscaling,3.0,3.0,0.19091187343168686,1.0,0.4416766382209968,0.42302268553559086,0.0,0.37903669414963287,0.3238199915643732,0.571039277255161,0.22997983199646066,0.0,31.524484622382275,19.73427922908353,0.012807851740024865,0.015518940204383217,71.21055897192576
