subject,nll,bic,model,alpha,alpha_rec,theta,theta_rec,wp,wp_rec,eta,eta_rec,w_between_attwise,w_between_attwise_rec,w_between_altwise,w_between_altwise_rec,beta,beta_rec,b_last,b_last_rec,nll_rec
143,59.30889567856159,158.1509307379976,twostagemixturenoscaling,1.2880331871146473,1.9983450083655825,1.0,0.6492023734624565,1.0,0.584515455976981,1.0,1.0,0.05360710491926254,0.4168686147863231,0.07952783873259721,0.29603855814320307,29.430415567533093,23.384005748948148,0.01949597445287143,0.03434556651995999,63.76845227052421
