subject,nll,bic,model,alpha,alpha_rec,theta,theta_rec,wp,wp_rec,eta,eta_rec,w_between_attwise,w_between_attwise_rec,w_between_altwise,w_between_altwise_rec,beta,beta_rec,b_last,b_last_rec,nll_rec
69,50.862751037028985,141.2586414549324,twostagemixturenoscaling,1.6618532290467896,1.9861336712559565,0.9020508751443773,0.2892303403987016,0.8416866183030153,0.8328915480013881,1.0,0.3004460553038256,0.38108440303574,0.34366496041014927,0.2538288631745233,0.2650373648917223,36.40245002253073,76.22408752781159,0.002138095584971877,-0.0036209123155105864,44.098275736716005
