subject,nll,bic,model,alpha,alpha_rec,theta,theta_rec,wp,wp_rec,eta,eta_rec,w_between_attwise,w_between_attwise_rec,w_between_altwise,w_between_altwise_rec,beta,beta_rec,b_last,b_last_rec,nll_rec
191,30.84468024227465,101.22249986542373,twostagemixturenoscaling,0.7662028448339554,0.46061125210987025,0.9148643779350317,0.9009247577067165,0.0,0.0,0.4877939801141452,0.9808778280528958,0.21737205942785634,0.351478569389969,0.2248215150724554,0.26452320128112844,75.46464598986725,100.0,0.006626088921040288,0.00383506623058983,13.718226173516925
