subject,nll,bic,model,alpha,alpha_rec,theta,theta_rec,wp,wp_rec,eta,eta_rec,w_between_attwise,w_between_attwise_rec,w_between_altwise,w_between_altwise_rec,beta,beta_rec,b_last,b_last_rec,nll_rec
85,29.526292488031547,98.52837644110863,twostagemixturenoscaling,0.0649465772751091,0.0,0.4886790099814892,0.3921164131717568,0.8925736435436343,1.0,0.49704780361018264,0.0,0.8839421109508593,1.0,0.0,0.0,22.386753557537087,32.87860405968768,-0.025672687123707114,-0.011244493829794786,19.24260870315237
