subject,nll,bic,model,alpha,alpha_rec,theta,theta_rec,wp,wp_rec,eta,eta_rec,w_between_attwise,w_between_attwise_rec,w_between_altwise,w_between_altwise_rec,beta,beta_rec,b_last,b_last_rec,nll_rec
114,27.04181604731408,93.61677147550259,twostagemixturenoscaling,0.0,0.024377061540333072,0.761576191241576,0.8546064964503612,0.20342913713134267,0.31708062756891425,0.7534075830864225,0.6240465498193069,0.4844902537636926,0.6221441797172157,0.47097977014301023,0.5605138790624561,62.5731616206241,64.13467117715243,0.006056160587968961,-0.0019824318046477883,26.029788980248238
