subject,nll,bic,model,alpha,alpha_rec,theta,theta_rec,wp,wp_rec,eta,eta_rec,w_between_attwise,w_between_attwise_rec,w_between_altwise,w_between_altwise_rec,beta,beta_rec,b_last,b_last_rec,nll_rec
25,42.34429310087665,124.22172558262773,twostagemixturenoscaling,1.2626542703583987,1.6854254751357278,0.8692440543028312,1.0,1.0,0.8075466225754365,0.04214879496894793,0.0,0.08234420289806893,0.31846882451775743,0.07167505054443991,0.3132647447194173,66.35414816631442,68.29403882164756,0.007702647057725244,6.519795999522763e-05,44.62857251426069
