subject,nll,bic,model,alpha,alpha_rec,theta,theta_rec,wp,wp_rec,eta,eta_rec,w_between_attwise,w_between_attwise_rec,w_between_altwise,w_between_altwise_rec,beta,beta_rec,b_last,b_last_rec,nll_rec
104,57.49164174385152,154.28452257359146,twostagemixturenoscaling,0.4455203045858387,0.47121910400552053,1.0,1.0,0.4196374081266609,0.5108149384722298,0.0,0.0,0.2978147833458492,0.383216220323755,0.5724584414748973,0.786912501862536,25.918738617734935,27.80426729455337,-0.005106962637472077,0.0028774694268710625,58.30633878981823
