subject,nll,bic,model,alpha,alpha_rec,theta,theta_rec,wp,wp_rec,eta,eta_rec,w_between_attwise,w_between_attwise_rec,w_between_altwise,w_between_altwise_rec,beta,beta_rec,b_last,b_last_rec,nll_rec
58,54.719455080821035,148.6811083891495,twostagemixturenoscaling,0.6907021213109309,0.5609412079242327,0.4975909314920731,0.5084192744498969,0.7102808771240408,0.5857754264782142,0.0,1.0,0.0,0.1281224032585763,0.340491634946244,1.0,32.87649646785395,24.83829903489998,-0.0007769985855117792,0.012502355775875364,54.753996179615655
