subject,nll,bic,model,alpha,alpha_rec,theta,theta_rec,wp,wp_rec,eta,eta_rec,w_between_attwise,w_between_attwise_rec,w_between_altwise,w_between_altwise_rec,beta,beta_rec,b_last,b_last_rec,nll_rec
175,39.218852050787135,117.9134955666198,twostagemixturenoscaling,0.0,0.0,0.0,0.0,0.4836643582616842,0.4977580097091359,0.7382559601146889,0.6448813273661669,0.7438752762630068,0.8412587873522791,1.0,1.0,49.769327751644994,46.91077632027028,0.010035454024070965,0.021201208028384544,40.89303746687217
