subject,nll,bic,model,alpha,alpha_rec,theta,theta_rec,wp,wp_rec,eta,eta_rec,w_between_attwise,w_between_attwise_rec,w_between_altwise,w_between_altwise_rec,beta,beta_rec,b_last,b_last_rec,nll_rec
44,17.441428650087484,74.41599668104939,twostagemixturenoscaling,1.9814957984818315,2.8682460729079176,0.12212470674854346,0.5470532777985805,1.0,1.0,0.06744803581534613,0.06498076619633024,0.4471137540442459,0.5421645425096981,0.5198889964713034,0.5747506331010892,97.89387967867891,100.0,0.0020724164188811677,0.006142310458615739,13.58017021416789
