subject,nll,bic,model,alpha,alpha_rec,theta,theta_rec,wp,wp_rec,eta,eta_rec,w_between_attwise,w_between_attwise_rec,w_between_altwise,w_between_altwise_rec,beta,beta_rec,b_last,b_last_rec,nll_rec
28,43.43633495860672,126.40580929808787,twostagemixturenoscaling,0.0,0.11821617830184818,0.9382107829311922,0.56852336406197,0.38573007848931223,0.37570714766873636,0.9762909398564201,1.0,0.6898282149781448,0.5186033449062062,0.6936321647401517,0.6139427332671562,34.75915292561845,37.22424119996951,0.0024740793559291053,0.002288161889740828,43.48228094086737
