subject,nll,bic,model,alpha,alpha_rec,theta,theta_rec,wp,wp_rec,eta,eta_rec,w_between_attwise,w_between_attwise_rec,w_between_altwise,w_between_altwise_rec,beta,beta_rec,b_last,b_last_rec,nll_rec
120,41.57080825092156,122.67475588271755,twostagemixturenoscaling,0.2633094765703866,0.5327672034238047,1.0,1.0,0.37115394555685727,0.6553024178032196,0.23253305053272227,0.444861335310401,0.31350310500523026,1.0,0.47253817589835584,0.28576659119750414,35.20464335697841,43.09728657440285,0.00495845121226272,0.00031092398893887573,34.134601118129694
