subject,nll,bic,model,alpha,alpha_rec,theta,theta_rec,wp,wp_rec,eta,eta_rec,w_between_attwise,w_between_attwise_rec,w_between_altwise,w_between_altwise_rec,beta,beta_rec,b_last,b_last_rec,nll_rec
33,60.42288207831112,160.37890353749668,twostagemixturenoscaling,2.5579732609150296,1.521986346366677,0.0,0.0,0.510196751597329,0.546745540288491,1.0,1.0,0.48763105092074155,0.23253582181548388,1.0,1.0,25.56428332564508,37.29513965725367,0.018420577880635502,0.008347571204501022,52.97262320784297
