subject,nll,bic,model,alpha,alpha_rec,theta,theta_rec,wp,wp_rec,eta,eta_rec,w_between_attwise,w_between_attwise_rec,w_between_altwise,w_between_altwise_rec,beta,beta_rec,b_last,b_last_rec,nll_rec
49,17.10954512675122,73.69488171854798,twostagemixturenoscaling,0.0,0.2461170194169306,1.0,1.0,0.678224968684816,0.6418161744372561,0.0,0.0,0.8296951299790472,0.5726910761419834,0.9521864539140293,0.5580100842919967,84.0608077243753,99.39243770218239,-0.004571541848194845,-0.00867440583280993,11.701446239186392
