subject,nll,bic,model,alpha,alpha_rec,theta,theta_rec,wp,wp_rec,eta,eta_rec,w_between_attwise,w_between_attwise_rec,w_between_altwise,w_between_altwise_rec,beta,beta_rec,b_last,b_last_rec,nll_rec
128,70.96500759879788,181.3480446788534,twostagemixturenoscaling,0.7088376283449506,0.6409097689790813,1.0,0.682637609048371,0.6353352424395283,0.5835794684903899,0.0,0.0,0.6737108078269556,0.7041773633166651,0.0,0.004686229673309685,17.828492370563453,20.846341667029627,-0.007044425285903554,-0.002560483922600807,69.45958285360547
