subject,nll,bic,model,alpha,alpha_rec,theta,theta_rec,wp,wp_rec,eta,eta_rec,w_between_attwise,w_between_attwise_rec,w_between_altwise,w_between_altwise_rec,beta,beta_rec,b_last,b_last_rec,nll_rec
14,46.04411051624745,131.62136041336933,twostagemixturenoscaling,0.6992440624636979,0.9142039748171921,1.0,0.8761633131326716,0.4955537084127917,0.6571784738924228,1.0,1.0,0.0,0.24986307936571303,0.3298817049617986,0.0,33.420430132932765,39.71058096386383,0.0025318524285550714,0.0020662592793391226,47.290590773608685
