subject,nll,bic,model,alpha,alpha_rec,beta,beta_rec,nll_rec
3,21.71744719146295,53.3181792281445,eu,0.32916644563048864,0.3235219397071039,20.10243843264453,19.109731304496684,22.76296253568182
