subject,nll,bic,model,alpha,alpha_rec,beta,beta_rec,nll_rec
14,55.56502481860609,120.99899750347356,eu,1.0914204272656445,1.1513687946396092,2.796442849927526,2.3194359543316136,57.24148253534214
