subject,nll,bic,model,alpha,alpha_rec,beta,beta_rec,nll_rec
17,40.5754717086825,91.03422826258361,eu,1.1379535048709009,1.2152450342250998,4.617039558303047,2.9752750833410375,47.06104185539999
