subject,nll,bic,model,alpha,alpha_rec,beta,beta_rec,nll_rec
11,75.8270449910527,161.52303784836678,eu,1.290469179439527,1.3179532514831795,0.8235967410117011,0.9396531951908126,71.15883192974061
