subject,nll,bic,model,alpha,alpha_rec,beta,beta_rec,nll_rec
15,53.402333511019435,116.67361488830025,eu,0.5691100193281612,0.5086489897636861,6.166167963172695,7.947424948300644,46.36934497232049
