subject,nll,bic,model,alpha,alpha_rec,beta,beta_rec,nll_rec
4,59.583999883386994,129.0512846119926,eu,1.2078996030056859,1.3006689443206854,1.8956473824126325,1.6789194757918924,56.9239985175018
