subject,nll,bic,model,alpha,alpha_rec,beta,beta_rec,nll_rec
7,95.72201088311229,201.3273066114432,eu,0.0777511524906609,0.0,0.9396031156652652,1.257210895639253,94.89856229765235
