subject,nll,bic,model,alpha,alpha_rec,beta,beta_rec,nll_rec
9,71.07186869097958,152.01268524822055,eu,1.1294754566031096,1.1775318909292658,1.4099793315538809,1.4017698202142959,68.69360648499817
