subject,nll,bic,model,alpha,alpha_rec,beta,beta_rec,nll_rec
5,46.800253583264016,103.48379201174664,eu,0.5183904447382701,0.4838840177481189,7.8494448833002215,7.6606847191202245,48.97496628788396
