subject,nll,bic,model,alpha,alpha_rec,beta,beta_rec,nll_rec
0,67.41811621634778,144.71951727791418,eu,1.6296643649996163,1.547416890818657,0.552376548717456,0.6265894497571065,69.06188632970233
