subject,nll,bic,model,alpha,alpha_rec,beta,beta_rec,nll_rec
19,26.083896088110144,62.0510770214389,eu,0.3139395707636432,0.32963528457879615,16.625547041930588,14.349101402419514,30.636729183501302
