subject,nll,bic,model,alpha,alpha_rec,beta,beta_rec,nll_rec
10,49.155485952677104,108.19425675057282,eu,2.6312004358905745,2.414723720647881,0.12478242908454688,0.1505389749319722,56.05206203474857
