subject,nll,bic,model,alpha,alpha_rec,beta,beta_rec,nll_rec
16,87.74340767759402,185.26751361163156,eu,0.8393711159449067,1.6435672056926989,0.7490903868197643,0.06742461661531483,90.90001709196858
