subject,nll,bic,model,alpha,alpha_rec,beta,beta_rec,nll_rec
6,78.9118972131316,167.7070792714818,eu,0.7885211785036762,0.7575110173899623,1.9882506471852532,2.0485830025613194,79.45189647306674
