subject,nll,bic,model,wp,wp_rec,eta,eta_rec,beta,beta_rec,b_last,b_last_rec,nll_rec
133,39.76586671741991,99.24074817546864,twostagebetween,0.662835316917595,0.6770887140253307,0.4482105625089494,0.8363707188764119,37.90454448218464,32.371088726336936,-0.003987943324921174,0.018166945017466178,34.5004947379673
