subject,nll,bic,model,wp,wp_rec,eta,eta_rec,beta,beta_rec,b_last,b_last_rec,nll_rec
51,72.32251361058084,164.3249509244742,twostagebetween,0.393919740467434,0.4510620522085012,0.1580158120606286,0.0,18.081264526142697,19.173325399164142,-0.022871640517421247,-0.013271021423907674,76.81634946726487
