subject,nll,bic,model,wp,wp_rec,eta,eta_rec,beta,beta_rec,b_last,b_last_rec,nll_rec
185,58.03423409979035,135.83503789001793,twostagebetween,0.52532765795381,0.5060198542693471,1.0,1.0,23.180861543369332,31.44783149890754,0.009623068596662655,0.028728146743742702,47.94726508982949
