subject,nll,bic,model,wp,wp_rec,eta,eta_rec,beta,beta_rec,b_last,b_last_rec,nll_rec
86,11.625263095302397,43.01709588104201,twostagebetween,1.0,0.8521074439888482,1.0,0.48336578672812447,20.418569834284064,46.236807940725505,0.009165684887264334,0.000727560053183058,9.295226040982152
