subject,nll,bic,model,wp,wp_rec,eta,eta_rec,beta,beta_rec,b_last,b_last_rec,nll_rec
46,61.31820214782162,142.40297398608047,twostagebetween,0.5722209522944447,0.5701881887555728,0.6721140515229196,0.9034030521177836,24.157720802628326,19.743180600096956,-0.0033574845607990665,-0.037789741318141966,62.91878484905309
