subject,nll,bic,model,wp,wp_rec,eta,eta_rec,beta,beta_rec,b_last,b_last_rec,nll_rec
106,73.15591745977504,166.04973065207284,twostagebetween,0.3208017884575122,0.324934535169471,0.24573823127476868,0.5763701946420571,12.476494503136271,11.805918600073461,0.05430258230732859,0.043765820515464786,69.93051107716026
