subject,nll,bic,model,wp,wp_rec,eta,eta_rec,beta,beta_rec,b_last,b_last_rec,nll_rec
70,50.925902595772186,121.6183748819816,twostagebetween,0.532583976382608,0.5360469306264323,1.0,0.9792182206568613,29.137941988901783,27.871754574403774,0.0002094559018626617,0.004514715280866964,52.53820331202792
