subject,nll,bic,model,wp,wp_rec,eta,eta_rec,beta,beta_rec,b_last,b_last_rec,nll_rec
67,56.84646651620403,133.4595027228453,twostagebetween,0.6681213409104132,0.6403020343618855,1.0,1.0,17.41341695426502,28.79982411768772,-0.02335178732710423,-0.036834906569718946,42.422919962347066
