subject,nll,bic,model,wp,wp_rec,eta,eta_rec,beta,beta_rec,b_last,b_last_rec,nll_rec
105,46.98057686142741,113.72772341329204,twostagebetween,0.5323204249684492,0.5270486358078802,1.0,0.5026870495908687,32.91147986140225,49.17052790698819,0.004193428041519752,0.006055604767529444,43.25609918208212
