subject,nll,bic,model,wp,wp_rec,eta,eta_rec,beta,beta_rec,b_last,b_last_rec,nll_rec
19,38.605822363048176,96.94954045861911,twostagebetween,0.4917080829880948,0.4939940062284051,0.6245833523151428,0.6380752776490285,56.26804155349898,58.292915895941725,-0.011504288339185658,-0.014449783089072701,37.17000317526869
