subject,nll,bic,model,wp,wp_rec,eta,eta_rec,beta,beta_rec,b_last,b_last_rec,nll_rec
98,62.63309754342018,145.03276477727758,twostagebetween,0.5519685443779478,0.5041694038134074,0.8302473457038156,1.0,21.364394707411087,21.362016839780022,0.014528728792432576,0.024465679085691614,59.607548960830144
