subject,nll,bic,model,wp,wp_rec,eta,eta_rec,beta,beta_rec,b_last,b_last_rec,nll_rec
30,41.74291844402833,103.22373262057943,twostagebetween,0.6342014413378266,0.6363958599083703,1.0,1.0,30.0024536924368,21.69280997786478,-0.004952120735938431,0.022799461343832258,52.766723378814405
