subject,nll,bic,model,wp,wp_rec,eta,eta_rec,beta,beta_rec,b_last,b_last_rec,nll_rec
64,59.48074339863575,138.72805648770873,twostagebetween,0.64262332044645,0.6425208541788948,1.0,0.6969354871553267,17.662817340209564,21.952600282071906,0.013500723159942486,0.00612341775823014,57.65344720476455
