subject,nll,bic,model,wp,wp_rec,eta,eta_rec,beta,beta_rec,b_last,b_last_rec,nll_rec
33,60.93657079344804,141.6397112773333,twostagebetween,0.4886902852623719,0.49717240428093323,1.0,0.5578398311176255,19.210254137095248,27.717147246148286,0.04204727708859954,0.030707079817074767,57.87744910867396
