subject,nll,bic,model,wp,wp_rec,eta,eta_rec,beta,beta_rec,b_last,b_last_rec,nll_rec
100,62.83990256993221,145.44637483030164,twostagebetween,0.5910602193205524,0.542396353351271,1.0,0.8641286592956872,18.56083482090334,16.68341357546727,0.006485085581971214,0.012255628550985576,69.43849482988912
