subject,nll,bic,model,wp,wp_rec,eta,eta_rec,beta,beta_rec,b_last,b_last_rec,nll_rec
180,63.85374452364567,147.47405873772857,twostagebetween,0.6314696528385717,0.6651395113906093,1.0,0.5399447277559012,16.1852185333603,16.624699871305456,-0.0038186147351175906,-0.023738380791136774,67.56650370403851
