subject,nll,bic,model,wp,wp_rec,eta,eta_rec,beta,beta_rec,b_last,b_last_rec,nll_rec
135,76.1418472866714,172.05026426378004,twostagebetween,0.27080069289124586,0.31046060801059944,1.0,0.0,6.479876777878657,16.323575226049435,0.08170385684829888,0.026761331570845686,73.14489579782308
