subject,nll,bic,model,wp,wp_rec,eta,eta_rec,beta,beta_rec,b_last,b_last_rec,nll_rec
96,47.89767230277346,115.53324033806967,twostagebetween,0.5675670426572109,0.5580794139708638,0.8578326152483611,1.0,32.32171795040698,28.122628637153426,-0.008439947214733817,0.008684275192243589,50.66853123503671
