subject,nll,bic,model,wp,wp_rec,eta,eta_rec,beta,beta_rec,b_last,b_last_rec,nll_rec
36,134.12873852147334,290.7679614977092,twostagebetween,0.6376193259133003,0.6145096078844909,0.9402074646279057,0.9470135242598126,14.459556288627008,15.434760375407055,0.003031041477051596,0.00819503006159622,133.87753657789867
