subject,nll,bic,model,wp,wp_rec,eta,eta_rec,beta,beta_rec,b_last,b_last_rec,nll_rec
94,55.909353988534306,131.58527766750584,twostagebetween,0.5252502586821358,0.5299895454089556,1.0,1.0,24.94204554218727,23.72421784268986,-0.01282345821857711,-0.017539893283136813,57.32166549975888
