subject,nll,bic,model,wp,wp_rec,eta,eta_rec,beta,beta_rec,b_last,b_last_rec,nll_rec
61,57.20969893096574,134.1859675523687,twostagebetween,0.5722101266973206,0.5447474455479945,0.8109934177621752,0.8870306669717525,25.35633319289942,25.982905108829787,-0.00800079884970406,0.0004155179974039376,56.14032438646284
