subject,nll,bic,model,wp,wp_rec,eta,eta_rec,beta,beta_rec,b_last,b_last_rec,nll_rec
88,38.72446215655978,97.21549400355678,twostagebetween,0.573863477016041,0.5612351976814667,1.0,0.6998081709622959,38.666852724485466,61.67425882532229,-0.004349467763778375,-0.025085219226914344,29.91786727583097
