subject,nll,bic,model,wp,wp_rec,eta,eta_rec,beta,beta_rec,b_last,b_last_rec,nll_rec
3,48.13891576787671,116.04440122619064,twostagebetween,0.6357973548819127,0.612530250525621,0.3732509281879715,0.6393700185356557,35.91256651054706,36.12921556237862,0.0041287310491649,0.0002042622040184588,44.84578174313243
