subject,nll,bic,model,wp,wp_rec,eta,eta_rec,beta,beta_rec,b_last,b_last_rec,nll_rec
69,56.71893482288932,133.20443933621584,twostagebetween,0.5965979313338176,0.5728174165014257,1.0,1.0,22.2179000188419,31.883669997504292,-0.004225409781072134,0.004570352444461232,45.72806842568646
