subject,nll,bic,model,wp,wp_rec,eta,eta_rec,beta,beta_rec,b_last,b_last_rec,nll_rec
172,44.15923153136579,108.0850327531688,twostagebetween,0.3163451125446023,0.31205555362337795,0.3865474531727672,0.0,34.712593718174844,100.0,0.008546824259711469,5.455196174780301e-06,21.324487316475974
