subject,nll,bic,model,wp,wp_rec,eta,eta_rec,beta,beta_rec,b_last,b_last_rec,nll_rec
150,62.27936160616446,144.26773795295773,twostagebetween,0.47820618470849074,0.4643981933928414,1.0,1.0,18.06805240378326,21.432590835138928,0.02473533437122277,0.043360027097903917,55.481851820111046
