subject,nll,bic,model,wp,wp_rec,eta,eta_rec,beta,beta_rec,b_last,b_last_rec,nll_rec
58,58.759182266763005,137.13946364727974,twostagebetween,0.5939522302394483,0.6144901860154524,0.9588970890515821,1.0,20.618329075453342,21.863178108961982,-0.005364056596969831,-0.015966012724538393,54.30300756191615
