subject,nll,bic,model,wp,wp_rec,eta,eta_rec,beta,beta_rec,b_last,b_last_rec,nll_rec
143,64.40516576238852,148.57690121521426,twostagebetween,0.5022396094828236,0.47613099931154035,1.0,0.43798222836676465,18.141587966742073,27.645095315202703,0.021833676759968605,0.022475405262529623,60.17786613442624
