subject,nll,bic,model,wp,wp_rec,eta,eta_rec,beta,beta_rec,b_last,b_last_rec,nll_rec
162,54.93253930477505,129.63164829998732,twostagebetween,0.4824260236460433,0.4678625295562786,0.30988492717272187,0.2194014542004941,38.335570631520106,45.15401356880771,0.00025371273466963753,-0.002502015984786866,51.81892435506896
