subject,nll,bic,model,wp,wp_rec,eta,eta_rec,beta,beta_rec,b_last,b_last_rec,nll_rec
155,62.11999344815753,144.00655658675228,twostagebetween,0.713136890714777,0.6921461211679956,0.8511611546476829,1.0,13.535175425326791,13.921724690248409,0.012022604880435437,0.02560364395520562,60.825698103558025
