subject,nll,bic,model,wp,wp_rec,eta,eta_rec,beta,beta_rec,b_last,b_last_rec,nll_rec
142,43.51792380684704,106.8024173041313,twostagebetween,0.5537115700492272,0.5491965231635441,1.0,1.0,35.18193109393547,28.292870577047182,0.0042969121744072854,0.013268338609303727,51.04527896799673
