subject,nll,bic,model,wp,wp_rec,eta,eta_rec,beta,beta_rec,b_last,b_last_rec,nll_rec
10,59.438836077002165,138.64424184444155,twostagebetween,0.5963569873983969,0.6109567567512363,0.4492901291533684,0.7539381406437513,27.90898399427653,25.44652119450442,-0.010504390912074769,-0.03966896594434952,54.418417885142624
