subject,nll,bic,model,wp,wp_rec,eta,eta_rec,beta,beta_rec,b_last,b_last_rec,nll_rec
50,41.32904606232219,102.4246618150816,twostagebetween,0.33844529683160496,0.3458095182998507,1.0,1.0,30.210857088303452,25.90106545001498,0.010076109367107023,0.02656278483267224,45.05162999311331
