subject,nll,bic,model,wp,wp_rec,eta,eta_rec,beta,beta_rec,b_last,b_last_rec,nll_rec
115,26.22870315980618,72.22397601004957,twostagebetween,0.5241037797653226,0.5208387328777457,0.9829519362389935,0.6124652693551856,71.07445908597946,100.0,7.561256402135458e-07,1.6058707678170703e-07,16.77643389206656
