subject,nll,bic,model,wp,wp_rec,eta,eta_rec,beta,beta_rec,b_last,b_last_rec,nll_rec
194,66.06902010850047,151.8759359495237,twostagebetween,0.5405230366582611,0.5156151553675566,1.0,1.0,16.9598137297705,15.497535932638943,0.020416775432678762,0.010955779084815343,68.81664721286646
