subject,nll,bic,model,wp,wp_rec,eta,eta_rec,beta,beta_rec,b_last,b_last_rec,nll_rec
68,42.28675140041885,104.34007249127492,twostagebetween,0.0,0.0,0.03699494966176828,1.0,18.375451188758696,10.389539862281039,0.036634442902057036,0.018896642153625742,38.92362370690913
