subject,nll,bic,model,wp,wp_rec,eta,eta_rec,beta,beta_rec,b_last,b_last_rec,nll_rec
20,41.945956943487595,103.6584835774124,twostagebetween,0.6495871611777546,0.6546177332688429,1.0,0.9269771355570628,28.080011290356072,45.68290054736363,-0.02186135847054558,-0.028970218028280273,26.16877949693241
