subject,nll,bic,model,wp,wp_rec,eta,eta_rec,beta,beta_rec,b_last,b_last_rec,nll_rec
55,50.8670652696369,121.47202627179658,twostagebetween,0.4766458748366538,0.4690592766287136,0.9231404901729904,0.7364912955942409,30.273239211726327,39.31148673896185,0.01198847346855765,0.0033602986016082405,46.8455831344985
