subject,nll,bic,model,wp,wp_rec,eta,eta_rec,beta,beta_rec,b_last,b_last_rec,nll_rec
127,58.0049417165652,135.74777916565316,twostagebetween,0.5359088493488394,0.5268505598073077,0.8559948795417964,1.0,24.651735500522687,26.030399682381717,0.004089009445209862,0.003920093636103189,54.12168557920155
