subject,nll,bic,model,wp,wp_rec,eta,eta_rec,beta,beta_rec,b_last,b_last_rec,nll_rec
140,37.875745341494,95.51806037342521,twostagebetween,0.7211746624113929,0.7381883132195981,0.6757538474199626,0.355891756495407,26.88199573629685,36.588396863716376,-0.005591507442239798,0.0006807497502571904,31.33952519645409
