subject,nll,bic,model,wp,wp_rec,eta,eta_rec,beta,beta_rec,b_last,b_last_rec,nll_rec
101,41.21998823717095,102.20654616477913,twostagebetween,1.0,0.8686708041546104,1.0,1.0,9.31357429523589,14.329834171967335,-0.015840728102645085,-0.060836101010486615,36.03972558552756
