subject,nll,bic,model,wp,wp_rec,eta,eta_rec,beta,beta_rec,b_last,b_last_rec,nll_rec
141,49.40309865618008,118.57276700279738,twostagebetween,0.6563489119461475,0.6391548285816604,1.0,1.0,22.33914283809912,27.449453141614278,-0.02230306130573576,-0.010286180501230419,44.302567491432654
