subject,nll,bic,model,wp,wp_rec,eta,eta_rec,beta,beta_rec,b_last,b_last_rec,nll_rec
112,34.082834763966375,87.93223921836997,twostagebetween,0.5959098050964896,0.5860597881587541,1.0,0.6295052940276308,42.22791091922821,60.22210053110065,-0.004593681841992102,1.3757999620106171e-05,29.71306405334132
