subject,nll,bic,model,wp,wp_rec,eta,eta_rec,beta,beta_rec,b_last,b_last_rec,nll_rec
60,54.98396840796224,129.7345065063617,twostagebetween,0.6170376072957421,0.6230065765437391,0.5243227472362565,0.3944870458115356,28.748343446118728,35.15254262628451,-0.003377731157165527,-0.010552906751890294,50.11517047734803
