subject,nll,bic,model,wp,wp_rec,eta,eta_rec,beta,beta_rec,b_last,b_last_rec,nll_rec
126,48.24985782788556,116.26628534620835,twostagebetween,0.6200320098546974,0.6088713609923273,1.0,1.0,26.40546303632087,29.786697762661515,0.00040239610376509674,0.009810013441056645,45.108991209043076
