subject,nll,bic,model,wp,wp_rec,eta,eta_rec,beta,beta_rec,b_last,b_last_rec,nll_rec
77,35.513567405925016,90.79370450228726,twostagebetween,0.7219295543969046,0.7314169144905325,1.0,1.0,23.831455793199396,36.50284411432898,-0.006987660397408389,-0.009233019775711077,20.026877516705063
