subject,nll,bic,model,wp,wp_rec,eta,eta_rec,beta,beta_rec,b_last,b_last_rec,nll_rec
149,10.439909197781162,40.53043793850654,twostagebetween,1.0,1.0,0.041533070926760784,0.0,42.31090424352543,38.538513601125295,0.003941150381431003,0.004462404249013027,13.51802959787805
