subject,nll,bic,model,wp,wp_rec,eta,eta_rec,beta,beta_rec,b_last,b_last_rec,nll_rec
38,54.95429688084459,129.67516345212638,twostagebetween,0.5444892381671177,0.550082508567252,1.0,0.5637157870389893,25.343408097099267,33.75957644034932,-0.01739845532076585,0.00026017456937880025,53.375658626620634
