subject,nll,bic,model,wp,wp_rec,eta,eta_rec,beta,beta_rec,b_last,b_last_rec,nll_rec
42,40.3364466630443,100.43946301652582,twostagebetween,0.60394472096461,0.5982110959118424,0.8505463990224121,0.8791532233445708,37.3369270136453,47.36838246751384,0.00878070166379776,0.008811661576292817,32.171248103063604
