subject,nll,bic,model,wp,wp_rec,eta,eta_rec,beta,beta_rec,b_last,b_last_rec,nll_rec
41,91.69804365305741,203.01718641986855,twostagebetween,0.5697658755368221,0.8806085410165146,1.0,0.22614521908237517,2.6862505723987824,3.221413654024637,-0.06547875534621501,-0.1,89.41941880733239
