subject,nll,bic,model,wp,wp_rec,eta,eta_rec,beta,beta_rec,b_last,b_last_rec,nll_rec
74,55.013672412806656,129.40409317144767,twostagebetween,0.7213456004725004,0.7656806966272433,1.0,0.523274857286194,12.176997837172387,12.673154082233543,0.03570662851899585,0.061182771663363694,57.02830067872634
