subject,nll,bic,model,wp,wp_rec,eta,eta_rec,beta,beta_rec,b_last,b_last_rec,nll_rec
79,51.221457745009964,122.20948518045714,twostagebetween,0.7323742344321388,0.7851917338156935,1.0,1.0,15.59282478494273,10.807324371436161,-0.029027055455305994,-0.06094585481093271,59.02196756759976
