subject,nll,bic,model,wp,wp_rec,eta,eta_rec,beta,beta_rec,b_last,b_last_rec,nll_rec
73,42.16652051101461,104.04205576265804,twostagebetween,0.606673052985132,0.6130272034103637,1.0,1.0,32.08271889861383,28.817646493769704,0.019095606771022722,0.03448662174534883,44.8047997917504
