subject,nll,bic,model,wp,wp_rec,eta,eta_rec,beta,beta_rec,b_last,b_last_rec,nll_rec
139,56.80746406046161,133.20628732072686,twostagebetween,0.5271797701581065,0.514244710664201,1.0,1.0,21.56282597748094,18.638867751160827,-0.0011841442804078727,0.0040780936335555905,60.85041618186968
