subject,nll,bic,model,wp,wp_rec,eta,eta_rec,beta,beta_rec,b_last,b_last_rec,nll_rec
66,53.7885393709711,127.34364843237941,twostagebetween,0.5671196788856596,0.5662978855861657,1.0,0.6884618573424724,25.61031512581468,34.7806848640155,-0.013226125945319226,0.011380205873458187,48.854887944218284
