subject,nll,bic,model,wp,wp_rec,eta,eta_rec,beta,beta_rec,b_last,b_last_rec,nll_rec
107,85.03883680192374,189.7866883444763,twostagebetween,0.7802444159905041,1.0,1.0,0.1516862815507681,4.285631944371053,7.0405887414022015,0.029206626821985805,-0.05835015951477828,75.9691136016137
