subject,nll,bic,model,wp,wp_rec,eta,eta_rec,beta,beta_rec,b_last,b_last_rec,nll_rec
120,45.90776971028776,111.58210911101273,twostagebetween,0.6398683903978265,0.628051885846625,0.7830417458380365,0.8426216084894078,29.09684543813393,22.961062234325688,0.019677943824671494,0.03593475432356665,53.954940459191306
