subject,nll,bic,model,wp,wp_rec,eta,eta_rec,beta,beta_rec,b_last,b_last_rec,nll_rec
18,43.95402181794036,107.67461332631794,twostagebetween,0.52609429792982,0.5142289045842902,0.7718648504709623,1.0,41.20723545994953,33.661021651986076,0.003554862357493856,0.020023360083540897,46.39887499065042
