subject,nll,bic,model,wp,wp_rec,eta,eta_rec,beta,beta_rec,b_last,b_last_rec,nll_rec
186,81.44225411148471,182.65107791340665,twostagebetween,0.4305391323659433,0.4813142851534944,0.3939242011267751,0.0,8.979362271799788,14.75956010800803,0.09314599107742642,0.031182262552394962,82.68435165860777
