subject,nll,bic,model,wp,wp_rec,eta,eta_rec,beta,beta_rec,b_last,b_last_rec,nll_rec
196,61.0082613017987,141.78309229403462,twostagebetween,0.5178604089707822,0.5157418935970122,1.0,0.7712636042343807,20.24597651277051,29.896269749355664,0.030193753828973047,0.023421525463242276,53.1952411213892
