subject,nll,bic,model,wp,wp_rec,eta,eta_rec,beta,beta_rec,b_last,b_last_rec,nll_rec
93,79.87388910362199,179.5143478976812,twostagebetween,0.5615434196481957,0.5992666976105292,1.0,1.0,10.030607609995275,7.206876442173991,0.014084827155748684,0.004799305401743758,85.41577549760643
