subject,nll,bic,model,wp,wp_rec,eta,eta_rec,beta,beta_rec,b_last,b_last_rec,nll_rec
56,27.547909298814076,74.86238828806538,twostagebetween,0.8331489140671706,0.7718224078123445,1.0,0.3164538420846383,18.68760146428666,43.30541482102745,-0.010099020147306565,-0.027789053496432382,22.639978451759738
