subject,nll,bic,model,wp,wp_rec,eta,eta_rec,beta,beta_rec,b_last,b_last_rec,nll_rec
160,52.38389441911204,124.50568457074684,twostagebetween,0.5636221283995179,0.5630236380812086,0.9409614895000626,0.4719809181524292,26.859474469400794,39.811711696215646,0.027006563025329475,0.013243231297265281,48.70589055904752
