subject,nll,bic,model,wp,wp_rec,eta,eta_rec,beta,beta_rec,b_last,b_last_rec,nll_rec
84,60.6699446278639,141.10645894616502,twostagebetween,0.5365913413398947,0.5231320177043084,0.5560329002505205,0.8730032903842164,24.58927437587409,23.263162988949535,0.04119239545633032,0.041132316891955234,57.7285571435138
