subject,nll,bic,model,wp,wp_rec,eta,eta_rec,beta,beta_rec,b_last,b_last_rec,nll_rec
171,65.99865915166512,151.735214035853,twostagebetween,0.47696175318533673,0.4529102192745783,1.0,0.0,16.17201695021923,24.274785244543178,-0.042365208176110974,-0.025126922281281366,71.63681523862275
