subject,nll,bic,model,wp,wp_rec,eta,eta_rec,beta,beta_rec,b_last,b_last_rec,nll_rec
2,53.00899220557252,125.78455410158224,twostagebetween,0.6268904916155478,0.6273836770864492,0.3616925291614147,0.463152073183485,32.58892232953204,44.171764044528295,0.004222333026674783,0.007756049086701656,39.586921857197865
