subject,nll,bic,model,wp,wp_rec,eta,eta_rec,beta,beta_rec,b_last,b_last_rec,nll_rec
188,45.60767295889623,110.98191560822968,twostagebetween,0.40922192718885886,0.43005632053074583,1.0,0.6296181236130456,32.198201455376214,49.10991751574036,0.012513036364661723,0.0029809937490187888,42.17931005128533
