subject,nll,bic,model,wp,wp_rec,eta,eta_rec,beta,beta_rec,b_last,b_last_rec,nll_rec
26,29.862619561448255,79.49180881333373,twostagebetween,0.8238752762518565,0.8273761639164159,1.0,1.0,18.335166988855477,17.954726063867284,-0.022354121112814356,-0.009212737892211586,29.9257799551523
