subject,nll,bic,model,wp,wp_rec,eta,eta_rec,beta,beta_rec,b_last,b_last_rec,nll_rec
138,0.0030144691278515064,19.74392467077847,twostagebetween,0.0,0.0,1.0,1.0,100.0,100.0,0.002958008464751308,0.002958008464751308,0.0030144691278515064
