subject,nll,bic,model,wp,wp_rec,eta,eta_rec,beta,beta_rec,b_last,b_last_rec,nll_rec
45,34.3715355395217,88.50964076948063,twostagebetween,0.25399516222144297,0.21801125417191516,1.0,0.16267780248476532,25.163420408867275,46.08516817878427,-0.006841498386389148,-0.02016545887752812,27.677272944440027
