subject,nll,bic,model,wp,wp_rec,eta,eta_rec,beta,beta_rec,b_last,b_last_rec,nll_rec
12,59.514998819585315,138.7678933716934,twostagebetween,0.6083303514327467,0.6211545625028189,1.0,1.0,19.722749135635347,22.526209734950246,0.006350983241920453,0.0007284002206374209,53.76951780478727
