subject,nll,bic,model,wp,wp_rec,eta,eta_rec,beta,beta_rec,b_last,b_last_rec,nll_rec
197,8.58897648233415,36.857876667980804,twostagebetween,1.0,1.0,1.0,1.0,23.82612072240331,100.0,0.0074926221727013905,0.09821063654899398,0.10026036138544833
