subject,nll,bic,model,wp,wp_rec,eta,eta_rec,beta,beta_rec,b_last,b_last_rec,nll_rec
43,49.07824550588282,117.92306070220286,twostagebetween,0.6770809451516768,0.6897236618315361,1.0,0.7458469678143712,20.602019698291592,25.68226756127319,-0.005145211756089507,-0.004975181791984152,43.6376928207586
