subject,nll,bic,model,wp,wp_rec,eta,eta_rec,beta,beta_rec,b_last,b_last_rec,nll_rec
132,50.316964366711545,120.37182446594585,twostagebetween,0.47266738835763006,0.4763708888012842,0.6454918990207464,0.8172493680389108,33.22821113508942,41.29077685740308,0.02898356460100882,0.006759776221466484,44.09479994749416
