subject,nll,bic,model,wp,wp_rec,eta,eta_rec,beta,beta_rec,b_last,b_last_rec,nll_rec
21,46.74078671252498,113.24814311548718,twostagebetween,0.529543844317735,0.5473394041192313,0.8705631026113191,0.9468157124986523,35.61679295724898,48.134717253981044,-0.0036785038765149596,-0.011779062698283568,34.49443681952981
