subject,nll,bic,model,wp,wp_rec,eta,eta_rec,beta,beta_rec,b_last,b_last_rec,nll_rec
170,37.805458750885805,95.37748719220883,twostagebetween,0.5875173183401986,0.5843507436632611,1.0,0.677387535952294,38.60492891199036,43.74695849369344,-0.004469231303034369,-0.018634335874638554,39.86760033609899
