subject,nll,bic,model,wp,wp_rec,eta,eta_rec,beta,beta_rec,b_last,b_last_rec,nll_rec
76,58.563350397218926,136.8645965269606,twostagebetween,0.6164029513989228,0.6214860203291411,0.7921937277698536,0.8070783300991718,21.810219908711677,15.982395771320862,-0.011735924116731874,-0.017622443457939767,67.65417935599928
