subject,nll,bic,model,wp,wp_rec,eta,eta_rec,beta,beta_rec,b_last,b_last_rec,nll_rec
146,35.69505000464455,91.15666969972631,twostagebetween,0.631195734920421,0.6284991736026745,1.0,1.0,36.01648543955835,37.23980714351897,-0.005036047268773594,9.656238813011621e-05,34.9274457108746
