subject,nll,bic,model,wp,wp_rec,eta,eta_rec,beta,beta_rec,b_last,b_last_rec,nll_rec
81,56.81868112776145,133.37525798804566,twostagebetween,0.5294348724222757,0.5075882663783627,0.722979178567589,0.6111408864400519,27.496390720456798,24.23281661961677,-0.0034592930995707444,0.004772822240124656,62.292590808222144
