subject,nll,bic,model,wp,wp_rec,eta,eta_rec,beta,beta_rec,b_last,b_last_rec,nll_rec
114,40.57197910458935,100.91052789961591,twostagebetween,0.5804970575520184,0.5636903810158926,0.8704001969662511,0.7765789608191654,38.75032815275276,49.63501254625029,8.27889868286698e-05,-0.0037952941406176497,34.93395716829227
