subject,nll,bic,model,wp,wp_rec,eta,eta_rec,beta,beta_rec,b_last,b_last_rec,nll_rec
29,66.90040173666625,153.56737316376973,twostagebetween,0.6165815583015819,0.6253318158837271,1.0,0.4850298485820979,15.344048946597447,20.198360777774614,-0.0035346582740020793,-0.0026136240916568854,66.56104672848954
