subject,nll,bic,model,wp,wp_rec,eta,eta_rec,beta,beta_rec,b_last,b_last_rec,nll_rec
137,21.004954203896922,61.77647809823106,twostagebetween,0.16208903620302367,0.07924358390447671,0.0,0.0,52.84240430238016,31.78075336894298,-0.005412997912459835,0.003605876847753971,29.197795044370412
