subject,nll,bic,model,wp,wp_rec,eta,eta_rec,beta,beta_rec,b_last,b_last_rec,nll_rec
166,49.56800896098062,118.90258761239846,twostagebetween,0.37676795847462446,0.3570845258859597,0.38611652685890185,0.42281073500942573,35.36643596962967,40.96799689387701,0.010769435797734808,0.0070125568857519254,43.82874305396105
