subject,nll,bic,model,wp,wp_rec,eta,eta_rec,beta,beta_rec,b_last,b_last_rec,nll_rec
147,66.46607099629503,152.69871168302728,twostagebetween,0.6242216207359046,0.6032895172927658,0.7971976014260098,0.9119251265548353,16.453548126021186,16.512623045290656,0.024427764100668613,0.007477718737548187,66.88311911877213
