subject,nll,bic,model,wp,wp_rec,eta,eta_rec,beta,beta_rec,b_last,b_last_rec,nll_rec
178,58.71526374750471,137.19709718544664,twostagebetween,0.6305153637133807,0.6646244903739682,0.3799366319759706,0.36565639425491125,27.12749736618585,28.540483442596503,-0.006891619200579347,-0.011686444843813173,52.918896070018036
