subject,nll,bic,model,wp,wp_rec,eta,eta_rec,beta,beta_rec,b_last,b_last_rec,nll_rec
122,53.920453056235175,127.60747580290757,twostagebetween,0.5353466435690417,0.5209841831656047,1.0,1.0,26.491214284074502,31.017059964976507,-0.0040246743263910294,-0.008003413784494961,49.26407786380409
