subject,nll,bic,model,wp,wp_rec,eta,eta_rec,beta,beta_rec,b_last,b_last_rec,nll_rec
4,81.3358111906983,182.4381920718338,twostagebetween,0.40373611647874985,0.35935873641890675,1.0,1.0,7.697638024155737,7.08279920209576,0.0319088202512056,0.026474542292607053,81.00983459214837
