subject,nll,bic,model,wp,wp_rec,eta,eta_rec,beta,beta_rec,b_last,b_last_rec,nll_rec
52,25.00198667141484,69.7705430332669,twostagebetween,0.9798129403590549,0.9832255336569419,1.0,0.9991832595123133,13.769147907265635,14.544054610139035,0.013026778369890402,-0.051525010531816254,24.195360877905603
