subject,nll,bic,model,wp,wp_rec,eta,eta_rec,beta,beta_rec,b_last,b_last_rec,nll_rec
27,54.482606767659014,128.73178322575524,twostagebetween,0.493338248372491,0.4931604172127966,1.0,1.0,26.01454626521451,35.80426315726168,0.008937127681082955,0.015351296918217898,45.23718399488276
