subject,nll,bic,model,wp,wp_rec,eta,eta_rec,beta,beta_rec,b_last,b_last_rec,nll_rec
16,44.156613245614736,108.0797961816667,twostagebetween,0.6213357111153484,0.6039583889879189,0.551283821424079,0.4827882448811063,37.65447436067918,48.88036393867402,0.004135472765706401,0.010712087282824556,38.31509317177175
