subject,nll,bic,model,wp,wp_rec,eta,eta_rec,beta,beta_rec,b_last,b_last_rec,nll_rec
199,66.88873224185696,153.54403417415114,twostagebetween,0.40414132976190115,0.3718565392890986,1.0,1.0,14.203206833009366,17.43317900497522,-0.003277061925476535,-0.015995238607393793,58.73227782274672
