subject,nll,bic,model,wp,wp_rec,eta,eta_rec,beta,beta_rec,b_last,b_last_rec,nll_rec
113,65.84229104093701,151.42247781439679,twostagebetween,0.20705558846789685,0.1789811552897795,0.2980980934722175,1.0,12.244172537591085,6.991631434652339,0.03337408003335812,0.0732272590565145,67.31227111313304
