subject,nll,bic,model,wp,wp_rec,eta,eta_rec,beta,beta_rec,b_last,b_last_rec,nll_rec
57,51.667082046434714,123.10073378330665,twostagebetween,0.5381307947573456,0.5716823445544599,1.0,0.6750701809251465,28.26364461490382,37.90553197620316,-0.012577937885451364,0.00013325517286693074,45.93593982078515
