subject,nll,bic,model,wp,wp_rec,eta,eta_rec,beta,beta_rec,b_last,b_last_rec,nll_rec
31,81.28182478774221,182.33021926592164,twostagebetween,0.4200014817030236,0.4583011491056312,1.0,1.0,7.8882015577153375,9.725337281331129,0.03975340186513052,0.038414144071888964,78.2725722515182
