subject,nll,bic,model,wp,wp_rec,eta,eta_rec,beta,beta_rec,b_last,b_last_rec,nll_rec
103,42.682045282727586,105.1306602558924,twostagebetween,0.641251538272448,0.6485469679890267,0.3411829072727608,0.5391824112125834,41.81111522617121,46.5386097069296,0.00024352763790076574,-0.004294374222879154,33.02049161108398
