subject,nll,bic,model,wp,wp_rec,eta,eta_rec,beta,beta_rec,b_last,b_last_rec,nll_rec
62,52.739070576313686,125.24471084306458,twostagebetween,0.6188639376377071,0.6252268265815113,1.0,1.0,23.403528945897776,22.337231103426152,-0.0044776861551649155,0.01126728245602825,53.43296667728816
