subject,nll,bic,model,wp,wp_rec,eta,eta_rec,beta,beta_rec,b_last,b_last_rec,nll_rec
131,60.48184730123635,140.7302642929099,twostagebetween,0.5156427735945595,0.5143768909856626,1.0,0.9836014485281003,21.38153633375327,21.458818541204852,-0.018048352452432862,-0.0085816746504038,60.76334793553379
