subject,nll,bic,model,wp,wp_rec,eta,eta_rec,beta,beta_rec,b_last,b_last_rec,nll_rec
198,49.49718517543442,118.76094004130604,twostagebetween,0.5963792015877422,0.5972370455871442,0.7865782767845914,0.5505900327929596,30.57589307625336,27.638516310197982,-0.003912541427021428,-0.0032823597879349424,57.63653729859588
