subject,nll,bic,model,wp,wp_rec,eta,eta_rec,beta,beta_rec,b_last,b_last_rec,nll_rec
59,64.74660676800268,149.23110926852812,twostagebetween,0.49464324279925986,0.4955097072700047,1.0,0.966571498930913,17.587374266952754,22.768673766394723,0.014011986201302264,-0.03533216934795103,57.47933600069846
