subject,nll,bic,model,wp,wp_rec,eta,eta_rec,beta,beta_rec,b_last,b_last_rec,nll_rec
87,52.69750872553749,125.1615871415122,twostagebetween,0.6602734602957582,0.6167863755763849,1.0,0.6797340846835316,20.10739547081322,27.013410814539228,-0.01074378756897642,-0.0037299692478744116,53.96250529674748
