subject,nll,bic,model,wp,wp_rec,eta,eta_rec,beta,beta_rec,b_last,b_last_rec,nll_rec
13,76.8669190025643,173.50040769556583,twostagebetween,0.4335265370389084,0.3564125496694839,0.592997539727353,0.0,11.25284800030647,14.405525435927483,0.0617793365652746,0.1,70.15823648597048
