subject,nll,bic,model,wp,wp_rec,eta,eta_rec,beta,beta_rec,b_last,b_last_rec,nll_rec
125,33.956680323574666,87.67993033758654,twostagebetween,0.634032546348253,0.6238519646793407,1.0,0.5952105566136333,37.38630848053175,51.40259366200118,0.010584568700155197,0.016408430149859547,32.24346971493553
