subject,nll,bic,model,wp,wp_rec,eta,eta_rec,beta,beta_rec,b_last,b_last_rec,nll_rec
53,41.7115061153452,103.18958192112763,twostagebetween,0.6034798582972151,0.5792094881356354,0.9723486922736022,1.0,33.80867814311071,31.01490098095476,0.00014050698181444435,0.0001809367907223644,46.309775754203145
