subject,nll,bic,model,wp,wp_rec,eta,eta_rec,beta,beta_rec,b_last,b_last_rec,nll_rec
163,82.82487940272549,185.38765453797373,twostagebetween,0.5166078883652481,0.5424621589771333,0.054524175326527896,0.8237263610272938,15.349458369165152,7.380313007016474,-0.026045340005614624,-0.1,84.99760142331834
