subject,nll,bic,model,wp,wp_rec,eta,eta_rec,beta,beta_rec,b_last,b_last_rec,nll_rec
44,24.31899746223921,68.40456461491564,twostagebetween,0.7137634815920517,0.7590383518409719,0.6355600905667866,0.010034201126420264,42.17708875382831,52.533520078734014,-0.013312505169928426,-0.012919507328195788,27.195513984201057
