subject,nll,bic,model,alpha,alpha_rec,beta,beta_rec,omega,omega_rec,theta,theta_rec,nll_rec
2,34.00485502296394,87.71872478655669,leakyaltwisediscount,0.6477103590052719,0.5985976245627589,2.023055344158206,2.48696117548057,1.0,1.0,1.0,1.0,30.106281774703135
