subject,nll,bic,model,alpha,alpha_rec,beta,beta_rec,omega,omega_rec,theta,theta_rec,nll_rec
12,41.896846150433504,103.53158803338977,leakyaltwisediscount,0.827624116500236,0.839204905002057,5.296357633305503,4.686498585587204,0.0,0.0,0.8974720322653476,0.9182920403964377,44.95294082570908
