subject,nll,bic,model,alpha,alpha_rec,beta,beta_rec,omega,omega_rec,theta,theta_rec,nll_rec
5,46.600682514915256,112.96793472026772,leakyaltwisediscount,0.519787826610186,0.46950874485267335,1.6708456703434398,6.638187875569213,0.9897559813488064,0.0,0.8547174555046836,1.0,47.108688624340814
