subject,nll,bic,model,alpha,alpha_rec,beta,beta_rec,omega,omega_rec,theta,theta_rec,nll_rec
13,53.08014129224776,125.92685227493274,leakyaltwisediscount,0.6061248559433016,0.5377182771811783,4.2377875141702654,4.926046012229391,0.1760439119550717,0.3149251592034566,1.0,0.9304098406931341,45.30319541842311
