subject,nll,bic,model,alpha,alpha_rec,beta,beta_rec,omega,omega_rec,theta,theta_rec,nll_rec
0,66.65174009669146,153.07004988382013,leakyaltwisediscount,1.639245036001038,1.746551796608807,0.44816770229754466,0.25730441718963387,0.0,0.04101579236998379,0.9337379304875525,0.8143585023696,74.35114157268347
