subject,nll,bic,model,alpha,alpha_rec,beta,beta_rec,omega,omega_rec,theta,theta_rec,nll_rec
3,21.19401154059183,62.15459277162088,leakyaltwisediscount,0.3281700814925481,0.32708756666713557,4.255518161112866,20.95541377532154,1.0,0.0,0.8386311037532828,0.964979548682473,16.801668816197115
