subject,nll,bic,model,alpha,alpha_rec,beta,beta_rec,omega,omega_rec,theta,theta_rec,nll_rec
18,58.263550636270395,136.293670962978,leakyaltwisediscount,0.536588094884943,0.6152962459001501,4.610124824394712,3.32316937975179,0.0,0.0,0.875689340678628,0.8834280858605218,65.83742898138398
