subject,nll,bic,model,alpha,alpha_rec,beta,beta_rec,omega,omega_rec,theta,theta_rec,nll_rec
15,50.61827676559236,120.9744492637075,leakyaltwisediscount,0.5768350437438817,0.6206333807525318,5.377419427178884,6.111480642988233,0.0,0.0,1.0,0.9811154052139233,44.76889886166835
