subject,nll,bic,model,alpha,alpha_rec,beta,beta_rec,omega,omega_rec,theta,theta_rec,nll_rec
19,25.621175710038294,71.0089211105138,leakyaltwisediscount,0.3096796657252086,0.2974629733324032,9.373395811500032,6.504888607418272,0.38781443439687857,0.5390829071672316,0.9007861605597645,0.8064699530167864,30.6547003427134
