subject,nll,bic,model,alpha,alpha_rec,beta,beta_rec,omega,omega_rec,theta,theta_rec,nll_rec
4,58.19403295978575,136.1546356100087,leakyaltwisediscount,1.2106776959345968,1.1808467085579333,0.7475624639665189,1.2964281362230465,0.6611723609247573,0.3275480975938988,0.7514474046921592,0.8360700767360068,57.05923414643209
