subject,nll,bic,model,alpha,alpha_rec,beta,beta_rec,omega,omega_rec,theta,theta_rec,nll_rec
16,87.74340767759405,195.0482118680751,leakyaltwisediscount,0.8393711212383966,0.9555786832311255,0.14981806143872756,0.5667892590961497,1.0,0.0,1.0,1.0,86.15313685887699
