subject,nll,bic,model,alpha,alpha_rec,beta,beta_rec,omega,omega_rec,theta,theta_rec,nll_rec
7,94.70035647867175,209.16728264778072,leakyaltwisediscount,0.18973387307770911,0.2618636335995625,0.754234200314315,1.0203788211147395,0.0,0.05835903851006594,0.40127451158818844,0.717647493087482,93.57698009596979
