subject,nll,bic,model,alpha,alpha_rec,theta,theta_rec,beta,beta_rec,b_last,b_last_rec,nll_rec
70,47.80643028369566,115.37943025782855,twostagewithin,0.8942846699515973,0.8656221209466427,0.8463455000747402,0.8399248117382455,40.13484545773698,52.88928116695729,0.02300992697201256,0.015429119283230338,39.071057364560104
