subject,nll,bic,model,alpha,alpha_rec,theta,theta_rec,beta,beta_rec,b_last,b_last_rec,nll_rec
28,49.733340146585654,119.23324998360852,twostagewithin,0.818940729064111,0.7931337314642561,0.86131860152727,0.6769242327888344,36.335486529158345,27.55662820513777,0.000795735975456928,0.005722542537225531,60.92212106354923
