subject,nll,bic,model,alpha,alpha_rec,theta,theta_rec,beta,beta_rec,b_last,b_last_rec,nll_rec
34,79.73915089038624,179.00950947111795,twostagewithin,1.4483698067906716,1.3494222064603458,1.0,1.0,9.876118524380647,8.009557141314406,0.041159008331256776,0.017380385632184754,83.59739818504696
