subject,nll,bic,model,alpha,alpha_rec,theta,theta_rec,beta,beta_rec,b_last,b_last_rec,nll_rec
19,39.23253000339921,98.2029557393212,twostagewithin,1.0403374875552682,1.0685969630576229,1.0,0.8984082163252646,62.49610457330643,58.08593032216255,-0.0024799777115715976,0.00506236412156322,42.83753075455229
