subject,nll,bic,model,alpha,alpha_rec,theta,theta_rec,beta,beta_rec,b_last,b_last_rec,nll_rec
105,45.550302094119694,110.8671738786766,twostagewithin,0.8794550168889462,0.8261881582850242,0.9355106684227871,1.0,42.411657335801394,38.514130062963154,0.0004286486239921285,-0.02448228021685013,45.5650489817945
