subject,nll,bic,model,alpha,alpha_rec,theta,theta_rec,beta,beta_rec,b_last,b_last_rec,nll_rec
51,72.69085950390496,165.06164271112243,twostagewithin,1.734836499747942,1.6148479506070994,0.5001185996146073,1.0,24.286812266809278,18.527683015804875,0.009583762862233718,0.016163550054852587,72.09055020592653
