subject,nll,bic,model,alpha,alpha_rec,theta,theta_rec,beta,beta_rec,b_last,b_last_rec,nll_rec
131,62.94116211839483,145.64889392722688,twostagewithin,1.0288194850118548,0.9581409960493358,0.5860177224754196,0.41920492668529935,31.379079296126395,55.9022177802562,-0.0011525866798199353,-0.012009517262294248,46.85282177466113
