subject,nll,bic,model,alpha,alpha_rec,theta,theta_rec,beta,beta_rec,b_last,b_last_rec,nll_rec
77,42.47884016005979,104.7242500105568,twostagewithin,0.3360854068397609,0.3661347577242219,1.0,1.0,21.68972023711391,32.48485219167027,0.017789489911493876,0.04051336827706288,30.517045687295695
