subject,nll,bic,model,alpha,alpha_rec,theta,theta_rec,beta,beta_rec,b_last,b_last_rec,nll_rec
92,83.69056484824551,187.14769938692825,twostagewithin,0.728783880942609,0.9833839054925684,0.3335041452978384,0.4911553555023658,12.080557828259382,11.206742505249991,0.037171200347792636,0.07236880735497858,82.16058048633988
