subject,nll,bic,model,alpha,alpha_rec,theta,theta_rec,beta,beta_rec,b_last,b_last_rec,nll_rec
39,57.05184603814745,133.8702617667321,twostagewithin,1.1340319482134538,1.245271209273916,1.0,0.5019785893075772,30.582605123194746,43.053524911451866,0.025261341045789035,0.014283633778339156,55.14882275922268
