subject,nll,bic,model,alpha,alpha_rec,theta,theta_rec,beta,beta_rec,b_last,b_last_rec,nll_rec
154,23.128601494861854,66.02377268016093,twostagewithin,0.19450793316876341,0.2362996037063752,1.0,1.0,25.585745706243788,30.271498065589334,0.005188456635587449,0.013724769752887804,21.64136803647796
