subject,nll,bic,model,alpha,alpha_rec,theta,theta_rec,beta,beta_rec,b_last,b_last_rec,nll_rec
84,67.48891533867108,154.74440036777938,twostagewithin,0.8844093064404518,0.8235048197558101,1.0,0.8236659411356728,20.264677647621905,19.92112870785045,-0.017990019649514473,-0.017200951941918903,69.39149149498408
