subject,nll,bic,model,alpha,alpha_rec,theta,theta_rec,beta,beta_rec,b_last,b_last_rec,nll_rec
98,61.617530460912775,143.00163061226277,twostagewithin,0.8461817312478978,0.9108809628750438,0.9297777718291402,0.791892714460899,24.788046352731325,27.711332300559256,0.002255074881932823,-0.015478105221948878,61.976232520973696
