subject,nll,bic,model,alpha,alpha_rec,theta,theta_rec,beta,beta_rec,b_last,b_last_rec,nll_rec
116,37.83609375666153,95.43875720376028,twostagewithin,0.6390524835941412,0.6527151144002609,0.7204026466060659,0.6765900867765,46.54084821729671,43.14132893889702,0.003998064815211955,0.014514021518959745,41.1905817481509
