subject,nll,bic,model,alpha,alpha_rec,theta,theta_rec,beta,beta_rec,b_last,b_last_rec,nll_rec
199,72.21621683244081,164.19900335531884,twostagewithin,1.4854960061080178,1.7474053116998816,0.49587574423354164,0.7709485328655087,25.51441322218035,22.8601247658598,0.0016889757570298048,-0.011659121177262028,72.10711688923024
