subject,nll,bic,model,alpha,alpha_rec,theta,theta_rec,beta,beta_rec,b_last,b_last_rec,nll_rec
8,44.0083718193807,107.78331332919862,twostagewithin,0.4678278969801654,0.4571002197068749,1.0,1.0,25.995493101714743,31.905637319362356,0.002202633959268933,-0.020932875546788306,36.53044702300173
