subject,nll,bic,model,alpha,alpha_rec,theta,theta_rec,beta,beta_rec,b_last,b_last_rec,nll_rec
126,51.85314249384056,123.47285467811832,twostagewithin,0.551600496844833,0.4911478807933956,0.7293379623359353,0.6634842140817692,27.31787246235613,19.45255239754993,0.002169781657388316,-0.014833654601613795,63.21855166193801
