subject,nll,bic,model,alpha,alpha_rec,theta,theta_rec,beta,beta_rec,b_last,b_last_rec,nll_rec
99,64.0452008470002,147.85697138443763,twostagewithin,0.6963159569869267,0.7471370805918831,1.0,1.0,19.65820844388651,22.74706213307778,-0.010628021355204601,-0.01486533972709379,60.842304532520636
