subject,nll,bic,model,alpha,alpha_rec,theta,theta_rec,beta,beta_rec,b_last,b_last_rec,nll_rec
114,39.339870154957055,98.44631000035133,twostagewithin,0.6585264435522982,0.6612280861858509,0.7674543618060433,0.6333356512354567,43.64265561020301,70.66609280616956,0.011494625048973126,0.012329186247427962,28.387531544267326
