subject,nll,bic,model,alpha,alpha_rec,theta,theta_rec,beta,beta_rec,b_last,b_last_rec,nll_rec
148,43.0407050755269,105.81930588357656,twostagewithin,0.4701265109846814,0.5210065886806895,1.0,1.0,26.171016909403164,24.8900707206279,0.013350725741590689,0.012826717005277525,47.45035101684569
