subject,nll,bic,model,alpha,alpha_rec,theta,theta_rec,beta,beta_rec,b_last,b_last_rec,nll_rec
21,43.637183988751445,107.04093766794011,twostagewithin,0.8961042658647179,0.8198621495620487,1.0,0.912461106570262,44.54854675167146,50.69388533235967,-0.002904910398812864,-0.019805324985906952,37.8044484057049
