subject,nll,bic,model,alpha,alpha_rec,theta,theta_rec,beta,beta_rec,b_last,b_last_rec,nll_rec
113,59.41432240672732,138.5665405459774,twostagewithin,2.837023865510594,2.8745318853092656,0.08954808363603858,0.12362691171506539,64.00997174962019,61.82840301791218,-0.0009570259882488554,-0.004231117135384927,59.96675997188264
