subject,nll,bic,model,alpha,alpha_rec,theta,theta_rec,beta,beta_rec,b_last,b_last_rec,nll_rec
147,64.29802395011122,148.36261759065965,twostagewithin,0.5488753823124306,0.6847479341808808,0.6516047938256262,0.7812995431066991,20.03443397885581,20.714754503948715,0.004557754079344767,0.00826728103747988,65.11091590349386
