subject,nll,bic,model,alpha,alpha_rec,theta,theta_rec,beta,beta_rec,b_last,b_last_rec,nll_rec
69,60.01497621801594,139.79652212646909,twostagewithin,0.6751253506310274,0.7402125034677268,0.9878335397933619,1.0,21.44714212611978,35.640296825372886,0.012484770259906257,0.02066563188356946,44.3880379899863
