subject,nll,bic,model,alpha,alpha_rec,theta,theta_rec,beta,beta_rec,b_last,b_last_rec,nll_rec
62,53.29197264678042,126.35051498399807,twostagewithin,0.5227864054599763,0.5387542184082726,1.0,1.0,21.946267471772952,21.011832031670625,-0.0022655667209040115,0.014026405598341759,55.147109673280184
