subject,nll,bic,model,alpha,alpha_rec,theta,theta_rec,beta,beta_rec,b_last,b_last_rec,nll_rec
144,59.94275267028313,139.623401073089,twostagewithin,1.0813102140220878,0.9864311575421701,1.0,0.974144400817387,28.994122756809677,31.486773148637052,0.001153499517549006,-0.009332126757395365,56.78011195252624
