subject,nll,bic,model,alpha,alpha_rec,theta,theta_rec,beta,beta_rec,b_last,b_last_rec,nll_rec
58,55.41638013789095,130.4538593895356,twostagewithin,0.6330740854787171,0.6412062439438451,0.5898450889966701,0.37140291183880303,28.467413392415757,29.5008833123813,0.002052512303893132,-0.001367757086097099,58.783340247305446
