subject,nll,bic,model,alpha,alpha_rec,theta,theta_rec,beta,beta_rec,b_last,b_last_rec,nll_rec
38,57.76532441948834,135.2972185294139,twostagewithin,0.8372439183478975,0.7876240516323463,0.7879316834233869,0.6043653811964371,30.19739962638652,29.777922081506507,-0.012416432664975849,-0.01167659383607802,60.007011943435316
