subject,nll,bic,model,alpha,alpha_rec,theta,theta_rec,beta,beta_rec,b_last,b_last_rec,nll_rec
71,48.805610804776315,117.37779129998984,twostagewithin,1.063043258052357,1.099339533292851,0.9639075640209464,0.9537724349547747,45.13692307357707,40.46196553111763,-0.005168527217774069,0.006300030225776824,51.99645619471052
