subject,nll,bic,model,alpha,alpha_rec,theta,theta_rec,beta,beta_rec,b_last,b_last_rec,nll_rec
88,38.98539215823518,97.73735400690757,twostagewithin,0.6851822671010934,0.6618023323172277,0.9199084468442216,1.0,42.129251770347516,61.07755388857609,-0.018993279092008323,-0.024238441881558236,26.261540365573413
