subject,nll,bic,model,alpha,alpha_rec,theta,theta_rec,beta,beta_rec,b_last,b_last_rec,nll_rec
129,62.492806259735296,144.7521822099078,twostagewithin,1.0227827893515495,0.9701176620829709,0.6995355786258661,0.7070373670209997,29.91004426848965,34.67250620621827,0.005110113857065033,0.010386601335814732,57.07761884553719
