subject,nll,bic,model,alpha,alpha_rec,theta,theta_rec,beta,beta_rec,b_last,b_last_rec,nll_rec
138,19.37378129647531,58.48545832547339,twostagewithin,3.0,3.0,1.0,1.0,100.0,74.44391991131802,0.0014660007711287603,0.00419959269029152,41.84965490685725
