subject,nll,bic,model,alpha,alpha_rec,theta,theta_rec,beta,beta_rec,b_last,b_last_rec,nll_rec
86,11.566886178293075,42.900342047023365,twostagewithin,0.020288524443118,0.14635627732385786,0.4780638156322709,0.5841747499846218,38.727621341558745,43.55119989509169,-0.021200486960686205,-0.031995402826348184,14.081373957842906
