subject,nll,bic,model,alpha,alpha_rec,theta,theta_rec,beta,beta_rec,b_last,b_last_rec,nll_rec
78,39.92639714403136,99.61936397849993,twostagewithin,1.0106776004509481,0.9527563874628795,0.8066068997195364,0.764832259662509,64.10490676416308,84.04000499468565,0.0025590808363726916,-0.0047115680457851744,31.48484478812146
