subject,nll,bic,model,alpha,alpha_rec,theta,theta_rec,beta,beta_rec,b_last,b_last_rec,nll_rec
111,54.96290828420754,129.6923862588523,twostagewithin,1.4851358937339345,1.503488345121273,0.8452569693328111,0.8759588904633168,38.146935218375596,38.72394989473799,-0.0043026040858408195,-0.004397590501312905,53.92797718386615
