subject,nll,bic,model,alpha,alpha_rec,theta,theta_rec,beta,beta_rec,b_last,b_last_rec,nll_rec
197,3.14801051470679,25.97594473272608,twostagewithin,0.0,0.0,0.9199987392691628,1.0,56.10763759533159,100.0,0.06759969565962008,0.017356982910784316,0.003973881358170118
