subject,nll,bic,model,alpha,alpha_rec,theta,theta_rec,beta,beta_rec,b_last,b_last_rec,nll_rec
134,53.73060793014075,127.22778555071872,twostagewithin,0.8516427734161381,0.7979258043620697,1.0,1.0,30.94414137671721,28.52836321618837,0.00112998213842252,-0.002502980517807795,54.80190074462939
