subject,nll,bic,model,alpha,alpha_rec,theta,theta_rec,beta,beta_rec,b_last,b_last_rec,nll_rec
178,61.88887515265961,143.54431999575644,twostagewithin,0.5421264927561785,0.5147915468204812,1.0,0.6507462892225973,17.47542964429212,18.53957357604589,0.016201301351758138,0.015393581281792277,65.13493775422353
