subject,nll,bic,model,alpha,alpha_rec,theta,theta_rec,beta,beta_rec,b_last,b_last_rec,nll_rec
101,38.52881640617622,96.82420250278966,twostagewithin,0.0,0.03666200040295482,1.0,1.0,11.445123218553324,12.629770438458106,0.022778284066173517,-0.02311134727893259,38.00621680374475
