subject,nll,bic,model,alpha,alpha_rec,theta,theta_rec,beta,beta_rec,b_last,b_last_rec,nll_rec
79,48.97932364419655,117.7252169788303,twostagewithin,0.3017266013678192,0.3029254071109428,1.0,1.0,16.63386930458487,19.917978901599827,0.04563005869351199,0.05089730707989885,41.99495913646638
