subject,nll,bic,model,alpha,alpha_rec,theta,theta_rec,beta,beta_rec,b_last,b_last_rec,nll_rec
47,0.003971881724145138,19.745839495971055,twostagewithin,0.0,0.0,1.0,1.0,100.0,100.0,0.017356989753451003,0.017356989753451003,0.003971881724145138
