subject,nll,bic,model,alpha,alpha_rec,theta,theta_rec,beta,beta_rec,b_last,b_last_rec,nll_rec
136,42.147313972717484,104.06119763587219,twostagewithin,0.4784867253480876,0.4341349837620403,1.0,1.0,27.9170827001968,28.05679754052667,-0.00905576702118398,-0.015372945102890693,39.85558870361531
