subject,nll,bic,model,alpha,alpha_rec,theta,theta_rec,beta,beta_rec,b_last,b_last_rec,nll_rec
50,37.126982073402985,94.02053383724319,twostagewithin,2.2477715689098288,2.161578782821534,0.8357159607871829,1.0,78.8316845756116,64.61132590329078,0.0051242930277692125,0.01115170415680504,38.340399469534916
