subject,nll,bic,model,alpha,alpha_rec,theta,theta_rec,beta,beta_rec,b_last,b_last_rec,nll_rec
188,44.26704728535377,108.30066426114476,twostagewithin,1.3779522510818631,1.4082662634821033,1.0,0.949534932744813,51.18994922804662,40.89661699027547,0.00038950913957151316,0.012825575360452646,50.41564385768875
