subject,nll,bic,model,alpha,alpha_rec,theta,theta_rec,beta,beta_rec,b_last,b_last_rec,nll_rec
112,33.24593624047559,86.2584421713884,twostagewithin,0.6073026113498684,0.5447083110815172,0.8658145244564306,0.9107849277788067,47.431709105508155,44.84996338949776,0.01240692165259904,0.018596014432809137,31.195885791429966
