subject,nll,bic,model,alpha,alpha_rec,theta,theta_rec,beta,beta_rec,b_last,b_last_rec,nll_rec
162,58.414434151179606,136.59543799279643,twostagewithin,1.1322007631108562,1.231438737645184,1.0,0.9225782304901142,30.86654912360515,34.825129659570315,0.01129908173683286,-0.001815497103569736,57.16620400110569
