subject,nll,bic,model,alpha,alpha_rec,theta,theta_rec,beta,beta_rec,b_last,b_last_rec,nll_rec
123,45.09146077518504,109.9494912408073,twostagewithin,1.200276333317746,1.2022338279965266,0.9439563975834464,0.8359212232790707,54.396109673520016,52.79118630815055,-0.0022797283670106406,0.0002921383271152489,47.115424603285376
