subject,nll,bic,model,alpha,alpha_rec,theta,theta_rec,beta,beta_rec,b_last,b_last_rec,nll_rec
6,27.92478343506155,75.6161365605603,twostagewithin,0.507486410582834,0.5667434551980863,1.0,1.0,45.62753793761403,47.600739335931216,-0.0046760638727572496,-0.012964553435113711,30.068688061536527
