subject,nll,bic,model,alpha,alpha_rec,theta,theta_rec,beta,beta_rec,b_last,b_last_rec,nll_rec
95,65.57984783252456,150.92626535548635,twostagewithin,0.9508284496996887,1.0241994105634302,1.0,0.7895976883648063,22.598643229769095,28.723355027851834,-0.009143905295986538,-0.011288413550720815,62.872245560391605
