subject,nll,bic,model,alpha,alpha_rec,theta,theta_rec,beta,beta_rec,b_last,b_last_rec,nll_rec
61,56.65181755754318,133.0702048055236,twostagewithin,0.7027187964267562,0.5750853249473772,1.0,1.0,23.90151773830148,21.684591598335125,0.020335992275167386,0.039715714052058065,54.13949645108928
