subject,nll,bic,model,alpha,alpha_rec,theta,theta_rec,beta,beta_rec,b_last,b_last_rec,nll_rec
76,54.7916562022389,129.32120813700055,twostagewithin,0.5209489938448255,0.6379472637661233,1.0,0.9197529171691042,20.59117642206913,23.922763777302016,0.0035311071175371514,0.007033414335519262,55.663383944603204
