subject,nll,bic,model,alpha,alpha_rec,theta,theta_rec,beta,beta_rec,b_last,b_last_rec,nll_rec
166,46.976514242659235,113.71959817575569,twostagewithin,2.0211794614675065,1.9230687811506675,1.0,0.8247883683790058,45.8645838663769,67.99800410131348,0.013471958085704915,0.0189441866206839,35.855550691102415
