subject,nll,bic,model,alpha,alpha_rec,theta,theta_rec,beta,beta_rec,b_last,b_last_rec,nll_rec
41,92.36098111564341,204.34306134504055,twostagewithin,0.6052786815931307,0.20416516773554244,1.0,1.0,2.063546165369033,1.483351270177415,-0.1,-0.1,92.0445099772664
