subject,nll,bic,model,alpha,alpha_rec,theta,theta_rec,beta,beta_rec,b_last,b_last_rec,nll_rec
83,44.63180471483262,109.03017912010245,twostagewithin,0.5478809097993508,0.5432811677802246,1.0,0.9219994954588213,28.49970930934976,27.54836909955687,0.006552845432260995,0.01159246581543394,46.8963670805346
