subject,nll,bic,model,alpha,alpha_rec,theta,theta_rec,beta,beta_rec,b_last,b_last_rec,nll_rec
89,84.8374367719426,189.44144323432243,twostagewithin,1.4295677169780738,1.3035944500508665,1.0,1.0,9.809470579594516,11.241556946841747,0.03959687030396812,0.0333173899210696,82.41915877283343
