subject,nll,bic,model,alpha,alpha_rec,theta,theta_rec,beta,beta_rec,b_last,b_last_rec,nll_rec
189,40.25344074306397,100.21589622675675,twostagewithin,0.524413638604731,0.5050206556258704,0.6044156272352768,0.5348489667419335,38.89260326482233,64.80839404390093,-0.0021457195571278342,0.007730621164121258,26.090917304531743
