subject,nll,bic,model,alpha,alpha_rec,theta,theta_rec,beta,beta_rec,b_last,b_last_rec,nll_rec
5,37.913416002526276,95.59340169548977,twostagewithin,2.4489586432481874,2.404179956591545,0.5809942783549455,0.8295295477092837,92.32111522948784,100.0,0.00830646218030559,0.009958865395115476,32.494058387979045
