subject,nll,bic,model,alpha,alpha_rec,theta,theta_rec,beta,beta_rec,b_last,b_last_rec,nll_rec
110,13.925645372483498,47.61786043540421,twostagewithin,0.0,0.0,1.0,0.5674227811658947,22.71944931354643,30.21634318146013,-0.008398960723211744,-0.006158321131804145,13.794769462667936
