subject,nll,bic,model,alpha,alpha_rec,theta,theta_rec,beta,beta_rec,b_last,b_last_rec,nll_rec
160,60.63959256363877,141.0170808598003,twostagewithin,0.7608903649844949,0.7741863538824665,1.0,0.8968811226922248,21.996088507030727,17.7248492098315,0.025366447568310916,0.061276765449229546,64.94709308910765
