subject,nll,bic,model,alpha,alpha_rec,theta,theta_rec,beta,beta_rec,b_last,b_last_rec,nll_rec
167,61.993969282483334,142.96766707841968,twostagewithin,1.3808377741956708,1.2218750961674194,0.6309292401608606,0.8544415454066434,20.857026480025436,29.489067267864687,-0.009961714562442783,-0.0069992740469310925,51.27853126291179
