subject,nll,bic,model,alpha,alpha_rec,theta,theta_rec,beta,beta_rec,b_last,b_last_rec,nll_rec
182,72.7520528893547,165.24200151123216,twostagewithin,1.0669146085612304,1.1878230578536202,0.8820753672836891,0.8974323456455258,17.689600635756996,22.866661816592583,0.023818111471637492,0.003484617936329748,68.33467763406802
