subject,nll,bic,model,alpha,alpha_rec,theta,theta_rec,beta,beta_rec,b_last,b_last_rec,nll_rec
7,66.12724045060202,152.02105059164126,twostagewithin,0.8833596953054785,0.8158727094278386,1.0,0.8292810913777471,21.24719439391861,27.840947166577998,-0.017873674800065544,-0.009252068332535366,59.09057803133406
