subject,nll,bic,model,alpha,alpha_rec,theta,theta_rec,beta,beta_rec,b_last,b_last_rec,nll_rec
174,49.53263799283137,118.83184567609996,twostagewithin,1.0848241765708155,0.9977569112937222,1.0,1.0,43.62750492952668,36.67710256950967,0.0003935934639484292,-0.0055886215211442,52.71227511763947
