subject,nll,bic,model,alpha,alpha_rec,theta,theta_rec,beta,beta_rec,b_last,b_last_rec,nll_rec
27,52.4829791166093,124.73252792365582,twostagewithin,1.025326393950779,1.0964163930648856,0.8142440264584776,0.6278771194463612,41.20778252388042,46.32086477100684,-0.00785325647250128,-0.012326785027402016,52.184323363111055
