subject,nll,bic,model,alpha,alpha_rec,theta,theta_rec,beta,beta_rec,b_last,b_last_rec,nll_rec
26,27.328144518972902,74.42285872838302,twostagewithin,0.23939958995014782,0.29234110108791644,1.0,0.9084912724542373,26.096688249185302,44.313029008526954,-0.01504332651708086,-0.02280910199701552,19.369548779161992
