subject,nll,bic,model,alpha,alpha_rec,theta,theta_rec,beta,beta_rec,b_last,b_last_rec,nll_rec
85,30.842817185102327,81.42353010272743,twostagewithin,0.107578035926351,0.02011153286952997,0.5077009209165831,0.6304600926687911,23.508887204562456,18.030029003672112,-0.0283278373298155,-0.033930583317627126,31.13792028442698
