subject,nll,bic,model,alpha,alpha_rec,theta,theta_rec,beta,beta_rec,b_last,b_last_rec,nll_rec
54,50.189666969055544,120.1459036285483,twostagewithin,1.0071176380570612,1.0719683753613165,1.0,0.5610630065610462,40.38953341373892,70.99982437771537,-0.0025169374197852304,0.0047466513052283445,40.61553486245545
