subject,nll,bic,model,alpha,alpha_rec,theta,theta_rec,beta,beta_rec,b_last,b_last_rec,nll_rec
198,47.54347825549478,114.85352620142677,twostagewithin,0.6329346312407002,0.7096341734068067,0.6714211874585717,0.7081882374546623,35.48675998346549,42.69023285487723,0.0010873329398395722,0.003927758307253137,43.4128556718786
