subject,nll,bic,model,alpha,alpha_rec,theta,theta_rec,beta,beta_rec,b_last,b_last_rec,nll_rec
17,75.92041050012512,171.49144054319444,twostagewithin,0.6654698403484709,0.8868393038808116,0.880669326878726,1.0,12.08430210368082,9.405605874329844,0.01774360296736682,0.02442900631184245,81.99030931097259
