subject,nll,bic,model,alpha,alpha_rec,theta,theta_rec,beta,beta_rec,b_last,b_last_rec,nll_rec
153,58.301881562315444,136.3703328150681,twostagewithin,1.2198760834529259,1.296518857236666,1.0,0.9921291455698501,31.830819484987607,32.002095871943844,0.004644970689383789,0.008058507370340763,57.939168547780014
