subject,nll,bic,model,alpha,alpha_rec,theta,theta_rec,beta,beta_rec,b_last,b_last_rec,nll_rec
73,40.04982423825789,99.8086632171446,twostagewithin,0.5537916818254557,0.5642872628173714,1.0,1.0,32.72642779789467,34.392328435638646,0.006035006377206415,0.010519567919854849,38.81253748574575
