subject,nll,bic,model,alpha,alpha_rec,theta,theta_rec,beta,beta_rec,b_last,b_last_rec,nll_rec
48,54.42509329056015,128.6167562715575,twostagewithin,1.2458468799412272,1.2043482755318242,0.8827439492172581,1.0,38.87567648596853,36.88881786715334,0.003757111741342017,0.0038685644005515946,54.36714862118775
