subject,nll,bic,model,alpha,alpha_rec,theta,theta_rec,beta,beta_rec,b_last,b_last_rec,nll_rec
75,47.586335875809326,114.93924144205587,twostagewithin,0.2792003452964354,0.21480353722682927,1.0,1.0,16.58988025674255,11.488883844814362,0.03147967063963893,0.004560523571504756,57.631076457212124
