subject,nll,bic,model,alpha,alpha_rec,theta,theta_rec,beta,beta_rec,b_last,b_last_rec,nll_rec
100,64.24839022187882,148.26335013419487,twostagewithin,0.6739104901886941,0.814239291667552,1.0,0.832822089798115,18.678559716870247,28.209715362893927,0.014185230320055702,0.0017251065901653987,58.34131002854237
