subject,nll,bic,model,alpha,alpha_rec,theta,theta_rec,beta,beta_rec,b_last,b_last_rec,nll_rec
102,48.68905917305365,117.14468803654452,twostagewithin,0.8030067736390232,0.9196100614507076,1.0,1.0,33.89265449897069,47.13065286959182,0.012190099916968117,0.00963908713808596,42.48575104008961
