subject,nll,bic,model,alpha,alpha_rec,theta,theta_rec,beta,beta_rec,b_last,b_last_rec,nll_rec
164,41.50669155180366,102.77995279404453,twostagewithin,0.6945130442255729,0.7484469562114154,0.9113482811607448,0.659636333625686,39.49639870664092,76.6924209361517,-0.0032912714594328634,0.002919681381885127,28.256105395286205
