subject,nll,bic,model,alpha,alpha_rec,theta,theta_rec,beta,beta_rec,b_last,b_last_rec,nll_rec
12,62.37311209247481,144.48411991747238,twostagewithin,0.5694190728553334,0.5215856172927119,1.0,1.0,17.271860802052977,14.606472504227094,0.033100958341237725,0.04466323178546883,65.63574756609636
