subject,nll,bic,model,alpha,alpha_rec,theta,theta_rec,beta,beta_rec,b_last,b_last_rec,nll_rec
96,52.15383826191504,124.04557225635284,twostagewithin,0.7708670149391844,0.745769057011671,1.0,1.0,29.535508274188533,45.95455736733023,0.005280362087534114,0.004152332432663949,36.42684996344103
