subject,nll,bic,model,alpha,alpha_rec,theta,theta_rec,beta,beta_rec,b_last,b_last_rec,nll_rec
172,46.99709162176364,113.76075293396448,twostagewithin,2.3278007998721955,2.531463105120532,0.8068524634485202,0.765329942235137,57.493568013077535,72.78669613771412,0.0042407857963176025,0.0016236204856647355,43.513667001347784
