subject,nll,bic,model,alpha,alpha_rec,theta,theta_rec,beta,beta_rec,b_last,b_last_rec,nll_rec
171,70.31150444349234,160.36090461950744,twostagewithin,1.2382767548222149,1.222325487959116,1.0,1.0,18.617381149982254,19.521743402964482,0.026158676402198527,0.03897797687345952,67.4980087229859
