subject,nll,bic,model,alpha,alpha_rec,theta,theta_rec,beta,beta_rec,b_last,b_last_rec,nll_rec
122,55.25134457021102,130.26925883085926,twostagewithin,0.8464854573134194,0.8927189044881495,1.0,0.9468849858267764,29.527117453336416,36.65699274205752,-0.01368660369374807,-0.005954109044079963,50.579140062690215
