subject,nll,bic,model,alpha,alpha_rec,theta,theta_rec,beta,beta_rec,b_last,b_last_rec,nll_rec
66,54.77920584854467,129.32498138752655,twostagewithin,0.7120109497667109,0.8397887289730256,0.8552528385542303,1.0,28.3725726776085,35.314430157658265,-0.010209363057488501,-0.017199609732088082,49.08572051103425
