subject,nll,bic,model,alpha,alpha_rec,theta,theta_rec,beta,beta_rec,b_last,b_last_rec,nll_rec
22,54.04833256835755,127.86323482715233,twostagewithin,0.36213136990538997,0.2176852411234249,0.7240307806720169,0.5181284097519246,19.436991419240815,16.16993125266074,0.017179288300699064,0.053704352709390696,53.13723955073657
