subject,nll,bic,model,alpha,alpha_rec,theta,theta_rec,beta,beta_rec,b_last,b_last_rec,nll_rec
97,45.63914496194331,111.04485961432383,twostagewithin,0.5625099024903998,0.5162755116893163,1.0,1.0,27.45668970151466,26.753473907891482,0.031777766740503775,0.0449753117262725,43.823264275929375
