subject,nll,bic,model,alpha,alpha_rec,theta,theta_rec,beta,beta_rec,b_last,b_last_rec,nll_rec
33,68.6182563335102,157.00308235745763,twostagewithin,0.9901041398957554,1.0041762552887374,0.7451408953737029,0.5041490562539376,22.897117703878298,39.710075461518755,0.007255026477512842,-0.0016791315119673886,56.860291448180405
