subject,nll,bic,model,alpha,alpha_rec,theta,theta_rec,beta,beta_rec,b_last,b_last_rec,nll_rec
177,55.2401853055408,130.2469403015188,twostagewithin,0.8912680732029277,0.7687458924765861,0.9514336767129159,0.8619934802776271,30.26372087431556,28.01405829727756,0.019399459863898627,0.009429241183734713,56.39980325504067
