subject,nll,bic,model,alpha,alpha_rec,theta,theta_rec,beta,beta_rec,b_last,b_last_rec,nll_rec
65,32.10566201211204,83.97789371466129,twostagewithin,0.6218625836442332,0.6316488098330877,0.8952988255678307,0.7240221057519082,49.86937472876607,58.22669075614921,0.004258874302960709,0.0036768625204254128,31.102452510162536
