subject,nll,bic,model,alpha,alpha_rec,theta,theta_rec,beta,beta_rec,b_last,b_last_rec,nll_rec
194,65.33050115820305,150.39889804892886,twostagewithin,0.8973405760972563,1.0343932618733116,1.0,1.0,19.81756320486124,16.437323416068196,0.030917737571158302,0.041169371231680706,70.80123185838414
