subject,nll,bic,model,alpha,alpha_rec,theta,theta_rec,beta,beta_rec,b_last,b_last_rec,nll_rec
132,50.67499438660181,121.08788450572638,twostagewithin,1.0922734346453675,1.0816001919089395,0.9387065667779235,1.0,42.452556634240814,43.19675273658675,0.005940081822404224,0.014677455165415755,48.635141459715356
