subject,nll,bic,model,alpha,alpha_rec,theta,theta_rec,beta,beta_rec,b_last,b_last_rec,nll_rec
163,88.40543066966848,196.5487570718597,twostagewithin,1.186151298672431,1.2118068419113777,1.0,0.17391613191506572,7.696941886867084,14.080952886000832,0.012604446948635311,0.011062171417908691,86.25475745677574
