subject,nll,bic,model,alpha,alpha_rec,theta,theta_rec,beta,beta_rec,b_last,b_last_rec,nll_rec
90,32.38769238506387,84.54195446056497,twostagewithin,0.4178541283411302,0.3702006228151797,0.7787053722192355,0.625908270821263,38.25493571420571,44.36235765692447,-0.009430348843246159,-0.00441003903512268,28.13749548989243
