subject,nll,bic,model,alpha,alpha_rec,theta,theta_rec,beta,beta_rec,b_last,b_last_rec,nll_rec
93,78.75348636188949,177.2735424142162,twostagewithin,0.9256917461931937,0.8549514026451615,1.0,1.0,12.812574217630113,12.41112223310591,0.015583883753410964,0.010134894337620803,79.01880413002077
