subject,nll,bic,model,alpha,alpha_rec,theta,theta_rec,beta,beta_rec,b_last,b_last_rec,nll_rec
29,68.82352111239348,157.41361191522418,twostagewithin,0.5398054205129225,0.5267269127907053,0.8917480018996309,1.0,15.386922056370551,19.806671632742564,-0.02709501437557332,-0.03919964288096015,57.54523280421
