subject,nll,bic,model,alpha,alpha_rec,theta,theta_rec,beta,beta_rec,b_last,b_last_rec,nll_rec
170,38.587362717852685,96.94129512614259,twostagewithin,0.6424937261577973,0.7134615655972503,1.0,0.8282695106217914,38.768507975475266,48.118146125839715,0.004843148250002879,-0.006811639279271066,37.232017040182626
