subject,nll,bic,model,alpha,alpha_rec,theta,theta_rec,beta,beta_rec,b_last,b_last_rec,nll_rec
0,76.08587343689965,171.93831656423652,twostagewithin,0.7384336991084227,0.7393884350700924,1.0,1.0,13.033422026730852,17.484383504209088,0.014799610903848464,0.03024667712555004,66.91822350373347
