subject,nll,bic,model,alpha,alpha_rec,theta,theta_rec,beta,beta_rec,b_last,b_last_rec,nll_rec
103,50.23720058470095,120.24097085983911,twostagewithin,0.49267240803114876,0.4222467975714185,1.0,1.0,22.95580704814891,20.300541223517435,-0.00805961477075721,-0.0020785127959999463,51.16416957517698
