subject,nll,bic,model,alpha,alpha_rec,theta,theta_rec,beta,beta_rec,b_last,b_last_rec,nll_rec
180,62.65082149022908,145.06821267089538,twostagewithin,0.43592440870798377,0.46916394114761867,1.0,1.0,14.540592392647925,18.196445200171876,0.04075338440132528,0.028662869754588115,56.7000886534917
