subject,nll,bic,model,alpha,alpha_rec,theta,theta_rec,beta,beta_rec,b_last,b_last_rec,nll_rec
161,26.923880962386836,73.61433161521089,twostagewithin,0.47540437253372453,0.4786798369970185,1.0,0.9528834425672752,43.72292388619483,34.999360687568476,0.01734843352719135,0.011764093413878256,34.62993496416663
