subject,nll,bic,model,alpha,alpha_rec,theta,theta_rec,beta,beta_rec,b_last,b_last_rec,nll_rec
168,28.379492517807495,76.5255547260522,twostagewithin,0.277517031987065,0.0337614230980174,0.9518218797597113,1.0,28.638017323019536,17.17887275127643,0.011057626707398637,0.015427639140479565,24.50460329263641
