subject,nll,bic,model,alpha,alpha_rec,theta,theta_rec,beta,beta_rec,b_last,b_last_rec,nll_rec
149,10.048488321663038,39.747596186270286,twostagewithin,0.06744323219186073,0.19260524637579599,0.8113844056047849,0.8176031778082937,33.858185935417815,100.0,0.02918242586800601,-0.019914993553488945,2.9070367948880333
