subject,nll,bic,model,alpha,alpha_rec,theta,theta_rec,beta,beta_rec,b_last,b_last_rec,nll_rec
2,56.23730300442825,132.2411756992937,twostagewithin,0.509471038328602,0.5035010018991567,1.0,0.9898541267714226,19.40619775939454,19.086099416762515,0.026664569422521763,0.06948481457075352,53.917872896968895
