subject,nll,bic,model,alpha,alpha_rec,theta,theta_rec,beta,beta_rec,b_last,b_last_rec,nll_rec
49,21.40048824245168,62.538872217426125,twostagewithin,0.3136242272389598,0.330974639036381,1.0,0.8425464109493965,41.31738733338465,61.234981612169896,-0.006531343340797493,-0.0066684679740558386,16.14790030986014
