subject,nll,bic,model,alpha,alpha_rec,theta,theta_rec,beta,beta_rec,b_last,b_last_rec,nll_rec
175,46.274517253204294,112.28693023893135,twostagewithin,0.9627858207153857,1.0178607430860702,1.0,0.9121271343237984,42.982457828692084,58.5312454259518,0.009580298098075464,0.015806474954325755,39.96300125584891
