subject,nll,bic,model,alpha,alpha_rec,theta,theta_rec,beta,beta_rec,b_last,b_last_rec,nll_rec
10,64.41851239559432,148.60359448162586,twostagewithin,0.6065781864799228,0.6028925132185946,1.0,1.0,17.513973814994444,16.922786271952113,0.01017591638689356,-0.00559956421740424,65.91208497048007
