subject,nll,bic,model,alpha,alpha_rec,theta,theta_rec,beta,beta_rec,b_last,b_last_rec,nll_rec
72,53.38642533514118,126.48186541091118,twostagewithin,0.3536884471205656,0.4267471497049558,1.0,1.0,16.45735725903043,16.8883496745459,0.021574032302695507,0.02606364132979184,56.62945473325827
