subject,nll,bic,model,alpha,alpha_rec,theta,theta_rec,beta,beta_rec,b_last,b_last_rec,nll_rec
30,41.18640282114342,102.1107013748096,twostagewithin,0.5115784487350833,0.5147449598005778,1.0,0.7002232281860247,29.896674492896476,32.64335255736721,0.0014666017236554729,-0.011472478363671403,44.524437356331944
