subject,nll,bic,model,alpha,alpha_rec,theta,theta_rec,beta,beta_rec,b_last,b_last_rec,nll_rec
120,44.20684859261777,108.18026687567274,twostagewithin,0.47392591716863364,0.4228789534859352,1.0,0.797497320499974,26.246507259620408,22.533495908111565,-0.00886097118234643,0.0035712498716140677,51.13119935018004
