subject,nll,bic,model,alpha,alpha_rec,theta,theta_rec,beta,beta_rec,b_last,b_last_rec,nll_rec
115,22.71002441641559,65.1866185232684,twostagewithin,0.9081028442431158,0.8946726245658227,1.0,0.7953339721840109,100.0,100.0,0.005466005095294681,0.007351009831287384,21.12115742040693
