subject,nll,bic,model,alpha,alpha_rec,theta,theta_rec,beta,beta_rec,b_last,b_last_rec,nll_rec
185,60.16243558241361,140.09144085526444,twostagewithin,0.9426900743806479,0.945915050589674,0.8890893035016163,1.0,28.2022394038256,35.97208813748327,0.008782123712294422,0.003999632277949114,51.7573176620883
