subject,nll,bic,model,alpha,alpha_rec,theta,theta_rec,beta,beta_rec,b_last,b_last_rec,nll_rec
196,58.711542713901665,137.18965511824055,twostagewithin,1.0029546241773384,1.1398847483111008,0.8851124673166598,0.5299179886275217,30.943910733579067,42.94420878309835,0.007966960102192867,-0.006894960914243421,55.86382985797345
