subject,nll,bic,model,alpha,alpha_rec,theta,theta_rec,beta,beta_rec,b_last,b_last_rec,nll_rec
46,55.34941631804441,130.46540232652603,twostagewithin,0.6955291686915427,0.6953745529680723,1.0,1.0,23.928986986565107,20.869029076205095,0.03448977296696322,0.037113544491289605,59.653988252367995
