subject,nll,bic,model,alpha,alpha_rec,theta,theta_rec,beta,beta_rec,b_last,b_last_rec,nll_rec
190,63.179334530016774,146.12523875047077,twostagewithin,1.0449704443671954,0.9325573658902024,1.0,0.7316754359837518,25.64054861198388,27.00201384492624,0.0021750871110918883,0.009254091947009822,63.35552267336372
