subject,nll,bic,model,alpha,alpha_rec,theta,theta_rec,beta,beta_rec,b_last,b_last_rec,nll_rec
140,40.0214432838393,99.8094562581158,twostagewithin,0.3099450176896004,0.3530005022770015,1.0,1.0,21.930141974760723,23.792228650206976,0.011460861193556049,-0.009906750022310274,41.05126248897831
