subject,nll,bic,model,alpha,alpha_rec,theta,theta_rec,beta,beta_rec,b_last,b_last_rec,nll_rec
64,58.68585908557811,137.13828786159343,twostagewithin,0.5281215235132861,0.4852998485698267,0.7720267058856257,0.8753086471131037,21.07671564040008,23.382249547666973,0.01869324034361906,0.01346857413458208,51.02981081878317
