subject,nll,bic,model,alpha,alpha_rec,theta,theta_rec,beta,beta_rec,b_last,b_last_rec,nll_rec
117,35.26920751229298,90.30498471502318,twostagewithin,0.4706655752935817,0.5200182867211877,0.9370232698578923,0.51395413839858,34.85963164830939,72.70747853675852,-0.02002715969814652,-0.0066693732155945805,25.177934327535944
