subject,nll,bic,model,alpha,alpha_rec,theta,theta_rec,beta,beta_rec,b_last,b_last_rec,nll_rec
18,44.341459485711596,108.44948866186041,twostagewithin,0.9294165175147353,1.0348491827363766,0.895038953452611,0.9058525507730792,47.820303611328036,67.27876618292093,-0.008534347235661745,-0.012178840875288468,37.92669279782983
