subject,nll,bic,model,m_min,m_min_rec,epsilon,epsilon_rec,b_longer,b_longer_rec,b_last,b_last_rec,nll_rec
1,57.41600456065724,134.5985788117517,mcutoff_b-last_b-longer,8.612271591184355,9.73097612526377,0.14285642571912152,0.18571365526443254,-0.10892260012139976,-0.10317552779079109,-0.0019794922112736923,-0.006025213086755521,67.19252606005158
