subject,nll,bic,model,m_min,m_min_rec,epsilon,epsilon_rec,b_longer,b_longer_rec,b_last,b_last_rec,nll_rec
15,71.1871793986706,162.11225452986395,mcutoff_b-last_b-longer,9.147784667159495,8.893201754376165,0.20863250610687228,0.194243988146091,0.008218876568141908,0.004710800950858518,0.10485427118882895,0.10913250041446876,68.43212973827667
