subject,nll,bic,model,m_min,m_min_rec,epsilon,epsilon_rec,b_longer,b_longer_rec,b_last,b_last_rec,nll_rec
16,83.70169274921219,186.9647820113114,mcutoff_b-last_b-longer,6.9189886382111485,7.001389880843427,0.32330791769582334,0.3007514796621809,0.4194779409746987,0.5507477302268446,0.5114436441226968,0.5109672093561408,81.32923702594897
