subject,nll,bic,model,m_min,m_min_rec,epsilon,epsilon_rec,b_longer,b_longer_rec,b_last,b_last_rec,nll_rec
12,85.16250982271454,190.06291537795184,mcutoff_b-last_b-longer,9.33395160087004,8.661146094925337,0.3021578745433222,0.3165463928356186,-0.24996936848467077,-0.26228785827174683,0.34072742942883205,0.37552344141756633,86.76895011098927
