subject,nll,bic,model,m_min,m_min_rec,epsilon,epsilon_rec,b_longer,b_longer_rec,b_last,b_last_rec,nll_rec
6,87.14788889226682,194.06234747497086,mcutoff_b-last_b-longer,8.243072216985365,8.277445639766576,0.31428534248665146,0.25714237154672676,-0.3319041502227329,-0.25124034361337877,0.19781088119660817,0.11680970021191905,79.80632387045986
