subject,nll,bic,model,m_min,m_min_rec,epsilon,epsilon_rec,b_longer,b_longer_rec,b_last,b_last_rec,nll_rec
13,77.60885735275397,174.98428439594517,mcutoff_b-last_b-longer,9.484384805297326,9.968033319838224,0.24285662434937885,0.19999939655086166,0.13405045704011975,0.12162491331060132,-0.018728502249728662,-0.04274060070007968,70.05605929562628
