subject,nll,bic,model,m_min,m_min_rec,epsilon,epsilon_rec,b_longer,b_longer_rec,b_last,b_last_rec,nll_rec
18,72.74089747855214,165.2483646475415,mcutoff_b-last_b-longer,8.510357825097863,8.988911046469118,0.21428513792214557,0.2428566298792817,0.0007529632446763301,-0.010757787923833084,0.11960674258522763,0.13936359514954577,77.60885735275399
