subject,nll,bic,model,m_min,m_min_rec,epsilon,epsilon_rec,b_longer,b_longer_rec,b_last,b_last_rec,nll_rec
14,88.93011233655969,197.59812040564213,mcutoff_b-last_b-longer,7.438965507429352,7.157304750593721,0.33812916323724546,0.26618657908740323,0.9014358088148939,0.4029861514753601,0.6976172522967856,-0.07574561693177073,80.54040898261218
