subject,nll,bic,model,m_min,m_min_rec,epsilon,epsilon_rec,b_longer,b_longer_rec,b_last,b_last_rec,nll_rec
2,70.95223431938582,161.61348337940046,mcutoff_b-last_b-longer,9.791350109207357,9.44312237638771,0.21014434467437143,0.25362269262202736,-0.098506935156497,0.03937701790161352,-0.012968871051179387,0.043719686774636335,78.14646461218827
