subject,nll,bic,model,m_min,m_min_rec,epsilon,epsilon_rec,b_longer,b_longer_rec,b_last,b_last_rec,nll_rec
19,33.40378863020577,86.57414695084876,mcutoff_b-last_b-longer,8.705111569680458,8.831944133428285,0.06428484250121859,0.07142771669265857,0.021774661440292054,-0.04639973785213658,0.023089857304479766,0.004346628286872711,36.02432967641642
