subject,nll,bic,model,m_min,m_min_rec,epsilon,epsilon_rec,b_longer,b_longer_rec,b_last,b_last_rec,nll_rec
3,30.66427305074295,81.09511579192312,mcutoff_b-last_b-longer,9.872893564752705,9.795031648950262,0.05714197076124839,0.05714197213310972,0.05439323330190704,0.014733506170952593,-0.006136475873090519,0.05517165146780911,30.66427305074295
