subject,nll,bic,model,m_min,m_min_rec,epsilon,epsilon_rec,b_longer,b_longer_rec,b_last,b_last_rec,nll_rec
17,85.5207222879651,190.80801426636742,mcutoff_b-last_b-longer,7.3729199359164355,7.4727242169675625,0.2999995958600656,0.2714281135743675,-0.17326852942447535,-0.2900889284852127,0.03126576079379717,0.11752800653003881,81.85415814098428
