subject,nll,bic,model,m_min,m_min_rec,epsilon,epsilon_rec,b_longer,b_longer_rec,b_last,b_last_rec,nll_rec
9,80.54040898261218,180.8187136977471,mcutoff_b-last_b-longer,6.886965033108073,6.8457808831776426,0.26618657989934824,0.18704973215518186,-0.05239565803264046,-0.035512517299733815,0.35265498498715986,0.3563368181840594,66.98626520239112
