,bf,error,time,code
"Alt., r=0.707 0<d<Inf",806.8482541291947,1.2658805449594593e-08,Wed Sep  1 10:17:05 2021,5b4e3495a89c
"Alt., r=0.707 !(0<d<Inf)",0.015786248187657226,1.8800963986346246e-05,Wed Sep  1 10:17:05 2021,5b4e4d70b4bc
