,bf,error,time,code
"Alt., r=0.707",0.10391840744572621,1.960760420629571e-05,Wed Dec  8 15:14:23 2021,3ca33df0d701
