,bf,error,time,code
"Alt., r=0.707",403.4320201898113,4.439676113415869e-09,Fri Jul  9 23:23:29 2021,181ac950de6b
