,bf,error,time,code
"Alt., r=0.707",0.10391840744572621,1.960760420629571e-05,Tue Jul 20 18:08:08 2021,18915207d0e
