,bf,error,time,code
"Alt., r=0.707 0<d<Inf",0.053076385290223786,7.431784623857267e-06,Fri Jul 30 14:25:54 2021,540d47ca5186
"Alt., r=0.707 !(0<d<Inf)",0.15476042960198505,2.6287647699526628e-06,Fri Jul 30 14:25:54 2021,540d33ae593c
