,bf,error,time,code
"Alt., r=0.707",0.10391840744572621,1.960760420629571e-05,Wed Sep  1 15:10:57 2021,a3a9418c2317
