,bf,error,time,code
"Alt., r=0.707 0<d<Inf",0.053076385290223786,7.431784623857267e-06,Wed Sep  1 10:15:13 2021,5b4e6a48c78e
"Alt., r=0.707 !(0<d<Inf)",0.15476042960198505,2.6287647699526628e-06,Wed Sep  1 10:15:13 2021,5b4e50257225
