,bf,error,time,code
"Alt., r=0.707",0.926335286703137,2.1645868923641504e-06,Wed Sep  1 15:12:55 2021,a3a967ddad08
