,bf,error,time,code
"Alt., r=0.707",0.08881437271053663,2.295007017515776e-05,Fri Jul  9 23:23:48 2021,181ac608371b5
