,bf,error,time,code
"Alt., r=0.707 0<d<Inf",1.8262398226158039,2.7588087988941085e-05,Fri Jul  9 23:24:16 2021,181ac6a79e6cf
"Alt., r=0.707 !(0<d<Inf)",0.026438803870911107,6.79023911626758e-09,Fri Jul  9 23:24:16 2021,181ac692056a5
