,bf,error,time,code
"Alt., r=0.707",403.4320201898113,4.439676113415869e-09,Wed Dec  8 15:16:11 2021,3ca3121f6f12
