,bf,error,time,code
"Alt., r=0.707 0<d<Inf",1.8262398226158039,2.7588087988941085e-05,Fri Jul 30 14:27:27 2021,540d5d5a81a4
"Alt., r=0.707 !(0<d<Inf)",0.026438803870911107,6.79023911626758e-09,Fri Jul 30 14:27:27 2021,540d60f565dd
