,bf,error,time,code
"Alt., r=0.707",422.8639230268932,4.2307488229811984e-09,Wed Sep  1 10:18:42 2021,5b4e4ea96beb
