,bf,error,time,code
"Alt., r=0.707 0<d<Inf",806.8482541291947,1.2658805449594593e-08,Tue Jul 20 18:09:47 2021,189176712563
"Alt., r=0.707 !(0<d<Inf)",0.015786248187657226,1.8800963986346246e-05,Tue Jul 20 18:09:47 2021,18917e4dc354
