,bf,error,time,code
"Alt., r=0.707 0<d<Inf",0.06481341440931983,1.9050757892138783e-06,Mon Jun 21 15:32:17 2021,178b6352ff50
"Alt., r=0.707 !(0<d<Inf)",0.11281533101186102,2.1193279966144406e-05,Mon Jun 21 15:32:17 2021,178b5df81021
