,bf,error,time,code
"Alt., r=0.707 0<d<Inf",0.05171853613512772,7.246971096472142e-06,Wed Dec  8 15:17:29 2021,3ca35255f5d8
"Alt., r=0.707 !(0<d<Inf)",0.1623967821542628,4.337913881674989e-06,Wed Dec  8 15:17:29 2021,3ca397f6223
