,bf,error,time,code
"Alt., r=0.707 0<d<Inf",0.06481341440931983,1.9050757892138783e-06,Tue Jul 20 18:10:16 2021,18911e4b06aa
"Alt., r=0.707 !(0<d<Inf)",0.11281533101186102,2.1193279966144406e-05,Tue Jul 20 18:10:16 2021,18914fa2926f
