,bf,error,time,code
"Alt., r=0.707",0.926335286703137,2.1645868923641504e-06,Mon Jun 21 15:32:43 2021,178b7d509f27
