,bf,error,time,code
"Alt., r=0.707",422.8639230268932,4.2307488229811984e-09,Mon Jun 21 15:32:34 2021,178b17e2826e
