,bf,error,time,code
"Alt., r=0.707",0.10391840744572621,1.960760420629571e-05,Thu Jun 17 17:52:27 2021,329e382776df
