,bf,error,time,code
"Alt., r=0.707 0<d<Inf",0.06481341440931983,1.9050757892138783e-06,Wed Dec  8 15:16:56 2021,3ca31666f174
"Alt., r=0.707 !(0<d<Inf)",0.11281533101186102,2.1193279966144406e-05,Wed Dec  8 15:16:56 2021,3ca340760229
