,bf,error,time,code
"Alt., r=0.707 0<d<Inf",0.06481341440931983,1.9050757892138783e-06,Wed Sep  1 10:17:53 2021,5b4e4f646faa
"Alt., r=0.707 !(0<d<Inf)",0.11281533101186102,2.1193279966144406e-05,Wed Sep  1 10:17:53 2021,5b4e4adf2a9e
