,bf,error,time,code
"Alt., r=0.707",422.8639230268932,4.2307488229811984e-09,Fri Jul 30 14:27:11 2021,540d3941721
