,bf,error,time,code
"Alt., r=0.707 0<d<Inf",0.05171853613512772,7.246971096472142e-06,Fri Jul 30 14:26:56 2021,540d5e14371
"Alt., r=0.707 !(0<d<Inf)",0.1623967821542628,4.337913881674989e-06,Fri Jul 30 14:26:56 2021,540d812b2bb
