,bf,error,time,code
"Alt., r=0.707 0<d<Inf",0.053076385290223786,7.431784623857267e-06,Wed Dec  8 15:14:23 2021,3ca3eb3a26c
"Alt., r=0.707 !(0<d<Inf)",0.15476042960198505,2.6287647699526628e-06,Wed Dec  8 15:14:23 2021,3ca3336c67fe
