,bf,error,time,code
"Alt., r=0.707",0.926335286703137,2.1645868923641504e-06,Fri Jul 30 14:27:27 2021,540d735cfadf
