,bf,error,time,code
"Alt., r=0.707",0.08881437271053663,2.295007017515776e-05,Fri Jul 30 14:26:42 2021,540d6de98dba
