,bf,error,time,code
"Alt., r=0.707 0<d<Inf",1.8262398226158039,2.7588087988941085e-05,Mon Jun 21 15:32:43 2021,178b3800f9b7
"Alt., r=0.707 !(0<d<Inf)",0.026438803870911107,6.79023911626758e-09,Mon Jun 21 15:32:43 2021,178b480a7a1a
