,bf,error,time,code
"Alt., r=0.707",0.08881437271053663,2.295007017515776e-05,Wed Sep  1 15:11:57 2021,a3a970412a3f
