,bf,error,time,code
"Alt., r=0.707 0<d<Inf",806.8482541291947,1.2658805449594593e-08,Fri Jul  9 23:23:29 2021,181ac1c3a4794
"Alt., r=0.707 !(0<d<Inf)",0.015786248187657226,1.8800963986346246e-05,Fri Jul  9 23:23:29 2021,181ac36315406
