,bf,error,time,code
"Alt., r=0.707",0.926335286703137,2.1645868923641504e-06,Thu Jun 17 17:55:07 2021,329e56f940e2
