,bf,error,time,code
"Alt., r=0.707",0.08881437271053663,2.295007017515776e-05,Wed Dec  8 15:16:56 2021,3ca32ed4d2f9
