,bf,error,time,code
"Alt., r=0.707 0<d<Inf",845.7120972184803,1.1246347236977041e-08,Tue Jul 20 18:10:50 2021,189154e80190
"Alt., r=0.707 !(0<d<Inf)",0.015748819370776844,1.733185828199373e-05,Tue Jul 20 18:10:50 2021,18914bbec07c
