,bf,error,time,code
"Alt., r=0.707",0.926335286703137,2.1645868923641504e-06,Wed Sep  1 10:19:12 2021,5b4e28b4f95
