,bf,error,time,code
"Alt., r=0.707",422.8639230268932,4.2307488229811984e-09,Tue Jul 20 18:10:50 2021,189128a8805
