,bf,error,time,code
"Alt., r=0.707",0.1070576591432747,1.9031136087146063e-05,Tue Jul 20 18:10:34 2021,18913a3bde41
