,bf,error,time,code
"Alt., r=0.707 0<d<Inf",845.7120972184803,1.1246347236977041e-08,Mon Jun 21 15:32:34 2021,178b17e11002
"Alt., r=0.707 !(0<d<Inf)",0.015748819370776844,1.733185828199373e-05,Mon Jun 21 15:32:34 2021,178b38e1ff8d
