,bf,error,time,code
"Alt., r=0.707 0<d<Inf",806.8482541291947,1.2658805449594593e-08,Wed Sep  1 15:11:20 2021,a3a975f60c10
"Alt., r=0.707 !(0<d<Inf)",0.015786248187657226,1.8800963986346246e-05,Wed Sep  1 15:11:20 2021,a3a96c922af0
