,bf,error,time,code
"Alt., r=0.707",422.8639230268932,4.2307488229811984e-09,Wed Sep  1 15:12:34 2021,a3a92af0eb62
