,bf,error,time,code
"Alt., r=0.707",0.1070576591432747,1.9031136087146063e-05,Thu Jun 17 17:54:42 2021,329e543b47ef
