,bf,error,time,code
"Alt., r=0.707 0<d<Inf",0.05171853613512772,7.246971096472142e-06,Mon Jun 21 15:32:25 2021,178b4220f115
"Alt., r=0.707 !(0<d<Inf)",0.1623967821542628,4.337913881674989e-06,Mon Jun 21 15:32:25 2021,178bb3bb9e
