,bf,error,time,code
"Alt., r=0.707 0<d<Inf",806.8482541291947,1.2658805449594593e-08,Fri Jul 30 14:26:13 2021,540d64de3ed
"Alt., r=0.707 !(0<d<Inf)",0.015786248187657226,1.8800963986346246e-05,Fri Jul 30 14:26:13 2021,540d63aedfd6
