,bf,error,time,code
"Alt., r=0.707",0.10391840744572621,1.960760420629571e-05,Wed Sep  1 10:15:13 2021,5b4e2e22bb93
