,bf,error,time,code
"Alt., r=0.707",403.4320201898113,4.439676113415869e-09,Wed Sep  1 10:17:05 2021,5b4e4a69043e
