,bf,error,time,code
"Alt., r=0.707 0<d<Inf",845.7120972184803,1.1246347236977041e-08,Wed Sep  1 10:18:42 2021,5b4e54ec39a5
"Alt., r=0.707 !(0<d<Inf)",0.015748819370776844,1.733185828199373e-05,Wed Sep  1 10:18:42 2021,5b4e60bcab31
