,bf,error,time,code
"Alt., r=0.707",0.926335286703137,2.1645868923641504e-06,Tue Jul 20 18:11:08 2021,1891584f33bd
