,bf,error,time,code
"Alt., r=0.707",422.8639230268932,4.2307488229811984e-09,Thu Jun 17 17:54:53 2021,329e7fefc71c
