,bf,error,time,code
"Alt., r=0.707 0<d<Inf",1.8262398226158039,2.7588087988941085e-05,Wed Dec  8 15:18:21 2021,3ca37b993749
"Alt., r=0.707 !(0<d<Inf)",0.026438803870911107,6.79023911626758e-09,Wed Dec  8 15:18:21 2021,3ca37fcd904
