,bf,error,time,code
"Alt., r=0.707 0<d<Inf",845.7120972184803,1.1246347236977041e-08,Wed Dec  8 15:17:55 2021,3ca37a9228f
"Alt., r=0.707 !(0<d<Inf)",0.015748819370776844,1.733185828199373e-05,Wed Dec  8 15:17:55 2021,3ca3711bde36
