,bf,error,time,code
"Alt., r=0.707 0<d<Inf",0.06481341440931983,1.9050757892138783e-06,Fri Jul  9 23:23:48 2021,181ac559e5393
"Alt., r=0.707 !(0<d<Inf)",0.11281533101186102,2.1193279966144406e-05,Fri Jul  9 23:23:48 2021,181acd8103cf
