,bf,error,time,code
"Alt., r=0.707 0<d<Inf",0.05171853613512772,7.246971096472142e-06,Fri Jul  9 23:23:57 2021,181ac12223643
"Alt., r=0.707 !(0<d<Inf)",0.1623967821542628,4.337913881674989e-06,Fri Jul  9 23:23:57 2021,181ac4187202
