,bf,error,time,code
"Alt., r=0.707 0<d<Inf",1.8262398226158039,2.7588087988941085e-05,Wed Sep  1 15:12:55 2021,a3a9a8b1d7e
"Alt., r=0.707 !(0<d<Inf)",0.026438803870911107,6.79023911626758e-09,Wed Sep  1 15:12:55 2021,a3a9333d409a
