,bf,error,time,code
"Alt., r=0.707",422.8639230268932,4.2307488229811984e-09,Fri Jul  9 23:24:06 2021,181ac60e4e367
