subject,nll,bic,model,wp,wp_rec,beta,beta_rec,b_last,b_last_rec,b_longer,b_longer_rec,nll_rec
15,54.270647230427954,128.27919019337867,wa_b-last_b-longer,0.9452732553913605,0.9487373512249787,16.027552843430836,14.610764534857788,0.02599682235197175,0.03538541275988958,-0.010807798932052026,-0.015351116655599205,55.73653150194441
