subject,nll,bic,model,wp,wp_rec,beta,beta_rec,b_last,b_last_rec,b_longer,b_longer_rec,nll_rec
14,70.89716733250354,161.53223039752984,wa_b-last_b-longer,0.9010963905742717,0.905724228245961,6.9484983228756745,7.730648746758624,0.028771428175227123,0.0478361792545487,0.03204933367242285,0.017928213155451442,68.07768589932712
