subject,nll,bic,model,wp,wp_rec,beta,beta_rec,b_last,b_last_rec,b_longer,b_longer_rec,nll_rec
17,52.32885678944581,124.42428326932884,wa_b-last_b-longer,0.8972411288689148,0.8944711107313782,13.255338793134333,14.968120766128207,-0.006815838434408498,-0.007006454342438285,0.008902125719390641,-2.0940759318705605e-07,48.90896752074404
