subject,nll,bic,model,wp,wp_rec,beta,beta_rec,b_last,b_last_rec,b_longer,b_longer_rec,nll_rec
18,52.15851274235455,124.08359517514631,wa_b-last_b-longer,0.9432683625097046,0.9403546094567695,16.93485373255144,21.058028960540632,0.03559500669355961,0.026702987969732417,-1.568202128460221e-07,-0.01975147890866019,45.45479307738589
