subject,nll,bic,model,wp,wp_rec,beta,beta_rec,b_last,b_last_rec,b_longer,b_longer_rec,nll_rec
7,95.6612628724746,211.0890954353864,wa_b-last_b-longer,1.0,1.0,0.9536327392357923,0.3952263804539632,0.06072973382190861,0.5569581392842775,-0.035643447482944714,-0.5154974779269584,95.30395443746843
