subject,nll,bic,model,wp,wp_rec,beta,beta_rec,b_last,b_last_rec,b_longer,b_longer_rec,nll_rec
19,36.31007118666294,92.3867120637631,wa_b-last_b-longer,0.9812629619129283,0.9779565746531826,15.275697868342789,15.605644977610167,0.013277473312560363,0.052107238383620365,0.006699108710881615,-0.0059918878242561195,37.06133860710487
