subject,nll,bic,model,wp,wp_rec,beta,beta_rec,b_last,b_last_rec,b_longer,b_longer_rec,nll_rec
11,79.82968585481044,179.39726744214363,wa_b-last_b-longer,0.8647891648572422,0.8892117994259631,3.721194062043078,3.3646007455401534,0.022997143624503686,-0.008812088418467872,0.027932862283648028,0.061319181766869534,86.133854841392
