subject,nll,bic,model,wp,wp_rec,beta,beta_rec,b_last,b_last_rec,b_longer,b_longer_rec,nll_rec
10,38.66595113404024,97.0984719585177,wa_b-last_b-longer,0.6988459429830699,0.6962671288520981,5.182228991798056,5.710241878026915,0.0021936940970753477,-0.017779517765168867,0.01756181835922679,8.152080164994594e-07,35.44558402831538
