subject,nll,bic,model,wp,wp_rec,beta,beta_rec,b_last,b_last_rec,b_longer,b_longer_rec,nll_rec
16,84.24587312328916,188.05314275946535,wa_b-last_b-longer,0.9170093712503404,0.8986524992738171,3.140235500318488,5.192224420261588,0.09582996773013151,0.08254212260417736,-0.0127943885413229,0.007514979419075908,73.22851066149659
