subject,nll,bic,model,wp,wp_rec,beta,beta_rec,b_last,b_last_rec,b_longer,b_longer_rec,nll_rec
4,70.16793786511732,160.10244542067187,wa_b-last_b-longer,0.8927480809570443,0.8773687292962001,7.0052802134782235,5.097122519826585,-0.025701389805395623,-0.07082686945067868,0.039451371910303755,-0.008571215736972738,76.15677600241906
