subject,nll,bic,model,wp,wp_rec,beta,beta_rec,b_last,b_last_rec,b_longer,b_longer_rec,nll_rec
5,32.33327665744509,84.43312300532739,wa_b-last_b-longer,0.9464879181312275,0.9481512891631976,34.34640050844709,41.6273626678283,0.0030463348657775746,5.8162004281338125e-05,0.014636656130212942,0.016944385431903616,27.358868545534456
