subject,nll,bic,model,wp,wp_rec,beta,beta_rec,b_last,b_last_rec,b_longer,b_longer_rec,nll_rec
12,68.31664610856063,156.37118794964402,wa_b-last_b-longer,0.9324216813739615,0.9437757348672998,9.20200267581274,7.1771471707474825,0.04278260261672862,0.0011742851815479483,-0.008412436057469752,-0.02648672537417818,76.99367789427346
