subject,nll,bic,model,wp,wp_rec,eta,eta_rec,beta,beta_rec,b_last,b_last_rec,nll_rec
1-attributes,30.396368843100905,77.78671865439925,twostagebetween,0.6582502019780568,0.750124723644583,1.0,0.2474130082863518,15.382173756930827,14.499442947958501,0.028426767489860644,0.06415919472642807,31.113843868325358
