subject,nll,bic,model,wp,wp_rec,eta,eta_rec,beta,beta_rec,b_last,b_last_rec,nll_rec
10-alternatives,18.323772763012606,53.641526494222646,twostagebetween,0.13551106301378166,0.0,0.11012464317654816,3.391329932591827e-07,27.223833428238105,30.19855902237346,-0.04147118631874378,-0.048132004608392426,12.471172521594623
