subject,nll,bic,model,wp,wp_rec,eta,eta_rec,beta,beta_rec,b_last,b_last_rec,nll_rec
0-alternatives,30.32607537148993,77.6461317111773,twostagebetween,0.4226933223582014,0.43020542079210594,0.2580285548616251,0.04171109423152956,29.856861742440525,27.113830185445536,0.06912275091813143,-0.00754495722102454,34.46410241564796
