subject,nll,bic,model,m_min,m_min_rec,epsilon,epsilon_rec,b_longer,b_longer_rec,b_last,b_last_rec,nll_rec
159-attributes,41.53937073884836,100.01516749608577,mcutoff_b-last_b-longer,8.55592980840483,9.840606905796639,0.2898546458841283,0.1304340412551695,-0.022054963531926486,0.009282197516014445,0.14444557253869394,0.1815289539745144,26.717515887996868
