subject,nll,bic,model,m_min,m_min_rec,epsilon,epsilon_rec,b_longer,b_longer_rec,b_last,b_last_rec,nll_rec
78-attributes,39.90316193522992,96.80030483865727,mcutoff_b-last_b-longer,7.285061524580588,7.067921335116138,0.25714237071533846,0.19999939781824022,-0.011119384372761831,-0.006571618439719096,0.11519238532897691,0.11417034891602196,35.02802964781313
