subject,nll,bic,model,m_min,m_min_rec,epsilon,epsilon_rec,b_longer,b_longer_rec,b_last,b_last_rec,nll_rec
6-attributes,28.708002280328618,74.40998552885468,mcutoff_b-last_b-longer,8.89155714350681,8.492490055541955,0.14285642869252838,0.11428493955838476,-0.11317525419584129,-0.08573765390783161,0.0005645251220107728,0.17629695811406276,24.876662737360753
