subject,nll,bic,model,m_min,m_min_rec,epsilon,epsilon_rec,b_longer,b_longer_rec,b_last,b_last_rec,nll_rec
136-alternatives,33.59626303002578,84.186507028249,mcutoff_b-last_b-longer,9.26043416062166,8.562439478907756,0.18571365597054038,0.19999939821076113,-0.11153836935479411,-0.1074858848209801,-0.002515058937811676,-0.007350265114543619,35.028029647813135
