subject,nll,bic,model,m_min,m_min_rec,epsilon,epsilon_rec,b_longer,b_longer_rec,b_last,b_last_rec,nll_rec
71-attributes,43.57394444613345,104.14186986046434,mcutoff_b-last_b-longer,6.8059735792473,7.517098936020807,0.3142853309995023,0.29999959950731947,0.1573717551448104,-0.08085087538888014,-0.043755102106157295,-0.41252980426407504,42.76036114398252
