subject,nll,bic,model,m_min,m_min_rec,epsilon,epsilon_rec,b_longer,b_longer_rec,b_last,b_last_rec,nll_rec
12-attributes,30.27066820487449,77.47776242813802,mcutoff_b-last_b-longer,8.276005709600057,8.245252736347513,0.15941960413628725,0.1594196097363292,0.010828692952184804,0.017657006004466957,0.1254012029660212,0.11927240185185006,30.27066820487449
