subject,nll,bic,model,m_min,m_min_rec,epsilon,epsilon_rec,b_longer,b_longer_rec,b_last,b_last_rec,nll_rec
196-attributes,40.92707907049213,98.84813910918169,mcutoff_b-last_b-longer,7.762928344341791,7.359790875209644,0.2714281151198053,0.1999993965644709,-0.165993582273827,-0.31748594447673084,0.30496849444309526,0.4705303081025891,35.028029647813135
