subject,nll,bic,model,m_min,m_min_rec,epsilon,epsilon_rec,b_longer,b_longer_rec,b_last,b_last_rec,nll_rec
35-alternatives,30.442969752375596,77.87992047294863,mcutoff_b-last_b-longer,8.577616906165652,9.48669014552346,0.15714217412742637,0.21428514072459556,0.008060070853676882,0.07256982667694323,-0.0455009032839081,0.020208827684683905,36.37044873927606
