subject,nll,bic,model,m_min,m_min_rec,epsilon,epsilon_rec,b_longer,b_longer_rec,b_last,b_last_rec,nll_rec
170-alternatives,37.627968873287784,92.249918714773,mcutoff_b-last_b-longer,9.492305368825217,8.823021212636974,0.22857088413167143,0.19999940413910475,-0.0022001337720004566,-0.007127748073949114,0.1217247846316003,0.13096970791570262,35.028029647813135
