subject,nll,bic,model,m_min,m_min_rec,epsilon,epsilon_rec,b_longer,b_longer_rec,b_last,b_last_rec,nll_rec
10-alternatives,38.80442867637697,94.60283832095138,mcutoff_b-last_b-longer,7.157259547556906,7.4873904915981875,0.24285663043029226,0.14285643031776696,-0.10494311562376579,-0.13966208203343056,-0.0034775215992399744,-0.0660667537107158,28.70800228032862
