subject,nll,bic,model,m_min,m_min_rec,epsilon,epsilon_rec,b_longer,b_longer_rec,b_last,b_last_rec,nll_rec
86-alternatives,5.2411781263842245,27.47633722096589,mcutoff_b-last_b-longer,9.947159698726217,8.638793602432134,0.014284743470909298,4.660438701620251e-13,0.06587399651469572,0.07506085212861269,-0.027022969237159522,-0.034865086481442376,-6.999993236928352e-05
