subject,nll,bic,model,m_min,m_min_rec,epsilon,epsilon_rec,b_longer,b_longer_rec,b_last,b_last_rec,nll_rec
68-alternatives,9.081708630499975,35.15739822919738,mcutoff_b-last_b-longer,2.270692586373378,0.8284239649775085,0.028570486277117346,0.014284742532982782,0.12345171068898275,-0.948400256954753,0.5743813967263822,-0.03848008896322763,5.241178126384223
