subject,nll,bic,model,m_min,m_min_rec,epsilon,epsilon_rec,b_longer,b_longer_rec,b_last,b_last_rec,nll_rec
172-attributes,22.755668137541363,62.50531724328016,mcutoff_b-last_b-longer,2.6006133048683857,2.7787870830664856,0.09999920027944913,0.05714196971138754,0.4459549476378888,0.404982477835351,0.46887251089817283,0.5392514594276225,15.332136525371473
