subject,nll,bic,model,m_min,m_min_rec,epsilon,epsilon_rec,b_longer,b_longer_rec,b_last,b_last_rec,nll_rec
12-alternatives,38.80442867637698,94.60283832095139,mcutoff_b-last_b-longer,8.279851428723342,8.160740604731908,0.24285662501172178,0.2142851435698603,-0.003217067547032104,-0.04679190905535069,0.34238304303551637,0.40479984625694954,36.37044873927606
