subject,nll,bic,model,m_min,m_min_rec,epsilon,epsilon_rec,b_longer,b_longer_rec,b_last,b_last_rec,nll_rec
88-alternatives,38.804428676376986,94.6028383209514,mcutoff_b-last_b-longer,7.0475553946722265,7.878861628952652,0.24285662490385546,0.2142851462571521,0.03860775456347798,0.25304373984022677,-0.16393689001291945,-0.10561921277030495,36.37044873927606
