subject,nll,bic,model,m_min,m_min_rec,epsilon,epsilon_rec,b_longer,b_longer_rec,b_last,b_last_rec,nll_rec
0-alternatives,39.903161935229924,96.80030483865728,mcutoff_b-last_b-longer,7.600691452436264,7.0786887530772225,0.25714237209765806,0.22857088050305668,-0.11684755978248373,-0.19137714452315835,-0.09185259844719507,-0.18133322183968514,37.62796887328779
