subject,nll,bic,model,m_min,m_min_rec,epsilon,epsilon_rec,b_longer,b_longer_rec,b_last,b_last_rec,nll_rec
117-attributes,28.708002280328614,74.40998552885466,mcutoff_b-last_b-longer,8.532534917719016,8.446350249892031,0.1428564297841553,0.15714217003639802,-0.10901375501239408,0.14211469471765725,-0.004255214095285176,0.03874757855518984,30.44296975237559
