subject,nll,bic,model,m_min,m_min_rec,epsilon,epsilon_rec,b_longer,b_longer_rec,b_last,b_last_rec,nll_rec
83-attributes,30.442969752375593,77.87992047294863,mcutoff_b-last_b-longer,9.030447614225288,8.463233358460487,0.15714217124103483,0.24285663004918967,-0.13093392086067746,-0.13715847683398374,-0.007836759655279302,-0.01325543587327771,38.80442867637697
