subject,nll,bic,model,m_min,m_min_rec,epsilon,epsilon_rec,b_longer,b_longer_rec,b_last,b_last_rec,nll_rec
45-alternatives,24.87666273736075,66.74730644291894,mcutoff_b-last_b-longer,0.3127910601323194,2.6408094617405014,0.11428494332056784,0.09999919971459395,0.2719109288834858,0.5341553452641468,-0.6634832562549744,-0.4086918426783889,22.755668137541367
