subject,nll,bic,model,m_min,m_min_rec,epsilon,epsilon_rec,b_longer,b_longer_rec,b_last,b_last_rec,nll_rec
176-alternatives,36.370448739276064,89.73487844674956,mcutoff_b-last_b-longer,8.611686100267429,8.581505368747607,0.21428514192136255,0.17142791468742982,0.23076388600560716,0.2073958048181208,0.11852816506315622,0.10280439740456204,32.06995253444679
