subject,nll,bic,model,m_min,m_min_rec,epsilon,epsilon_rec,b_longer,b_longer_rec,b_last,b_last_rec,nll_rec
143-attributes,37.6279688732878,92.24991871477303,mcutoff_b-last_b-longer,6.879799281867211,6.838330685546622,0.22857088183534946,0.2571423716051532,0.0013361052742260071,0.21497310313072093,0.2060003222775062,0.18381914725216597,39.903161935229924
