subject,nll,bic,model,m_min,m_min_rec,epsilon,epsilon_rec,b_longer,b_longer_rec,b_last,b_last_rec,nll_rec
4-attributes,36.37044873927606,89.73487844674955,mcutoff_b-last_b-longer,7.489493348503563,7.5051418485018795,0.21428514242179766,0.1285706835831999,0.046082377697971966,-0.09229720972016797,0.2555838925064331,0.2992451290959426,26.856200032997158
