subject,nll,bic,model,m_min,m_min_rec,epsilon,epsilon_rec,b_longer,b_longer_rec,b_last,b_last_rec,nll_rec
33-alternatives,43.573944446133396,104.14186986046423,mcutoff_b-last_b-longer,8.647642859868622,9.544539968431012,0.31428534045833195,0.2428566292737987,0.32072559505972276,0.00624481904011831,0.19078438101304296,0.3657379949664781,38.80442867637698
