subject,nll,bic,model,m_min,m_min_rec,epsilon,epsilon_rec,b_longer,b_longer_rec,b_last,b_last_rec,nll_rec
129-attributes,28.70800228032862,74.40998552885468,mcutoff_b-last_b-longer,7.126427674753141,7.232218578555062,0.14285642662138534,0.12857068463116986,0.04247027994984709,0.08677307082349595,0.05903164270157779,0.1125601174762183,26.85620003299715
