subject,nll,bic,model,m_min,m_min_rec,epsilon,epsilon_rec,b_longer,b_longer_rec,b_last,b_last_rec,nll_rec
175-attributes,38.523910602158985,93.98424722270701,mcutoff_b-last_b-longer,8.392066206672162,9.975669729194227,0.2463763018648465,0.1449268234057204,0.23094014096777649,0.23980518438977438,0.10251054295055084,0.11430705507989014,28.552650696970986
