subject,nll,bic,model,m_min,m_min_rec,epsilon,epsilon_rec,b_longer,b_longer_rec,b_last,b_last_rec,nll_rec
150-attributes,33.389174489180554,83.71477499675015,mcutoff_b-last_b-longer,7.770162136725411,7.748287833746602,0.18840516967969026,0.11594125943916914,-0.021266948122160123,0.02162205275470841,0.18781792179621903,0.174866920767482,24.75437276933821
