subject,nll,bic,model,m_min,m_min_rec,epsilon,epsilon_rec,b_longer,b_longer_rec,b_last,b_last_rec,nll_rec
163-attributes,40.92707907049213,98.84813910918169,mcutoff_b-last_b-longer,7.493104892795053,7.517184782714164,0.2714281112738888,0.24285663078474237,0.4097862028719488,0.4971311548792887,-0.04479982849487696,-0.11830308476035156,38.80442867637698
