subject,nll,bic,model,m_min,m_min_rec,epsilon,epsilon_rec,b_longer,b_longer_rec,b_last,b_last_rec,nll_rec
75-alternatives,32.06995253444679,81.13388603709102,mcutoff_b-last_b-longer,9.649286627338835,8.235506777004636,0.171427909926885,0.18571365331575165,-0.05624134069434539,-0.012190374723920705,-0.04897482287554755,-0.12245005857583613,33.596263030025774
