subject,nll,bic,model,m_min,m_min_rec,epsilon,epsilon_rec,b_longer,b_longer_rec,b_last,b_last_rec,nll_rec
39-alternatives,38.80442867637697,94.60283832095138,mcutoff_b-last_b-longer,7.751681473190049,7.761437404800967,0.24285663046441078,0.21428514457384495,0.5025528738375742,-0.03119097122219372,0.852898743794732,0.5513046572712776,36.37044873927606
