subject,nll,bic,model,m_min,m_min_rec,epsilon,epsilon_rec,b_longer,b_longer_rec,b_last,b_last_rec,nll_rec
129-alternatives,36.37044873927606,89.73487844674955,mcutoff_b-last_b-longer,7.101407042167812,7.720747575194108,0.21428513992462928,0.18571365746151183,-0.05229416009005827,-0.16144331604089102,0.15680225210296883,0.04612786638291366,33.59626303002578
