subject,nll,bic,model,m_min,m_min_rec,epsilon,epsilon_rec,b_longer,b_longer_rec,b_last,b_last_rec,nll_rec
114-attributes,37.6279688732878,92.24991871477303,mcutoff_b-last_b-longer,9.06781012963047,8.858982908696262,0.22857088420649072,0.15714216796168806,0.0437803661344196,0.14484113621071648,-0.07268424947194096,0.03193786599246362,30.44296975237559
