subject,nll,bic,model,m_min,m_min_rec,epsilon,epsilon_rec,b_longer,b_longer_rec,b_last,b_last_rec,nll_rec
96-attributes,39.6034119062773,96.14324983094365,mcutoff_b-last_b-longer,7.344207642544088,7.871426233937724,0.26086908483253973,0.20289795467017543,-0.05616247822441245,-0.028172023573749705,-0.04064857276281597,-0.06672526370757048,34.80308301494935
