subject,nll,bic,model,m_min,m_min_rec,epsilon,epsilon_rec,b_longer,b_longer_rec,b_last,b_last_rec,nll_rec
68-attributes,24.876662737360753,66.74730644291894,mcutoff_b-last_b-longer,0.9434798134874063,2.1902921975011065,0.11428493950053858,0.11428494011530546,-0.19383838175304902,-0.9186689418697687,-0.7525046779466771,-0.01848677394972087,24.876662737360753
