subject,nll,bic,model,m_min,m_min_rec,epsilon,epsilon_rec,b_longer,b_longer_rec,b_last,b_last_rec,nll_rec
184-alternatives,-6.999995453375376e-05,16.99384096828837,mcutoff_b-last_b-longer,9.864884633527968,9.864884633527968,1.4940826353893044e-13,1.4940826353893044e-13,0.027638709606806255,0.027638709606806255,0.04071979275158655,0.04071979275158655,-6.999995453375376e-05
