subject,nll,bic,model,m_min,m_min_rec,epsilon,epsilon_rec,b_longer,b_longer_rec,b_last,b_last_rec,nll_rec
17-attributes,38.23865383421495,93.35533848913433,mcutoff_b-last_b-longer,7.479688819270277,7.143120595068212,0.2499994964565362,0.16176402816894,-0.04083258625868158,-0.05518179003886614,0.07992566591710748,0.14695773332166295,30.095617684759812
