subject,nll,bic,model,m_min,m_min_rec,epsilon,epsilon_rec,b_longer,b_longer_rec,b_last,b_last_rec,nll_rec
180-alternatives,35.02802964781313,87.05004026382369,mcutoff_b-last_b-longer,9.805953660545452,8.974806829016186,0.1999993961119964,0.21428513799930665,-0.035508201258802274,0.12366709060775127,0.09393535375008955,-0.05183602663397835,36.37044873927606
