subject,nll,bic,model,m_min,m_min_rec,epsilon,epsilon_rec,b_longer,b_longer_rec,b_last,b_last_rec,nll_rec
73-attributes,31.880408753323522,80.69724352503609,mcutoff_b-last_b-longer,8.71976483027137,9.072476769125878,0.173912390923217,0.14492682691429623,0.016059759879420543,0.02032461403202923,0.1334240525849566,0.13458218110542974,28.552650696970982
