subject,nll,bic,model,m_min,m_min_rec,epsilon,epsilon_rec,b_longer,b_longer_rec,b_last,b_last_rec,nll_rec
26-alternatives,15.332136525371475,47.65825401894038,mcutoff_b-last_b-longer,9.063042226796876,9.628416226047658,0.05714197213427825,0.07142771668773677,-0.01865284278265178,0.06962418256463199,0.024606138132523325,-0.03796586238733002,18.0121648382082
