subject,nll,bic,model,m_min,m_min_rec,epsilon,epsilon_rec,b_longer,b_longer_rec,b_last,b_last_rec,nll_rec
144-attributes,41.87873120110798,100.7514433704134,mcutoff_b-last_b-longer,7.15716570744131,7.95100450700024,0.28571385945791417,0.1714279088263098,0.15162942708189053,0.17951713107925937,-0.06210837348248588,-0.10449351312124788,32.06995253444679
