subject,nll,bic,model,m_min,m_min_rec,epsilon,epsilon_rec,b_longer,b_longer_rec,b_last,b_last_rec,nll_rec
106-attributes,38.80442867637698,94.60283832095139,mcutoff_b-last_b-longer,7.288198170250073,7.630552839384281,0.24285663002352717,0.25714236593065004,0.5909611211712675,0.6843964102924207,0.8340732977455403,0.8773025001129444,39.90316193522992
