subject,nll,bic,model,m_min,m_min_rec,epsilon,epsilon_rec,b_longer,b_longer_rec,b_last,b_last_rec,nll_rec
113-attributes,30.442969752375593,77.87992047294863,mcutoff_b-last_b-longer,1.6263917409226831,1.423763738122303,0.15714217180510015,0.0999991961200094,-0.4329650193201935,-0.5894522890587157,0.974494599675251,0.9159267032254179,22.75566813754137
