subject,nll,bic,model,m_min,m_min_rec,epsilon,epsilon_rec,b_longer,b_longer_rec,b_last,b_last_rec,nll_rec
155-attributes,30.442969752375596,77.87992047294863,mcutoff_b-last_b-longer,8.201684304984543,8.208854894079547,0.15714216915655094,0.0428562289036516,0.11035991571515225,0.12338871556843567,0.007979315218790584,0.01631211634357599,12.384284578396066
