subject,nll,bic,model,m_min,m_min_rec,epsilon,epsilon_rec,b_longer,b_longer_rec,b_last,b_last_rec,nll_rec
39-attributes,42.760361143982514,102.51470325616246,mcutoff_b-last_b-longer,7.301660924518496,7.227397909745306,0.29999959905019674,0.21428513805054564,0.28793417452613457,0.17774185974019696,-0.010141441136763407,-0.05351836952333133,36.37044873927606
