subject,nll,bic,model,m_min,m_min_rec,epsilon,epsilon_rec,b_longer,b_longer_rec,b_last,b_last_rec,nll_rec
19-attributes,41.87873120110798,100.7514433704134,mcutoff_b-last_b-longer,7.821554186853975,7.042678753403968,0.28571385527696097,0.22857088843186407,-0.15036650144716013,-0.146651005562068,-0.05671265307062645,-0.21840426899444887,37.62796887328779
