subject,nll,bic,model,m_min,m_min_rec,epsilon,epsilon_rec,b_longer,b_longer_rec,b_last,b_last_rec,nll_rec
46-attributes,37.6279688732878,92.24991871477303,mcutoff_b-last_b-longer,7.431470685534283,6.912989829563254,0.22857088317230484,0.24285662394343266,-0.07218406415291523,-0.017988163122309997,-0.021918116772990826,-0.09865322345613925,38.80442867637698
