subject,nll,bic,model,m_min,m_min_rec,epsilon,epsilon_rec,b_longer,b_longer_rec,b_last,b_last_rec,nll_rec
54-attributes,37.6279688732878,92.24991871477303,mcutoff_b-last_b-longer,7.41683297776865,7.345527825576409,0.22857087761472952,0.19999939620264479,-0.005900456056820436,0.029709642889743426,0.11334102474318142,-0.03365980668516977,35.02802964781313
