subject,nll,bic,model,m_min,m_min_rec,epsilon,epsilon_rec,b_longer,b_longer_rec,b_last,b_last_rec,nll_rec
176-attributes,33.59626303002577,84.18650702824897,mcutoff_b-last_b-longer,7.277612157339144,7.055172256802845,0.18571365752417757,0.14285642488285372,-0.05912223681923645,-0.030105681309996468,0.06188964904768257,0.14608698013461452,28.70800228032862
