subject,nll,bic,model,m_min,m_min_rec,epsilon,epsilon_rec,b_longer,b_longer_rec,b_last,b_last_rec,nll_rec
73-alternatives,31.880408753323525,80.69724352503609,mcutoff_b-last_b-longer,9.233707078442194,8.202595444973408,0.17391238875649956,0.21739073831413389,-0.13398212516044317,-0.1815749219410886,0.005087761510471633,0.05604857526413243,36.127319286344914
