subject,nll,bic,model,m_min,m_min_rec,epsilon,epsilon_rec,b_longer,b_longer_rec,b_last,b_last_rec,nll_rec
47-alternatives,-6.899996105123849e-05,16.936288018466936,mcutoff_b-last_b-longer,9.05444222969501,9.05444222969501,6.45039577307216e-14,6.45039577307216e-14,0.05840431056397266,0.05840431056397266,-0.02902705604898892,-0.02902705604898892,-6.899996105123849e-05
