subject,nll,bic,model,m_min,m_min_rec,epsilon,epsilon_rec,b_longer,b_longer_rec,b_last,b_last_rec,nll_rec
166-alternatives,33.59626303002577,84.18650702824897,mcutoff_b-last_b-longer,3.0686593937753397,4.674264403600664,0.1857136578361281,0.21428514510911198,0.2718653554328756,-0.3045365593338727,0.6231152864118239,-0.07390314839880252,36.37044873927606
