subject,nll,bic,model,m_min,m_min_rec,epsilon,epsilon_rec,b_longer,b_longer_rec,b_last,b_last_rec,nll_rec
10-attributes,33.59626303002577,84.18650702824897,mcutoff_b-last_b-longer,9.961200557207349,9.025194099193529,0.18571365439010573,0.15714216885400004,-0.03895864525033266,-0.04956400969217645,-0.07790333500009494,-0.0887562518127668,30.442969752375593
