subject,nll,bic,model,m_min,m_min_rec,epsilon,epsilon_rec,b_longer,b_longer_rec,b_last,b_last_rec,nll_rec
28-alternatives,39.903161935229924,96.80030483865728,mcutoff_b-last_b-longer,7.919494841604919,7.986224889875734,0.25714237016886204,0.2857138574844124,-0.0677459412179634,-0.12295668440792995,0.058738900070856026,0.0005166913497258729,41.878731201107996
