subject,nll,bic,model,m_min,m_min_rec,epsilon,epsilon_rec,b_longer,b_longer_rec,b_last,b_last_rec,nll_rec
166-attributes,30.442969752375593,77.87992047294863,mcutoff_b-last_b-longer,3.0481331106214373,3.460633507624345,0.15714216825514554,0.09999920120404224,-0.062449670169671734,0.11499943791991685,-0.2588875714822827,0.21015655231120434,22.755668137541367
