subject,nll,bic,model,m_min,m_min_rec,epsilon,epsilon_rec,b_longer,b_longer_rec,b_last,b_last_rec,nll_rec
109-alternatives,31.687813473486884,80.25365776767819,mcutoff_b-last_b-longer,7.098461659163181,7.175424982331814,0.1764699397365165,0.11764629109918791,0.2141500510309604,0.08503468977624817,-0.09821424362843612,-0.18022666918275565,24.630181885346516
