subject,nll,bic,model,m_min,m_min_rec,epsilon,epsilon_rec,b_longer,b_longer_rec,b_last,b_last_rec,nll_rec
163-alternatives,31.880408753323525,80.69724352503609,mcutoff_b-last_b-longer,6.995012627492789,7.795570803038503,0.1739123925545248,0.15941960527453608,-0.2370845859295494,-0.24723912724892716,-0.011325222316583838,-0.0003384225139411168,30.270668204874486
