subject,nll,bic,model,m_min,m_min_rec,epsilon,epsilon_rec,b_longer,b_longer_rec,b_last,b_last_rec,nll_rec
171-attributes,33.59626303002578,84.186507028249,mcutoff_b-last_b-longer,7.271027189604352,7.351598372514961,0.1857136570150442,0.19999940322608994,-0.07649433939265438,-0.0218036334992745,-0.02471635994308541,-0.10347310383979291,35.02802964781313
