subject,nll,bic,model,m_min,m_min_rec,epsilon,epsilon_rec,b_longer,b_longer_rec,b_last,b_last_rec,nll_rec
41-alternatives,44.14875213135706,105.17553508341854,mcutoff_b-last_b-longer,5.701623714120855,6.169882935351662,0.3529408818464626,0.3088231435269862,-0.25148072355084505,-0.603458086310831,-0.3497491903850406,-0.343305252867102,42.0344794795466
