subject,nll,bic,model,m_min,m_min_rec,epsilon,epsilon_rec,b_longer,b_longer_rec,b_last,b_last_rec,nll_rec
23-alternatives,32.06995253444679,81.13388603709102,mcutoff_b-last_b-longer,8.522515771370994,9.048706239726064,0.1714279125067412,0.1571421668296297,0.025496967159264194,0.036284253845113135,0.07470362789512208,-0.014940162036372273,30.442969752375596
