subject,nll,bic,model,m_min,m_min_rec,epsilon,epsilon_rec,b_longer,b_longer_rec,b_last,b_last_rec,nll_rec
28-attributes,38.80442867637697,94.60283832095138,mcutoff_b-last_b-longer,7.763606490055336,7.045614407015,0.24285662629515775,0.21428514208991886,0.00921847356610872,0.30374866800401357,0.04452106941182765,0.3551364787979727,36.37044873927606
