subject,nll,bic,model,m_min,m_min_rec,epsilon,epsilon_rec,b_longer,b_longer_rec,b_last,b_last_rec,nll_rec
38-alternatives,41.87873120110798,100.7514433704134,mcutoff_b-last_b-longer,6.953192463574301,8.108340994395986,0.28571385282183775,0.3428568273911543,0.2003209895301088,0.4161112130828717,-0.00783614418536871,-0.07967048695689882,45.00373077674604
