subject,nll,bic,model,m_min,m_min_rec,epsilon,epsilon_rec,b_longer,b_longer_rec,b_last,b_last_rec,nll_rec
86-attributes,-6.999996221204853e-05,16.993840968273012,mcutoff_b-last_b-longer,9.379752648978677,9.379752648978677,3.977373985719623e-14,3.977373985719623e-14,0.015975463148970803,0.015975463148970803,0.03446256157279581,0.03446256157279581,-6.999996221204853e-05
