subject,nll,bic,model,m_min,m_min_rec,epsilon,epsilon_rec,b_longer,b_longer_rec,b_last,b_last_rec,nll_rec
198-alternatives,37.627968873287784,92.249918714773,mcutoff_b-last_b-longer,8.209568427938123,8.242612821545109,0.22857088330557288,0.19999939776042455,0.10434690662922685,0.06181525804407895,0.006003286104255157,-0.03196017992646849,35.028029647813135
