subject,nll,bic,model,m_min,m_min_rec,epsilon,epsilon_rec,b_longer,b_longer_rec,b_last,b_last_rec,nll_rec
188-attributes,40.92707907049213,98.84813910918169,mcutoff_b-last_b-longer,0.11982533854194699,4.3580492627834255,0.27142811118891635,0.19999940030234803,-0.8409176975791831,-0.8479405550652677,0.7181185844636975,0.39283963197678395,35.02802964781313
