subject,nll,bic,model,m_min,m_min_rec,epsilon,epsilon_rec,b_longer,b_longer_rec,b_last,b_last_rec,nll_rec
97-alternatives,35.02802964781313,87.05004026382369,mcutoff_b-last_b-longer,9.698227429802053,9.135542324789608,0.19999939790182789,0.11428494165800475,0.019636537305882218,0.010760235059735557,0.1331327591271645,0.12776743930125822,24.876662737360753
