subject,nll,bic,model,m_min,m_min_rec,epsilon,epsilon_rec,b_longer,b_longer_rec,b_last,b_last_rec,nll_rec
57-alternatives,40.92707907049213,98.84813910918169,mcutoff_b-last_b-longer,7.6824713676913685,7.855275154842142,0.27142811222399105,0.19999940029312224,-0.06335163390540666,-0.08460678339014605,0.03658444949462858,0.029497323891786165,35.028029647813135
