subject,nll,bic,model,m_min,m_min_rec,epsilon,epsilon_rec,b_longer,b_longer_rec,b_last,b_last_rec,nll_rec
140-alternatives,18.012164838208204,53.01831064461385,mcutoff_b-last_b-longer,9.632183283679424,8.958154580076144,0.07142771588710344,0.057141973919076654,-0.002363329474599385,-0.09947107156571677,0.09966006994716436,0.006461545796124568,15.33213652537147
