subject,nll,bic,model,m_min,m_min_rec,epsilon,epsilon_rec,b_longer,b_longer_rec,b_last,b_last_rec,nll_rec
128-attributes,42.40059110157823,101.7376082215455,mcutoff_b-last_b-longer,8.257124428776025,8.221603368460801,0.30434743325554187,0.23188351937097895,0.11819616652643261,0.12824092421442623,-0.06493878428003241,-0.05985737917067768,37.36631984324992
