subject,nll,bic,model,m_min,m_min_rec,epsilon,epsilon_rec,b_longer,b_longer_rec,b_last,b_last_rec,nll_rec
30-attributes,24.754372769338215,66.44517155706546,mcutoff_b-last_b-longer,8.380391113220071,9.622996580022871,0.11594126448479684,0.1159412603413105,0.06129335194053653,-0.09500984524925027,-0.03525949184903965,-0.025537608545893153,24.75437276933821
