subject,nll,bic,model,m_min,m_min_rec,epsilon,epsilon_rec,b_longer,b_longer_rec,b_last,b_last_rec,nll_rec
153-attributes,37.627968873287784,92.249918714773,mcutoff_b-last_b-longer,4.617898411648143,5.172695649459938,0.22857088379934837,0.17142791499408844,-0.7175179587039748,-0.8799266547796979,0.8163441109863008,0.8724073102227137,32.06995253444679
