subject,nll,bic,model,m_min,m_min_rec,epsilon,epsilon_rec,b_longer,b_longer_rec,b_last,b_last_rec,nll_rec
71-alternatives,40.92707907049213,98.84813910918169,mcutoff_b-last_b-longer,7.202767281058405,7.733503586187838,0.27142811077536116,0.2428566250074296,0.11020043444344685,-0.12833528768194047,-0.015848036660922826,-0.25063426332875005,38.80442867637698
