subject,nll,bic,model,m_min,m_min_rec,epsilon,epsilon_rec,b_longer,b_longer_rec,b_last,b_last_rec,nll_rec
195-alternatives,28.708002280328614,74.40998552885466,mcutoff_b-last_b-longer,9.34520224481724,9.132342106659168,0.14285642774513618,0.11428494071748856,-0.11546156862209878,-0.11672683557717667,0.0012468752744565492,-0.0003304819044865903,24.876662737360753
