subject,nll,bic,model,m_min,m_min_rec,epsilon,epsilon_rec,b_longer,b_longer_rec,b_last,b_last_rec,nll_rec
126-alternatives,33.59626303002577,84.18650702824897,mcutoff_b-last_b-longer,8.973028600168686,8.433423828618796,0.1857136554619361,0.15714217294731025,0.10308421225733455,0.10890202831841611,-0.012587152692491221,-0.0050321331327777274,30.442969752375593
