subject,nll,bic,model,m_min,m_min_rec,epsilon,epsilon_rec,b_longer,b_longer_rec,b_last,b_last_rec,nll_rec
147-alternatives,36.37044873927606,89.73487844674955,mcutoff_b-last_b-longer,8.047335349714125,8.05935473711791,0.21428513860888088,0.12857068579911718,0.019164579446507624,0.01505660302130929,-0.05636730795880418,-0.05464746791454911,26.85620003299715
