subject,nll,bic,model,m_min,m_min_rec,epsilon,epsilon_rec,b_longer,b_longer_rec,b_last,b_last_rec,nll_rec
153-alternatives,36.370448739276064,89.73487844674956,mcutoff_b-last_b-longer,5.75748501972307,5.640908178289249,0.21428514069787594,0.21428514421975292,0.11484039576733385,0.11143241589063302,-0.004642042591402551,0.0008989461301323054,36.37044873927605
