subject,nll,bic,model,m_min,m_min_rec,epsilon,epsilon_rec,b_longer,b_longer_rec,b_last,b_last_rec,nll_rec
168-attributes,9.081708630499971,35.15739822919738,mcutoff_b-last_b-longer,9.435641678623844,9.388111114863655,0.028570486331572387,1.0016987239680475e-13,-0.06432492694367442,-0.07305240070794294,-0.031609280745077184,-0.019653828587921307,-6.999995798432353e-05
