subject,nll,bic,model,m_min,m_min_rec,epsilon,epsilon_rec,b_longer,b_longer_rec,b_last,b_last_rec,nll_rec
111-alternatives,38.80442867637698,94.60283832095139,mcutoff_b-last_b-longer,7.065777491951711,7.220422124391687,0.24285662881779901,0.14285642434741758,0.6466178031668897,0.5645307664810089,-0.07154629925007605,-0.09682508963269854,28.708002280328618
