subject,nll,bic,model,m_min,m_min_rec,epsilon,epsilon_rec,b_longer,b_longer_rec,b_last,b_last_rec,nll_rec
112-attributes,33.59626303002578,84.186507028249,mcutoff_b-last_b-longer,8.548530144850218,8.319774857708325,0.1857136571356684,0.15714217162274952,0.00024187472823222755,0.01114631226558327,0.11496583360768065,0.12177185883002006,30.442969752375596
