subject,nll,bic,model,m_min,m_min_rec,epsilon,epsilon_rec,b_longer,b_longer_rec,b_last,b_last_rec,nll_rec
101-attributes,15.332136525371473,47.65825401894038,mcutoff_b-last_b-longer,8.88885861222662,9.822215527035198,0.057141972246936894,0.04285622772885161,-0.017640310823428984,-0.029914705510991402,0.042490746704477944,0.035717222294583184,12.384284578396063
