subject,nll,bic,model,m_min,m_min_rec,epsilon,epsilon_rec,b_longer,b_longer_rec,b_last,b_last_rec,nll_rec
128-alternatives,41.539370738848355,100.01516749608575,mcutoff_b-last_b-longer,8.81296941387788,9.574486075138104,0.289854650832835,0.18840517028486908,-0.2640789604463105,-0.10841121693541245,0.12223326071087892,0.2953013528374393,33.38917448918054
