subject,nll,bic,model,m_min,m_min_rec,epsilon,epsilon_rec,b_longer,b_longer_rec,b_last,b_last_rec,nll_rec
34-attributes,30.884836171456765,78.40520467635221,mcutoff_b-last_b-longer,6.860390908345002,6.834857064139554,0.18749937331854083,0.20312440180133487,0.07638855308832437,-0.1792539541401551,0.30924761546513824,0.2733664997102232,32.3009404192064
