subject,nll,bic,model,m_min,m_min_rec,epsilon,epsilon_rec,b_longer,b_longer_rec,b_last,b_last_rec,nll_rec
16-attributes,30.442969752375596,77.87992047294863,mcutoff_b-last_b-longer,8.215190211058388,8.273184999282677,0.15714217327158053,0.14285642713893393,0.12418780609499969,0.16329430365885655,-0.006847664096707451,-0.039205122036384266,28.708002280328618
