subject,nll,bic,model,m_min,m_min_rec,epsilon,epsilon_rec,b_longer,b_longer_rec,b_last,b_last_rec,nll_rec
186-alternatives,33.59626303002577,84.18650702824897,mcutoff_b-last_b-longer,7.310971000580282,6.901734314239668,0.18571365463492834,0.1714279099899744,0.6451755233118686,0.9581648330357408,0.7255670683300912,0.9525428808976719,32.06995253444679
