subject,nll,bic,model,m_min,m_min_rec,epsilon,epsilon_rec,b_longer,b_longer_rec,b_last,b_last_rec,nll_rec
137-attributes,5.2411781263842245,27.47633722096589,mcutoff_b-last_b-longer,0.9657573920579772,0.6414829752520337,0.01428474336974821,1.942890293094024e-16,0.9317192654168109,0.9469302588646658,-0.006833847605348553,0.010299231131307485,-6.999996497872154e-05
