subject,nll,bic,model,m_min,m_min_rec,epsilon,epsilon_rec,b_longer,b_longer_rec,b_last,b_last_rec,nll_rec
50-alternatives,26.856200032997158,70.70638103419175,mcutoff_b-last_b-longer,4.276092581962346,3.8433247345478994,0.12857068286779563,0.11428494514569702,0.7918669526180109,0.5010571014385747,0.9075844915330613,0.6031198597466971,24.87666273736076
