subject,nll,bic,model,m_min,m_min_rec,epsilon,epsilon_rec,b_longer,b_longer_rec,b_last,b_last_rec,nll_rec
156-attributes,35.02802964781314,87.05004026382372,mcutoff_b-last_b-longer,9.151064561840041,9.269719049759374,0.19999939590342486,0.14285642925925013,0.11447669782111514,0.1186680992082072,-0.0005504492060326438,0.0001727824939545819,28.708002280328614
