subject,nll,bic,model,m_min,m_min_rec,epsilon,epsilon_rec,b_longer,b_longer_rec,b_last,b_last_rec,nll_rec
30-alternatives,35.02802964781313,87.05004026382369,mcutoff_b-last_b-longer,9.298895281908234,9.416599467987794,0.19999939711099865,0.12857068179132752,-0.056137199504639246,0.11535888917584658,0.027192258586991258,-0.012513551339777051,26.856200032997155
