subject,nll,bic,model,m_min,m_min_rec,epsilon,epsilon_rec,b_longer,b_longer_rec,b_last,b_last_rec,nll_rec
137-alternatives,12.384284578396068,41.76255012498957,mcutoff_b-last_b-longer,1.0098201035623133,1.359137645410776,0.04285622750667727,0.07142771084147653,-0.18424815382085558,-0.42026993492084763,0.7502140985267844,0.4887116441286463,18.012164838208204
