subject,nll,bic,model,m_min,m_min_rec,epsilon,epsilon_rec,b_longer,b_longer_rec,b_last,b_last_rec,nll_rec
132-alternatives,40.60771994177921,98.15186590194746,mcutoff_b-last_b-longer,7.434880766467053,7.102974126290375,0.2753618635143125,0.24637630401813443,0.005995409319991873,0.1596868168294403,0.16026356755295956,-0.032698770177665426,38.52391060215898
