subject,nll,bic,model,m_min,m_min_rec,epsilon,epsilon_rec,b_longer,b_longer_rec,b_last,b_last_rec,nll_rec
45-attributes,12.384284578396068,41.76255012498957,mcutoff_b-last_b-longer,0.12292799446150404,0.08855411344854591,0.042856228910558965,0.04285622746089993,-0.9306655330460205,-0.9475136630181596,0.023576177927902897,0.005691147932916696,12.384284578396066
