subject,nll,bic,model,m_min,m_min_rec,epsilon,epsilon_rec,b_longer,b_longer_rec,b_last,b_last_rec,nll_rec
147-attributes,35.02802964781313,87.05004026382369,mcutoff_b-last_b-longer,8.200536311799599,8.286234064706587,0.19999940076450873,0.1714279135231036,-0.10414459300735113,-0.11279328479090778,0.008095892322444564,-9.790149297295159e-05,32.06995253444679
