subject,nll,bic,model,m_min,m_min_rec,epsilon,epsilon_rec,b_longer,b_longer_rec,b_last,b_last_rec,nll_rec
135-alternatives,35.028029647813135,87.0500402638237,mcutoff_b-last_b-longer,1.2682010386608322,3.1576437582785872,0.1999994005217634,0.15714217134041492,0.0048757628401536746,0.3281277037112891,0.9956198288416891,0.7490715814040503,30.442969752375593
