subject,nll,bic,model,m_min,m_min_rec,epsilon,epsilon_rec,b_longer,b_longer_rec,b_last,b_last_rec,nll_rec
122-attributes,41.87873120110798,100.7514433704134,mcutoff_b-last_b-longer,8.816317888123457,9.370662285249155,0.2857138561818843,0.19999939673626335,0.006937073577918174,-0.0009544246252669586,0.10825058957113809,0.11873781420886287,35.02802964781313
