subject,nll,bic,model,m_min,m_min_rec,epsilon,epsilon_rec,b_longer,b_longer_rec,b_last,b_last_rec,nll_rec
122-alternatives,43.573944446133396,104.14186986046423,mcutoff_b-last_b-longer,8.742253687205057,8.276009600981778,0.31428534261894053,0.25714237480648044,-0.5072658604827651,-0.7000579465568276,0.07301609256516906,0.1887309137723132,39.90316193522993
