subject,nll,bic,model,m_min,m_min_rec,epsilon,epsilon_rec,b_longer,b_longer_rec,b_last,b_last_rec,nll_rec
148-attributes,31.880408753323522,80.69724352503609,mcutoff_b-last_b-longer,9.143647038624012,8.726158202557679,0.1739123903626763,0.1304340396254616,-0.1289028490704146,-0.13049364046159084,-0.018152593801745054,-0.017265842067608173,26.717515887996875
