subject,nll,bic,model,m_min,m_min_rec,epsilon,epsilon_rec,b_longer,b_longer_rec,b_last,b_last_rec,nll_rec
94-alternatives,39.903161935229924,96.80030483865728,mcutoff_b-last_b-longer,7.380009175588769,7.143853953049172,0.25714236855952083,0.1571421680454375,-0.07476323699010701,-0.15129377190522642,0.2727742184834685,0.24874809022314026,30.4429697523756
