subject,nll,bic,model,m_min,m_min_rec,epsilon,epsilon_rec,b_longer,b_longer_rec,b_last,b_last_rec,nll_rec
159-alternatives,41.878731201107996,100.75144337041343,mcutoff_b-last_b-longer,7.561939372038519,6.222247651676918,0.28571385795054455,0.25714236659767736,0.056271172739075226,0.1718992318092658,0.14798508060284155,-0.08803633391440702,39.903161935229924
