subject,nll,bic,model,m_min,m_min_rec,epsilon,epsilon_rec,b_longer,b_longer_rec,b_last,b_last_rec,nll_rec
87-attributes,26.85620003299715,70.70638103419174,mcutoff_b-last_b-longer,8.951543841031505,8.92095931013844,0.12857068677543504,0.08571345343439354,-0.07195175268605014,-0.009944801972408324,-0.05598314517237679,-0.09967464081919786,20.47545279320779
