subject,nll,bic,model,m_min,m_min_rec,epsilon,epsilon_rec,b_longer,b_longer_rec,b_last,b_last_rec,nll_rec
7-attributes,39.903161935229924,96.80030483865728,mcutoff_b-last_b-longer,7.628826715141366,7.5125378333440285,0.2571423654433858,0.2428566303376998,0.038640817161687435,0.01959140486887545,0.16540372435673345,0.1480181569441077,38.80442867637698
