subject,nll,bic,model,m_min,m_min_rec,epsilon,epsilon_rec,b_longer,b_longer_rec,b_last,b_last_rec,nll_rec
64-alternatives,36.370448739276064,89.73487844674956,mcutoff_b-last_b-longer,8.615419476751551,8.68184814096217,0.2142851403445123,0.14285642652447567,0.11638002576620132,0.11132586138940836,-0.009626120371776903,-0.013644062629347808,28.708002280328618
