subject,nll,bic,model,m_min,m_min_rec,epsilon,epsilon_rec,b_longer,b_longer_rec,b_last,b_last_rec,nll_rec
29-alternatives,37.62796887328779,92.24991871477302,mcutoff_b-last_b-longer,9.352472879218821,9.726359305911526,0.2285708872008865,0.17142791120803197,-0.06960162508160495,-0.06470330813687697,-0.054285196266214975,0.05938091505459098,32.06995253444679
