subject,nll,bic,model,m_min,m_min_rec,epsilon,epsilon_rec,b_longer,b_longer_rec,b_last,b_last_rec,nll_rec
139-alternatives,38.351413620842685,93.40037632126791,mcutoff_b-last_b-longer,7.484123604696445,7.819323418900587,0.27692263167350006,0.29230727911928206,0.11158737974488164,0.19414737752982014,0.01688351015087064,-0.013108939584572488,39.273197700685664
