subject,nll,bic,model,m_min,m_min_rec,epsilon,epsilon_rec,b_longer,b_longer_rec,b_last,b_last_rec,nll_rec
106-alternatives,33.38917448918055,83.71477499675014,mcutoff_b-last_b-longer,7.63108480469151,7.846379122911266,0.18840517311285845,0.18840517185154196,0.531679110324488,0.75546453278173,-0.14447924862530237,-0.17819399036957884,33.389174489180554
