subject,nll,bic,model,m_min,m_min_rec,epsilon,epsilon_rec,b_longer,b_longer_rec,b_last,b_last_rec,nll_rec
22-attributes,26.856200032997158,70.70638103419175,mcutoff_b-last_b-longer,9.7057681374802,9.396075962423003,0.12857068349593423,0.09999919809453678,0.1079589294427643,0.1140829557636589,0.0036392451381208613,0.009678869973726245,22.755668137541363
