subject,nll,bic,model,m_min,m_min_rec,epsilon,epsilon_rec,b_longer,b_longer_rec,b_last,b_last_rec,nll_rec
41-attributes,44.26025190972223,105.33927429700832,mcutoff_b-last_b-longer,4.841068041852007,7.146591762915243,0.37313407145913474,0.32835786328764877,0.11075664102178884,-0.07334448912649094,-0.006536613075720954,0.285879846295896,42.411525485781375
