subject,nll,bic,model,m_min,m_min_rec,epsilon,epsilon_rec,b_longer,b_longer_rec,b_last,b_last_rec,nll_rec
177-attributes,39.903161935229924,96.80030483865728,mcutoff_b-last_b-longer,7.137160979318887,7.101108026467731,0.25714236861140743,0.18571365647578092,-0.007350881339286075,-0.14940546033672675,0.11440445461494897,-0.05402071079155968,33.596263030025774
