subject,nll,bic,model,m_min,m_min_rec,epsilon,epsilon_rec,b_longer,b_longer_rec,b_last,b_last_rec,nll_rec
14-attributes,38.80442867637697,94.60283832095138,mcutoff_b-last_b-longer,9.292929708296512,9.05637321273096,0.24285662659620755,0.18571365406056464,0.13530767282113532,0.11666635932605018,-0.030920253748943582,-0.04377531697440218,33.59626303002578
