subject,nll,bic,model,m_min,m_min_rec,epsilon,epsilon_rec,b_longer,b_longer_rec,b_last,b_last_rec,nll_rec
55-attributes,36.127319286344914,89.19106459107887,mcutoff_b-last_b-longer,7.468244241262294,7.350788631115756,0.21739073812551846,0.26086909076261633,0.21162085901614658,-0.15503913097454647,-0.008212958600249731,-0.10998922561270319,39.603411906277294
