subject,nll,bic,model,m_min,m_min_rec,epsilon,epsilon_rec,b_longer,b_longer_rec,b_last,b_last_rec,nll_rec
102-attributes,38.80442867637698,94.60283832095139,mcutoff_b-last_b-longer,6.953186871299895,7.185055468177769,0.24285662837033697,0.24285662726429197,-0.10590840184038053,-0.11064130872320821,-0.008265445773021907,0.011043854267429154,38.804428676376986
