subject,nll,bic,model,m_min,m_min_rec,epsilon,epsilon_rec,b_longer,b_longer_rec,b_last,b_last_rec,nll_rec
150-alternatives,33.389174489180554,83.71477499675015,mcutoff_b-last_b-longer,7.201046460823585,7.73043053452361,0.1884051705155151,0.15941960452974627,0.08017599897972372,-0.001023395391994919,0.07439697741173545,0.12405729976824431,30.270668204874493
