subject,nll,bic,model,m_min,m_min_rec,epsilon,epsilon_rec,b_longer,b_longer_rec,b_last,b_last_rec,nll_rec
59-alternatives,33.596263030025774,84.18650702824898,mcutoff_b-last_b-longer,7.884943923111198,7.683313184879904,0.18571365804939519,0.11428494322349826,-0.08479974707955962,-0.11295391455524773,0.031034879305100738,-0.009863195933192404,24.876662737360753
