subject,nll,bic,model,m_min,m_min_rec,epsilon,epsilon_rec,b_longer,b_longer_rec,b_last,b_last_rec,nll_rec
180-attributes,35.02802964781313,87.05004026382369,mcutoff_b-last_b-longer,8.035211705543965,8.22860236591264,0.19999939593159188,0.12857068167457314,-0.0784045140098949,-0.012114053361786725,-0.020807640139669292,-0.09489007021274909,26.85620003299716
