subject,nll,bic,model,m_min,m_min_rec,epsilon,epsilon_rec,b_longer,b_longer_rec,b_last,b_last_rec,nll_rec
198-attributes,35.02802964781313,87.05004026382369,mcutoff_b-last_b-longer,8.93940837781593,9.456796640087031,0.1999993994026632,0.15714216933298625,0.1438689329099445,0.12189369697296626,0.01841049848076093,0.006992926363377672,30.442969752375593
