subject,nll,bic,model,m_min,m_min_rec,epsilon,epsilon_rec,b_longer,b_longer_rec,b_last,b_last_rec,nll_rec
96-alternatives,39.90316193522992,96.80030483865727,mcutoff_b-last_b-longer,9.786904064743732,9.25092803612726,0.25714237198177764,0.24285662826722648,0.14623855198112956,0.1502490250915698,0.03440455683553423,0.03552614323737724,38.80442867637698
