subject,nll,bic,model,m_min,m_min_rec,epsilon,epsilon_rec,b_longer,b_longer_rec,b_last,b_last_rec,nll_rec
20-alternatives,30.44296975237559,77.87992047294861,mcutoff_b-last_b-longer,9.205960482820565,9.181633701673611,0.15714216929509203,0.1285706831269289,-0.03655515546229127,-0.05532175646598647,0.04420595973079311,0.06100005020482846,26.856200032997155
