subject,nll,bic,model,m_min,m_min_rec,epsilon,epsilon_rec,b_longer,b_longer_rec,b_last,b_last_rec,nll_rec
79-attributes,24.876662737360746,66.74730644291893,mcutoff_b-last_b-longer,9.900972165718397,9.252373642483441,0.11428494399468075,0.05714197278064119,-0.0267613308375676,-0.08746817129517304,-0.08384930411112534,-0.02312499798439993,15.332136525371473
