subject,nll,bic,model,m_min,m_min_rec,epsilon,epsilon_rec,b_longer,b_longer_rec,b_last,b_last_rec,nll_rec
186-attributes,37.62796887328779,92.24991871477302,mcutoff_b-last_b-longer,7.956607192642932,8.160026163743423,0.22857088393821284,0.1714279109101256,0.09951438763380671,0.051907398041376895,0.8954562397778436,0.6109641160751256,32.06995253444679
