subject,nll,bic,model,m_min,m_min_rec,epsilon,epsilon_rec,b_longer,b_longer_rec,b_last,b_last_rec,nll_rec
132-attributes,40.92707907049213,98.84813910918169,mcutoff_b-last_b-longer,7.430395040052788,7.949297971555264,0.27142811574766107,0.29999959702187884,-0.13689272415302567,-0.2645363675218534,0.34040032434218914,-0.08738949086587477,42.76036114398256
