subject,nll,bic,model,m_min,m_min_rec,epsilon,epsilon_rec,b_longer,b_longer_rec,b_last,b_last_rec,nll_rec
127-alternatives,38.80442867637698,94.60283832095139,mcutoff_b-last_b-longer,9.119394811008947,8.507136303378914,0.2428566261968082,0.22857088466257638,-0.13331535455271837,0.15974946139608015,0.01677541850426123,0.13303091954095003,37.62796887328779
