subject,nll,bic,model,m_min,m_min_rec,epsilon,epsilon_rec,b_longer,b_longer_rec,b_last,b_last_rec,nll_rec
93-alternatives,41.87873120110799,100.75144337041341,mcutoff_b-last_b-longer,8.290892581865107,8.32805158218152,0.28571385429177565,0.22857088627579006,0.13995581354280073,0.21782535881873155,-0.010524304762296932,-0.10043976814442279,37.627968873287784
