subject,nll,bic,model,m_min,m_min_rec,epsilon,epsilon_rec,b_longer,b_longer_rec,b_last,b_last_rec,nll_rec
105-alternatives,39.90316193522992,96.80030483865727,mcutoff_b-last_b-longer,7.244730166853123,7.453444409075658,0.2571423721302571,0.25714237286320507,0.004778579293302165,0.10127752771825804,0.11215628746057038,0.015982271293063954,39.903161935229924
