subject,nll,bic,model,m_min,m_min_rec,epsilon,epsilon_rec,b_longer,b_longer_rec,b_last,b_last_rec,nll_rec
50-attributes,26.856200032997158,70.70638103419175,mcutoff_b-last_b-longer,1.5395819121837389,3.548553825239569,0.1285706831909156,0.09999920087313723,0.6579575526155124,0.06722308111173958,-0.28436222026023317,0.23032384371512626,22.75566813754137
