subject,nll,bic,model,m_min,m_min_rec,epsilon,epsilon_rec,b_longer,b_longer_rec,b_last,b_last_rec,nll_rec
125-attributes,28.708002280328614,74.40998552885466,mcutoff_b-last_b-longer,9.825578887363074,8.711742241173694,0.1428564301039824,0.18571365609662016,-0.02779240765052171,-0.01298787263272283,-0.08682050875798308,-0.10189146068167598,33.59626303002578
