subject,nll,bic,model,m_min,m_min_rec,epsilon,epsilon_rec,b_longer,b_longer_rec,b_last,b_last_rec,nll_rec
29-attributes,35.02802964781313,87.05004026382369,mcutoff_b-last_b-longer,8.276757327330238,8.207384261755898,0.19999939803616065,0.11428493898759899,0.06733516402622342,0.0873102089370108,0.035718630480182645,-0.013702706442772716,24.876662737360753
