subject,nll,bic,model,m_min,m_min_rec,epsilon,epsilon_rec,b_longer,b_longer_rec,b_last,b_last_rec,nll_rec
146-attributes,32.06995253444679,81.13388603709102,mcutoff_b-last_b-longer,9.040920817033967,9.435358046816917,0.17142791230722956,0.1571421672370186,-0.0031553252034195456,-0.1284346299454463,0.10834559715814285,-0.014088121191988545,30.442969752375596
