subject,nll,bic,model,m_min,m_min_rec,epsilon,epsilon_rec,b_longer,b_longer_rec,b_last,b_last_rec,nll_rec
104-attributes,33.59626303002578,84.186507028249,mcutoff_b-last_b-longer,8.589572058476051,8.864004019470055,0.1857136576424936,0.14285642817190725,0.10163956072967117,0.12974703054645897,-0.00873678582243742,-0.028793220644813378,28.708002280328618
