subject,nll,bic,model,m_min,m_min_rec,epsilon,epsilon_rec,b_longer,b_longer_rec,b_last,b_last_rec,nll_rec
99-attributes,36.37044873927606,89.73487844674955,mcutoff_b-last_b-longer,8.250099563958774,8.017457909492869,0.21428514305847024,0.22857088508197104,0.04974797176162804,0.2966816564299799,0.10924485532088002,0.15910876240125038,37.62796887328779
