subject,nll,bic,model,m_min,m_min_rec,epsilon,epsilon_rec,b_longer,b_longer_rec,b_last,b_last_rec,nll_rec
157-alternatives,-6.999996437254039e-05,16.993840968268692,mcutoff_b-last_b-longer,8.532020256354707,8.532020256354707,8.826273045769994e-15,8.826273045769994e-15,0.046954698777859516,0.046954698777859516,-0.03473645606427078,-0.03473645606427078,-6.999996437254039e-05
