subject,nll,bic,model,m_min,m_min_rec,epsilon,epsilon_rec,b_longer,b_longer_rec,b_last,b_last_rec,nll_rec
148-alternatives,32.069952534446784,81.133886037091,mcutoff_b-last_b-longer,8.878664762469914,9.826393334441258,0.1714279122328604,0.1571421691221305,0.11738936432455316,0.08242913771468374,0.0002960373432479013,-0.030253306633953425,30.442969752375596
