subject,nll,bic,model,m_min,m_min_rec,epsilon,epsilon_rec,b_longer,b_longer_rec,b_last,b_last_rec,nll_rec
174-attributes,40.92707907049213,98.84813910918169,mcutoff_b-last_b-longer,7.565594910085029,7.379287518147578,0.271428113373768,0.2428566251005869,0.15150257849254545,0.2519211807286097,0.056680008690513484,0.14730589622336066,38.80442867637698
