subject,nll,bic,model,m_min,m_min_rec,epsilon,epsilon_rec,b_longer,b_longer_rec,b_last,b_last_rec,nll_rec
20-attributes,26.856200032997158,70.70638103419175,mcutoff_b-last_b-longer,9.91437443324046,8.981169059334956,0.1285706862950433,0.11428494396204947,-0.033537227907634914,-0.051325173960879544,-0.06950454902698011,-0.039838835755937274,24.876662737360753
