subject,nll,bic,model,m_min,m_min_rec,epsilon,epsilon_rec,b_longer,b_longer_rec,b_last,b_last_rec,nll_rec
54-alternatives,42.76036114398252,102.51470325616248,mcutoff_b-last_b-longer,7.686754940652191,8.113839544497058,0.2999996008108853,0.32857108374012506,-0.005455884425987323,-0.28579782622768857,0.10374679819647548,-0.11774356858580526,44.32122269685191
