subject,nll,bic,model,m_min,m_min_rec,epsilon,epsilon_rec,b_longer,b_longer_rec,b_last,b_last_rec,nll_rec
62-attributes,33.59626303002578,84.186507028249,mcutoff_b-last_b-longer,8.912968706253025,9.70889693245391,0.18571365318523042,0.15714216899186276,-0.034874584247496676,-0.07722360289158114,0.07894045207593559,0.041121636217380964,30.442969752375596
