subject,nll,bic,model,m_min,m_min_rec,epsilon,epsilon_rec,b_longer,b_longer_rec,b_last,b_last_rec,nll_rec
40-alternatives,39.903161935229924,96.80030483865728,mcutoff_b-last_b-longer,7.06556357016101,6.974254801362515,0.257142374712178,0.1857136540344661,-0.16348270231655682,-0.16047421726090805,0.04438590430835587,0.04677812494333833,33.596263030025774
