subject,nll,bic,model,m_min,m_min_rec,epsilon,epsilon_rec,b_longer,b_longer_rec,b_last,b_last_rec,nll_rec
155-alternatives,26.85620003299715,70.70638103419174,mcutoff_b-last_b-longer,9.167774930298458,8.374359715488549,0.12857068363047183,0.08571345551984583,-0.02292608388507944,-0.028928213707575257,0.1807536428353289,0.1748207820994443,20.47545279320779
