subject,nll,bic,model,m_min,m_min_rec,epsilon,epsilon_rec,b_longer,b_longer_rec,b_last,b_last_rec,nll_rec
22-alternatives,28.70800228032862,74.40998552885468,mcutoff_b-last_b-longer,9.6126102258084,9.26779540807056,0.1428564295253416,0.08571345750871046,0.08815980464762796,0.08627193777548303,-0.023601978442392202,-0.02805511645622827,20.475452793207786
