subject,nll,bic,model,m_min,m_min_rec,epsilon,epsilon_rec,b_longer,b_longer_rec,b_last,b_last_rec,nll_rec
131-attributes,36.37044873927606,89.73487844674955,mcutoff_b-last_b-longer,7.222766546690108,7.633994333196083,0.21428513705009436,0.14285642703690482,-0.08904463227393167,-0.04389256436871658,-0.015743539905618498,-0.04749522755983904,28.70800228032862
