subject,nll,bic,model,m_min,m_min_rec,epsilon,epsilon_rec,b_longer,b_longer_rec,b_last,b_last_rec,nll_rec
162-attributes,42.76036114398252,102.51470325616248,mcutoff_b-last_b-longer,3.461958506921727,3.6095141437162033,0.2999995985201623,0.27142811266754086,0.12672812941175926,0.21481682473151165,0.238049516724129,0.37522693634912807,40.92707907049213
