subject,nll,bic,model,m_min,m_min_rec,epsilon,epsilon_rec,b_longer,b_longer_rec,b_last,b_last_rec,nll_rec
47-attributes,-6.999996118620348e-05,16.993840968275066,mcutoff_b-last_b-longer,8.573788362611454,8.573788362611454,5.437317263101704e-14,5.437317263101704e-14,0.018864871240174885,0.018864871240174885,-0.02133659977178093,-0.02133659977178093,-6.999996118620348e-05
