subject,nll,bic,model,m_min,m_min_rec,epsilon,epsilon_rec,b_longer,b_longer_rec,b_last,b_last_rec,nll_rec
92-attributes,41.87873120110799,100.75144337041341,mcutoff_b-last_b-longer,8.236723946157348,8.210308368412061,0.2857138536764808,0.2428566225316669,-0.1568202359087134,-0.18916747417089497,0.1322037379691925,0.08504692900233146,38.80442867637698
