subject,nll,bic,model,m_min,m_min_rec,epsilon,epsilon_rec,b_longer,b_longer_rec,b_last,b_last_rec,nll_rec
110-alternatives,5.241178126384222,27.47633722096588,mcutoff_b-last_b-longer,9.908550209656148,9.162894574976928,0.014284742571154243,0.014284743340989095,0.050281113768118724,-0.045786597259088735,0.002535715629971236,0.040155740258138284,5.241178126384225
