subject,nll,bic,model,m_min,m_min_rec,epsilon,epsilon_rec,b_longer,b_longer_rec,b_last,b_last_rec,nll_rec
67-attributes,35.02802964781314,87.05004026382372,mcutoff_b-last_b-longer,8.254078576919195,8.226415081123495,0.1999993978392452,0.22857087983547877,0.03241098956514943,0.10256159591892788,-0.08822503789970448,-0.023083825154252113,37.62796887328779
