subject,nll,bic,model,m_min,m_min_rec,epsilon,epsilon_rec,b_longer,b_longer_rec,b_last,b_last_rec,nll_rec
38-attributes,43.573944446133396,104.14186986046423,mcutoff_b-last_b-longer,8.077564441318636,8.082058689657039,0.31428533919795526,0.17142791252642825,-0.15142457245697583,-0.15965172289267437,-0.05557754986928409,-0.0793475481533773,32.06995253444679
