subject,nll,bic,model,m_min,m_min_rec,epsilon,epsilon_rec,b_longer,b_longer_rec,b_last,b_last_rec,nll_rec
95-alternatives,44.32122269685191,105.63642636190126,mcutoff_b-last_b-longer,3.445622323628943,9.204468621779677,0.32857108407906194,0.3285710847760679,-0.05469334679357851,-0.18799105337906719,-0.19849748109712373,-0.006754557551674978,44.32122269685192
