subject,nll,bic,model,m_min,m_min_rec,epsilon,epsilon_rec,b_longer,b_longer_rec,b_last,b_last_rec,nll_rec
114-alternatives,36.370448739276064,89.73487844674956,mcutoff_b-last_b-longer,9.725624688111807,9.75421738379076,0.21428513836946955,0.15714216672258924,0.11530335045591689,0.11509315078428584,0.04133052573080165,0.0929676889997697,30.442969752375596
