subject,nll,bic,model,m_min,m_min_rec,epsilon,epsilon_rec,b_longer,b_longer_rec,b_last,b_last_rec,nll_rec
111-attributes,36.370448739276064,89.73487844674956,mcutoff_b-last_b-longer,3.1242342983561446,3.1407292354218224,0.21428514117613676,0.1285706847920634,0.5977204681384094,0.17439264912474406,0.7926774547694624,0.8676148499329586,26.85620003299715
