subject,nll,bic,model,m_min,m_min_rec,epsilon,epsilon_rec,b_longer,b_longer_rec,b_last,b_last_rec,nll_rec
16-alternatives,32.06995253444679,81.13388603709102,mcutoff_b-last_b-longer,9.033747578862314,8.44700813834216,0.1714279131670325,0.12857068230736177,0.0039098788111084914,0.013606484124637941,0.12855650179197098,0.14302429143184447,26.85620003299716
