subject,nll,bic,model,m_min,m_min_rec,epsilon,epsilon_rec,b_longer,b_longer_rec,b_last,b_last_rec,nll_rec
48-attributes,41.87873120110798,100.7514433704134,mcutoff_b-last_b-longer,1.1412171160478901,1.9630027044267377,0.28571385618241757,0.27142811303638453,0.8395310609448801,-0.7047564278315713,0.14026049127579565,-0.3731892972158688,40.92707907049212
