subject,nll,bic,model,m_min,m_min_rec,epsilon,epsilon_rec,b_longer,b_longer_rec,b_last,b_last_rec,nll_rec
178-attributes,33.59626303002577,84.18650702824897,mcutoff_b-last_b-longer,8.97438043802299,9.123524636759328,0.18571365618152896,0.17142791157562412,0.10851340198551318,0.08345968384176672,0.005675623693528031,0.03847060364267629,32.06995253444679
