subject,nll,bic,model,m_min,m_min_rec,epsilon,epsilon_rec,b_longer,b_longer_rec,b_last,b_last_rec,nll_rec
157-attributes,-6.999996431036796e-05,16.993840968268817,mcutoff_b-last_b-longer,8.741193052463068,8.741193052463068,9.797718192317006e-15,9.797718192317006e-15,-0.023857111944172615,-0.023857111944172615,0.005539916586211779,0.005539916586211779,-6.999996431036796e-05
