subject,nll,bic,model,m_min,m_min_rec,epsilon,epsilon_rec,b_longer,b_longer_rec,b_last,b_last_rec,nll_rec
98-attributes,38.804428676376986,94.6028383209514,mcutoff_b-last_b-longer,7.368760014032381,7.353360734869075,0.24285662638556518,0.22857088728024624,0.0028543829327660752,-0.007783644245822008,0.09396834953540201,0.11085783989283793,37.62796887328779
