subject,nll,bic,model,m_min,m_min_rec,epsilon,epsilon_rec,b_longer,b_longer_rec,b_last,b_last_rec,nll_rec
185-attributes,40.92707907049213,98.84813910918169,mcutoff_b-last_b-longer,9.103511476727174,8.628735618298183,0.2714281128399241,0.24285662987145124,-0.23531852714567136,-0.2641207486143846,0.1089858348966728,0.10238482922652792,38.80442867637697
