subject,nll,bic,model,m_min,m_min_rec,epsilon,epsilon_rec,b_longer,b_longer_rec,b_last,b_last_rec,nll_rec
123-attributes,35.028029647813135,87.0500402638237,mcutoff_b-last_b-longer,6.841524333367996,6.524686928841453,0.19999939724752963,0.11428494298388024,-0.15591092369563686,-0.14300640379098173,-0.04789800914490994,-0.08327344234947265,24.876662737360753
