subject,nll,bic,model,m_min,m_min_rec,epsilon,epsilon_rec,b_longer,b_longer_rec,b_last,b_last_rec,nll_rec
170-attributes,33.59626303002577,84.18650702824897,mcutoff_b-last_b-longer,9.947526318444382,8.854017063042928,0.18571365250450578,0.08571345651688515,-0.12360486615002586,-0.11199668901068316,-0.0029633247814510044,0.01332779981312604,20.475452793207786
