subject,nll,bic,model,m_min,m_min_rec,epsilon,epsilon_rec,b_longer,b_longer_rec,b_last,b_last_rec,nll_rec
21-attributes,38.80442867637697,94.60283832095138,mcutoff_b-last_b-longer,9.850758688141878,8.717476286256312,0.2428566278624538,0.2142851389268521,0.1278175617331232,0.1374200762536053,-0.0005645389576207638,0.013095012764654745,36.37044873927606
