subject,nll,bic,model,m_min,m_min_rec,epsilon,epsilon_rec,b_longer,b_longer_rec,b_last,b_last_rec,nll_rec
40-attributes,41.539370738848355,100.01516749608575,mcutoff_b-last_b-longer,8.537514694286493,8.977039044768587,0.28985464849426973,0.3188402157828026,-0.2683014092664333,-0.14501962288008186,0.1525425790737549,0.04920916615471538,43.19333956309318
