subject,nll,bic,model,m_min,m_min_rec,epsilon,epsilon_rec,b_longer,b_longer_rec,b_last,b_last_rec,nll_rec
107-attributes,37.366319843249926,91.6690657048889,mcutoff_b-last_b-longer,8.272419105842816,8.210661817753046,0.23188352122668626,0.21739073562907898,0.13946697840599143,0.219171462314256,-0.03448205037972507,-0.06679278063049332,36.12731928634491
