subject,nll,bic,model,m_min,m_min_rec,epsilon,epsilon_rec,b_longer,b_longer_rec,b_last,b_last_rec,nll_rec
178-alternatives,37.62796887328779,92.24991871477302,mcutoff_b-last_b-longer,8.256832495270709,8.016452454847506,0.22857088439391474,0.18571365728500383,-0.12572286516797726,-0.14176971251049242,0.010159446326514665,0.030129589113853106,33.59626303002578
