subject,nll,bic,model,m_min,m_min_rec,epsilon,epsilon_rec,b_longer,b_longer_rec,b_last,b_last_rec,nll_rec
18-alternatives,41.878731201108,100.75144337041344,mcutoff_b-last_b-longer,8.257557015682771,8.273293439802195,0.2857138539612857,0.2285708874741216,0.17688351245921807,0.19915108766612666,0.047423837506283206,0.00997457681466396,37.627968873287784
