subject,nll,bic,model,m_min,m_min_rec,epsilon,epsilon_rec,b_longer,b_longer_rec,b_last,b_last_rec,nll_rec
70-alternatives,38.80442867637698,94.60283832095139,mcutoff_b-last_b-longer,6.932966836788566,7.212874175773994,0.24285662267377572,0.228570882228555,0.15900464508512746,0.16579297595036824,0.04562990446260651,0.044012989763722254,37.6279688732878
