subject,nll,bic,model,m_min,m_min_rec,epsilon,epsilon_rec,b_longer,b_longer_rec,b_last,b_last_rec,nll_rec
161-alternatives,20.47545279320779,57.94488655461302,mcutoff_b-last_b-longer,9.228350717236943,9.061973385883636,0.08571345796804541,0.12857068381320638,-0.003631198441699346,0.1307902359721167,0.1077718631659037,-0.03131588855707046,26.856200032997155
