subject,nll,bic,model,m_min,m_min_rec,epsilon,epsilon_rec,b_longer,b_longer_rec,b_last,b_last_rec,nll_rec
83-alternatives,33.596263030025774,84.18650702824898,mcutoff_b-last_b-longer,8.328709511189963,9.326016820000733,0.18571365744773974,0.17142791196652798,0.1096704413278804,0.10238661060416665,-0.01767161759049174,-0.01878548345477249,32.06995253444679
