subject,nll,bic,model,m_min,m_min_rec,epsilon,epsilon_rec,b_longer,b_longer_rec,b_last,b_last_rec,nll_rec
3-alternatives,30.442969752375593,77.87992047294863,mcutoff_b-last_b-longer,9.393119901018508,9.558563402497043,0.15714217678645853,0.2142851426225122,0.06510425408847476,0.014361159554526548,-0.054297863864258944,-0.10366444443819989,36.37044873927606
