subject,nll,bic,model,m_min,m_min_rec,epsilon,epsilon_rec,b_longer,b_longer_rec,b_last,b_last_rec,nll_rec
57-attributes,38.80442867637698,94.60283832095139,mcutoff_b-last_b-longer,7.73260346592774,7.543627822410808,0.24285662440537772,0.19999939493298316,-0.10298631722427976,0.017478420557831553,0.006620116634418194,-0.09238917393364465,35.02802964781314
