subject,nll,bic,model,m_min,m_min_rec,epsilon,epsilon_rec,b_longer,b_longer_rec,b_last,b_last_rec,nll_rec
5-attributes,30.442969752375596,77.87992047294863,mcutoff_b-last_b-longer,3.020617623896948,3.2197966321617506,0.15714216903375852,0.11428494382278923,-0.2771520109828649,0.3858825438616056,-0.008171599234401472,-0.2368411071822477,24.876662737360757
