subject,nll,bic,model,m_min,m_min_rec,epsilon,epsilon_rec,b_longer,b_longer_rec,b_last,b_last_rec,nll_rec
177-alternatives,40.927079070492134,98.8481391091817,mcutoff_b-last_b-longer,7.189920550037585,7.6697458749076635,0.27142811012170354,0.185713655698659,0.046666063441402894,0.014315503282855468,0.1621128910720715,0.16122836090297343,33.59626303002577
