subject,nll,bic,model,m_min,m_min_rec,epsilon,epsilon_rec,b_longer,b_longer_rec,b_last,b_last_rec,nll_rec
66-alternatives,36.37044873927605,89.73487844674953,mcutoff_b-last_b-longer,8.97093953018129,9.836831254442604,0.2142851439178444,0.2285708787819858,0.08480296082235639,0.11306515853270738,-0.028075792665985033,-0.0029987805974772686,37.6279688732878
