subject,nll,bic,model,m_min,m_min_rec,epsilon,epsilon_rec,b_longer,b_longer_rec,b_last,b_last_rec,nll_rec
151-alternatives,30.44296975237559,77.87992047294861,mcutoff_b-last_b-longer,8.444955564228477,8.935368582203129,0.15714216773048745,0.15714217494934835,-0.11894793831921124,-0.13408249172837783,0.01039030800829166,-0.010766118476517428,30.442969752375593
