subject,nll,bic,model,m_min,m_min_rec,epsilon,epsilon_rec,b_longer,b_longer_rec,b_last,b_last_rec,nll_rec
51-alternatives,36.37044873927606,89.73487844674955,mcutoff_b-last_b-longer,6.942537192958468,7.740485518571358,0.21428514407165197,0.21428514039800453,0.7304759106160439,0.5952990939844427,0.010815899306976906,-0.02728399376412971,36.37044873927606
