subject,nll,bic,model,m_min,m_min_rec,epsilon,epsilon_rec,b_longer,b_longer_rec,b_last,b_last_rec,nll_rec
1-alternatives,36.37044873927606,89.73487844674955,mcutoff_b-last_b-longer,7.095935862179522,7.307204098799696,0.21428514153853584,0.24285662508470596,-0.051214090970585935,0.015634347885120414,0.154347072876851,0.14198579658352362,38.80442867637697
