subject,nll,bic,model,m_min,m_min_rec,epsilon,epsilon_rec,b_longer,b_longer_rec,b_last,b_last_rec,nll_rec
189-attributes,28.552650696970986,74.04172741233101,mcutoff_b-last_b-longer,9.289148949640957,8.307647951199574,0.14492682249942404,0.07246291231637571,0.10069658726867425,0.10470508400449208,0.001356887000827811,0.002144026465700666,17.937503920159386
