subject,nll,bic,model,m_min,m_min_rec,epsilon,epsilon_rec,b_longer,b_longer_rec,b_last,b_last_rec,nll_rec
13-attributes,37.62796887328779,92.24991871477302,mcutoff_b-last_b-longer,8.222805713857678,8.224698732016188,0.228570882180329,0.21428513942377442,0.9561618336937847,0.25604812238470154,0.8465961726652869,0.518957309687391,36.37044873927606
