subject,nll,bic,model,m_min,m_min_rec,epsilon,epsilon_rec,b_longer,b_longer_rec,b_last,b_last_rec,nll_rec
117-alternatives,22.755668137541363,62.50531724328016,mcutoff_b-last_b-longer,9.570838001743788,9.548838913885923,0.09999919985584141,0.0999992019513723,0.058212959449049695,0.06533756269691793,-0.053117096798360186,-0.05176845431263344,22.755668137541363
