subject,nll,bic,model,m_min,m_min_rec,epsilon,epsilon_rec,b_longer,b_longer_rec,b_last,b_last_rec,nll_rec
43-attributes,24.876662737360753,66.74730644291894,mcutoff_b-last_b-longer,9.354494359277181,8.7642054167797,0.11428493922528142,0.14285642946101837,0.01838548763230685,0.034048171244171366,0.07331530702794709,0.08281007684844899,28.70800228032862
