subject,nll,bic,model,m_min,m_min_rec,epsilon,epsilon_rec,b_longer,b_longer_rec,b_last,b_last_rec,nll_rec
192-alternatives,-6.999995820192703e-05,16.993840968281035,mcutoff_b-last_b-longer,8.912422715068892,8.912422715068892,9.708900350346994e-14,9.708900350346994e-14,0.06726169495649437,0.06726169495649437,0.010957493760099135,0.010957493760099135,-6.999995820192703e-05
