subject,nll,bic,model,m_min,m_min_rec,epsilon,epsilon_rec,b_longer,b_longer_rec,b_last,b_last_rec,nll_rec
141-alternatives,32.06995253444679,81.13388603709102,mcutoff_b-last_b-longer,8.422451427369472,8.55620761278961,0.17142791323568246,0.09999919717436505,0.03267207957767315,-0.006195907610927698,0.010091054528191146,-0.0027033340021006547,22.755668137541367
