subject,nll,bic,model,m_min,m_min_rec,epsilon,epsilon_rec,b_longer,b_longer_rec,b_last,b_last_rec,nll_rec
172-alternatives,28.708002280328614,74.40998552885466,mcutoff_b-last_b-longer,3.073480304708026,3.0749226433696024,0.14285642856219397,0.17142791593791262,0.4382605290926471,0.32945947188934155,0.18600571605136706,0.0707232136500846,32.06995253444679
