subject,nll,bic,model,m_min,m_min_rec,epsilon,epsilon_rec,b_longer,b_longer_rec,b_last,b_last_rec,nll_rec
64-attributes,30.442969752375593,77.87992047294863,mcutoff_b-last_b-longer,8.531920658168445,9.065415432082522,0.15714216998308222,0.15714216985377033,-0.10920937795111818,-0.11799502153630081,0.002723289204849655,0.0022542570516121962,30.44296975237559
