subject,nll,bic,model,m_min,m_min_rec,epsilon,epsilon_rec,b_longer,b_longer_rec,b_last,b_last_rec,nll_rec
115-alternatives,39.903161935229924,96.80030483865728,mcutoff_b-last_b-longer,9.184568902523882,9.156884339427972,0.25714236981154565,0.18571365521911062,0.0014190555566417906,-0.002886000509041864,0.11476248652875554,0.1190469457929082,33.59626303002578
