subject,nll,bic,model,m_min,m_min_rec,epsilon,epsilon_rec,b_longer,b_longer_rec,b_last,b_last_rec,nll_rec
44-attributes,18.0121648382082,53.018310644613834,mcutoff_b-last_b-longer,9.33416531556913,8.988732289780241,0.07142771649916196,0.04285622825136319,0.08318708816220521,0.10716834820720589,-0.03704248079626471,-0.01993859186910829,12.384284578396064
