subject,nll,bic,model,m_min,m_min_rec,epsilon,epsilon_rec,b_longer,b_longer_rec,b_last,b_last_rec,nll_rec
80-attributes,42.76036114398252,102.51470325616248,mcutoff_b-last_b-longer,7.052905658577727,8.218378857361223,0.29999959486582567,0.28571384995338134,0.1506294582080836,-0.04500772238481443,0.05712868687731887,0.3424739741081644,41.878731201107996
