subject,nll,bic,model,m_min,m_min_rec,epsilon,epsilon_rec,b_longer,b_longer_rec,b_last,b_last_rec,nll_rec
124-alternatives,37.6279688732878,92.24991871477303,mcutoff_b-last_b-longer,3.1467722779306877,3.9367394549265504,0.22857088281782612,0.21428514087037379,0.033314483953978735,0.09521105032938637,-0.15848652317596212,-0.28818470781682826,36.37044873927606
