subject,nll,bic,model,m_min,m_min_rec,epsilon,epsilon_rec,b_longer,b_longer_rec,b_last,b_last_rec,nll_rec
3-attributes,32.06995253444679,81.13388603709102,mcutoff_b-last_b-longer,8.391027506973932,8.366514841580106,0.17142791282705505,0.07142771363630498,-0.05979894573306088,-0.08751049366434172,-0.06632764067372432,-0.08959742947801275,18.0121648382082
