subject,nll,bic,model,m_min,m_min_rec,epsilon,epsilon_rec,b_longer,b_longer_rec,b_last,b_last_rec,nll_rec
143-alternatives,41.87873120110798,100.7514433704134,mcutoff_b-last_b-longer,9.891508649646859,9.005806569128008,0.28571385398674476,0.21428513939265048,-0.30404625277348307,-0.2569915695277304,0.21081828502400746,0.15171057332348403,36.370448739276064
