subject,nll,bic,model,m_min,m_min_rec,epsilon,epsilon_rec,b_longer,b_longer_rec,b_last,b_last_rec,nll_rec
149-attributes,5.226686865373636,27.38979974913631,mcutoff_b-last_b-longer,8.735126429888211,8.673562731122361,0.014491783024665857,0.02898456457403792,-0.05687753633943393,-0.07283291767275313,-0.0455248746940613,-0.030342102454139264,9.052510957034274
