subject,nll,bic,model,m_min,m_min_rec,epsilon,epsilon_rec,b_longer,b_longer_rec,b_last,b_last_rec,nll_rec
190-attributes,32.06995253444679,81.13388603709102,mcutoff_b-last_b-longer,7.456472398980778,7.144683686605028,0.17142791050030876,0.2142851439697875,-0.16667962043907503,-0.21672445729615686,-0.060316670334047306,-0.07503879509927192,36.37044873927605
