subject,nll,bic,model,m_min,m_min_rec,epsilon,epsilon_rec,b_longer,b_longer_rec,b_last,b_last_rec,nll_rec
107-alternatives,40.6077199417792,98.15186590194745,mcutoff_b-last_b-longer,8.542212710799305,8.212746243307315,0.2753618652516288,0.33333300132168253,0.1857504241895378,0.36013912762152356,0.05143038836481706,0.19196557833579098,43.91933961248007
