subject,nll,bic,model,m_min,m_min_rec,epsilon,epsilon_rec,b_longer,b_longer_rec,b_last,b_last_rec,nll_rec
55-alternatives,39.903161935229924,96.80030483865728,mcutoff_b-last_b-longer,7.152832745729003,7.646690679219843,0.2571423726350499,0.21428514172060736,-0.2436579380703543,-0.24312456611182998,0.13063159110966782,0.09218306782490426,36.37044873927606
