subject,nll,bic,model,m_min,m_min_rec,epsilon,epsilon_rec,b_longer,b_longer_rec,b_last,b_last_rec,nll_rec
81-alternatives,39.6034119062773,96.14324983094365,mcutoff_b-last_b-longer,8.210894625324439,9.351300010854013,0.2608690844869784,0.14492681994644446,-0.013634580108638827,0.061556511733053876,0.10891996263039383,0.257934019033621,28.552650696970986
