subject,nll,bic,model,m_min,m_min_rec,epsilon,epsilon_rec,b_longer,b_longer_rec,b_last,b_last_rec,nll_rec
36-attributes,72.74089747855213,165.24836464754148,mcutoff_b-last_b-longer,9.470725536247805,9.800224637175708,0.2142851391722394,0.27142811683527196,0.07751861086948963,0.07200902518639984,-0.03584583736418845,-0.04489190564811918,81.85415814098427
