subject,nll,bic,model,m_min,m_min_rec,epsilon,epsilon_rec,b_longer,b_longer_rec,b_last,b_last_rec,nll_rec
140-attributes,22.755668137541363,62.50531724328016,mcutoff_b-last_b-longer,9.1128379299449,8.801470797946909,0.09999919714727959,0.17142791065138058,0.11721502720316956,0.05093382684070602,0.0008346995492676257,0.1208099803896161,32.06995253444679
