subject,nll,bic,model,m_min,m_min_rec,epsilon,epsilon_rec,b_longer,b_longer_rec,b_last,b_last_rec,nll_rec
85-alternatives,18.012164838208204,53.01831064461385,mcutoff_b-last_b-longer,9.054370979656227,8.493401412431036,0.07142771313337637,0.04285622935695457,0.0765394514322264,0.10336066677053202,-0.017737505221063876,0.009887734631265799,12.384284578396068
