subject,nll,bic,model,m_min,m_min_rec,epsilon,epsilon_rec,b_longer,b_longer_rec,b_last,b_last_rec,nll_rec
67-alternatives,22.755668137541363,62.50531724328016,mcutoff_b-last_b-longer,9.602809203659078,8.437853070289613,0.09999919757693336,0.09999919946960262,-0.14074756637774954,-0.12798183601821966,-0.024039519269606235,-0.010488724401478633,22.755668137541363
