subject,nll,bic,model,m_min,m_min_rec,epsilon,epsilon_rec,b_longer,b_longer_rec,b_last,b_last_rec,nll_rec
6-alternatives,30.442969752375593,77.87992047294863,mcutoff_b-last_b-longer,9.757890184221505,8.926674865727666,0.15714216977435383,0.15714217122735633,0.0800259711487401,0.09648817693371248,-0.03732163856311688,-0.02240359006573145,30.442969752375596
