subject,nll,bic,model,m_min,m_min_rec,epsilon,epsilon_rec,b_longer,b_longer_rec,b_last,b_last_rec,nll_rec
25-attributes,38.80442867637698,94.60283832095139,mcutoff_b-last_b-longer,7.726493536621252,7.039333490284846,0.2428566299072427,0.22857088157816122,0.16575766841014627,0.26387687872696053,0.03933915510813524,0.13779696749461512,37.62796887328779
