subject,nll,bic,model,m_min,m_min_rec,epsilon,epsilon_rec,b_longer,b_longer_rec,b_last,b_last_rec,nll_rec
162-alternatives,42.760361143982514,102.51470325616246,mcutoff_b-last_b-longer,7.387530007344052,6.900204356454029,0.29999959971364804,0.22857088352170177,-0.8125567176270534,-0.47396946157672915,0.6839623121174638,0.26986799893497126,37.627968873287784
