subject,nll,bic,model,m_min,m_min_rec,epsilon,epsilon_rec,b_longer,b_longer_rec,b_last,b_last_rec,nll_rec
44-alternatives,12.384284578396068,41.76255012498957,mcutoff_b-last_b-longer,9.21858064355797,8.748214111821346,0.0428562284328401,0.014284742857257051,0.10001040947771522,0.0998604617676968,-0.0051080671299889024,-0.0037914936790521825,5.2411781263842245
