subject,nll,bic,model,m_min,m_min_rec,epsilon,epsilon_rec,b_longer,b_longer_rec,b_last,b_last_rec,nll_rec
189-alternatives,33.38917448918054,83.71477499675012,mcutoff_b-last_b-longer,9.81980211124365,8.861553325984751,0.18840517322791697,0.14492682667565362,0.10059345498413319,0.09778125822644079,0.006311170247806919,0.0016257652352698049,28.552650696970982
