subject,nll,bic,model,m_min,m_min_rec,epsilon,epsilon_rec,b_longer,b_longer_rec,b_last,b_last_rec,nll_rec
185-alternatives,39.90316193522992,96.80030483865727,mcutoff_b-last_b-longer,5.568328012648566,5.37518581269963,0.2571423682739375,0.25714237056445116,-0.009133730496824088,0.5647307129840653,0.11023692487381065,-0.44464914437686975,39.90316193522992
