subject,nll,bic,model,m_min,m_min_rec,epsilon,epsilon_rec,b_longer,b_longer_rec,b_last,b_last_rec,nll_rec
14-alternatives,39.90316193522992,96.80030483865727,mcutoff_b-last_b-longer,8.946873198066486,9.548312115792433,0.257142369678585,0.29999959939394627,-0.11865873876790545,-0.16164289463192583,-0.0036254818143620637,-0.04756748707409875,42.76036114398252
