subject,nll,bic,model,m_min,m_min_rec,epsilon,epsilon_rec,b_longer,b_longer_rec,b_last,b_last_rec,nll_rec
69-attributes,35.028029647813135,87.0500402638237,mcutoff_b-last_b-longer,8.90702901908528,9.57170957446611,0.19999939481829423,0.1999993968276337,0.10443225998638428,0.12177677210432525,0.005927119105238798,-0.005290926439181831,35.02802964781313
