subject,nll,bic,model,m_min,m_min_rec,epsilon,epsilon_rec,b_longer,b_longer_rec,b_last,b_last_rec,nll_rec
100-alternatives,36.370448739276064,89.73487844674956,mcutoff_b-last_b-longer,8.23154861844239,8.262697815394777,0.21428514316395234,0.18571365597341183,-0.016587129438671355,-0.08183970615454939,0.13933430874689456,-0.0345732535695531,33.596263030025774
