subject,nll,bic,model,m_min,m_min_rec,epsilon,epsilon_rec,b_longer,b_longer_rec,b_last,b_last_rec,nll_rec
100-attributes,40.92707907049213,98.84813910918169,mcutoff_b-last_b-longer,8.281954947283584,8.162932903742577,0.2714281157516638,0.2857138543532332,-0.13173176486971672,-0.3801410107448946,0.031578965399096326,0.18645495391118994,41.87873120110798
