subject,nll,bic,model,m_min,m_min_rec,epsilon,epsilon_rec,b_longer,b_longer_rec,b_last,b_last_rec,nll_rec
59-attributes,36.12731928634492,89.19106459107888,mcutoff_b-last_b-longer,7.1771147794782175,7.66564136137132,0.21739074039346626,0.2753618682682336,0.1002399834339851,0.1486257636956141,0.0018966371881730115,-0.04677428719616805,40.60771994177921
