subject,nll,bic,model,m_min,m_min_rec,epsilon,epsilon_rec,b_longer,b_longer_rec,b_last,b_last_rec,nll_rec
109-attributes,40.28285274052817,97.44373630176077,mcutoff_b-last_b-longer,5.099301752981774,5.1230544767551045,0.27941132364444976,0.19117585587138355,0.1748482612947566,-0.1442742011083783,-0.056754690891910986,0.25611534014456616,33.17872111732537
