subject,nll,bic,model,m_min,m_min_rec,epsilon,epsilon_rec,b_longer,b_longer_rec,b_last,b_last_rec,nll_rec
125-alternatives,24.876662737360753,66.74730644291894,mcutoff_b-last_b-longer,9.326609248344068,9.626537270777934,0.11428494110111209,0.12857068694446788,0.11344195791584188,0.19357759878426717,0.00013700143033301693,-0.11751953044124619,26.856200032997155
