subject,nll,bic,model,m_min,m_min_rec,epsilon,epsilon_rec,b_longer,b_longer_rec,b_last,b_last_rec,nll_rec
160-attributes,36.12731928634491,89.19106459107886,mcutoff_b-last_b-longer,7.618299257102807,7.109332812704788,0.2173907405376963,0.20289795303498617,-0.10964711001595806,-0.03499740539580021,-0.012155871056199974,0.018423138820518048,34.80308301494936
