subject,nll,bic,model,m_min,m_min_rec,epsilon,epsilon_rec,b_longer,b_longer_rec,b_last,b_last_rec,nll_rec
81-attributes,40.92707907049213,98.84813910918169,mcutoff_b-last_b-longer,7.54470242309716,7.526192921562225,0.2714281179966077,0.12857068617394912,0.27973091163000197,0.2774408943712572,0.10946400506767828,0.12624201497125243,26.856200032997158
