subject,nll,bic,model,m_min,m_min_rec,epsilon,epsilon_rec,b_longer,b_longer_rec,b_last,b_last_rec,nll_rec
5-alternatives,15.332136525371475,47.65825401894038,mcutoff_b-last_b-longer,3.136318782494169,3.1769838975922275,0.05714196882228442,0.07142771540550878,0.30673281570947086,0.44151185477999455,0.02365386013340598,-0.2054107347868911,18.012164838208204
