subject,nll,bic,model,m_min,m_min_rec,epsilon,epsilon_rec,b_longer,b_longer_rec,b_last,b_last_rec,nll_rec
131-alternatives,35.02802964781313,87.05004026382369,mcutoff_b-last_b-longer,6.800935408764235,6.816182564452826,0.19999940144650644,0.15714216898294012,0.13032345107311327,-0.039579083383440294,-0.0877988079220815,-0.08853226552720972,30.442969752375593
