subject,nll,bic,model,m_min,m_min_rec,epsilon,epsilon_rec,b_longer,b_longer_rec,b_last,b_last_rec,nll_rec
144-alternatives,40.60771994177921,98.15186590194746,mcutoff_b-last_b-longer,7.395441918552464,6.276209987821756,0.2753618687285937,0.2608690859968837,-0.1420223916405865,-0.1475031769805487,-0.026659315443479326,-0.056037347082872446,39.603411906277294
