subject,nll,bic,model,m_min,m_min_rec,epsilon,epsilon_rec,b_longer,b_longer_rec,b_last,b_last_rec,nll_rec
133-alternatives,26.71751588799687,70.37145779438278,mcutoff_b-last_b-longer,9.041075011592506,9.753476581347797,0.13043404124658975,0.08695569584600286,0.08936204811814985,0.11229068345919835,-0.024952595431954938,-0.004367208879828222,20.385166239314
