subject,nll,bic,model,m_min,m_min_rec,epsilon,epsilon_rec,b_longer,b_longer_rec,b_last,b_last_rec,nll_rec
133-attributes,24.75437276933821,66.44517155706546,mcutoff_b-last_b-longer,9.856639121810414,9.473239476185107,0.1159412639946137,0.1159412588919823,0.08838641096667921,0.021817489231586773,-0.016215342925817167,-0.07589326753673764,24.754372769338215
