subject,nll,bic,model,m_min,m_min_rec,epsilon,epsilon_rec,b_longer,b_longer_rec,b_last,b_last_rec,nll_rec
138-alternatives,-6.999995321258973e-05,16.99384096829101,mcutoff_b-last_b-longer,0.3511550887290955,0.3511550887290955,1.6842083283563625e-13,1.6842083283563625e-13,0.3686801569902798,0.3686801569902798,-0.45006129663829175,-0.45006129663829175,-6.999995321258973e-05
