subject,nll,bic,model,m_min,m_min_rec,epsilon,epsilon_rec,b_longer,b_longer_rec,b_last,b_last_rec,nll_rec
92-alternatives,40.92707907049211,98.84813910918166,mcutoff_b-last_b-longer,7.393663357945962,7.849864783691871,0.2714281142457314,0.25714237502187826,0.12596577384481678,0.5492871592832791,0.038259521509964145,-0.17940318557888246,39.903161935229924
