subject,nll,bic,model,m_min,m_min_rec,epsilon,epsilon_rec,b_longer,b_longer_rec,b_last,b_last_rec,nll_rec
53-alternatives,33.59626303002578,84.186507028249,mcutoff_b-last_b-longer,9.578715065193213,9.339236653161837,0.18571365143192847,0.14285642699663229,-0.11422794324677665,-0.11602192317885729,0.0023427758472160942,0.0016632658715778348,28.708002280328618
