subject,nll,bic,model,m_min,m_min_rec,epsilon,epsilon_rec,b_longer,b_longer_rec,b_last,b_last_rec,nll_rec
179-attributes,33.59626303002577,84.18650702824897,mcutoff_b-last_b-longer,1.5670908275877835,0.1909557920832361,0.18571365521873293,0.17142791376039646,0.5342297958918563,0.8543925848350131,0.5756031706489328,0.20953249915757888,32.06995253444679
