subject,nll,bic,model,m_min,m_min_rec,epsilon,epsilon_rec,b_longer,b_longer_rec,b_last,b_last_rec,nll_rec
18-attributes,40.92707907049213,98.84813910918169,mcutoff_b-last_b-longer,7.737318433692347,6.366902504762219,0.27142810778222076,0.25714236896181336,-0.007034579227840343,0.04529385427532939,0.20253445036295648,0.0960845804100825,39.90316193522992
