subject,nll,bic,model,m_min,m_min_rec,epsilon,epsilon_rec,b_longer,b_longer_rec,b_last,b_last_rec,nll_rec
2-alternatives,28.708002280328618,74.40998552885468,mcutoff_b-last_b-longer,8.251555241248086,8.257343835661574,0.14285642737780108,0.14285642374981183,-0.10538936607431693,-0.0018916464077550765,0.00039405894153299315,-0.1067943471835926,28.70800228032862
