subject,nll,bic,model,m_min,m_min_rec,epsilon,epsilon_rec,b_longer,b_longer_rec,b_last,b_last_rec,nll_rec
101-alternatives,15.332136525371475,47.65825401894038,mcutoff_b-last_b-longer,8.737060163858693,8.937502150533984,0.05714196900081349,0.0571419729272096,-0.029623636086756555,0.025626649349520525,0.01608508457150215,0.012807259139831828,15.332136525371473
