subject,nll,bic,model,m_min,m_min_rec,epsilon,epsilon_rec,b_longer,b_longer_rec,b_last,b_last_rec,nll_rec
45,40.95090558641559,101.6683808632684,mcutoff_b-last_b-longer,2.67431146833784,1.6458738669528294,0.08571345699879511,0.04999910063176864,-0.5090594500609321,-0.5750522469557366,-0.4216588367749027,-0.35168195873358965,27.791854068702143
