subject,nll,bic,model,m_min,m_min_rec,epsilon,epsilon_rec,b_longer,b_longer_rec,b_last,b_last_rec,nll_rec
87,64.1399050688936,148.04637982822442,mcutoff_b-last_b-longer,9.81899998861263,9.342276151005056,0.1714279167270781,0.14999929672332177,0.07852811091250045,0.04225421420382225,0.03735841389620975,0.0732928953526839,59.17899229311871
