subject,nll,bic,model,m_min,m_min_rec,epsilon,epsilon_rec,b_longer,b_longer_rec,b_last,b_last_rec,nll_rec
134,86.35108927593126,192.46874824229974,mcutoff_b-last_b-longer,8.288064143736245,8.283444460590829,0.3071424730148365,0.30714246902970654,-0.1184382224480438,-0.1318477855246737,0.0021246598959390184,0.014865599717740041,86.35108927593126
