subject,nll,bic,model,m_min,m_min_rec,epsilon,epsilon_rec,b_longer,b_longer_rec,b_last,b_last_rec,nll_rec
59,71.1871793986706,162.11225452986395,mcutoff_b-last_b-longer,7.107079033996683,7.501035161979771,0.2086325095903881,0.2302152843931323,-0.024892135083776634,0.042588359859508707,0.07062111753090661,0.06260737236379854,74.99536452842892
