subject,nll,bic,model,m_min,m_min_rec,epsilon,epsilon_rec,b_longer,b_longer_rec,b_last,b_last_rec,nll_rec
68,38.53701100214481,96.84059169472684,mcutoff_b-last_b-longer,1.423421356929909,2.774499336182716,0.07857058618681384,0.0999992004933323,-0.23004085845433775,-0.058050937407911674,-0.2818670032251964,-0.6539465116062961,45.51133627508274
