subject,nll,bic,model,m_min,m_min_rec,epsilon,epsilon_rec,b_longer,b_longer_rec,b_last,b_last_rec,nll_rec
110,18.163417260999957,56.09340421243713,mcutoff_b-last_b-longer,8.40920109498395,8.449862446682335,0.028570486016860887,0.007141870990783275,-0.037670881366156816,0.019702693812802652,-0.01354024468457049,0.0013660353858915286,5.937782460416434
