subject,nll,bic,model,m_min,m_min_rec,epsilon,epsilon_rec,b_longer,b_longer_rec,b_last,b_last_rec,nll_rec
28,80.8486106100938,181.46379091062482,mcutoff_b-last_b-longer,7.963746147210372,8.270348363413067,0.26428523775463925,0.24999949870411414,0.05163466031056663,0.06689452483387659,0.01874469282784985,-0.03484420328691695,78.72664024691315
