subject,nll,bic,model,m_min,m_min_rec,epsilon,epsilon_rec,b_longer,b_longer_rec,b_last,b_last_rec,nll_rec
93,85.52072228796507,190.80801426636737,mcutoff_b-last_b-longer,8.2643092329884,8.286050862741295,0.29999959510919944,0.34285682504815407,-0.0979762339533572,-0.3615546359387989,0.26193780410311374,-0.02150763142715173,90.0074615534921
