subject,nll,bic,model,m_min,m_min_rec,epsilon,epsilon_rec,b_longer,b_longer_rec,b_last,b_last_rec,nll_rec
135,77.60885735275397,174.98428439594517,mcutoff_b-last_b-longer,0.9676390005295401,0.7285952905545585,0.24285662506381567,0.1857136554090933,0.7104020809305907,0.8252549262972924,0.8207821120964018,0.8081237830469983,67.19252606005156
