subject,nll,bic,model,m_min,m_min_rec,epsilon,epsilon_rec,b_longer,b_longer_rec,b_last,b_last_rec,nll_rec
199,77.60885735275397,174.98428439594517,mcutoff_b-last_b-longer,4.304185358822804,6.12619492658412,0.2428566247777671,0.2285708834474785,-0.7547107162975903,-0.5131319306227186,0.7311968965105891,0.8948965308432018,75.2559377465756
