subject,nll,bic,model,m_min,m_min_rec,epsilon,epsilon_rec,b_longer,b_longer_rec,b_last,b_last_rec,nll_rec
127,85.16250982271453,190.0629153779518,mcutoff_b-last_b-longer,9.468581594684023,9.941042004246878,0.302157876745439,0.3237406523649511,-0.13504213470014803,-0.11670492522444353,0.01752130114753081,0.03837790633093818,87.52207713239937
