subject,nll,bic,model,m_min,m_min_rec,epsilon,epsilon_rec,b_longer,b_longer_rec,b_last,b_last_rec,nll_rec
86,10.48235625276845,40.73128219597412,mcutoff_b-last_b-longer,9.561728135256704,9.651214708530286,0.014284742838409357,0.0071418711839089065,0.04541963880626465,-0.008886674797633387,0.005416696461861603,0.05287826521814787,5.9377824604164315
