subject,nll,bic,model,m_min,m_min_rec,epsilon,epsilon_rec,b_longer,b_longer_rec,b_last,b_last_rec,nll_rec
103,64.13990506889358,148.0463798282244,mcutoff_b-last_b-longer,9.198243774828141,9.389363906385277,0.17142791166293386,0.18571365524281824,0.06687743409567326,0.009235973917359086,0.05000553211424985,-0.06417985616359723,67.19252606005156
