subject,nll,bic,model,m_min,m_min_rec,epsilon,epsilon_rec,b_longer,b_longer_rec,b_last,b_last_rec,nll_rec
138,-0.00013899991178492474,19.737617732699196,mcutoff_b-last_b-longer,0.9343512631999076,0.9343512631999076,1.3455903058456897e-13,1.3455903058456897e-13,0.15512639324647326,0.15512639324647326,-0.1622688615358835,-0.1622688615358835,-0.00013899991178492474
