subject,nll,bic,model,m_min,m_min_rec,epsilon,epsilon_rec,b_longer,b_longer_rec,b_last,b_last_rec,nll_rec
146,62.53894182787468,144.84445334618658,mcutoff_b-last_b-longer,9.678562228251177,9.480844658385207,0.16428503838372224,0.13571355476616037,-0.006553541012954023,-0.007823726582848023,0.10752700483287847,0.10606774662862395,55.594662544214536
