subject,nll,bic,model,m_min,m_min_rec,epsilon,epsilon_rec,b_longer,b_longer_rec,b_last,b_last_rec,nll_rec
41,91.24636912776154,202.1138373692768,mcutoff_b-last_b-longer,5.756692368486664,5.742516027377151,0.4074072261711501,0.3259255798614181,0.1146983671653885,0.24888213771237266,0.0007736008556795682,0.08918213846516787,85.2192661040211
