subject,nll,bic,model,m_min,m_min_rec,epsilon,epsilon_rec,b_longer,b_longer_rec,b_last,b_last_rec,nll_rec
61,77.60885735275397,174.98428439594517,mcutoff_b-last_b-longer,8.219149751909914,8.260652992424827,0.24285662700374,0.2357137597542861,-0.007072103715858091,-0.002265233722434812,0.09781972436812247,0.10716262983010383,76.45222434976478
