subject,nll,bic,model,m_min,m_min_rec,epsilon,epsilon_rec,b_longer,b_longer_rec,b_last,b_last_rec,nll_rec
21,87.14788889226682,194.06234747497086,mcutoff_b-last_b-longer,8.203333761998199,8.231222709992627,0.3142853362413247,0.33571395354675665,-0.11502932166658608,-0.11627587107382908,-0.02129886691850924,0.04632158574409062,89.34096902195702
