subject,nll,bic,model,m_min,m_min_rec,epsilon,epsilon_rec,b_longer,b_longer_rec,b_last,b_last_rec,nll_rec
179,67.19252606005156,154.15162181054035,mcutoff_b-last_b-longer,1.3546818287629292,2.5869898015302084,0.18571365379951144,0.1499992964883339,0.5438669121785153,0.9490353903737732,-0.6386415119792948,-0.22169116845546422,59.17899229311871
