subject,nll,bic,model,m_min,m_min_rec,epsilon,epsilon_rec,b_longer,b_longer_rec,b_last,b_last_rec,nll_rec
89,87.1478888922668,194.06234747497084,mcutoff_b-last_b-longer,1.6691118566486796,2.7550382514964378,0.3142853452827495,0.2857138565247984,0.8428003656644136,-0.028825019808283003,0.0793271804770348,-0.5649887236820934,83.757462402216
