subject,nll,bic,model,m_min,m_min_rec,epsilon,epsilon_rec,b_longer,b_longer_rec,b_last,b_last_rec,nll_rec
78,81.85415814098425,183.47488597240573,mcutoff_b-last_b-longer,7.594661843581113,7.265788191823086,0.2714281115627864,0.2857138530029051,0.0013897826731945617,-0.012776742544872266,0.11739975065202457,0.11305155511719778,83.75746240221599
