subject,nll,bic,model,m_min,m_min_rec,epsilon,epsilon_rec,b_longer,b_longer_rec,b_last,b_last_rec,nll_rec
58,76.18839505154125,171.99788921683623,mcutoff_b-last_b-longer,9.603045610088994,8.330956084831529,0.2518513534018892,0.19999939758976173,-0.13164972827839583,-0.13579222740913555,-0.002444182681276774,-0.017450100509280975,67.55405717792533
