subject,nll,bic,model,m_min,m_min_rec,epsilon,epsilon_rec,b_longer,b_longer_rec,b_last,b_last_rec,nll_rec
102,79.80632387045986,179.37921743135695,mcutoff_b-last_b-longer,7.857074872465038,7.11827959525448,0.25714236977409055,0.17857078240479388,-0.03581922225629641,-0.046533099388920696,0.07343407327704754,0.05036985977190134,65.69056878210381
