subject,nll,bic,model,m_min,m_min_rec,epsilon,epsilon_rec,b_longer,b_longer_rec,b_last,b_last_rec,nll_rec
141,60.88593950475119,141.5384486999396,mcutoff_b-last_b-longer,9.55029629108293,9.342115847798809,0.1571421714910653,0.15714217171793546,-0.08545648076614465,-0.08002300323695266,-0.03142629872204428,-0.039891870175381205,60.88593950475119
