subject,nll,bic,model,m_min,m_min_rec,epsilon,epsilon_rec,b_longer,b_longer_rec,b_last,b_last_rec,nll_rec
23,67.19252606005156,154.15162181054035,mcutoff_b-last_b-longer,8.865936443762049,8.953592510125258,0.18571365411874702,0.14999929612593849,0.02570244289844803,0.026320302768436,0.07192786457640454,0.06797892207098122,59.17899229311871
