subject,nll,bic,model,m_min,m_min_rec,epsilon,epsilon_rec,b_longer,b_longer_rec,b_last,b_last_rec,nll_rec
142,80.8486106100938,181.46379091062482,mcutoff_b-last_b-longer,7.295201697639426,7.430999973525393,0.2642852412284236,0.26428524295840183,0.10296777527528844,0.1810804448655139,0.008775387621549724,0.07781837118417556,80.84861061009379
