subject,nll,bic,model,m_min,m_min_rec,epsilon,epsilon_rec,b_longer,b_longer_rec,b_last,b_last_rec,nll_rec
197,5.916048378624029,31.512020460560557,mcutoff_b-last_b-longer,8.711935985658027,9.606426278900601,0.007298284567090406,3.425038030968608e-14,0.02123486376882644,0.0027164396739904895,-0.03116181552079844,0.03269976683039477,-0.00013699992680408276
