subject,nll,bic,model,m_min,m_min_rec,epsilon,epsilon_rec,b_longer,b_longer_rec,b_last,b_last_rec,nll_rec
185,85.52072228796507,190.80801426636737,mcutoff_b-last_b-longer,6.99181589245165,7.0230104844725885,0.2999995980224286,0.2999995952457847,0.0008040570771326028,0.10418160927332831,0.11086529934766043,-0.01239529248532012,85.52072228796507
