subject,nll,bic,model,m_min,m_min_rec,epsilon,epsilon_rec,b_longer,b_longer_rec,b_last,b_last_rec,nll_rec
125,57.41600456065724,134.5985788117517,mcutoff_b-last_b-longer,9.14450799569709,9.125605316759778,0.14285642837185744,0.13571355778652128,0.06937279663856732,0.07204697443421892,0.04911488022345312,0.04184655718958896,55.59466254421454
