subject,nll,bic,model,m_min,m_min_rec,epsilon,epsilon_rec,b_longer,b_longer_rec,b_last,b_last_rec,nll_rec
186,76.45222434976478,172.67101838996678,mcutoff_b-last_b-longer,5.476509502002001,5.390507607942949,0.23571375350030832,0.22142801785728122,0.07169974234162346,0.1177526722747464,0.13401863243714174,0.0020939861182960318,74.01913666356637
