subject,nll,bic,model,m_min,m_min_rec,epsilon,epsilon_rec,b_longer,b_longer_rec,b_last,b_last_rec,nll_rec
48,87.14788889226682,194.06234747497086,mcutoff_b-last_b-longer,2.8809876808441297,2.8759244764565848,0.3142853401732556,0.2499994991122279,0.6854071034976503,-0.31018588365161925,0.3112757093213765,0.8380720645100523,78.72664024691315
