subject,nll,bic,model,m_min,m_min_rec,epsilon,epsilon_rec,b_longer,b_longer_rec,b_last,b_last_rec,nll_rec
163,80.54040898261218,180.8187136977471,mcutoff_b-last_b-longer,6.878658059441497,6.824679893093234,0.26618658793109345,0.2230210282072316,-0.007881589729116456,-0.0640444435095674,-0.01757083878884913,0.08455623179760141,73.76782283698887
