subject,nll,bic,model,m_min,m_min_rec,epsilon,epsilon_rec,b_longer,b_longer_rec,b_last,b_last_rec,nll_rec
94,77.60885735275397,174.98428439594517,mcutoff_b-last_b-longer,6.868583690325195,7.022157095638901,0.24285662611847292,0.278570982384012,-0.04095417726407646,-0.16752888486640616,-0.08601307442124428,0.040694772934041,82.82358276555917
