subject,nll,bic,model,m_min,m_min_rec,epsilon,epsilon_rec,b_longer,b_longer_rec,b_last,b_last_rec,nll_rec
18,85.52072228796506,190.80801426636734,mcutoff_b-last_b-longer,7.581603292178408,6.921617080677857,0.2999996006645354,0.3357139559733003,0.0655266911773209,-0.4131249535646033,0.27224969334345106,0.4845340209286828,89.34096902195702
