subject,nll,bic,model,m_min,m_min_rec,epsilon,epsilon_rec,b_longer,b_longer_rec,b_last,b_last_rec,nll_rec
147,75.2559377465756,170.27844518358842,mcutoff_b-last_b-longer,7.970518989125828,7.93462937130213,0.2285708865375185,0.2571423713916679,-0.029770304670050374,-0.07077734431976335,0.07845229720410107,0.036782343883214885,79.80632387045986
