subject,nll,bic,model,m_min,m_min_rec,epsilon,epsilon_rec,b_longer,b_longer_rec,b_last,b_last_rec,nll_rec
43,62.53894182787468,144.84445334618658,mcutoff_b-last_b-longer,8.410140362629033,9.21621888106068,0.16428504507404632,0.12857068763596793,0.09727309132640172,0.08852560363469086,0.002568421256669451,0.009104659692711792,53.71240006599433
