subject,nll,bic,model,m_min,m_min_rec,epsilon,epsilon_rec,b_longer,b_longer_rec,b_last,b_last_rec,nll_rec
151,67.19252606005156,154.15162181054035,mcutoff_b-last_b-longer,9.005908831784192,9.232593341069844,0.18571365585533384,0.17142791075138702,0.11150236084204757,0.10302448137336384,-0.00037355738615119094,-0.008211786119932563,64.1399050688936
