subject,nll,bic,model,m_min,m_min_rec,epsilon,epsilon_rec,b_longer,b_longer_rec,b_last,b_last_rec,nll_rec
150,70.95223431938581,161.61348337940044,mcutoff_b-last_b-longer,7.4489734457857635,7.092865017800484,0.2101443449021403,0.21739073691793714,-0.001403136245389125,0.025885055039053917,0.20310992937705863,0.2855094854186837,72.25463857268984
