subject,nll,bic,model,m_min,m_min_rec,epsilon,epsilon_rec,b_longer,b_longer_rec,b_last,b_last_rec,nll_rec
36,149.99072905685784,322.49194256847824,mcutoff_b-last_b-longer,8.822333680807354,8.82832136352376,0.23021528852653286,0.23021528452645723,0.1116830643360951,0.11654074066803433,-0.0012426714936704109,0.004125433007980739,149.99072905685784
