subject,nll,bic,model,m_min,m_min_rec,epsilon,epsilon_rec,b_longer,b_longer_rec,b_last,b_last_rec,nll_rec
77,43.27355753834151,106.31368476712024,mcutoff_b-last_b-longer,8.946694099481341,9.214361712822534,0.09285632901308999,0.1071420711802451,-0.0315560701860329,0.010241984733133647,-0.029058852537773183,0.048619901540243315,47.66968898626179
