subject,nll,bic,model,m_min,m_min_rec,epsilon,epsilon_rec,b_longer,b_longer_rec,b_last,b_last_rec,nll_rec
88,77.60885735275397,174.98428439594517,mcutoff_b-last_b-longer,9.106037906466486,9.240801044056683,0.24285662543599754,0.2785709827667553,-0.12139036888275778,-0.13445933604013605,-0.007380319145001923,-0.011920327500581696,82.82358276555917
