subject,nll,bic,model,m_min,m_min_rec,epsilon,epsilon_rec,b_longer,b_longer_rec,b_last,b_last_rec,nll_rec
71,86.35108927593127,192.46874824229977,mcutoff_b-last_b-longer,7.803029346746793,7.5911030341322245,0.30714246659872285,0.2499995003946686,0.1406805077078186,0.13419083201110893,-0.04552581087962315,-0.03731541154269591,78.72664024691315
