subject,nll,bic,model,m_min,m_min_rec,epsilon,epsilon_rec,b_longer,b_longer_rec,b_last,b_last_rec,nll_rec
114,74.01913666356639,167.80484301757,mcutoff_b-last_b-longer,8.550491401231504,9.157952178022192,0.22142801200182596,0.22142801096323098,0.1134454842952759,0.08115968925554529,-3.3320693486604824e-06,0.11144165866509481,74.01913666356637
