subject,nll,bic,model,m_min,m_min_rec,epsilon,epsilon_rec,b_longer,b_longer_rec,b_last,b_last_rec,nll_rec
30,62.3587695707354,144.45543487399357,mcutoff_b-last_b-longer,8.8364559803213,8.509954247196216,0.16546695689741406,0.13668992057533616,0.08426951002259964,-0.010314131205461319,-0.0016599546597264592,0.03500724363009189,55.44824896743626
