subject,nll,bic,model,m_min,m_min_rec,epsilon,epsilon_rec,b_longer,b_longer_rec,b_last,b_last_rec,nll_rec
62,67.19252606005156,154.15162181054035,mcutoff_b-last_b-longer,9.691576748386861,8.559855377852209,0.1857136527220521,0.19999939689065593,-0.08380498924420687,0.004850164314634364,-0.03227441350321336,0.10919437981695213,70.05605929562628
