subject,nll,bic,model,m_min,m_min_rec,epsilon,epsilon_rec,b_longer,b_longer_rec,b_last,b_last_rec,nll_rec
95,87.14788889226682,194.06234747497086,mcutoff_b-last_b-longer,7.917815622561964,7.910768475847232,0.3142853389397665,0.29999960008770693,0.31049141562048677,0.41748741855488425,0.12877133233374094,0.1302987040438497,85.52072228796507
