subject,nll,bic,model,m_min,m_min_rec,epsilon,epsilon_rec,b_longer,b_longer_rec,b_last,b_last_rec,nll_rec
29,75.2559377465756,170.27844518358842,mcutoff_b-last_b-longer,8.23667169778987,8.247739358956292,0.22857087992831027,0.1785707859330906,-0.0637101614893687,-0.05033468804456809,-0.05111829945199198,-0.05429540613333217,65.69056878210381
