subject,nll,bic,model,m_min,m_min_rec,epsilon,epsilon_rec,b_longer,b_longer_rec,b_last,b_last_rec,nll_rec
1,78.72664024691315,177.21985018426352,mcutoff_b-last_b-longer,6.933539291639469,7.836384308112521,0.24999949544759237,0.2499994995496956,0.07566711580382401,0.09704301317201391,0.1685072271092558,0.19467730644500603,78.72664024691315
