subject,nll,bic,model,m_min,m_min_rec,epsilon,epsilon_rec,b_longer,b_longer_rec,b_last,b_last_rec,nll_rec
177,81.85415814098427,183.47488597240576,mcutoff_b-last_b-longer,7.791439062727305,7.435611196233798,0.27142811112928955,0.3285710807906942,0.04068590592767407,-0.1375680920004556,0.16238721217787178,-0.012602605189916627,88.64244539370384
