subject,nll,bic,model,m_min,m_min_rec,epsilon,epsilon_rec,b_longer,b_longer_rec,b_last,b_last_rec,nll_rec
19,85.98256734970867,191.7030304319401,mcutoff_b-last_b-longer,7.232847747510357,4.143454907271675,0.3093521357718456,0.31654639513651045,-0.1623818885142635,-0.5710542278335341,-0.04295952432237893,-0.45895683829026,86.76895011098927
