subject,nll,bic,model,m_min,m_min_rec,epsilon,epsilon_rec,b_longer,b_longer_rec,b_last,b_last_rec,nll_rec
4,81.85415814098427,183.47488597240576,mcutoff_b-last_b-longer,5.642302236572744,8.082503702823534,0.2714281163048314,0.32857108231978277,0.08147261664053351,-0.056451756459183655,0.20211061907696592,0.3752561413679356,88.64244539370384
