subject,nll,bic,model,m_min,m_min_rec,epsilon,epsilon_rec,b_longer,b_longer_rec,b_last,b_last_rec,nll_rec
60,71.42022775030574,162.6070251910487,mcutoff_b-last_b-longer,9.408504160215294,9.784988110327626,0.20714227187563752,0.19285652677301435,-0.1055755475955038,-0.10467808152994862,0.013165489744194403,0.005577029781415499,68.64724026897122
