subject,nll,bic,model,m_min,m_min_rec,epsilon,epsilon_rec,b_longer,b_longer_rec,b_last,b_last_rec,nll_rec
38,87.14788889226682,194.06234747497086,mcutoff_b-last_b-longer,8.020182103212367,8.178806245141553,0.31428534316440954,0.32857108141120245,0.2214212848269259,0.2788940229004322,-0.013939553589729314,0.07177546159024462,88.64244539370385
