subject,nll,bic,model,m_min,m_min_rec,epsilon,epsilon_rec,b_longer,b_longer_rec,b_last,b_last_rec,nll_rec
126,72.74089747855214,165.2483646475415,mcutoff_b-last_b-longer,9.379365238574382,8.583922042717614,0.21428514198206375,0.21428514279952462,0.09627215668258393,0.03522663515534008,-0.0041091848702004,0.07242565267494117,72.74089747855214
