subject,nll,bic,model,m_min,m_min_rec,epsilon,epsilon_rec,b_longer,b_longer_rec,b_last,b_last_rec,nll_rec
196,81.85415814098428,183.4748859724058,mcutoff_b-last_b-longer,7.443962293211246,6.255823812747679,0.27142810796979255,0.24285663081866182,-0.2045268601023823,-0.20411246382112513,-0.0030546407719379554,0.0036650380655938175,77.60885735275397
