subject,nll,bic,model,m_min,m_min_rec,epsilon,epsilon_rec,b_longer,b_longer_rec,b_last,b_last_rec,nll_rec
51,80.89197360580003,181.46387091491258,mcutoff_b-last_b-longer,0.9333762490725617,1.4376431638593345,0.27737181270367267,0.24817467565898427,0.8504784256116162,0.17789088009780407,0.23502332693769534,0.9268710994839608,76.76376921412512
