subject,nll,bic,model,m_min,m_min_rec,epsilon,epsilon_rec,b_longer,b_longer_rec,b_last,b_last_rec,nll_rec
39,85.52072228796506,190.80801426636734,mcutoff_b-last_b-longer,7.652994135140694,7.155819755068883,0.2999995989419418,0.29285672794590184,-0.02050185592781839,-0.053642282007195785,0.23200983400044528,0.3487453427525322,84.65633926738155
