subject,nll,bic,model,m_min,m_min_rec,epsilon,epsilon_rec,b_longer,b_longer_rec,b_last,b_last_rec,nll_rec
160,73.76782283698887,167.2735414065005,mcutoff_b-last_b-longer,7.428338348587839,7.7285922378434835,0.22302102454992478,0.23740954535735562,-0.10048797013043986,-0.11703327474698899,0.0051748895333620926,0.010102149361325585,76.18230520117118
