subject,nll,bic,model,m_min,m_min_rec,epsilon,epsilon_rec,b_longer,b_longer_rec,b_last,b_last_rec,nll_rec
83,68.64724026897122,157.06105022837966,mcutoff_b-last_b-longer,9.222247161760569,9.680373355108323,0.19285652953229265,0.1428564303834554,-0.13970481064454676,-0.11965263022497297,-0.02308168965976798,-0.015667024792534012,57.41600456065724
