subject,nll,bic,model,m_min,m_min_rec,epsilon,epsilon_rec,b_longer,b_longer_rec,b_last,b_last_rec,nll_rec
11,85.52072228796506,190.80801426636734,mcutoff_b-last_b-longer,7.572196184300315,7.2350788369364984,0.29999960054831476,0.2928567260712609,-0.7614225257604298,-0.7960227895829732,0.858273945107906,0.8634691996844777,84.65633926738155
