subject,nll,bic,model,m_min,m_min_rec,epsilon,epsilon_rec,b_longer,b_longer_rec,b_last,b_last_rec,nll_rec
115,81.85415814098428,183.4748859724058,mcutoff_b-last_b-longer,9.006266170844548,8.716550510839657,0.271428112835221,0.26428523680178834,-0.0005987056683554037,0.047709472945471676,0.11306113298397769,0.08634758827650701,80.8486106100938
