subject,nll,bic,model,m_min,m_min_rec,epsilon,epsilon_rec,b_longer,b_longer_rec,b_last,b_last_rec,nll_rec
16,67.19252606005158,154.15162181054038,mcutoff_b-last_b-longer,8.65665013423386,8.511187835792857,0.18571365313402988,0.1499993006769405,-0.004713839604851611,-0.005089085244498803,0.11984841133463853,0.11781868171494092,59.1789922931187
