subject,nll,bic,model,m_min,m_min_rec,epsilon,epsilon_rec,b_longer,b_longer_rec,b_last,b_last_rec,nll_rec
26,24.768569156792132,69.30370800402147,mcutoff_b-last_b-longer,8.770867657929085,8.959238576246534,0.04285622926327108,0.021427614065999516,-0.01272827141558519,0.044380961910515326,0.05971770515457919,-0.04025839135967901,14.496435461125147
