subject,nll,bic,model,m_min,m_min_rec,epsilon,epsilon_rec,b_longer,b_longer_rec,b_last,b_last_rec,nll_rec
90,53.712400065994316,127.19136982242586,mcutoff_b-last_b-longer,8.798503796584626,8.420151517806136,0.12857068505554461,0.12142781359000757,0.09673849597517714,0.03685333481892239,0.020343094322393895,0.09055177333292108,51.76635660581955
