subject,nll,bic,model,m_min,m_min_rec,epsilon,epsilon_rec,b_longer,b_longer_rec,b_last,b_last_rec,nll_rec
113,66.98626520239111,153.71042613730498,mcutoff_b-last_b-longer,3.179806229182669,3.034617355416076,0.1870497321896641,0.20863251511616726,0.5679489886507454,0.3634697908136748,0.40766534193473114,-0.003664260634555272,71.1871793986706
