subject,nll,bic,model,m_min,m_min_rec,epsilon,epsilon_rec,b_longer,b_longer_rec,b_last,b_last_rec,nll_rec
198,74.01913666356637,167.80484301756997,mcutoff_b-last_b-longer,9.538844383695427,9.916327536266921,0.22142801185205485,0.19285652504545747,0.1175584475226783,0.12483519003635668,-0.003627131877354528,-0.004696414789648218,68.64724026897122
