subject,nll,bic,model,m_min,m_min_rec,epsilon,epsilon_rec,b_longer,b_longer_rec,b_last,b_last_rec,nll_rec
194,88.24234160369296,196.2225789399087,mcutoff_b-last_b-longer,8.48317169341523,9.135769136403177,0.33093490996340186,0.28057510188911144,-0.005511436516405954,-0.0369985124655674,0.503443029536853,0.4221021938480609,82.49567590757877
