subject,nll,bic,model,m_min,m_min_rec,epsilon,epsilon_rec,b_longer,b_longer_rec,b_last,b_last_rec,nll_rec
162,87.91154242386682,195.58965453817086,mcutoff_b-last_b-longer,3.0013389246048665,3.191893721801989,0.3214282141843742,0.2999995988941527,0.44464565856255023,0.464204799850807,0.3898432631268034,0.9951577741314106,85.52072228796507
