subject,nll,bic,model,m_min,m_min_rec,epsilon,epsilon_rec,b_longer,b_longer_rec,b_last,b_last_rec,nll_rec
107,83.95731290226547,187.62364054515976,mcutoff_b-last_b-longer,8.147592053989126,8.117779683299435,0.2971010409382094,0.27536187192306555,0.17011032769337464,0.18891706971858335,0.026560849825398636,0.013052141438823828,81.21543988355845
