subject,nll,bic,model,m_min,m_min_rec,epsilon,epsilon_rec,b_longer,b_longer_rec,b_last,b_last_rec,nll_rec
14,84.65633926738155,189.07924822520033,mcutoff_b-last_b-longer,9.015164943806607,9.635425132427866,0.2928567286510491,0.349999697364257,-0.09525460739625824,-0.22053106743714912,0.04142441758434723,-0.05231430291817518,90.64224946512853
