subject,nll,bic,model,m_min,m_min_rec,epsilon,epsilon_rec,b_longer,b_longer_rec,b_last,b_last_rec,nll_rec
54,80.8486106100938,181.46379091062482,mcutoff_b-last_b-longer,7.6944563987208365,7.066903692672729,0.26428523547179933,0.28571385461300697,0.011123429887408331,0.4693429390727586,0.10451647677211118,0.6002286416641767,83.75746240221599
