subject,nll,bic,model,m_min,m_min_rec,epsilon,epsilon_rec,b_longer,b_longer_rec,b_last,b_last_rec,nll_rec
85,35.94994761284798,91.63779095821872,mcutoff_b-last_b-longer,9.864641700940409,8.640379930942899,0.07194158929559773,0.08633010895093779,0.00980576748002382,-0.032486065488657845,0.04176031902716404,-0.020627937441819455,40.86095892774705
