subject,nll,bic,model,m_min,m_min_rec,epsilon,epsilon_rec,b_longer,b_longer_rec,b_last,b_last_rec,nll_rec
167,54.66228403643148,128.30429658631596,mcutoff_b-last_b-longer,5.606394084427979,5.548284673789467,0.18260805860323798,0.19130372669364287,-0.0039538356841101185,-0.024779295508902455,-0.06806229941494835,-0.06999762745529947,56.132277924867985
