subject,nll,bic,model,m_min,m_min_rec,epsilon,epsilon_rec,b_longer,b_longer_rec,b_last,b_last_rec,nll_rec
56,24.768569156792132,69.30370800402147,mcutoff_b-last_b-longer,8.784424462181157,8.709609503476164,0.042856229267563536,0.03571335713429296,0.02157211956024918,-0.016201836893466548,-0.002586145375536475,0.032235794515302896,21.570374514224106
