subject,nll,bic,model,m_min,m_min_rec,epsilon,epsilon_rec,b_longer,b_longer_rec,b_last,b_last_rec,nll_rec
175,82.49567590757879,184.72924754768033,mcutoff_b-last_b-longer,7.391014663053623,7.382217947354396,0.2805750982129207,0.2589923214690163,-0.16744782126925184,-0.1590205791522119,0.17373244315532888,0.1845894906239669,79.5078311333717
