subject,nll,bic,model,m_min,m_min_rec,epsilon,epsilon_rec,b_longer,b_longer_rec,b_last,b_last_rec,nll_rec
34,65.49453581722729,150.52027932480007,mcutoff_b-last_b-longer,6.873575909451532,6.837471112091736,0.1969690867982568,0.19696908825521933,0.12249069309818772,0.09184733985137217,0.22885249055799117,0.16401869633720856,65.49453581722729
