subject,nll,bic,model,m_min,m_min_rec,epsilon,epsilon_rec,b_longer,b_longer_rec,b_last,b_last_rec,nll_rec
12,72.4987580926028,164.73541191772836,mcutoff_b-last_b-longer,8.229147767802635,8.226274194366711,0.21582676687917082,0.2302152894831259,0.022245118746003767,0.17555687489077032,0.13256636124707688,0.0004875428006503313,74.99536452842892
