subject,nll,bic,model,m_min,m_min_rec,epsilon,epsilon_rec,b_longer,b_longer_rec,b_last,b_last_rec,nll_rec
132,82.4956759075788,184.72924754768036,mcutoff_b-last_b-longer,7.323109703174247,6.999225572797204,0.28057509704006894,0.2158267669525658,-0.1561626363970705,-0.28787653233017474,0.36444257333126684,0.49739840585552364,72.4987580926028
