subject,nll,bic,model,m_min,m_min_rec,epsilon,epsilon_rec,b_longer,b_longer_rec,b_last,b_last_rec,nll_rec
55,80.54040898261218,180.8187136977471,mcutoff_b-last_b-longer,7.441756813485846,7.848479767479965,0.2661865807748101,0.3093521355876479,0.18148162479053132,0.16724296511706394,-0.0883234005873661,-0.07127270768500149,85.98256734970867
