subject,nll,bic,model,m_min,m_min_rec,epsilon,epsilon_rec,b_longer,b_longer_rec,b_last,b_last_rec,nll_rec
144,82.49567590757877,184.7292475476803,mcutoff_b-last_b-longer,7.0531048709406,7.528623990743205,0.2805750975708604,0.2517980617123517,-0.10424755572266597,-0.0122140256990112,-0.00636172826526904,0.11426412645853223,78.43776304261189
