subject,nll,bic,model,m_min,m_min_rec,epsilon,epsilon_rec,b_longer,b_longer_rec,b_last,b_last_rec,nll_rec
123,77.60885735275397,174.98428439594517,mcutoff_b-last_b-longer,6.965986633428731,6.997020324992761,0.24285662417759407,0.23571376258218882,0.1581738875001495,0.13170642414312184,-0.050532186208103624,-0.06907366474565635,76.45222434976478
