subject,nll,bic,model,m_min,m_min_rec,epsilon,epsilon_rec,b_longer,b_longer_rec,b_last,b_last_rec,nll_rec
80,85.52072228796507,190.80801426636737,mcutoff_b-last_b-longer,6.961458906577674,7.439286098407049,0.29999959617362404,0.24285662839506755,0.1528167131418905,0.33293076971259405,0.05200708440292967,0.18350904584520777,77.60885735275396
