subject,nll,bic,model,m_min,m_min_rec,epsilon,epsilon_rec,b_longer,b_longer_rec,b_last,b_last_rec,nll_rec
124,78.72664024691315,177.21985018426352,mcutoff_b-last_b-longer,3.1103433192009424,3.069403136180024,0.24999950132973853,0.27142811402069805,-0.017977966697047987,-0.2232593900108759,0.03263137888634193,0.2513415324720816,81.85415814098425
