subject,nll,bic,model,m_min,m_min_rec,epsilon,epsilon_rec,b_longer,b_longer_rec,b_last,b_last_rec,nll_rec
67,62.53894182787468,144.84445334618658,mcutoff_b-last_b-longer,8.516844071353308,8.701484738167839,0.16428504036245575,0.1999993953356372,-0.1207077491067795,-0.12090349839546966,0.008432550826064311,0.007316109013649985,70.05605929562628
