subject,nll,bic,model,m_min,m_min_rec,epsilon,epsilon_rec,b_longer,b_longer_rec,b_last,b_last_rec,nll_rec
133,53.43503177599375,126.57907829261632,mcutoff_b-last_b-longer,8.300887978392293,8.6677888100436,0.13043404451576315,0.07970930495588782,0.08792009138056711,0.08535231293445444,-0.025905208690643722,-0.026214434707019674,38.372124570947065
