subject,nll,bic,model,m_min,m_min_rec,epsilon,epsilon_rec,b_longer,b_longer_rec,b_last,b_last_rec,nll_rec
174,86.35108927593126,192.46874824229974,mcutoff_b-last_b-longer,3.1361682854243744,0.3742782681353294,0.3071424658870355,0.28571385477993505,0.020101008120946284,0.5005137773349913,-0.14130571002994308,-0.7291093779533748,83.75746240221599
