subject,nll,bic,model,m_min,m_min_rec,epsilon,epsilon_rec,b_longer,b_longer_rec,b_last,b_last_rec,nll_rec
0,82.82358276555917,185.41373522155556,mcutoff_b-last_b-longer,6.963386215030577,7.288998281887159,0.2785709834976969,0.2642852412723098,-0.04980672010108511,-0.11544138316440866,-0.0879862244555858,-0.07274668716510702,80.8486106100938
