subject,nll,bic,model,m_min,m_min_rec,epsilon,epsilon_rec,b_longer,b_longer_rec,b_last,b_last_rec,nll_rec
155,59.17899229311871,138.12455427667464,mcutoff_b-last_b-longer,9.985124898671305,8.505765528516626,0.14999929939529366,0.13571355335848662,-0.008037586422263154,-0.022716535975665475,0.12635308648625587,0.14032218950439268,55.59466254421455
