subject,nll,bic,model,m_min,m_min_rec,epsilon,epsilon_rec,b_longer,b_longer_rec,b_last,b_last_rec,nll_rec
105,82.82358276555917,185.41373522155556,mcutoff_b-last_b-longer,7.69154756062827,7.682417974455121,0.2785709811514328,0.27857098644387734,-0.12286396318318471,0.03759991724257383,-0.005530987131557086,-0.1807756845579439,82.82358276555917
