subject,nll,bic,model,m_min,m_min_rec,epsilon,epsilon_rec,b_longer,b_longer_rec,b_last,b_last_rec,nll_rec
101,30.664273050742946,81.0951157919231,mcutoff_b-last_b-longer,8.955708318528156,9.050563510239376,0.05714197103662671,0.028570486262808583,-0.01202974628553255,-0.04307158580498349,0.0464809949092968,-0.007527555284607468,18.163417260999953
