subject,nll,bic,model,m_min,m_min_rec,epsilon,epsilon_rec,b_longer,b_longer_rec,b_last,b_last_rec,nll_rec
176,75.25593774657561,170.27844518358845,mcutoff_b-last_b-longer,7.579931932945316,7.259212420420757,0.22857088239918297,0.21428514055832684,-0.09992230126178747,-0.062490677351710544,0.022268203963463185,0.06133837202038128,72.74089747855213
