subject,nll,bic,model,m_min,m_min_rec,epsilon,epsilon_rec,b_longer,b_longer_rec,b_last,b_last_rec,nll_rec
33,90.64224946512851,201.05106862069425,mcutoff_b-last_b-longer,8.288064281304134,7.990353929295258,0.3499997014120196,0.2785709826136027,-0.3561891419002521,0.049336343623513024,0.9372048123392647,0.8089650357502272,82.82358276555917
