subject,nll,bic,model,m_min,m_min_rec,epsilon,epsilon_rec,b_longer,b_longer_rec,b_last,b_last_rec,nll_rec
189,62.17717082382603,144.06335638828088,mcutoff_b-last_b-longer,9.125339976778339,9.676273830061316,0.166666001738568,0.2173907420789303,0.09948373372220365,0.10672554172897741,0.003647251973436072,-0.008517650260781773,72.25463857268984
