subject,nll,bic,model,m_min,m_min_rec,epsilon,epsilon_rec,b_longer,b_longer_rec,b_last,b_last_rec,nll_rec
3,64.13990506889358,148.0463798282244,mcutoff_b-last_b-longer,8.950473594259218,9.673694852107051,0.17142791016705156,0.14285642601050988,0.05991742109990583,0.04575485450400807,-0.05881450956337908,-0.06157440047999929,57.41600456065724
