subject,nll,bic,model,m_min,m_min_rec,epsilon,epsilon_rec,b_longer,b_longer_rec,b_last,b_last_rec,nll_rec
106,77.3295041019547,174.39690393643215,mcutoff_b-last_b-longer,1.0206608129688033,3.0852119838562198,0.24460380226962106,0.21582676526723965,0.9569440697301983,0.12232519955234311,-0.015412341728377799,-0.27706672519366704,72.4987580926028
