subject,nll,bic,model,m_min,m_min_rec,epsilon,epsilon_rec,b_longer,b_longer_rec,b_last,b_last_rec,nll_rec
109,74.20059006008105,168.05179966310632,mcutoff_b-last_b-longer,7.394574516833994,7.928708453804436,0.23529358757351324,0.22794063362010003,0.1797955310866841,0.2455927250578458,-0.08308722540046809,-0.10249331284089758,73.00135235479557
