subject,nll,bic,model,m_min,m_min_rec,epsilon,epsilon_rec,b_longer,b_longer_rec,b_last,b_last_rec,nll_rec
120,60.88593950475119,141.5384486999396,mcutoff_b-last_b-longer,9.02244944354911,9.138023446171838,0.15714216955765317,0.1857136563779118,0.11742090181519527,0.10810320395498518,0.00048127022770971806,0.0037633780682779783,67.19252606005156
