subject,nll,bic,model,m_min,m_min_rec,epsilon,epsilon_rec,b_longer,b_longer_rec,b_last,b_last_rec,nll_rec
140,45.51133627508274,110.7892422406027,mcutoff_b-last_b-longer,9.220722341450717,8.841691416332297,0.09999920026201149,0.09999920204414972,0.11185464571703907,0.10868335807366036,-0.007740169362523308,-0.014996754803005996,45.51133627508274
