subject,nll,bic,model,m_min,m_min_rec,epsilon,epsilon_rec,b_longer,b_longer_rec,b_last,b_last_rec,nll_rec
52,18.16341726099995,56.093404212437115,mcutoff_b-last_b-longer,8.634467405561223,9.30671033688346,0.02857048629914775,0.05714197071225395,-0.04095364352542308,0.03959142449285458,0.026520006195795087,-0.048113745485662385,30.66427305074295
