subject,nll,bic,model,m_min,m_min_rec,epsilon,epsilon_rec,b_longer,b_longer_rec,b_last,b_last_rec,nll_rec
153,77.60885735275397,174.98428439594517,mcutoff_b-last_b-longer,5.225761994254425,5.418649045958514,0.24285662792361998,0.24999949789937415,-0.0004185631660301725,-0.07018827488081392,0.1160323908585168,-0.0010194883301046787,78.72664024691315
