subject,nll,bic,model,m_min,m_min_rec,epsilon,epsilon_rec,b_longer,b_longer_rec,b_last,b_last_rec,nll_rec
96,80.54040898261218,180.8187136977471,mcutoff_b-last_b-longer,8.361674084801184,8.79785648622411,0.26618657988895406,0.2158267671648342,0.10985886301613434,-0.014267136542138958,-0.009047143028676374,0.11538081121299726,72.49875809260281
