subject,nll,bic,model,m_min,m_min_rec,epsilon,epsilon_rec,b_longer,b_longer_rec,b_last,b_last_rec,nll_rec
170,72.74089747855214,165.2483646475415,mcutoff_b-last_b-longer,8.546795175893266,8.68918154157211,0.21428513935512103,0.2642852412641665,-0.00436001172218603,-0.08106837196916084,0.12170452124428888,0.048150797407559454,80.84861061009379
