subject,nll,bic,model,m_min,m_min_rec,epsilon,epsilon_rec,b_longer,b_longer_rec,b_last,b_last_rec,nll_rec
157,-0.0001399999273462012,19.76628969058252,mcutoff_b-last_b-longer,8.681601845779461,8.681601845779461,1.890154699424329e-14,1.890154699424329e-14,-0.06733025647383994,-0.06733025647383994,0.013769367812995759,0.013769367812995759,-0.0001399999273462012
