subject,nll,bic,model,m_min,m_min_rec,epsilon,epsilon_rec,b_longer,b_longer_rec,b_last,b_last_rec,nll_rec
159,85.98256734970869,191.70303043194014,mcutoff_b-last_b-longer,8.463237686606533,8.700679213204268,0.30935213697695124,0.2733808419249498,0.0032519707444129686,0.001728837571454367,0.11446429639273936,0.11446732185125397,81.53615243487428
