subject,nll,bic,model,m_min,m_min_rec,epsilon,epsilon_rec,b_longer,b_longer_rec,b_last,b_last_rec,nll_rec
79,51.76635660581956,123.29928290207633,mcutoff_b-last_b-longer,9.380563551227104,8.357009163209701,0.12142781599223151,0.11428494347414724,-0.07427738072461676,-0.0731197964874678,-0.02411232118064155,-0.018474625016796087,49.75332547472152
