subject,nll,bic,model,m_min,m_min_rec,epsilon,epsilon_rec,b_longer,b_longer_rec,b_last,b_last_rec,nll_rec
53,68.64724026897122,157.06105022837966,mcutoff_b-last_b-longer,8.692942851291368,8.861068672882286,0.1928565271928713,0.19285652181067464,-0.10981894419456417,-0.042114997129162446,0.008225897150664796,0.07726875685635237,68.64724026897122
