subject,nll,bic,model,m_min,m_min_rec,epsilon,epsilon_rec,b_longer,b_longer_rec,b_last,b_last_rec,nll_rec
70,80.8486106100938,181.46379091062482,mcutoff_b-last_b-longer,7.6645194133857375,7.856899261856257,0.2642852399423528,0.22857088288928074,0.08822465688015235,0.05128541882079074,0.029468957798435724,-0.15675423399674393,75.2559377465756
