subject,nll,bic,model,alpha,alpha_rec,beta,beta_rec,b_last,b_last_rec,nll_rec
95-alternatives,36.88956933019902,86.52462438654612,eu_b-last,0.9290687307250233,0.9067626023854565,2.0038083907462094,2.055699216393984,-0.0734396010137875,0.04661556389130319,36.673257729384986
