subject,nll,bic,model,alpha,alpha_rec,beta,beta_rec,b_last,b_last_rec,nll_rec
81-attributes,26.136918179942985,65.01932208603405,eu_b-last,1.0695801588005385,1.0534350632001848,3.281780780161401,2.625124428482115,-0.031693940911900746,0.08743628941204634,29.123289980983632
