subject,nll,bic,model,alpha,alpha_rec,beta,beta_rec,b_last,b_last_rec,nll_rec
28-attributes,27.66019446081148,68.06587464777104,eu_b-last,0.8122537765640186,0.726501891128779,4.270631911132359,4.507256752339392,0.03123270265450203,0.05430477010556874,28.469296203133382
