subject,nll,bic,model,alpha,alpha_rec,beta,beta_rec,b_last,b_last_rec,nll_rec
72-attributes,22.623559772034763,57.949439057861305,eu_b-last,0.3149023227336857,0.33249369969001225,9.29068442229012,7.370659164809389,-0.0727389346994676,-0.04053028826058403,26.834278615515572
