subject,nll,bic,model,alpha,alpha_rec,beta,beta_rec,b_last,b_last_rec,nll_rec
159-attributes,22.167345630967773,57.037010775727325,eu_b-last,0.900217267659874,0.9399033590353929,5.40690621301283,5.367195865561973,0.0533071166048311,0.027626609760919893,21.746258549078277
