subject,nll,bic,model,alpha,alpha_rec,beta,beta_rec,b_last,b_last_rec,nll_rec
141-alternatives,24.879533855322244,62.50455343679256,eu_b-last,0.3689120422982854,0.22301519113960575,8.512094469725664,8.90460976997535,-0.020013447103367027,0.0010955175913908684,24.133909402271033
