subject,nll,bic,model,alpha,alpha_rec,beta,beta_rec,b_last,b_last_rec,nll_rec
160-alternatives,26.888131806098464,66.521749338345,eu_b-last,0.9053199439137115,0.9378361881778302,3.831226087317724,3.8409572241499625,0.15494284260348756,0.007991099106485367,27.204668928333675
