subject,nll,bic,model,alpha,alpha_rec,beta,beta_rec,b_last,b_last_rec,nll_rec
166-attributes,20.28315752412782,53.31180077440372,eu_b-last,2.0449006010794246,2.133713738661659,0.5028081734863674,0.4364106410510491,1.0,-0.2298724673161415,20.51760097864738
