subject,nll,bic,model,alpha,alpha_rec,beta,beta_rec,b_last,b_last_rec,nll_rec
43-alternatives,27.729679967947547,68.20484566204317,eu_b-last,0.531087105713543,0.45898705796474715,6.122925923829339,5.9187577473875015,0.04833182764105356,-0.0017421729013553072,30.270572963605968
