subject,nll,bic,model,alpha,alpha_rec,beta,beta_rec,b_last,b_last_rec,nll_rec
36-attributes,70.99050143423179,156.8059301362915,eu_b-last,0.39125297654588387,0.21970186092170774,4.360435986809351,5.290117103389324,0.023741635572863646,-0.04169637347910175,68.6833842685005
