subject,nll,bic,model,alpha,alpha_rec,beta,beta_rec,b_last,b_last_rec,nll_rec
74-alternatives,30.294135356824572,73.01767489282375,eu_b-last,0.34260393060034944,0.1437021030874744,4.94108624199873,5.102554570627027,0.023865263841003154,0.049167434776104794,30.83136009776232
