subject,nll,bic,model,alpha,alpha_rec,beta,beta_rec,b_last,b_last_rec,nll_rec
107-attributes,41.45841844035272,95.61915639449722,eu_b-last,0.12523820223909504,0.0,3.031534129012136,1.7892052418804782,0.052301571300471396,-0.020927640416753213,45.80085722974134
