subject,nll,bic,model,alpha,alpha_rec,beta,beta_rec,b_last,b_last_rec,nll_rec
160-attributes,30.05015656905466,72.80263265190109,eu_b-last,0.6323073455861618,0.5958445495625421,4.158318117777164,4.99525109325524,0.15546468733347638,0.13848234010655225,27.930753437703245
