subject,nll,bic,model,alpha,alpha_rec,beta,beta_rec,b_last,b_last_rec,nll_rec
148-attributes,19.98866006997373,52.67963965373924,eu_b-last,0.4541598432586618,0.38311392728324933,9.855303362896544,11.688499211545516,-0.0944802186612132,-0.07343172772955205,18.100735913453537
