subject,nll,bic,model,alpha,alpha_rec,beta,beta_rec,b_last,b_last_rec,nll_rec
153-alternatives,31.77480351296192,76.29509275207192,eu_b-last,1.2583589213809154,1.2290925733358755,1.4663508298224304,1.2146263669609592,0.10907520842564775,-0.13030460796157078,35.680360919738106
