subject,nll,bic,model,alpha,alpha_rec,beta,beta_rec,b_last,b_last_rec,nll_rec
62-alternatives,29.181100125260727,71.10768597666953,eu_b-last,0.546730204059439,0.601231902082805,5.72075258864535,5.837487785228496,-0.005877643221203709,0.010097847340570933,27.558320000801512
