subject,nll,bic,model,alpha,alpha_rec,beta,beta_rec,b_last,b_last_rec,nll_rec
38-alternatives,24.118003048016636,60.981491822181354,eu_b-last,0.8869627056340061,1.0804066378345565,5.00753863252106,8.873309786649058,-0.0995690528292287,-0.051519688475227345,13.798988910465738
