subject,nll,bic,model,alpha,alpha_rec,beta,beta_rec,b_last,b_last_rec,nll_rec
51-attributes,35.62192432830025,83.8579265147734,eu_b-last,1.7385742584043766,1.6409287362121012,0.34985903439582966,0.5574497413003076,-0.9344289290035618,-0.5745774563161719,32.255592402108405
