subject,nll,bic,model,alpha,alpha_rec,beta,beta_rec,b_last,b_last_rec,nll_rec
0-alternatives,30.935376798671022,74.61623932349012,eu_b-last,0.8344377484891895,0.8773797943205676,3.471877906053669,1.7098995120155982,0.044454522709909655,0.15925230117283137,38.8484082893505
