subject,nll,bic,model,alpha,alpha_rec,beta,beta_rec,b_last,b_last_rec,nll_rec
99-alternatives,33.72150083012339,80.18848738639485,eu_b-last,0.6606144754590793,0.6615486664166763,3.854984681593928,4.636797285038522,-0.04854529789512484,-0.11594019855214435,30.62263109800115
