subject,nll,bic,model,alpha,alpha_rec,beta,beta_rec,b_last,b_last_rec,nll_rec
194-attributes,29.264945484289612,71.232210482371,eu_b-last,0.7427664373557996,0.8551311935457296,3.924116915886315,2.7456360312615327,0.09843670997484638,-0.06510330465791887,32.87777790232532
