subject,nll,bic,model,alpha,alpha_rec,beta,beta_rec,b_last,b_last_rec,nll_rec
146-alternatives,12.979261670912337,38.70400906797275,eu_b-last,0.4879166793852685,0.47296368911530307,15.242948850361559,12.264564909885554,0.03475035477341726,0.06890140043720454,16.0982015059836
