subject,nll,bic,model,alpha,alpha_rec,beta,beta_rec,b_last,b_last_rec,nll_rec
138-attributes,-6.899996549434658e-05,12.70218151386079,eu_b-last,3.557970305070324,3.557970305070324,15.706672324655841,15.706672324655841,0.4845848855589674,0.4845848855589674,-6.899996549434658e-05
