subject,nll,bic,model,alpha,alpha_rec,beta,beta_rec,b_last,b_last_rec,nll_rec
8-attributes,18.047265881971356,48.84001749009079,eu_b-last,0.394068585269714,0.3592067043941182,11.689813316217922,15.829953254648087,-0.029400831051064693,-0.07453543262547531,13.97281605712556
