subject,nll,bic,model,alpha,alpha_rec,beta,beta_rec,b_last,b_last_rec,nll_rec
59-alternatives,35.186768429225275,83.11902258459862,eu_b-last,1.212240415059377,1.3959289008200606,1.2173095796320665,0.919577024122344,0.21496553738402205,0.39256347403798764,33.25024390756518
