subject,nll,bic,model,alpha,alpha_rec,beta,beta_rec,b_last,b_last_rec,nll_rec
159-alternatives,25.027646908534464,62.800779543217004,eu_b-last,0.9738168597187595,1.0221745428420899,4.032991483880152,4.4277370325611916,0.12561462994875072,0.31694816978150764,20.391976861316284
