subject,nll,bic,model,alpha,alpha_rec,beta,beta_rec,b_last,b_last_rec,nll_rec
0-attributes,42.20089931384468,97.14728435383743,eu_b-last,0.635347358192534,0.5967960100230075,1.9201477882007754,2.587498234608322,-0.0030270216224763348,0.04178651844624722,39.370649571375594
