subject,nll,bic,model,alpha,alpha_rec,beta,beta_rec,b_last,b_last_rec,nll_rec
46-alternatives,29.412775495718027,71.57103671758414,eu_b-last,0.7173098296679074,0.726133117811224,3.9956231353017895,5.860059033547639,0.19142290831623962,0.16105568420173577,23.46209614114204
