subject,nll,bic,model,alpha,alpha_rec,beta,beta_rec,b_last,b_last_rec,nll_rec
78-attributes,19.13676401184805,51.01901374984418,eu_b-last,0.9364411411147154,0.9419010577835052,6.3832176909664184,6.809806253222832,0.07738504981572354,0.07643026468945122,18.185571857930785
