subject,nll,bic,model,alpha,alpha_rec,beta,beta_rec,b_last,b_last_rec,nll_rec
167-attributes,36.52143793231557,85.42427901976642,eu_b-last,1.9933337128782933,1.3610065434423684,0.12300400190206225,0.4854696285103404,0.6413143447698467,-0.39944403359147707,37.0601046717514
