subject,nll,bic,model,alpha,alpha_rec,beta,beta_rec,b_last,b_last_rec,nll_rec
102-alternatives,25.524247969069755,63.793981664287585,eu_b-last,0.7701107687486939,0.8611059175822064,5.190900807906838,6.069217983655506,0.07716377088753368,0.1771768001887346,20.35013802003566
