subject,nll,bic,model,alpha,alpha_rec,beta,beta_rec,b_last,b_last_rec,nll_rec
34-alternatives,40.399225955570515,93.45697502666935,eu_b-last,1.4741179907180166,1.1421505363084576,0.34681310409898625,0.699386125978644,1.0,-0.039923144510978954,41.90386238269609
