subject,nll,bic,model,alpha,alpha_rec,beta,beta_rec,b_last,b_last_rec,nll_rec
161-attributes,15.211443916926966,43.16837356000201,eu_b-last,0.5222156860110552,0.4820685386527924,12.645654587031421,13.670073049073345,0.03382650626916172,0.06782199500640938,14.251437029650853
