subject,nll,bic,model,alpha,alpha_rec,beta,beta_rec,b_last,b_last_rec,nll_rec
2-attributes,28.034324481144367,68.81413468843681,eu_b-last,0.5028746765899247,0.4955771396128515,6.049499747591976,6.966321969780519,0.025919863888081093,0.022945991137951285,25.56520184438438
