subject,nll,bic,model,alpha,alpha_rec,beta,beta_rec,b_last,b_last_rec,nll_rec
78-alternatives,19.922739897263764,52.59096552067561,eu_b-last,1.0838958482618963,1.0630366504120907,5.2525956301430705,9.570729766103375,0.03041266028109417,-0.050090832268129194,13.192372132558019
