subject,nll,bic,model,alpha,alpha_rec,beta,beta_rec,b_last,b_last_rec,nll_rec
85-alternatives,17.106397091582355,46.95827990931279,eu_b-last,0.1194397739486169,0.150765654018917,13.17666162787035,19.760540946829835,-0.049649289551593756,-0.049962961701253,10.374129824126765
