subject,nll,bic,model,alpha,alpha_rec,beta,beta_rec,b_last,b_last_rec,nll_rec
157-alternatives,-6.74665779880088e-05,12.745350792992102,eu_b-last,0.0,0.0,199.99879939443093,199.99879939443093,0.018541797215512697,0.018541797215512697,-6.74665779880088e-05
