subject,nll,bic,model,alpha,alpha_rec,beta,beta_rec,b_last,b_last_rec,nll_rec
54-alternatives,22.34437187269192,57.43422947153192,eu_b-last,0.9764588149252328,1.014049127496952,5.059699794052967,3.0838080731437647,-0.025251961925380973,-0.05679139868651039,28.81543663160717
