subject,nll,bic,model,alpha,alpha_rec,beta,beta_rec,b_last,b_last_rec,nll_rec
56-alternatives,16.845170651691614,46.43582702953131,eu_b-last,0.22222115319640462,0.13801559304819055,12.469983608540108,13.922310868729788,0.026496652841424335,0.04796581906400455,14.432304622105292
