subject,nll,bic,model,alpha,alpha_rec,beta,beta_rec,b_last,b_last_rec,nll_rec
76-attributes,27.77484759181732,68.25201469742642,eu_b-last,0.44522581187980387,0.5611065190238653,6.4277557628752575,6.193039434384082,-0.038565888944286066,0.013003738599054467,25.90431594323669
