subject,nll,bic,model,alpha,alpha_rec,beta,beta_rec,b_last,b_last_rec,nll_rec
116-attributes,18.816006546752856,50.377498819653795,eu_b-last,0.651309192617562,0.6236116082993746,8.944304124326129,6.916179776495991,-0.037414774837350485,0.0026021866507403507,23.527852538410382
