subject,nll,bic,model,alpha,alpha_rec,beta,beta_rec,b_last,b_last_rec,nll_rec
36-alternatives,66.81681129547884,148.4153836464293,eu_b-last,0.51337747580655,0.6228753808657872,4.361746828103822,4.224523517073468,0.060295903434181564,-0.030916979811384505,64.82606935762914
