subject,nll,bic,model,alpha,alpha_rec,beta,beta_rec,b_last,b_last_rec,nll_rec
51-alternatives,37.07694412437387,86.89937397489581,eu_b-last,1.7549868847047496,1.530225078164635,0.3167061944340775,0.814646115495048,0.734763168855429,-0.3626889812079826,31.857728651959057
