subject,nll,bic,model,alpha,alpha_rec,beta,beta_rec,b_last,b_last_rec,nll_rec
80-attributes,18.27007507612557,49.28563587839922,eu_b-last,0.9461483262567357,0.8674724795599789,6.825091548647733,7.614918278281604,0.025586715006343134,-0.11999687428347676,17.304175092682517
