subject,nll,bic,model,alpha,alpha_rec,beta,beta_rec,b_last,b_last_rec,nll_rec
49-alternatives,11.561841674266153,35.869169074680386,eu_b-last,0.34127566753888333,0.31735593798926354,19.458646061076422,19.15345049077259,-0.013171187565908437,-0.04275350701611269,11.918206694488521
