subject,nll,bic,model,alpha,alpha_rec,beta,beta_rec,b_last,b_last_rec,nll_rec
4-attributes,37.96120005444403,88.66788583503613,eu_b-last,1.624234378949856,1.302575768882261,0.3659019430979716,0.4315403090924818,0.7761647156729172,0.5352904606987646,43.02545291366139
