subject,nll,bic,model,alpha,alpha_rec,beta,beta_rec,b_last,b_last_rec,nll_rec
156-alternatives,23.34224780204372,59.42998133023552,eu_b-last,0.92852059129042,1.006284468607255,4.875036344584996,3.386551376096503,0.08517012411254653,0.1748114119194142,26.432594246195077
