subject,nll,bic,model,alpha,alpha_rec,beta,beta_rec,b_last,b_last_rec,nll_rec
17-attributes,38.118311507434015,88.89514613039636,eu_b-last,0.5592181206714254,0.8846421334620913,2.457945205161735,1.4770843251831223,0.17761316361538662,0.08390923511242936,39.20408258261281
