subject,nll,bic,model,alpha,alpha_rec,beta,beta_rec,b_last,b_last_rec,nll_rec
151-attributes,16.924652201743594,46.59479012963527,eu_b-last,0.6126959870388815,0.5758969927922327,10.594177328901266,8.493965957361459,0.018241602799818565,0.09285200330448512,20.198848934870956
