subject,nll,bic,model,alpha,alpha_rec,beta,beta_rec,b_last,b_last_rec,nll_rec
149-alternatives,3.5352247428926296,19.68452734395816,eu_b-last,0.0,0.0,36.802648819680044,42.99823205299826,0.05666062924775545,0.06329995774877493,3.1408468509597904
