subject,nll,bic,model,alpha,alpha_rec,beta,beta_rec,b_last,b_last_rec,nll_rec
92-attributes,45.403226740641706,103.55193920743149,eu_b-last,1.011866234300478,0.7534762610851393,0.5469323970532388,1.681048956264546,0.34074761600489095,0.19948771463048837,40.32522015606657
