subject,nll,bic,model,alpha,alpha_rec,beta,beta_rec,b_last,b_last_rec,nll_rec
136-alternatives,24.48496124814917,61.71540822244641,eu_b-last,0.5459966070219263,0.5322926098812294,7.40176158627245,8.576174739176903,-0.028201033335430253,-0.06297007470402143,22.127114531907562
