subject,nll,bic,model,alpha,alpha_rec,beta,beta_rec,b_last,b_last_rec,nll_rec
199-attributes,32.0609027820873,76.86729129032267,eu_b-last,1.5032963932127432,1.6725890736287743,0.8020410007080426,0.573329919388998,-0.03420886803690069,-0.20325819789605692,31.487449356540523
