subject,nll,bic,model,alpha,alpha_rec,beta,beta_rec,b_last,b_last_rec,nll_rec
73-alternatives,19.662664276300266,52.02764806639231,eu_b-last,0.5355699249666146,0.5594664071111596,9.543497718077262,7.877135270987062,0.021199279166052597,0.006372987899208181,22.724033432010284
