subject,nll,bic,model,alpha,alpha_rec,beta,beta_rec,b_last,b_last_rec,nll_rec
129-alternatives,29.640693514313654,72.02687275477538,eu_b-last,1.0356949573718452,1.0063742244787852,2.742549300161695,2.877059833192387,0.05216224309589616,-0.055379318813183545,30.000802150784544
