subject,nll,bic,model,alpha,alpha_rec,beta,beta_rec,b_last,b_last_rec,nll_rec
40-alternatives,22.759291787033035,58.264069300214146,eu_b-last,0.9575890828256628,0.9554931433612073,4.951941986783694,4.201836561755265,0.0579025943952986,0.0925022575571643,25.038532883389333
