subject,nll,bic,model,alpha,alpha_rec,beta,beta_rec,b_last,b_last_rec,nll_rec
153-attributes,24.343658424362047,61.43280257487217,eu_b-last,1.1939282358576164,1.2134150254765708,2.7008746803583654,3.7389304735497704,0.22980401840612255,0.16177257096650607,20.102386614740766
