subject,nll,bic,model,alpha,alpha_rec,beta,beta_rec,b_last,b_last_rec,nll_rec
20-attributes,18.862294689977286,50.470075106102655,eu_b-last,0.4745700528921351,0.6124053871936938,10.433464828950504,7.560631226206981,-0.06515736863950684,-0.07355489186234951,22.22034682853874
