subject,nll,bic,model,alpha,alpha_rec,beta,beta_rec,b_last,b_last_rec,nll_rec
164-alternatives,10.013835546387519,32.77315681892311,eu_b-last,0.6314306481873808,0.6139263951780307,18.80643931493907,200.0,-0.017529176622014097,0.054740831336425114,2.8398905549411055
