subject,nll,bic,model,alpha,alpha_rec,beta,beta_rec,b_last,b_last_rec,nll_rec
52-attributes,12.58368391006024,37.91285354626856,eu_b-last,0.0,0.10535739111333758,15.507805165352668,12.56952899728826,0.011988613427299316,0.009959075100661904,16.02775810152856
