subject,nll,bic,model,alpha,alpha_rec,beta,beta_rec,b_last,b_last_rec,nll_rec
123-alternatives,24.48434079849012,61.71416732312832,eu_b-last,1.180922087631768,1.1586775945077696,3.0455090543820376,3.0997761144567795,-0.035388236593956165,-0.03366971898116156,24.92446311881291
