subject,nll,bic,model,alpha,alpha_rec,beta,beta_rec,b_last,b_last_rec,nll_rec
55-attributes,27.577541170846217,67.85740185548421,eu_b-last,1.072804540404032,1.1030065498475594,2.750318207912287,3.063592729775117,0.12027820558840872,0.11546739909353206,25.57983310721687
