subject,nll,bic,model,alpha,alpha_rec,beta,beta_rec,b_last,b_last_rec,nll_rec
170-alternatives,18.761763963440707,50.26901365302949,eu_b-last,0.7344796016981995,0.6909904952804441,8.17700169221916,18.042680429290158,0.023060152840365628,0.06186369664881576,9.212939035512596
