subject,nll,bic,model,alpha,alpha_rec,beta,beta_rec,b_last,b_last_rec,nll_rec
142-attributes,16.38639427765829,45.518274281464656,eu_b-last,0.8015364197834234,0.8321464835064912,8.753053293270833,6.829430758158067,0.02269496830784989,0.024365366498967877,19.6995706616266
