subject,nll,bic,model,alpha,alpha_rec,beta,beta_rec,b_last,b_last_rec,nll_rec
96-alternatives,26.635122247192683,66.01573022053344,eu_b-last,0.7275081653958244,0.6166617932389279,5.239955731302027,6.687108677180211,0.03040737241167612,0.02580735368708982,24.666957586487054
