subject,nll,bic,model,alpha,alpha_rec,beta,beta_rec,b_last,b_last_rec,nll_rec
174-alternatives,23.629739582647012,60.0049648914421,eu_b-last,1.1921723814354472,1.2007204434215069,3.1539699314262113,3.9647161363521914,0.004551370852582538,0.0778358996032122,20.264868438269662
