subject,nll,bic,model,alpha,alpha_rec,beta,beta_rec,b_last,b_last_rec,nll_rec
66-alternatives,22.043521376265065,56.83252847867821,eu_b-last,0.5970098464534622,0.7367615344148172,8.06781054823672,5.040580885109726,-0.049641940136749246,-0.17188965512124374,27.220388324249477
