subject,nll,bic,model,alpha,alpha_rec,beta,beta_rec,b_last,b_last_rec,nll_rec
142-alternatives,26.1375979830801,65.02068169230827,eu_b-last,0.7498054037301224,0.7786164146504119,5.193750535844916,6.3464034587345655,0.05335453087761199,0.14109862295387465,21.447309041647358
