subject,nll,bic,model,alpha,alpha_rec,beta,beta_rec,b_last,b_last_rec,nll_rec
175-alternatives,16.59627873814845,45.93804320244497,eu_b-last,1.0960452619165133,1.219682534012403,6.671061218877557,4.741678276420085,0.08436117181016478,0.2683198754657742,16.19614669764862
