subject,nll,bic,model,alpha,alpha_rec,beta,beta_rec,b_last,b_last_rec,nll_rec
128-alternatives,29.648606668188325,71.99953285016844,eu_b-last,0.742944466301463,0.596311084143358,4.0872863971139095,4.372804292505684,0.06948780528289195,-0.01989342360097427,32.567843418296285
