subject,nll,bic,model,alpha,alpha_rec,beta,beta_rec,b_last,b_last_rec,nll_rec
84-attributes,25.75832186813493,64.26212946241795,eu_b-last,0.9393043819871963,0.8311155451421806,3.247592715841882,6.559693911910623,0.3436428862689565,0.1454632383388268,19.797593175355466
