subject,nll,bic,model,alpha,alpha_rec,beta,beta_rec,b_last,b_last_rec,nll_rec
44-alternatives,13.37062465701109,39.48673504017026,eu_b-last,0.3161327810772084,0.27367167245153506,16.166880808806653,15.892811906193751,0.049012245793789655,0.03759385157489117,13.11221197582918
