subject,nll,bic,model,alpha,alpha_rec,beta,beta_rec,b_last,b_last_rec,nll_rec
109-attributes,38.87905907979987,90.41664127512807,eu_b-last,0.9694610342930641,1.0624436636737349,1.3736264888457352,0.9028060499250001,0.007887509685958088,-0.03305122096691179,41.1457341594634
