subject,nll,bic,model,alpha,alpha_rec,beta,beta_rec,b_last,b_last_rec,nll_rec
25-alternatives,23.608571409609485,59.96262854536705,eu_b-last,1.168041211604403,1.1932760445256911,3.3214965077244627,3.5470194567862405,0.043049380197565344,0.04196827566220634,21.99915041297925
