subject,nll,bic,model,alpha,alpha_rec,beta,beta_rec,b_last,b_last_rec,nll_rec
196-attributes,26.885023725625384,66.51553317739885,eu_b-last,1.0139414177230495,0.9951855248969497,3.065281156886278,2.112134198731979,0.21978122942857423,0.37211300354210686,30.754950334183327
