subject,nll,bic,model,alpha,alpha_rec,beta,beta_rec,b_last,b_last_rec,nll_rec
162-attributes,32.51101140096156,77.76750852807119,eu_b-last,1.1809681346386662,0.9159071268709587,1.5910340636068598,2.893612390383996,0.029610223416728053,-0.0873184856630651,31.391675781440888
