subject,nll,bic,model,alpha,alpha_rec,beta,beta_rec,b_last,b_last_rec,nll_rec
197-alternatives,3.1436180121075346,18.989555538006847,eu_b-last,0.0,0.0,43.264466065669154,200.0,0.06348169141275335,0.01853987557720313,-6.646679529709302e-05
