subject,nll,bic,model,alpha,alpha_rec,beta,beta_rec,b_last,b_last_rec,nll_rec
98-attributes,28.733116719355994,70.21171916486007,eu_b-last,0.7888354794871082,0.8328534000896585,4.025834237209577,7.778159307254138,0.08576504487315999,0.19082760193175877,16.92455408197041
