subject,nll,bic,model,alpha,alpha_rec,beta,beta_rec,b_last,b_last_rec,nll_rec
117-attributes,20.04222728291408,52.82994029197624,eu_b-last,0.4922068015754107,0.5778223322521191,9.531821543555997,9.91731776299197,-0.015076400476496034,-0.06941787065425428,18.263201764875614
