subject,nll,bic,model,alpha,alpha_rec,beta,beta_rec,b_last,b_last_rec,nll_rec
73-attributes,18.953234293536642,50.60878810086506,eu_b-last,0.5706920991200041,0.5705036173256659,9.334344240666873,20.693496901846682,0.07238273642863582,1.1664003874029179e-05,10.410634608384472
