subject,nll,bic,model,alpha,alpha_rec,beta,beta_rec,b_last,b_last_rec,nll_rec
154-alternatives,8.775832005270809,30.297149736689697,eu_b-last,0.10500768972173398,0.04160206877576103,19.666090052899275,22.606718117365872,0.010610050642251378,0.03756818079151349,7.092198152057552
