subject,nll,bic,model,alpha,alpha_rec,beta,beta_rec,b_last,b_last_rec,nll_rec
47-attributes,-6.992193314518205e-05,12.74534588228179,eu_b-last,0.00031581390751167504,0.00031581390751167504,199.91044807906673,199.91044807906673,0.0014760880506259344,0.0014760880506259344,-6.992193314518205e-05
