subject,nll,bic,model,alpha,alpha_rec,beta,beta_rec,b_last,b_last_rec,nll_rec
101-alternatives,17.96776412165205,48.68101396945218,eu_b-last,0.017170861513423206,0.0,12.149267761123404,10.51195425971429,0.02104059487142685,-0.020001913659774922,21.947436256309945
