subject,nll,bic,model,alpha,alpha_rec,beta,beta_rec,b_last,b_last_rec,nll_rec
60-alternatives,26.57748531268208,65.90045635151223,eu_b-last,0.4111932197136684,0.4866680682148219,7.301729550821102,5.353954202574382,0.04433351015757912,0.1500868048631579,29.276130904355377
