subject,nll,bic,model,alpha,alpha_rec,beta,beta_rec,b_last,b_last_rec,nll_rec
47-alternatives,-6.646607777427892e-05,12.70218658163623,eu_b-last,0.0,0.0,199.9963913184411,199.9963913184411,0.018571414222146743,0.018571414222146743,-6.646607777427892e-05
