subject,nll,bic,model,alpha,alpha_rec,beta,beta_rec,b_last,b_last_rec,nll_rec
97-alternatives,23.1664518914205,59.078389508989076,eu_b-last,0.5907847218072064,0.6161799906429376,7.035601563261814,5.45255634143602,0.11997911150928298,0.1343906239324791,26.99456891349489
