subject,nll,bic,model,alpha,alpha_rec,beta,beta_rec,b_last,b_last_rec,nll_rec
45-attributes,9.314492212495287,31.374470151138652,eu_b-last,2.787075813744064,2.767450820649192,0.40845448992101224,0.4863892576734234,-0.810555160232262,-1.0,8.512169438901713
