subject,nll,bic,model,alpha,alpha_rec,beta,beta_rec,b_last,b_last_rec,nll_rec
41-alternatives,45.97755802239619,104.6136391603207,eu_b-last,0.6898012979397242,0.15667513116809229,0.5516290594808478,1.9341653889227646,-0.5256470469349229,-0.23066372074138164,43.48937583709775
