subject,nll,bic,model,alpha,alpha_rec,beta,beta_rec,b_last,b_last_rec,nll_rec
154-attributes,12.915782429688425,38.57705058552493,eu_b-last,0.23046470018552034,0.018525866070121175,15.063049612279423,200.0,0.039032032877428575,0.10891396990699978,1.659786948295735
