subject,nll,bic,model,alpha,alpha_rec,beta,beta_rec,b_last,b_last_rec,nll_rec
125-attributes,15.211440104578328,43.168365935304735,eu_b-last,0.522215900589542,0.5491344850858803,12.645666913084016,11.811941097268381,0.03382665345990702,0.051052014893031426,15.892130922459076
