subject,nll,bic,model,alpha,alpha_rec,beta,beta_rec,b_last,b_last_rec,nll_rec
137-attributes,9.982729543654607,32.71094481345729,eu_b-last,3.052298733854391,2.9349864501762015,0.18096474983467456,0.1997230359202399,-1.0,1.0,11.77153123119305
