subject,nll,bic,model,alpha,alpha_rec,beta,beta_rec,b_last,b_last_rec,nll_rec
48-attributes,26.954572067156924,66.65462986046192,eu_b-last,1.2385113697570242,1.23557411206591,2.119334191074161,2.0858609029048965,0.06222694253797171,-0.20197081669570427,27.25263345922905
