subject,nll,bic,model,alpha,alpha_rec,beta,beta_rec,b_last,b_last_rec,nll_rec
122-alternatives,24.23099751099121,61.20748074813049,eu_b-last,0.9400886554502894,1.0000325391781293,4.641988366609824,12.059200313153262,-0.10630672741028716,-0.09788420047543593,11.050385131982338
