subject,nll,bic,model,alpha,alpha_rec,beta,beta_rec,b_last,b_last_rec,nll_rec
136-attributes,15.406573864797837,43.55863345574375,eu_b-last,0.4231052030337936,0.348364559860958,13.200184724996618,16.57360911324103,0.0336957519774455,0.031154652717558448,12.996923336101693
