subject,nll,bic,model,alpha,alpha_rec,beta,beta_rec,b_last,b_last_rec,nll_rec
87-alternatives,23.74048393283191,60.226453591811904,eu_b-last,0.5064879788038782,0.4422155919038064,7.416942822502522,9.871413981345208,0.11390537447175984,0.11942734854548813,19.65106382355518
