subject,nll,bic,model,alpha,alpha_rec,beta,beta_rec,b_last,b_last_rec,nll_rec
11-alternatives,28.93341770347768,70.61232113310344,eu_b-last,1.2618511268579653,1.3214943845362883,1.8185151863327331,1.2958458135154083,-0.2631061884920573,-0.09270928861782995,31.93656302748878
