subject,nll,bic,model,alpha,alpha_rec,beta,beta_rec,b_last,b_last_rec,nll_rec
188-alternatives,21.219071719770124,55.18362916568833,eu_b-last,1.5420705757769546,1.7246392075046781,1.5004083936881232,0.5425085565679054,0.019533534194370466,-0.5273468835390959,31.43662685382546
