subject,nll,bic,model,alpha,alpha_rec,beta,beta_rec,b_last,b_last_rec,nll_rec
189-alternatives,21.684516344844166,56.07135220348011,eu_b-last,0.597111810417363,0.5715514597473997,7.847753735131722,15.503223110223034,-0.003237420113385109,0.008954787826799577,12.328955417133505
