subject,nll,bic,model,alpha,alpha_rec,beta,beta_rec,b_last,b_last_rec,nll_rec
110-attributes,8.590151445292376,29.92578861673283,eu_b-last,0.0,0.06030433863089366,19.574814648894048,15.328709528418472,0.032482649641488025,0.009240808189765765,12.350712892585802
