subject,nll,bic,model,alpha,alpha_rec,beta,beta_rec,b_last,b_last_rec,nll_rec
132-alternatives,26.380858535740643,65.46403658527306,eu_b-last,1.056230040051311,1.034569352157799,3.2726807992111384,4.91423470174936,0.07544971855735617,0.08875949772062061,21.34922452193429
