subject,nll,bic,model,alpha,alpha_rec,beta,beta_rec,b_last,b_last_rec,nll_rec
147-attributes,28.76040001613377,70.26628575841562,eu_b-last,0.6008634001364234,0.6078297841773677,5.0268628537501066,5.09448116553107,0.09246701691661893,0.13511849483920774,27.80834722004617
