subject,nll,bic,model,alpha,alpha_rec,beta,beta_rec,b_last,b_last_rec,nll_rec
149-attributes,6.003237153561815,24.70879382091541,eu_b-last,0.14774247487336822,0.2282922875433221,23.63933805374286,25.445542083105416,0.002030178920217254,-0.02243625137416496,6.2315565744588435
