subject,nll,bic,model,alpha,alpha_rec,beta,beta_rec,b_last,b_last_rec,nll_rec
148-alternatives,20.4793347617249,53.704155249597875,eu_b-last,0.4877865945520386,0.5841023808091692,9.452882171939462,6.352141805221269,0.03835486087683387,0.04658926922268435,26.035537705759886
