subject,nll,bic,model,alpha,alpha_rec,beta,beta_rec,b_last,b_last_rec,nll_rec
145-alternatives,22.681107310878122,58.10770034790433,eu_b-last,0.7645047729870206,0.7331247257182122,6.058091850039892,6.024613766073547,0.11796223950211146,0.1153921796524891,23.40520264887622
