subject,nll,bic,model,alpha,alpha_rec,beta,beta_rec,b_last,b_last_rec,nll_rec
57-attributes,25.543916514801516,63.83331875575111,eu_b-last,0.8836159503957433,0.8447973889749276,4.468878244236794,2.982463030980474,-0.07837638184794975,0.04564238136173568,32.28947578569686
