subject,nll,bic,model,alpha,alpha_rec,beta,beta_rec,b_last,b_last_rec,nll_rec
105-attributes,24.690982654445502,62.12745103503909,eu_b-last,0.8733450349699348,1.1094686386579002,4.762849743083279,2.8730755317459584,0.02885134300502915,0.0051008131121670726,26.856598224999445
