subject,nll,bic,model,alpha,alpha_rec,beta,beta_rec,b_last,b_last_rec,nll_rec
84-alternatives,35.82083026649473,84.38714625913754,eu_b-last,0.8166321014623674,0.8456009690256129,2.644250064354769,3.009698572997417,-0.12445054750617485,-0.0678269375237827,33.27292524514988
