subject,nll,bic,model,alpha,alpha_rec,beta,beta_rec,b_last,b_last_rec,nll_rec
71-attributes,27.62109325142296,67.987672228994,eu_b-last,1.0621626516066436,1.0958989741168115,2.9534737880747826,2.1029062487847385,-0.10499154136215541,-0.02864240456422866,31.299959102838933
