subject,nll,bic,model,alpha,alpha_rec,beta,beta_rec,b_last,b_last_rec,nll_rec
135-alternatives,36.51907727791784,85.78364028198375,eu_b-last,2.421049314565103,2.207146850697825,0.07758790978533216,0.12816316772837819,1.0,0.13429469958810217,36.36714643173822
