subject,nll,bic,model,alpha,alpha_rec,beta,beta_rec,b_last,b_last_rec,nll_rec
11-attributes,32.635584865310896,78.01665545676987,eu_b-last,1.2288383215565368,1.3890585081983047,1.400970844831042,0.6251212677930715,0.10198760822458779,-0.06533634153422054,38.70208718922485
