subject,nll,bic,model,alpha,alpha_rec,beta,beta_rec,b_last,b_last_rec,nll_rec
72-alternatives,28.633261020858182,69.96884155550813,eu_b-last,0.4036229098187325,0.5195711376182481,6.373345545088808,5.547652174928859,0.052463457084828156,0.05637216109258808,29.1615271881221
