subject,nll,bic,model,alpha,alpha_rec,beta,beta_rec,b_last,b_last_rec,nll_rec
26-attributes,8.8761813526685,30.497848431485078,eu_b-last,0.26331971635366397,0.32951600466372344,21.53299202969156,21.433805660571906,-0.03735264388325126,-0.015142590656455575,10.045397017515036
