subject,nll,bic,model,alpha,alpha_rec,beta,beta_rec,b_last,b_last_rec,nll_rec
34-attributes,36.9450662953792,86.3667818408374,eu_b-last,1.2285830934085444,1.0720647147120712,0.5581101211094572,1.3772613294497107,1.0,0.5040700542463716,31.36790384303959
