subject,nll,bic,model,alpha,alpha_rec,beta,beta_rec,b_last,b_last_rec,nll_rec
131-alternatives,32.61112257160128,77.96773086935063,eu_b-last,1.0902636872307685,0.9335401265411434,2.0242809041630405,2.008898745848755,-0.015152317418542782,-0.1543166788255037,36.772858487636356
