subject,nll,bic,model,alpha,alpha_rec,beta,beta_rec,b_last,b_last_rec,nll_rec
106-attributes,37.230168001824104,87.20582172979628,eu_b-last,1.6545847444612884,1.6108325344785996,0.3549823538259876,0.5665687926523643,1.0,1.0,31.80194790129663
