subject,nll,bic,model,alpha,alpha_rec,beta,beta_rec,b_last,b_last_rec,nll_rec
66-attributes,29.198511213233008,71.1425081526141,eu_b-last,0.8724627109245662,0.9162834254532436,3.591468974632709,3.768007474300045,-0.08003868810807091,-0.054193227866639555,27.52255136412797
