subject,nll,bic,model,alpha,alpha_rec,beta,beta_rec,b_last,b_last_rec,nll_rec
20-alternatives,19.535596716174698,51.81667915849748,eu_b-last,0.48251475355858353,0.4218677353576935,10.329859647288911,13.305785649410387,-0.044836888115988564,-0.0742911623966471,16.60522951067449
