subject,nll,bic,model,alpha,alpha_rec,beta,beta_rec,b_last,b_last_rec,nll_rec
1-attributes,35.207961268079444,83.16140826230696,eu_b-last,0.8199513727521276,1.0538561119996548,2.453502768783176,2.0345877381983017,0.09533821774159375,0.15694734052055864,32.051148446484895
