subject,nll,bic,model,alpha,alpha_rec,beta,beta_rec,b_last,b_last_rec,nll_rec
87-attributes,23.847131176230906,60.439748078609895,eu_b-last,0.366866949799568,0.45322410266733115,8.627245209090564,7.636383891796028,-0.025877683805040123,0.0559366945154916,24.307374624875905
