subject,nll,bic,model,alpha,alpha_rec,beta,beta_rec,b_last,b_last_rec,nll_rec
42-attributes,19.80361933614372,52.35272439843551,eu_b-last,0.5244141972265625,0.5290094539908361,9.313530636830134,8.165340431963907,0.0363506742560534,0.03802471067832067,21.991066195624924
