subject,nll,bic,model,alpha,alpha_rec,beta,beta_rec,b_last,b_last_rec,nll_rec
167-alternatives,21.95665150552021,55.824178751696785,eu_b-last,1.1684008983359917,1.2342881307334352,2.238323424892888,1.4028025482174793,-0.16278601068360765,-0.0280464387374016,25.381797111292297
