subject,nll,bic,model,alpha,alpha_rec,beta,beta_rec,b_last,b_last_rec,nll_rec
151-alternatives,23.82260320274353,60.390692131635134,eu_b-last,0.47778864867265525,0.4113112089107393,8.034212493396746,7.336692496617174,0.024463730742305238,0.06053214476871944,26.257340783663693
