subject,nll,bic,model,alpha,alpha_rec,beta,beta_rec,b_last,b_last_rec,nll_rec
172-alternatives,19.84841999934599,52.44232572484006,eu_b-last,2.2387605405895274,2.1441470338894737,0.38452957092089607,0.30398409009908256,0.6073513290015475,-1.0,26.522050731193612
