subject,nll,bic,model,alpha,alpha_rec,beta,beta_rec,b_last,b_last_rec,nll_rec
105-alternatives,20.50167153865702,53.74882880346212,eu_b-last,0.8876500952131192,0.8364439175552751,6.246784383811141,7.982828543950326,0.001830425320193782,0.0009614082850066565,17.454859538708778
