subject,nll,bic,model,alpha,alpha_rec,beta,beta_rec,b_last,b_last_rec,nll_rec
191-attributes,20.59487447180757,53.93523466976322,eu_b-last,1.099626542773131,1.1050054042262338,4.806744609047042,6.466589830063574,0.03150392900137033,0.17433397669691234,16.089287260330224
