subject,nll,bic,model,alpha,alpha_rec,beta,beta_rec,b_last,b_last_rec,nll_rec
140-alternatives,17.09880112666444,46.94308797947696,eu_b-last,0.21823627057184483,0.18105096432762716,12.293320543562603,14.798566974340003,0.026891612300599523,0.08012177319797753,13.658298290184538
