subject,nll,bic,model,alpha,alpha_rec,beta,beta_rec,b_last,b_last_rec,nll_rec
186-attributes,42.38279759431284,97.51108091477376,eu_b-last,0.7375894572901011,1.1935037389669563,0.7076098375101812,0.7757044209493771,1.0,1.0,36.408066554073194
