subject,nll,bic,model,alpha,alpha_rec,beta,beta_rec,b_last,b_last_rec,nll_rec
176-alternatives,32.819950931586774,78.38538758932162,eu_b-last,0.5355378865827045,0.5865922145757466,4.463872334796205,4.6574327902670865,0.08368313246182632,0.03842481305419889,31.646536840713363
