subject,nll,bic,model,alpha,alpha_rec,beta,beta_rec,b_last,b_last_rec,nll_rec
35-attributes,30.708171217604452,74.03042029338181,eu_b-last,0.45049620476460533,0.5984628027563652,4.616900302971982,8.336433538715026,0.11880676462172109,0.03860920568615948,19.231740530895287
