subject,nll,bic,model,alpha,alpha_rec,beta,beta_rec,b_last,b_last_rec,nll_rec
124-attributes,21.986679357438796,56.71884444102567,eu_b-last,1.2423606274839147,1.2353992964464657,3.103490400234917,3.841180811982481,0.0017911433222850502,0.041423161317866525,19.584566215385365
