subject,nll,bic,model,alpha,alpha_rec,beta,beta_rec,b_last,b_last_rec,nll_rec
185-attributes,27.190916367952383,67.12731846205284,eu_b-last,0.8055963847580304,0.7425906135552329,4.401725109394175,5.041557738874548,0.05616720463845742,0.050814031221136445,26.324010728533263
