subject,nll,bic,model,alpha,alpha_rec,beta,beta_rec,b_last,b_last_rec,nll_rec
10-attributes,30.009986159538542,72.76545804522516,eu_b-last,0.48810987480376095,0.5486488545397604,5.643326420962814,3.69502175955983,-0.04557642352027064,-0.15909033861189223,35.69619449198212
