subject,nll,bic,model,alpha,alpha_rec,beta,beta_rec,b_last,b_last_rec,nll_rec
168-alternatives,16.091497668104935,44.928481062357946,eu_b-last,0.31310526287113105,0.33474885803398474,13.65691349036951,19.360737765391157,0.020094962913375265,0.031838101149525073,11.32985449670788
