subject,nll,bic,model,alpha,alpha_rec,beta,beta_rec,b_last,b_last_rec,nll_rec
70-attributes,21.345675826351663,55.43683737885141,eu_b-last,0.7283514552591839,0.7221631656031084,6.966506051201773,6.397261706554308,0.0012813286124623707,0.023563516503011406,22.863278122611238
