subject,nll,bic,model,alpha,alpha_rec,beta,beta_rec,b_last,b_last_rec,nll_rec
90-attributes,15.849648454461185,44.44478263507045,eu_b-last,0.36534108377334185,0.35277390821573673,13.54416618436988,13.040961817185508,0.0013188896556830198,-0.02862170331755264,16.649739337953537
