subject,nll,bic,model,alpha,alpha_rec,beta,beta_rec,b_last,b_last_rec,nll_rec
90-alternatives,15.58543589252112,43.91635751119032,eu_b-last,0.49141922272608674,0.46475466955162115,12.935799891951145,13.138852730319472,-0.03080510765700772,0.018948356902492112,15.290082669471435
