subject,nll,bic,model,alpha,alpha_rec,beta,beta_rec,b_last,b_last_rec,nll_rec
86-attributes,-6.99216558257824e-05,12.745345882836427,eu_b-last,0.00033914991888295276,0.00033914991888295276,199.90849592704856,199.90849592704856,0.00037945407784922836,0.00037945407784922836,-6.99216558257824e-05
