subject,nll,bic,model,alpha,alpha_rec,beta,beta_rec,b_last,b_last_rec,nll_rec
64-alternatives,27.027066552229538,66.79961883060716,eu_b-last,0.5915265277162931,0.6444684751434925,5.889011039622808,10.132807485964904,0.06858005888495478,-0.016833666992302654,17.350094172348253
