subject,nll,bic,model,alpha,alpha_rec,beta,beta_rec,b_last,b_last_rec,nll_rec
21-attributes,20.311216026750916,53.367917779649915,eu_b-last,0.7488212784705566,0.6681746256189172,7.237109192503727,8.982160531125423,-0.020952694583511833,-0.03833528390773361,18.422738617485017
