subject,nll,bic,model,alpha,alpha_rec,beta,beta_rec,b_last,b_last_rec,nll_rec
163-alternatives,36.91337127352613,86.52906206084404,eu_b-last,1.3275444500969709,2.0024986174869497,0.8292512741825753,0.18907484784756187,-0.0025275769287361346,-0.6705506445667843,36.854890495526256
