subject,nll,bic,model,alpha,alpha_rec,beta,beta_rec,b_last,b_last_rec,nll_rec
80-alternatives,13.218640229486406,39.18276618512089,eu_b-last,1.1714709715746512,1.2545356663423441,7.9029672580268455,5.762813311018536,0.0897429455003518,0.14624450044929027,14.219571415139795
