subject,nll,bic,model,alpha,alpha_rec,beta,beta_rec,b_last,b_last_rec,nll_rec
18-alternatives,25.059927445820854,62.86534061778978,eu_b-last,0.8874310936661631,0.7879338880948964,4.737840230264855,10.266843173473514,-0.07383999779550371,0.0004646165717911972,14.47955459266986
