subject,nll,bic,model,alpha,alpha_rec,beta,beta_rec,b_last,b_last_rec,nll_rec
79-alternatives,26.39167188795794,65.52882950206396,eu_b-last,0.2502014468778584,0.0,7.439741878544277,10.11298892271715,0.09833977808701884,0.10072118164787956,21.330797613216706
