subject,nll,bic,model,alpha,alpha_rec,beta,beta_rec,b_last,b_last_rec,nll_rec
100-attributes,34.30220279047296,81.349891307094,eu_b-last,0.8107064325844651,0.7267258439128504,2.718877797663198,3.0624034992448066,0.05316361173178286,0.07703789851474396,34.243058116416805
