subject,nll,bic,model,alpha,alpha_rec,beta,beta_rec,b_last,b_last_rec,nll_rec
45-alternatives,23.070711552683427,58.88690883151493,eu_b-last,2.764617316952908,2.972282614702536,0.10899223011729649,0.10538424725301221,1.0,-1.0,18.624678434584204
