subject,nll,bic,model,alpha,alpha_rec,beta,beta_rec,b_last,b_last_rec,nll_rec
55-alternatives,25.63427575831212,64.01403724277232,eu_b-last,1.1564758793665084,1.0499496615278414,2.8354653523042055,5.366012494285933,0.13213905457029926,0.1753638674456802,19.275346715096656
