subject,nll,bic,model,alpha,alpha_rec,beta,beta_rec,b_last,b_last_rec,nll_rec
127-alternatives,21.745548348004398,56.23658242215687,eu_b-last,0.7483616320770109,0.7207706096123027,6.665093547550146,7.656649867420507,0.06930047069218817,0.0026193192875121297,20.2380509918624
