subject,nll,bic,model,alpha,alpha_rec,beta,beta_rec,b_last,b_last_rec,nll_rec
2-alternatives,28.08824134893588,68.92196842401984,eu_b-last,0.5149364782272984,0.38365476698277085,5.94184682904819,5.6199158147024555,0.08674175411716945,0.1444963208027342,29.78411237027308
