subject,nll,bic,model,alpha,alpha_rec,beta,beta_rec,b_last,b_last_rec,nll_rec
68-attributes,31.07461880634529,74.89472333883866,eu_b-last,2.7747810374915534,3.233585544450646,0.054856078308829624,0.02329269210311379,1.0,-0.36186687025826914,29.73428552248457
