subject,nll,bic,model,alpha,alpha_rec,beta,beta_rec,b_last,b_last_rec,nll_rec
120-attributes,16.470954648157115,45.68739502246231,eu_b-last,0.3953642297433566,0.4436808276299616,12.572249668531157,8.782630842261998,0.06434845882345581,0.06995272578091659,21.778983060094447
