subject,nll,bic,model,alpha,alpha_rec,beta,beta_rec,b_last,b_last_rec,nll_rec
124-alternatives,16.374208076485985,45.493901879120045,eu_b-last,1.2091099213482526,1.2503219204010743,5.362253198305748,4.072415395258159,0.10514685834371185,0.08273032934451412,18.410698001045432
