subject,nll,bic,model,alpha,alpha_rec,beta,beta_rec,b_last,b_last_rec,nll_rec
6-attributes,14.956094952562726,42.657675631273534,eu_b-last,0.4938430662553991,0.5634759363651689,12.973506323546093,9.95670484940749,0.034186832025458525,0.07108755318020182,18.049813398131775
