subject,nll,bic,model,alpha,alpha_rec,beta,beta_rec,b_last,b_last_rec,nll_rec
166-alternatives,25.58275609345333,63.91099791305474,eu_b-last,1.9463337468141872,2.127624269020981,0.44877489384311897,0.3494385851919932,1.0,1.0,23.98014560978151
