subject,nll,bic,model,alpha,alpha_rec,beta,beta_rec,b_last,b_last_rec,nll_rec
65-alternatives,11.924570893847518,36.594627513843115,eu_b-last,0.5922768943267785,0.5948944265144519,16.915270797643547,18.820984883988313,0.015969872544190276,-0.015301531967424429,10.941591747787447
