subject,nll,bic,model,alpha,alpha_rec,beta,beta_rec,b_last,b_last_rec,nll_rec
134-alternatives,26.668137101245538,66.08175992863916,eu_b-last,0.8633506044022321,0.8408835966949065,4.4034544826151585,8.679666559555129,0.007352135868778526,0.000623693042535536,16.195197875980327
