subject,nll,bic,model,alpha,alpha_rec,beta,beta_rec,b_last,b_last_rec,nll_rec
179-attributes,24.793905293555373,62.33329631325883,eu_b-last,1.5654502075557328,1.6929580723335136,1.0917946915624865,0.7138019865394503,0.14631215362033043,-0.5601281506620336,27.30106632685711
