subject,nll,bic,model,alpha,alpha_rec,beta,beta_rec,b_last,b_last_rec,nll_rec
113-attributes,27.92336698674252,68.59221969963312,eu_b-last,2.2787783936464496,2.5152695853978893,0.19186691542863765,0.15375692473053698,1.0,1.0,24.34591858950422
