subject,nll,bic,model,alpha,alpha_rec,beta,beta_rec,b_last,b_last_rec,nll_rec
190-alternatives,25.019775703941974,62.785037134032024,eu_b-last,0.9346460985153568,0.8002609568717582,4.4469232383025155,5.2175315607667665,0.004947246003170886,-0.04180704125405941,25.337709866337647
