subject,nll,bic,model,alpha,alpha_rec,beta,beta_rec,b_last,b_last_rec,nll_rec
25-attributes,18.345698296234826,49.436882318617734,eu_b-last,1.0847940608755313,0.9777165938303886,5.482378837499476,9.230614406876274,0.1791645324315177,0.22631267839851935,12.962679045970013
