subject,nll,bic,model,alpha,alpha_rec,beta,beta_rec,b_last,b_last_rec,nll_rec
198-attributes,23.847071941890334,60.439629609928744,eu_b-last,0.6023806820965777,0.523310265040425,6.96236116778528,7.9172781391149405,-0.01616267387459388,0.002979862076898456,22.826776951585675
