subject,nll,bic,model,alpha,alpha_rec,beta,beta_rec,b_last,b_last_rec,nll_rec
127-attributes,32.23771047093337,77.17774045565852,eu_b-last,0.9840814209002229,1.0216897511361043,2.2697299787632526,2.2065356742484727,0.04775655225032717,-0.25079846672409717,31.500278589145317
