subject,nll,bic,model,alpha,alpha_rec,beta,beta_rec,b_last,b_last_rec,nll_rec
13-attributes,40.41528162720451,93.57604898055709,eu_b-last,0.9900998970183589,0.9029191322041185,0.7165724890231263,1.0660578306994986,0.9880613082883538,1.0,35.34725075589859
