subject,nll,bic,model,alpha,alpha_rec,beta,beta_rec,b_last,b_last_rec,nll_rec
88-alternatives,17.145468240400923,47.03642220694992,eu_b-last,0.7444218706102926,0.6975651132130666,9.043661588301179,11.704067994813423,-0.10479492325278938,-0.09890053658776875,14.27283909719426
