subject,nll,bic,model,alpha,alpha_rec,beta,beta_rec,b_last,b_last_rec,nll_rec
94-alternatives,24.567939234643102,61.88136419543429,eu_b-last,0.9586398593057236,1.0880180650370392,4.321485153391853,3.5841931094496147,0.09126207970005173,0.14326429452146688,24.165201500778473
