subject,nll,bic,model,alpha,alpha_rec,beta,beta_rec,b_last,b_last_rec,nll_rec
144-alternatives,29.105150723293825,70.91262096037943,eu_b-last,1.0514771544867523,0.8571159811127782,2.733523864829278,3.4472918799182137,0.010182543386938978,-0.10535615164274532,30.3889262953783
