subject,nll,bic,model,alpha,alpha_rec,beta,beta_rec,b_last,b_last_rec,nll_rec
112-attributes,14.406606840177421,41.558699406502924,eu_b-last,0.635683368624063,0.6083214500803602,12.459265475463155,10.287396123276226,-0.017824363904039457,-0.07090537708807598,17.299887924692563
