subject,nll,bic,model,alpha,alpha_rec,beta,beta_rec,b_last,b_last_rec,nll_rec
103-attributes,24.728735791445896,62.202957309039874,eu_b-last,0.48678627962386783,0.590050172015599,7.392823339471675,10.933691428844751,0.004553608920838007,0.00048153691207715894,16.84069110137955
