subject,nll,bic,model,alpha,alpha_rec,beta,beta_rec,b_last,b_last_rec,nll_rec
89-alternatives,39.635545664696934,92.01657705554194,eu_b-last,1.3823480467998277,1.14189447979462,0.5344786297716007,1.1011968166964081,0.6987921344706963,0.0399914351809886,38.78892075204566
