subject,nll,bic,model,alpha,alpha_rec,beta,beta_rec,b_last,b_last_rec,nll_rec
98-alternatives,32.02319129641017,76.79186831896841,eu_b-last,0.9120383595399734,1.1359250824043428,2.8882306910717204,1.6978068354076679,0.02034387443303922,0.09441102487713063,33.34396628857835
