subject,nll,bic,model,alpha,alpha_rec,beta,beta_rec,b_last,b_last_rec,nll_rec
83-attributes,22.06124035450068,56.86796643514944,eu_b-last,0.5427205880060361,0.44958590113205454,8.169819662639993,9.902926585410839,-0.06867122681527939,-0.09561320275349129,20.310970177420135
