subject,nll,bic,model,alpha,alpha_rec,beta,beta_rec,b_last,b_last_rec,nll_rec
186-alternatives,38.461778664191876,89.66904305453183,eu_b-last,1.307491825343496,1.2683594958122868,0.603290957023195,0.4253449275879271,1.0,1.0,42.90336056017366
