subject,nll,bic,model,alpha,alpha_rec,beta,beta_rec,b_last,b_last_rec,nll_rec
29-alternatives,34.97101998394574,82.68752569403955,eu_b-last,0.5002545559092232,0.43146725608840725,4.395245985932159,3.555611045349481,-0.09362665818578915,0.019220812742218936,38.63370322913433
