subject,nll,bic,model,alpha,alpha_rec,beta,beta_rec,b_last,b_last_rec,nll_rec
135-attributes,41.54657329012177,95.83863230639162,eu_b-last,1.5107136145096578,1.3363720794123433,0.31603180802180636,0.49217015519476365,1.0,1.0,39.908139726410845
