subject,nll,bic,model,alpha,alpha_rec,beta,beta_rec,b_last,b_last_rec,nll_rec
128-attributes,39.09237153719617,90.88706258818412,eu_b-last,0.5718114042081727,0.888850537299378,2.775269664372115,1.7689707196960762,-0.15173664471909876,-0.29955688450150214,37.86193338707332
