subject,nll,bic,model,alpha,alpha_rec,beta,beta_rec,b_last,b_last_rec,nll_rec
4-alternatives,44.054286567222235,100.85405886059254,eu_b-last,1.5958813512350243,0.9515175967634322,0.22415248584385505,0.6398959349119807,0.32061347843010296,0.6116598866125653,44.445012018661004
