subject,nll,bic,model,alpha,alpha_rec,beta,beta_rec,b_last,b_last_rec,nll_rec
88-attributes,20.889234960997445,54.52395564814297,eu_b-last,0.6324630464143809,0.6338282734042145,8.033379464896248,6.1896403382356,-0.017628413444256863,-0.11674964256364741,25.20253371771396
