subject,nll,bic,model,alpha,alpha_rec,beta,beta_rec,b_last,b_last_rec,nll_rec
93-alternatives,39.004645986536616,90.75477769922131,eu_b-last,0.8792164494009925,0.664149236625216,1.728837956883568,3.829644107169666,0.11330897611593602,0.09353462424303471,32.65440892145228
