subject,nll,bic,model,alpha,alpha_rec,beta,beta_rec,b_last,b_last_rec,nll_rec
14-alternatives,18.868657376972553,50.48280048009319,eu_b-last,0.8187372229397462,0.78029456485907,7.428021149391494,8.600396050103061,-0.021504097011652144,0.06759525221342845,16.953476631339125
