subject,nll,bic,model,alpha,alpha_rec,beta,beta_rec,b_last,b_last_rec,nll_rec
30-attributes,11.757600732841519,36.21752097947481,eu_b-last,0.41931481882401284,0.486008519015595,16.993043193734547,23.727809426185182,-0.017070783571888213,2.178749897277958e-05,7.712655649814598
