subject,nll,bic,model,alpha,alpha_rec,beta,beta_rec,b_last,b_last_rec,nll_rec
177-alternatives,27.324668305556337,67.39482233726075,eu_b-last,0.958916004494169,0.9333024498229481,3.4223388462348994,2.0451431388868477,0.1695920235395569,0.42548064682905645,32.19414938654812
