subject,nll,bic,model,alpha,alpha_rec,beta,beta_rec,b_last,b_last_rec,nll_rec
114-attributes,20.606403801386758,53.9582933289216,eu_b-last,0.6904630350748228,0.6623456717039401,7.6247292898318175,8.239646069344106,0.001135519579489963,0.0009930160449451275,19.89161693628835
