subject,nll,bic,model,alpha,alpha_rec,beta,beta_rec,b_last,b_last_rec,nll_rec
107-alternatives,43.01519487220567,98.73270925820312,eu_b-last,0.012105266765016259,0.09200561933549253,2.5542209730071606,3.424855801210798,0.1060366937653958,0.010168147860639075,40.744124370453235
