subject,nll,bic,model,alpha,alpha_rec,beta,beta_rec,b_last,b_last_rec,nll_rec
102-attributes,22.84308679563256,58.43165931741319,eu_b-last,0.8389266191694557,0.9324477271598534,5.571438735929207,6.138932682803297,0.026304279287811084,0.052050349021300624,19.839038554684592
