subject,nll,bic,model,alpha,alpha_rec,beta,beta_rec,b_last,b_last_rec,nll_rec
157-attributes,-6.992325339914534e-05,12.745345879641281,eu_b-last,0.0001133502994914437,0.0001133502994914437,199.96995446019196,199.96995446019196,0.001108241546964761,0.001108241546964761,-6.992325339914534e-05
