subject,nll,bic,model,alpha,alpha_rec,beta,beta_rec,b_last,b_last_rec,nll_rec
177-attributes,26.00996078190888,64.76540728996584,eu_b-last,0.8264903437989208,0.9076158973429882,4.441590356874083,5.019648707100332,0.13544035019938477,0.16379984646153534,22.417580108150975
