subject,nll,bic,model,alpha,alpha_rec,beta,beta_rec,b_last,b_last_rec,nll_rec
33-attributes,35.19514812869784,83.13578198354375,eu_b-last,1.2592153488628894,0.9950122189737263,0.8047389632833922,1.199448589066183,0.9203697907239135,0.46638232254387235,37.841943914846
