subject,nll,bic,model,alpha,alpha_rec,beta,beta_rec,b_last,b_last_rec,nll_rec
42-alternatives,16.37436901091473,45.49422374797754,eu_b-last,0.639517214788928,0.5831081564900992,10.91921172628,12.353286796166966,-0.05315034295776562,-0.03197563408148415,15.592232261377331
