subject,nll,bic,model,alpha,alpha_rec,beta,beta_rec,b_last,b_last_rec,nll_rec
175-attributes,24.092255880373628,60.886831274539034,eu_b-last,0.7956486101248845,0.8218994935775106,5.210629238158883,5.1405092859046935,0.07953912892968655,0.056000646456329094,23.9401231724147
