subject,nll,bic,model,alpha,alpha_rec,beta,beta_rec,b_last,b_last_rec,nll_rec
111-attributes,25.266883352308692,63.27925243076547,eu_b-last,1.6921504310004638,1.941594090489526,0.781761157069609,0.33134534761159656,0.37466891339280484,1.0,30.02126056277706
