subject,nll,bic,model,alpha,alpha_rec,beta,beta_rec,b_last,b_last_rec,nll_rec
50-alternatives,22.329176641048377,57.40383900824483,eu_b-last,2.242620700629263,2.1304205108626126,0.31464944397800443,0.8311067126938066,1.0,0.6192940630456001,12.680433627494876
