subject,nll,bic,model,alpha,alpha_rec,beta,beta_rec,b_last,b_last_rec,nll_rec
31-alternatives,42.84830560491719,98.44209693598246,eu_b-last,2.075387694719675,1.3639432342834745,0.08866196265558574,0.3921292994145284,1.0,-0.3533025032083414,44.08188734853307
