subject,nll,bic,model,alpha,alpha_rec,beta,beta_rec,b_last,b_last_rec,nll_rec
109-alternatives,34.14152480213989,80.94157271980811,eu_b-last,1.1174285556793213,1.2849101211799048,1.442372209197911,0.9319409347424582,0.18263231784985837,0.28948116576976535,35.12936953010142
