subject,nll,bic,model,alpha,alpha_rec,beta,beta_rec,b_last,b_last_rec,nll_rec
171-alternatives,37.020986875254295,86.74429326430037,eu_b-last,1.2989843120748497,1.3383859051774185,0.7303489136867592,0.8027031846006523,0.6686322241731286,0.5085773083070028,35.570207613874025
