subject,nll,bic,model,alpha,alpha_rec,beta,beta_rec,b_last,b_last_rec,nll_rec
3-attributes,25.66414957307204,64.07378487229217,eu_b-last,0.45608097283185783,0.4553037267770309,7.196950204559003,8.64143216867132,0.02285837538684767,-0.013322251970739107,22.4376998402754
