subject,nll,bic,model,alpha,alpha_rec,beta,beta_rec,b_last,b_last_rec,nll_rec
60-attributes,30.067883407721393,72.88125254159087,eu_b-last,0.5589365138534418,0.5000111055984489,5.152833009364297,4.964114451151844,-0.010735026010282858,-0.006671175766215675,31.89825900673468
