subject,nll,bic,model,alpha,alpha_rec,beta,beta_rec,b_last,b_last_rec,nll_rec
171-attributes,29.653034637999973,72.05155500214802,eu_b-last,1.184882905004548,0.9444136154317846,1.855408414035208,2.5182192709053974,-0.4098998153543258,-0.23908919829504846,32.21192282202925
