subject,nll,bic,model,alpha,alpha_rec,beta,beta_rec,b_last,b_last_rec,nll_rec
77-alternatives,22.71871429023734,58.18291430662276,eu_b-last,0.37083979310525683,0.31747030973852364,9.207632832874854,7.468081382842956,0.03924231666424425,0.04675154806565989,26.965032977620986
