subject,nll,bic,model,alpha,alpha_rec,beta,beta_rec,b_last,b_last_rec,nll_rec
27-alternatives,29.47859336990664,71.70267246596136,eu_b-last,0.9684691953784305,0.9973559793289911,3.179211220198905,2.330854563337862,-0.08463501599999919,-0.011450858846731023,33.087269591827244
