subject,nll,bic,model,alpha,alpha_rec,beta,beta_rec,b_last,b_last_rec,nll_rec
192-alternatives,-6.74658721270781e-05,12.745350794403825,eu_b-last,0.0,0.0,199.99602185289746,199.99602185289746,0.018469290466744042,0.018469290466744042,-6.74658721270781e-05
