subject,nll,bic,model,alpha,alpha_rec,beta,beta_rec,b_last,b_last_rec,nll_rec
93-attributes,39.45567502139976,91.6568357689476,eu_b-last,0.9850736500113928,1.1272211110527186,1.2778037017293002,1.1256715182029204,0.1401013093287576,0.15059355276817435,37.78903843254504
