subject,nll,bic,model,alpha,alpha_rec,beta,beta_rec,b_last,b_last_rec,nll_rec
103-alternatives,25.497707728477057,63.740901183102196,eu_b-last,0.49828730448529557,0.49066726172914726,7.3662295287006945,7.722625247907656,-0.025367213296183872,-0.0754400961502581,24.980279568845333
