subject,nll,bic,model,alpha,alpha_rec,beta,beta_rec,b_last,b_last_rec,nll_rec
44-attributes,12.426358575199801,37.59820287654768,eu_b-last,0.3753166732568984,0.3732300371126603,17.293085989688507,42.79828506641834,-0.030994357547129286,-0.09422249601605802,6.77370991341063
