subject,nll,bic,model,alpha,alpha_rec,beta,beta_rec,b_last,b_last_rec,nll_rec
120-alternatives,23.712177348153396,60.16984042245487,eu_b-last,0.5772683483919847,0.5350358594519485,7.4791415515134805,14.400094358516434,-0.03003063690982766,-0.07959633458568544,13.811380063478582
