subject,nll,bic,model,alpha,alpha_rec,beta,beta_rec,b_last,b_last_rec,nll_rec
43-attributes,25.786274442429036,64.31803461100615,eu_b-last,0.33179455713475775,0.34666111502835645,7.856498487242872,7.646135339518157,-0.007624530998421187,-0.03926096193096315,26.427997937037226
