subject,nll,bic,model,alpha,alpha_rec,beta,beta_rec,b_last,b_last_rec,nll_rec
58-alternatives,31.04522213440653,74.65940849489233,eu_b-last,0.5738301107905388,0.5525348949104152,4.575048174646546,4.894796044765275,0.02075266874623638,0.08208269167493673,29.683119473080072
