subject,nll,bic,model,alpha,alpha_rec,beta,beta_rec,b_last,b_last_rec,nll_rec
185-alternatives,30.789456598445785,74.32439892303965,eu_b-last,1.112415539997763,1.2069972579702781,2.1335384585796877,1.9935849753153576,0.11492445685879132,0.12554129244792103,28.994367725025285
