subject,nll,bic,model,alpha,alpha_rec,beta,beta_rec,b_last,b_last_rec,nll_rec
81-alternatives,26.362591121054994,65.42750175590177,eu_b-last,0.8323235928112549,0.931287291699944,4.430246530661084,4.996152224865226,0.04696009221931657,0.09689108526684084,22.150421813974145
