subject,nll,bic,model,alpha,alpha_rec,beta,beta_rec,b_last,b_last_rec,nll_rec
39-attributes,28.976119107789906,70.69772394172789,eu_b-last,1.0486105304068853,1.1707429665208968,2.7391451609635205,2.0703839346917743,-0.10539350069795957,-0.18368927067970492,29.360440557960775
