subject,nll,bic,model,alpha,alpha_rec,beta,beta_rec,b_last,b_last_rec,nll_rec
117-alternatives,14.407098593932432,41.55968291401294,eu_b-last,0.4492343975297476,0.4854705768642131,14.76243587895367,13.551434611427718,-0.06320906234422358,-0.07931787489495604,15.254866566646132
