subject,nll,bic,model,alpha,alpha_rec,beta,beta_rec,b_last,b_last_rec,nll_rec
92-alternatives,37.054499924659446,86.85448557546697,eu_b-last,0.6184847458914621,0.6662070684754632,2.8775301813585954,3.3244448055574893,0.15163561344358042,0.2698847556712501,31.79503887192418
