subject,nll,bic,model,alpha,alpha_rec,beta,beta_rec,b_last,b_last_rec,nll_rec
116-alternatives,19.64999221937344,52.045470164894965,eu_b-last,0.6299532518918515,0.5934143603370875,8.836170396079652,9.524795445338405,0.021180486357389457,-0.03227872501170325,19.26676403177084
