subject,nll,bic,model,alpha,alpha_rec,beta,beta_rec,b_last,b_last_rec,nll_rec
99-attributes,29.813535334067858,72.37255639428379,eu_b-last,0.7371196633917444,0.738826820105995,4.080312203292119,4.532749677259895,0.05857395527998996,0.15231201569304487,27.136637956069933
