subject,nll,bic,model,alpha,alpha_rec,beta,beta_rec,b_last,b_last_rec,nll_rec
61-attributes,29.31146004497834,71.36840581610475,eu_b-last,0.7080058447941168,0.8249119648814769,4.4949132405631165,4.649276938568869,-0.03948611918906525,0.0035657079398841367,26.12394628611615
