subject,nll,bic,model,alpha,alpha_rec,beta,beta_rec,b_last,b_last_rec,nll_rec
198-alternatives,24.661583230724787,62.06865218759765,eu_b-last,0.6637043435980465,0.6179952550390055,6.38840170947811,8.86932774375048,0.006149645491645325,-0.01518782949450467,19.968265107273528
