subject,nll,bic,model,alpha,alpha_rec,beta,beta_rec,b_last,b_last_rec,nll_rec
79-attributes,20.94509837339275,54.63568247293358,eu_b-last,0.33852881612828767,0.3868224722385369,10.273241802623492,14.090337643359483,-0.056909892876805465,0.016692821251773515,14.957161850868419
