subject,nll,bic,model,alpha,alpha_rec,beta,beta_rec,b_last,b_last_rec,nll_rec
86-alternatives,11.323820986998452,35.39312770014499,eu_b-last,0.1377193892622858,0.09656096299581836,17.53655281612298,15.566042050601332,-0.02781878521753621,-0.06907164863003018,14.991452026495583
