subject,nll,bic,model,alpha,alpha_rec,beta,beta_rec,b_last,b_last_rec,nll_rec
19-attributes,15.422543808973476,43.590573344095034,eu_b-last,1.0036371935983595,1.026133338256206,8.040781115978296,8.349618838828663,-0.10158758339890345,-0.10192406375916685,14.782098664984112
