subject,nll,bic,model,alpha,alpha_rec,beta,beta_rec,b_last,b_last_rec,nll_rec
21-alternatives,19.30318313289708,51.35185199194224,eu_b-last,1.0411617575544005,1.0852077871430852,5.862965817554225,8.332657682455272,-0.026891161428728102,-0.0789633317516013,14.297982733597468
