subject,nll,bic,model,alpha,alpha_rec,beta,beta_rec,b_last,b_last_rec,nll_rec
83-alternatives,21.455583898562228,55.65665352327254,eu_b-last,0.553908480306851,0.51557289471283,8.528035211101907,14.807077317196084,0.022130923535500783,0.033717514231916115,13.373380730403051
