subject,nll,bic,model,alpha,alpha_rec,beta,beta_rec,b_last,b_last_rec,nll_rec
104-alternatives,33.535242101579904,79.63944842923908,eu_b-last,0.6827778336072766,0.5696839270093942,3.3670686271416757,3.4558573640524743,-0.0623431465937456,-0.1697381285688605,35.08079013587221
