subject,nll,bic,model,alpha,alpha_rec,beta,beta_rec,b_last,b_last_rec,nll_rec
106-alternatives,35.94648230235653,84.59528411850484,eu_b-last,2.1032890807597675,2.712980550982902,0.15438304903997688,0.07119945601174174,0.8896474811121,-1.0,29.24923364004482
