subject,nll,bic,model,alpha,alpha_rec,beta,beta_rec,b_last,b_last_rec,nll_rec
150-alternatives,33.72641288961023,80.15514529301224,eu_b-last,1.3500067432929799,1.8191292549604514,0.8532444130691668,0.35895820728752387,0.6622132942631017,1.0,32.579404647797254
