subject,nll,bic,model,alpha,alpha_rec,beta,beta_rec,b_last,b_last_rec,nll_rec
191-alternatives,17.57067137835765,47.88682848286338,eu_b-last,1.1401107753706976,1.0935338634333847,5.561285183070724,4.724321071788407,0.1257854272578094,0.2241854007607078,19.59583162630652
