subject,nll,bic,model,alpha,alpha_rec,beta,beta_rec,b_last,b_last_rec,nll_rec
104-attributes,24.236475308404387,61.21843634295685,eu_b-last,0.5900566245150513,0.38941416814286894,6.870761950149994,9.678281509424462,0.003255689885060775,0.019151532561324444,21.168039569248226
