subject,nll,bic,model,alpha,alpha_rec,beta,beta_rec,b_last,b_last_rec,nll_rec
27-attributes,22.041527716566527,56.82854115928113,eu_b-last,1.072605522320254,1.1221795674573698,4.435146448562917,4.939565414139307,0.06332374785717254,-0.03125305788539856,19.78543986030984
