subject,nll,bic,model,alpha,alpha_rec,beta,beta_rec,b_last,b_last_rec,nll_rec
30-alternatives,24.438081779846815,61.62164928584171,eu_b-last,0.632706672524667,0.6067467933895488,6.704408346895805,7.034987849335767,0.006194777676546824,0.10128051947011567,23.1635454920667
