subject,nll,bic,model,alpha,alpha_rec,beta,beta_rec,b_last,b_last_rec,nll_rec
35-alternatives,27.92186194238837,68.58920961092483,eu_b-last,0.28245203529906643,0.5121153539576823,7.382333095302096,5.838370384028066,0.0023315647692656537,0.031972565063106,29.17582103552032
