subject,nll,bic,model,alpha,alpha_rec,beta,beta_rec,b_last,b_last_rec,nll_rec
12-alternatives,29.944405142979207,72.63429601210649,eu_b-last,0.587835309453342,0.6406190331733033,4.8128757329521115,7.349580349772988,0.12067620988811725,0.10164600523704836,21.854502257767557
