subject,nll,bic,model,wp,wp_rec,eta,eta_rec,beta,beta_rec,b_last,b_last_rec,nll_rec
1-attributes,30.396368842957386,77.7867186541122,twostagebetween,0.6582496532446858,0.6397242410015962,1.0,0.27050978117897256,15.382199582693605,24.08941668386524,0.02842648257016008,0.03028228838484469,29.878718595924127
