subject,nll,bic,model,wp,wp_rec,eta,eta_rec,beta,beta_rec,b_last,b_last_rec,nll_rec
14-attributes,31.950724575782687,80.8954301197628,twostagebetween,0.4565235547135239,0.4274914342051497,0.7040299892069887,0.6845192293146158,20.24992309426575,27.93848407221442,0.010530221115897177,-0.007489493538610592,27.222576945739934
