subject,nll,bic,model,wp,wp_rec,eta,eta_rec,beta,beta_rec,b_last,b_last_rec,nll_rec
19-alternatives,6.523531114943043,30.04104319808352,twostagebetween,0.7083423769522037,0.6850179336583291,0.47377791435499716,0.7458057499050197,78.57280573172491,92.59159182079291,0.021192343607192313,-0.05823549160480852,3.4450913058780066
