subject,nll,bic,model,wp,wp_rec,eta,eta_rec,beta,beta_rec,b_last,b_last_rec,nll_rec
10-alternatives,18.323772763012602,53.641526494222646,twostagebetween,0.13551089204493452,0.22030736652341093,0.03342418624171452,0.11331560708019761,29.24436252823071,39.437713147451376,0.05382150397004004,0.08204639989461007,16.838054172034308
