subject,nll,bic,model,wp,wp_rec,eta,eta_rec,beta,beta_rec,b_last,b_last_rec,nll_rec
18-attributes,33.298851849839565,83.59168466787656,twostagebetween,0.6045712359842393,0.6147848249773165,0.8106850859963814,1.0,16.908616885478125,16.01248635919813,0.01795481969990666,0.013623739390179784,32.49375362581821
