subject,nll,bic,model,wp,wp_rec,eta,eta_rec,beta,beta_rec,b_last,b_last_rec,nll_rec
15-attributes,27.180906260948895,71.35579349009522,twostagebetween,0.6065101039635354,0.6215369005138107,1.0,0.8089316349762941,20.946294520695034,23.349500613437158,0.042638178771607346,0.03974509715919196,26.3388396387571
