subject,nll,bic,model,wp,wp_rec,eta,eta_rec,beta,beta_rec,b_last,b_last_rec,nll_rec
17-attributes,20.047179557160955,57.08834008251935,twostagebetween,0.4736234883092185,0.4694444125815723,0.755335477360876,0.6304204959053871,50.37661525794633,83.95489615044738,-0.006070546325910646,5.091243132784875e-07,15.230735892320135
