subject,nll,bic,model,wp,wp_rec,eta,eta_rec,beta,beta_rec,b_last,b_last_rec,nll_rec
8-attributes,21.54844428612079,60.090869540439016,twostagebetween,0.563779175373788,0.5833351405186372,0.38034272149536835,0.531849935210283,49.169306565428414,55.14494532348979,0.009023698740916799,0.010244518855569424,17.410388620045406
