subject,nll,bic,model,wp,wp_rec,eta,eta_rec,beta,beta_rec,b_last,b_last_rec,nll_rec
12-attributes,19.985882012897886,56.96574499399321,twostagebetween,0.5503661586181523,0.5634413919407903,1.0,0.7620751235955155,39.09448689363018,89.6232659714407,0.004181536258943844,0.008148405212632766,9.31481121250903
