subject,nll,bic,model,wp,wp_rec,eta,eta_rec,beta,beta_rec,b_last,b_last_rec,nll_rec
15-alternatives,19.801295338671757,56.539016695732556,twostagebetween,0.6030612915431905,0.6254382828278724,0.5376394087145672,0.7825464343188506,45.44929437707213,31.966429952987006,-0.06131931274450202,0.08935660267689152,22.19505375364331
