subject,nll,bic,model,wp,wp_rec,eta,eta_rec,beta,beta_rec,b_last,b_last_rec,nll_rec
2-attributes,11.550975307198847,40.038376632786736,twostagebetween,0.5897329417306852,0.5854974175118403,1.0,1.0,61.877108644933024,57.2028201316897,0.01489354314815463,0.023532885172606526,13.21040940981737
