subject,nll,bic,model,wp,wp_rec,eta,eta_rec,beta,beta_rec,b_last,b_last_rec,nll_rec
18-alternatives,25.182262145853013,67.35850525990347,twostagebetween,0.5982038221445394,0.6173119531432731,0.7076403528275516,0.2564075149911339,31.236205898815218,29.44198128624773,0.055996678365482166,0.021730156434766015,30.51782278703168
