subject,nll,bic,model,wp,wp_rec,eta,eta_rec,beta,beta_rec,b_last,b_last_rec,nll_rec
3-attributes,9.878075188444432,36.7501313450863,twostagebetween,0.7584361556592139,0.7930271546437564,1.0,1.0,32.50272761964029,100.0,0.034383496852748704,1.8592447218754213e-07,2.778202213803129
