subject,nll,bic,model,wp,wp_rec,eta,eta_rec,beta,beta_rec,b_last,b_last_rec,nll_rec
3-alternatives,11.26484781673228,39.523676601662,twostagebetween,0.7108244910296223,0.6678715337522595,0.07050527509282715,0.7837677242035097,69.12557958394083,50.42451231914423,0.03133479694827517,-0.01338438611495879,11.083856888250928
