subject,nll,bic,model,wp,wp_rec,eta,eta_rec,beta,beta_rec,b_last,b_last_rec,nll_rec
6-attributes,40.55705594612872,98.10809286045487,twostagebetween,0.6054631204419726,0.6096127482732503,1.0,0.2560746033384966,8.903250237048558,16.161145931732403,0.0010377023805625296,0.004325150622630263,38.387757707251446
