subject,nll,bic,model,wp,wp_rec,eta,eta_rec,beta,beta_rec,b_last,b_last_rec,nll_rec
11-alternatives,36.565568376443046,90.06756277127513,twostagebetween,0.3422435327238854,0.28720586618963334,0.08869674611697033,0.3026458486237414,16.84633693485303,15.235753971517003,0.07247441328490177,-0.07353321538565426,33.22472132128889
