subject,nll,bic,model,wp,wp_rec,eta,eta_rec,beta,beta_rec,b_last,b_last_rec,nll_rec
7-attributes,47.245979882953726,111.48594073410489,twostagebetween,1.0,1.0,0.0,0.0,2.2460803253823545,2.6078064440454245,-0.1,-0.1,46.82984515278341
