subject,nll,bic,model,wp,wp_rec,eta,eta_rec,beta,beta_rec,b_last,b_last_rec,nll_rec
6-alternatives,35.59209951412616,88.17817999644976,twostagebetween,0.5810868248555121,0.49627439314688865,0.5668967249300574,0.07104497427428243,18.274806721433006,36.85484642954191,0.08449390899048673,0.06465692055799299,31.379196128759137
