subject,nll,bic,model,wp,wp_rec,eta,eta_rec,beta,beta_rec,b_last,b_last_rec,nll_rec
19-attributes,11.170396008032064,39.33477298426156,twostagebetween,0.8266622261903545,0.7782208112678176,0.14443701280497764,0.3718611825949203,41.76514104083839,30.978515963558543,-0.01463293921641077,-0.013012380632951815,15.754366758852878
