subject,nll,bic,model,wp,wp_rec,eta,eta_rec,beta,beta_rec,b_last,b_last_rec,nll_rec
9-attributes,35.98272938049555,88.95943972918853,twostagebetween,0.4818750961749641,0.45249838604515646,0.5709519687450533,0.16107778063618172,15.956514144744526,12.668820547095113,0.023371867128411994,0.019235858163644075,41.07392389899772
