subject,nll,bic,model,wp,wp_rec,eta,eta_rec,beta,beta_rec,b_last,b_last_rec,nll_rec
8-alternatives,25.94550655349071,68.88499407517885,twostagebetween,0.5924470431801085,0.6622866318905811,0.8186276113657122,0.48628725530888367,28.4849477302481,24.239163501576833,-0.06034033023138579,0.013039131532060134,28.219226063559848
