subject,nll,bic,model,wp,wp_rec,eta,eta_rec,beta,beta_rec,b_last,b_last_rec,nll_rec
1-alternatives,23.348508462096977,63.690997892391394,twostagebetween,0.670582867636696,0.6408089161529209,0.6102423506847066,0.4074629433525646,28.052942370318167,53.88595977802816,-0.08642744909974082,0.07867513698738987,16.26802294723186
