subject,nll,bic,model,wp,wp_rec,eta,eta_rec,beta,beta_rec,b_last,b_last_rec,nll_rec
5-attributes,19.389131460011985,55.77224388822141,twostagebetween,0.6049871317153169,0.562612047148726,0.462557213514365,0.36984136608425444,47.95117659699357,75.89214995845407,8.531490885922734e-05,-0.00843485168794511,15.178560122774226
