subject,nll,bic,model,wp,wp_rec,eta,eta_rec,beta,beta_rec,b_last,b_last_rec,nll_rec
13-alternatives,28.486609087558108,73.96719914331365,twostagebetween,0.5954566211831687,0.5504121844249331,0.23715805887829008,0.1604316605316111,35.86216774038496,34.38928948131088,-0.08353404242084277,-0.013699158312540139,31.31200262714836
