subject,nll,bic,model,wp,wp_rec,eta,eta_rec,beta,beta_rec,b_last,b_last_rec,nll_rec
7-alternatives,47.38439603507125,111.76277303833993,twostagebetween,0.8139520551777768,1.0,0.14875355329008041,0.5271476809599341,3.0145442743856687,0.4300852511404258,0.015882322548455098,-0.06643809952095518,48.43143107210565
