subject,nll,bic,model,wp,wp_rec,eta,eta_rec,beta,beta_rec,b_last,b_last_rec,nll_rec
9-alternatives,30.980741337363117,78.89790869311527,twostagebetween,0.5228959450500545,0.539659085691648,0.2741051608057483,0.29937155186109626,31.35159735499317,20.172249838613574,0.06636346793476644,0.016432275689035446,36.669623196321304
