subject,nll,bic,model,wp,wp_rec,eta,eta_rec,beta,beta_rec,b_last,b_last_rec,nll_rec
0-alternatives,30.32607537117201,77.64613171054145,twostagebetween,0.422694102084934,0.3885785694345685,0.19532312505793203,0.3319338449532524,31.42327476942101,32.78671914352265,-0.027467748022041306,-0.07988168816180537,27.13298278925443
