subject,nll,bic,model,wp,wp_rec,beta,beta_rec,b_last,b_last_rec,b_longer,b_longer_rec,nll_rec
1,54.39723908143304,128.5610478533033,wa_dn_b-last_b-longer,0.6653713326575423,0.6821660018506791,18.49799127097368,14.260470636243339,0.008017028627812756,0.014141270800553775,-0.019122537394106593,-0.014651412671966756,61.190584700457116
