subject,nll,bic,model,wp,wp_rec,beta,beta_rec,b_last,b_last_rec,b_longer,b_longer_rec,nll_rec
4,58.228281502410894,136.223132695259,wa_dn_b-last_b-longer,0.46253510062033865,0.4554314856443141,21.605840702111973,19.844894473221057,-0.013423361664531933,-0.01899347337788006,0.01465609288068852,0.018191441780491785,59.87915634815766
