subject,nll,bic,model,wp,wp_rec,beta,beta_rec,b_last,b_last_rec,b_longer,b_longer_rec,nll_rec
7,95.59601766993623,210.95860503030968,wa_dn_b-last_b-longer,1.0,1.0,0.9042649060154386,0.6938722549878397,0.056742772728603307,0.04354036777289959,-0.037592592542996864,-9.549872215223109e-08,96.21241663374084
