subject,nll,bic,model,wp,wp_rec,beta,beta_rec,b_last,b_last_rec,b_longer,b_longer_rec,nll_rec
8,49.32839156989574,118.42335283022871,wa_dn_b-last_b-longer,0.579654163630054,0.581550692557149,28.053041466898325,35.04244262005101,0.01631402422372778,0.009118067875577911,-0.002293119207157169,-0.008944231704619351,41.592925560603554
