subject,nll,bic,model,wp,wp_rec,beta,beta_rec,b_last,b_last_rec,b_longer,b_longer_rec,nll_rec
6,76.20024478851883,172.16705926747488,wa_dn_b-last_b-longer,0.5923357291214074,0.5725466681016708,11.111190375895628,12.191696974041013,0.012597138156553627,0.020626299455375984,-0.014549319035963787,0.010159606902243587,74.20450216790528
