subject,nll,bic,model,wp,wp_rec,beta,beta_rec,b_last,b_last_rec,b_longer,b_longer_rec,nll_rec
16,84.13995511152567,187.84130673593836,wa_dn_b-last_b-longer,0.5312498864563548,0.644837066974359,5.233004921071664,3.8000617233319782,0.052713823190706444,0.11636013709880152,-0.008415645478980376,-0.05169844478548119,83.13430257031047
