subject,nll,bic,model,wp,wp_rec,beta,beta_rec,b_last,b_last_rec,b_longer,b_longer_rec,nll_rec
14,55.20114284559604,130.14018142371484,wa_dn_b-last_b-longer,0.4778644111430957,0.4570265699779838,24.587183358215942,21.25338323001515,0.007261872150614258,0.01646367866751235,0.011222811260627606,0.0354334282698037,55.226740253538686
