subject,nll,bic,model,wp,wp_rec,beta,beta_rec,b_last,b_last_rec,b_longer,b_longer_rec,nll_rec
13,58.27902332603889,136.324616342515,wa_dn_b-last_b-longer,0.5931958936281786,0.5959277812195561,21.315722966412785,18.06141657636616,0.0010100106715883665,0.012356523855593096,-0.005049448051763662,0.01915754881103598,62.36951357220958
