subject,nll,bic,model,wp,wp_rec,beta,beta_rec,b_last,b_last_rec,b_longer,b_longer_rec,nll_rec
17,42.69501236822477,105.15659442688676,wa_dn_b-last_b-longer,0.4557921314186246,0.44549194669862224,40.504987712726575,37.908044228114356,-0.003399226612886487,-0.0052849294754838995,0.0035312293035028586,-0.001826124903882556,44.010487246585186
