subject,nll,bic,model,wp,wp_rec,beta,beta_rec,b_last,b_last_rec,b_longer,b_longer_rec,nll_rec
11,72.51953022396711,164.77695618045698,wa_dn_b-last_b-longer,0.3986746287466123,0.42897678250253846,11.001455795019933,9.330583776734882,0.0011969071715214304,0.03731859651407965,0.009984830448456989,0.0513855622291967,74.25593236853305
