subject,nll,bic,model,wp,wp_rec,beta,beta_rec,b_last,b_last_rec,b_longer,b_longer_rec,nll_rec
15,50.24252863729589,120.22295300711454,wa_dn_b-last_b-longer,0.6042505458174621,0.6205422439357916,25.4197440683753,24.146186800549835,0.017273368469123057,0.01836783604381467,-0.007710230766501533,-0.015915471686063318,50.071352664407726
