subject,nll,bic,model,wp,wp_rec,beta,beta_rec,b_last,b_last_rec,b_longer,b_longer_rec,nll_rec
3,23.12557852394178,66.01772673832077,wa_dn_b-last_b-longer,0.7288052249965961,0.7136469899846947,32.94700994185676,46.57797829323299,0.0006082757115049172,0.004596807126674947,1.6406732121384557e-07,-0.004444101500647354,16.50124095865435
