subject,nll,bic,model,alpha,alpha_rec,beta,beta_rec,b_longer,b_longer_rec,b_last,b_last_rec,nll_rec
68,48.68227123981251,117.13111217006224,eu_b-last_b-longer,3.049400815901602,2.7944774011890385,0.05247832985063396,0.07552794530772537,2.9117808508830604e-05,-1.0,1.0,1.0,52.99048275233457
