subject,nll,bic,model,alpha,alpha_rec,beta,beta_rec,b_longer,b_longer_rec,b_last,b_last_rec,nll_rec
86,13.460809369983188,46.68818843040359,eu_b-last_b-longer,0.07169097302249255,0.0,24.077776161604362,44.026436302688744,0.03047751906445258,0.02804004796215269,-0.017471427928672893,-0.03740737340652949,6.187074296536114
