subject,nll,bic,model,alpha,alpha_rec,beta,beta_rec,b_longer,b_longer_rec,b_last,b_last_rec,nll_rec
106,72.72880714502153,165.19551002256583,eu_b-last_b-longer,1.8627810397708016,1.7532067092568424,0.24502191179698934,0.3831929328708338,1.0,1.0,1.0,1.0,66.13295190493704
