subject,nll,bic,model,alpha,alpha_rec,beta,beta_rec,b_longer,b_longer_rec,b_last,b_last_rec,nll_rec
88,39.589774137009876,98.94611796445696,eu_b-last_b-longer,0.6848274847812844,0.6824533214758014,8.1935564976339,6.137286712893433,1.2636791397038664e-05,-0.010670534084752067,-0.05803842262275027,-0.016153980848010212,49.566438452542855
