subject,nll,bic,model,alpha,alpha_rec,beta,beta_rec,b_longer,b_longer_rec,b_last,b_last_rec,nll_rec
45,36.53323477907912,92.83303924859547,eu_b-last_b-longer,2.888951896101065,2.54127951971688,0.12410975211247548,0.24865506555454117,0.0001497751109269929,-0.6941369126765102,0.8780638185590641,-0.03845272135592825,37.43581714877656
