subject,nll,bic,model,alpha,alpha_rec,beta,beta_rec,b_longer,b_longer_rec,b_last,b_last_rec,nll_rec
48,54.44914351140943,128.66485671325609,eu_b-last_b-longer,1.2464534206752913,1.3362159798108935,2.06798837381946,2.058129945066707,-0.027553954184874403,-0.03137209400160093,0.06728297409111549,0.009958516707493969,48.50803484477075
