subject,nll,bic,model,alpha,alpha_rec,beta,beta_rec,b_longer,b_longer_rec,b_last,b_last_rec,nll_rec
3,50.419605406306594,120.6057805030504,eu_b-last_b-longer,0.46353885121399,0.4397406817435068,7.529519517264905,6.78503175676812,9.427366173128404e-08,0.035718770863890845,-0.001224758069771535,0.0015986518964753898,55.10278165836023
