subject,nll,bic,model,alpha,alpha_rec,beta,beta_rec,b_longer,b_longer_rec,b_last,b_last_rec,nll_rec
134,53.697740249186666,127.16205018881055,eu_b-last_b-longer,0.8518136233921906,0.8215645292676047,4.365956137705388,4.162723875398168,0.01354069140901788,-0.02721338863867287,-0.00726405520539169,-0.08344198422346688,56.70983145820382
