subject,nll,bic,model,alpha,alpha_rec,beta,beta_rec,b_longer,b_longer_rec,b_last,b_last_rec,nll_rec
64,58.29944067853171,136.36545104750064,eu_b-last_b-longer,0.525446030703693,0.5370119356961257,5.536695653711549,6.506117561042962,-0.0402234400724435,-0.048949449355636464,0.059484895883021985,0.11044302168842901,50.6049176901281
