subject,nll,bic,model,alpha,alpha_rec,beta,beta_rec,b_longer,b_longer_rec,b_last,b_last_rec,nll_rec
98,61.18742079887395,142.1414112881851,eu_b-last_b-longer,0.8454011389959527,0.8099831507826504,3.398802686074428,3.1760196482654925,0.030194103143475287,0.030894053051156112,0.0567126227513158,0.10594772154263368,63.9589947924473
