subject,nll,bic,model,alpha,alpha_rec,beta,beta_rec,b_longer,b_longer_rec,b_last,b_last_rec,nll_rec
62,53.13989723234211,126.04636415512144,eu_b-last_b-longer,0.5229476285771998,0.44314113508614433,6.617206744338544,8.249669380996364,-0.018854386544998932,-0.06009911964405283,-0.010257678996009193,-0.026407802901396646,47.69028922367897
