subject,nll,bic,model,alpha,alpha_rec,beta,beta_rec,b_longer,b_longer_rec,b_last,b_last_rec,nll_rec
166,45.380681519921595,110.52793273028041,eu_b-last_b-longer,1.9912764702355528,1.8963623408064476,0.4793512841387575,0.5789744760250278,0.7539103882828904,0.3727402725522893,1.0,0.9351167290385648,45.54135998441552
