subject,nll,bic,model,alpha,alpha_rec,beta,beta_rec,b_longer,b_longer_rec,b_last,b_last_rec,nll_rec
85,31.48978908533586,82.71747390319449,eu_b-last_b-longer,0.12262882177494441,0.20476077808050341,13.699387985783124,13.576520669864857,0.03875774013883035,0.02768838712005858,-0.039020162785530596,-0.03414531233389857,31.25683160713985
