subject,nll,bic,model,alpha,alpha_rec,beta,beta_rec,b_longer,b_longer_rec,b_last,b_last_rec,nll_rec
115,22.98128411527754,65.72913792099229,eu_b-last_b-longer,0.9085645451333102,0.9250136478786732,12.5239805701747,10.116016692635968,6.437362658031063e-06,0.07176156826209182,0.021975179077640853,0.07179055608975253,26.402104640252563
