subject,nll,bic,model,alpha,alpha_rec,beta,beta_rec,b_longer,b_longer_rec,b_last,b_last_rec,nll_rec
180,63.20646163760625,146.17949296564973,eu_b-last_b-longer,0.4362795475139863,0.35750183797510077,5.2829727873866315,5.356929216537413,-0.03919768260447597,-0.07684627060695733,0.05371864127911053,0.056530503714583714,63.981423112818035
