subject,nll,bic,model,alpha,alpha_rec,beta,beta_rec,b_longer,b_longer_rec,b_last,b_last_rec,nll_rec
96,52.20580838198991,124.14951249650258,eu_b-last_b-longer,0.7715802021986246,0.903090079537974,5.019290375706626,3.6356152562250847,0.013746372635544806,0.017875269527948406,-0.007792678399917051,0.07987386082592748,55.89653395292092
