subject,nll,bic,model,alpha,alpha_rec,beta,beta_rec,b_longer,b_longer_rec,b_last,b_last_rec,nll_rec
103,50.19325197584091,120.15307364211904,eu_b-last_b-longer,0.4924038492619635,0.5279896063447292,7.3788591790578995,9.283004836536135,0.01804361495393323,0.05336166144764175,-0.010545198124871844,0.0552296390150208,39.51997268861199
