subject,nll,bic,model,alpha,alpha_rec,beta,beta_rec,b_longer,b_longer_rec,b_last,b_last_rec,nll_rec
83,43.58338613014962,106.93334195073646,eu_b-last_b-longer,0.5484126869936127,0.5734158161726092,8.346037586125341,7.2299986780089585,-0.04536534081334666,-0.03814133709444076,-0.022824169119091197,-0.05011519224131903,48.07368870620195
