subject,nll,bic,model,alpha,alpha_rec,beta,beta_rec,b_longer,b_longer_rec,b_last,b_last_rec,nll_rec
16,40.411917779467906,100.59040524937302,eu_b-last_b-longer,0.5218606518031567,0.4976669433735107,9.158979137428116,9.83311286138574,0.05309541649387487,0.06939601540716109,0.037876902165304434,0.02852917262709013,38.64468349041847
