subject,nll,bic,model,alpha,alpha_rec,beta,beta_rec,b_longer,b_longer_rec,b_last,b_last_rec,nll_rec
66,54.49611701466479,128.7588037197668,eu_b-last_b-longer,0.7126970617873514,0.66847573135699,5.158509216020772,5.2821813198192515,2.5919567101746567e-07,8.577551318916429e-08,-0.05987153410552161,-0.07721543310977316,55.627637035359285
