subject,nll,bic,model,alpha,alpha_rec,beta,beta_rec,b_longer,b_longer_rec,b_last,b_last_rec,nll_rec
186,81.79258875753102,183.35174720549927,eu_b-last_b-longer,1.0910001850049078,0.9206015117879072,0.6226648657656344,0.606005316388558,0.31720978205883915,-0.062440329951135146,1.0,1.0,85.92083283325569
