subject,nll,bic,model,alpha,alpha_rec,beta,beta_rec,b_longer,b_longer_rec,b_last,b_last_rec,nll_rec
22,53.00106625337049,125.76870219717819,eu_b-last_b-longer,0.3613274623648494,0.427312856061782,7.468492974775293,8.119213386597222,0.06790395603409911,0.06911886246664349,0.01092482692411113,-0.0894743417447942,49.20120649445901
