subject,nll,bic,model,alpha,alpha_rec,beta,beta_rec,b_longer,b_longer_rec,b_last,b_last_rec,nll_rec
174,48.787909824791036,117.34238934001928,eu_b-last_b-longer,1.0846627781498268,1.0960532521361739,3.6796349561155943,4.699622086585443,-0.01727862916488713,0.048455157320184725,-0.08163176188570985,-0.14083409576936043,41.13256261634406
