subject,nll,bic,model,alpha,alpha_rec,beta,beta_rec,b_longer,b_longer_rec,b_last,b_last_rec,nll_rec
60,57.97286133962939,135.712292369696,eu_b-last_b-longer,0.47756446638448197,0.5675057576484533,6.030487062534243,5.778490136912164,-0.009444559426873032,-0.040380010829081416,0.02031500570874435,0.028448322193913526,55.7275807997405
