subject,nll,bic,model,alpha,alpha_rec,beta,beta_rec,b_longer,b_longer_rec,b_last,b_last_rec,nll_rec
26,26.23371810904763,72.23400590853248,eu_b-last_b-longer,0.23898473784909088,0.03480031900947722,15.834686194800632,15.617823444143855,-0.027571989845654798,0.020790743671170335,-0.029682050957419766,-0.03882077787225157,27.757807387130313
