subject,nll,bic,model,alpha,alpha_rec,beta,beta_rec,b_longer,b_longer_rec,b_last,b_last_rec,nll_rec
93,78.23061974632893,176.22780918309508,eu_b-last_b-longer,0.9263018786838273,0.9467771001231854,1.5047555868966709,2.0018450352137718,-0.10807938125570798,-0.43583638637846167,0.12484372511096982,-0.07138746340406674,66.61586018642464
