subject,nll,bic,model,alpha,alpha_rec,beta,beta_rec,b_longer,b_longer_rec,b_last,b_last_rec,nll_rec
31,85.30757281318972,190.38171531681667,eu_b-last_b-longer,1.5804748354837161,1.6259136490079513,0.25142459607513734,0.2450766663262246,-0.15204398041397832,-1.1063190302408637e-06,1.0,0.7400175363561117,84.78481238817206
