subject,nll,bic,model,alpha,alpha_rec,beta,beta_rec,b_longer,b_longer_rec,b_last,b_last_rec,nll_rec
84,67.29153605914816,154.34964180873354,eu_b-last_b-longer,0.882088981552706,1.0476321695945208,2.5283100745576172,2.068594511948689,0.01841337790550394,-0.04585954033635157,0.1126834601408982,0.026650466255341735,65.85027733806426
