subject,nll,bic,model,alpha,alpha_rec,beta,beta_rec,b_longer,b_longer_rec,b_last,b_last_rec,nll_rec
46,57.12225801736457,134.01108572516637,eu_b-last_b-longer,0.6967103276323814,0.7037423600537676,4.67448472219103,3.986897840449089,-0.011903957789128249,0.07827874119092965,0.07811869751405734,0.12590801945469454,60.477536189885214
