subject,nll,bic,model,alpha,alpha_rec,beta,beta_rec,b_longer,b_longer_rec,b_last,b_last_rec,nll_rec
132,47.31622079436736,114.3703373212575,eu_b-last_b-longer,1.091665302910951,1.1641472614484103,3.5374187000226645,2.9179213646603643,0.07377899525760118,0.22132923793727347,0.18044266169529344,0.2216877255376931,46.93065638400151
