subject,nll,bic,model,alpha,alpha_rec,beta,beta_rec,b_longer,b_longer_rec,b_last,b_last_rec,nll_rec
57,48.755207822026506,117.27698533449023,eu_b-last_b-longer,0.8457277809596622,0.7711028887332027,5.092709016597013,6.645519110958905,-0.06431975402196191,-0.011454516937696127,-0.03429981934079344,-0.07634555932332741,43.03767557756471
