subject,nll,bic,model,alpha,alpha_rec,beta,beta_rec,b_longer,b_longer_rec,b_last,b_last_rec,nll_rec
50,36.17722011319581,92.12100991682883,eu_b-last_b-longer,2.255870321984938,2.164242792791905,0.40983860746243583,0.5535627065618276,0.8708577397103482,5.725313101202685e-06,0.9733363459282999,1.0,32.579804094662
