subject,nll,bic,model,alpha,alpha_rec,beta,beta_rec,b_longer,b_longer_rec,b_last,b_last_rec,nll_rec
21,43.56995509066509,106.9064798717674,eu_b-last_b-longer,0.8961321482433741,0.8124473647808039,5.672548453725064,7.868548746676762,5.7197732238239e-07,-0.034526914025767776,-0.023791177141566387,0.012270430938530261,35.76443749891097
