subject,nll,bic,model,alpha,alpha_rec,beta,beta_rec,b_longer,b_longer_rec,b_last,b_last_rec,nll_rec
155,54.01719467435512,127.80095903914744,eu_b-last_b-longer,0.2719732954375008,0.2160672016343025,7.3322111110391965,7.048349309022737,-0.008639409652014794,0.017630147838123375,0.055135807043112384,0.035521196953321066,56.52309879360132
