subject,nll,bic,model,alpha,alpha_rec,beta,beta_rec,b_longer,b_longer_rec,b_last,b_last_rec,nll_rec
135,80.06132856302489,179.889226816487,eu_b-last_b-longer,1.9344021086737313,1.7972789451829563,0.16136640416546258,0.17537440757663872,-0.25582555749501334,-0.22303218709883485,1.0,1.0,84.03415548661212
