subject,nll,bic,model,alpha,alpha_rec,beta,beta_rec,b_longer,b_longer_rec,b_last,b_last_rec,nll_rec
150,61.52590613946111,142.76082701955104,eu_b-last_b-longer,1.180686258990145,1.0119105840542788,1.5827662684213923,2.59035687725943,0.026045090401273972,0.020271804793520025,0.3304744384233202,0.3330908212176775,54.91055016845446
