subject,nll,bic,model,alpha,alpha_rec,beta,beta_rec,b_longer,b_longer_rec,b_last,b_last_rec,nll_rec
178,61.82521275323202,143.41699519690127,eu_b-last_b-longer,0.5428781553263258,0.6091388248098182,5.047089338034798,5.584256320604372,-0.04182205562833154,-0.04185155237966329,0.013768411212109425,0.028558492217937506,55.28738443744673
