subject,nll,bic,model,alpha,alpha_rec,beta,beta_rec,b_longer,b_longer_rec,b_last,b_last_rec,nll_rec
179,51.81397137981016,123.39451245005753,eu_b-last_b-longer,1.8276225327420477,1.7766457742797743,0.581932744725752,0.6810911629842992,0.44157397965967765,0.29129161412959503,-0.08431937455578697,-0.18227862743877052,50.40143502626738
