subject,nll,bic,model,alpha,alpha_rec,beta,beta_rec,b_longer,b_longer_rec,b_last,b_last_rec,nll_rec
76,54.68259158456138,129.10307890164552,eu_b-last_b-longer,0.5218437294802691,0.4906893054523171,6.261586556982336,6.5922783802423695,0.013063350343384725,0.022147757340431604,-0.015047341653176359,0.0035098731794810717,53.69013894258998
