subject,nll,bic,model,alpha,alpha_rec,beta,beta_rec,b_longer,b_longer_rec,b_last,b_last_rec,nll_rec
13,79.38330209628026,178.53317388299774,eu_b-last_b-longer,1.344958428601772,1.3806180486732138,0.49078439400731566,0.4197762563406961,0.5773350319752408,0.935255308282502,1.0,0.8280118732798596,81.67221210122412
