subject,nll,bic,model,alpha,alpha_rec,beta,beta_rec,b_longer,b_longer_rec,b_last,b_last_rec,nll_rec
159,47.66593037482609,115.06975648217494,eu_b-last_b-longer,0.936132619893091,0.9152008552328985,4.6359196023642975,4.919109122953817,2.563607986152739e-06,-0.09569246170008458,0.08654719003533233,0.04355300468757243,46.545918141997916
