subject,nll,bic,model,alpha,alpha_rec,beta,beta_rec,b_longer,b_longer_rec,b_last,b_last_rec,nll_rec
14,46.74051557131528,113.24760083306776,eu_b-last_b-longer,0.7491117296413708,0.8681394079800866,6.092650022616933,4.540826347270471,-0.011344011557221744,-0.13665910291046232,0.014468374706429492,0.05920678324756782,50.154536168223174
