subject,nll,bic,model,alpha,alpha_rec,beta,beta_rec,b_longer,b_longer_rec,b_last,b_last_rec,nll_rec
111,54.14717220430822,128.06091409905366,eu_b-last_b-longer,1.4944638796415732,1.6553877132928296,1.130990884404034,0.9033103237826563,0.3136438846806904,0.36600507742268135,0.04339585240115006,0.1269448472630265,49.266949561115865
