subject,nll,bic,model,alpha,alpha_rec,beta,beta_rec,b_longer,b_longer_rec,b_last,b_last_rec,nll_rec
177,53.655369307631055,127.07730830569932,eu_b-last_b-longer,0.8898232862131156,0.8634040884897934,3.882983005969828,3.3643188046174815,0.029923387534448963,-0.0983073055307126,0.15138341939685232,0.24314482132246212,56.226949142540526
