subject,nll,bic,model,alpha,alpha_rec,beta,beta_rec,b_longer,b_longer_rec,b_last,b_last_rec,nll_rec
175,45.57130980701396,110.88051534655068,eu_b-last_b-longer,0.9632682421109653,0.9867801228589593,4.725252774090356,4.475478023123285,0.0033942019698534527,0.04873101399466944,0.09029109622952748,0.07987420993545886,46.24920083882078
