subject,nll,bic,model,alpha,alpha_rec,beta,beta_rec,b_longer,b_longer_rec,b_last,b_last_rec,nll_rec
44,26.404430964669977,72.57543161977716,eu_b-last_b-longer,0.34801566471295803,0.3352570207273006,16.624000247627045,22.898017060740003,0.03839152108877833,0.023128705189619677,0.009084038329925772,-0.029635153516148642,19.34155924581446
