subject,nll,bic,model,alpha,alpha_rec,beta,beta_rec,b_longer,b_longer_rec,b_last,b_last_rec,nll_rec
189,41.852684491029386,103.41438372268759,eu_b-last_b-longer,0.5280025199978546,0.5430917324280843,8.67881681130091,8.441382242770375,0.02452825792691622,0.05233876125294853,-0.0029103885112852267,-0.0034122799667347286,42.131690109006385
