subject,nll,bic,model,alpha,alpha_rec,beta,beta_rec,b_longer,b_longer_rec,b_last,b_last_rec,nll_rec
40,41.45762872627724,102.65315318507726,eu_b-last_b-longer,0.9390504887804978,0.9766746011127155,5.635129187971236,4.84495364753934,-0.08120587953767695,0.027429321370867444,0.05337838250465335,0.05725439869776924,45.00613712707492
