subject,nll,bic,model,alpha,alpha_rec,beta,beta_rec,b_longer,b_longer_rec,b_last,b_last_rec,nll_rec
133,38.59864775834541,96.90631025731963,eu_b-last_b-longer,0.4002146273522703,0.43137106387096796,10.83031195959735,9.490760929641915,0.04632478144589665,0.06495702171645745,-0.028942132024945957,0.002905235824261219,41.89162251517469
