subject,nll,bic,model,alpha,alpha_rec,beta,beta_rec,b_longer,b_longer_rec,b_last,b_last_rec,nll_rec
149,10.348148766355509,40.34691707565523,eu_b-last_b-longer,0.07296784680185808,0.10700675177137393,25.86677532459277,199.16435216338166,0.016384206046690164,0.029021633156728757,0.021659229638164117,0.029021594162201306,1.3862300644000978
