subject,nll,bic,model,alpha,alpha_rec,beta,beta_rec,b_longer,b_longer_rec,b_last,b_last_rec,nll_rec
161,25.903695424822025,71.57396054008126,eu_b-last_b-longer,0.47428502881976103,0.45626245157693324,15.228693008095966,12.46206124890208,-0.02531824175317181,-0.05874475875193837,0.043029823821960876,0.02640386268932622,32.141371864652434
