subject,nll,bic,model,alpha,alpha_rec,beta,beta_rec,b_longer,b_longer_rec,b_last,b_last_rec,nll_rec
145,40.18136898900562,100.12930766844846,eu_b-last_b-longer,0.7511332935812076,0.6826394684929842,7.25664087759506,8.312549425345974,-0.01109577513770798,0.010275745482683648,0.07845861250800114,0.13236888824452436,37.63101888012574
