subject,nll,bic,model,alpha,alpha_rec,beta,beta_rec,b_longer,b_longer_rec,b_last,b_last_rec,nll_rec
7,66.32068989576383,152.4079494819649,eu_b-last_b-longer,0.8831929142550813,0.7871079261408037,2.770459239127112,2.4523811283372328,-0.03467603965382427,-0.10672375255145902,-0.07782126528616859,-0.06284498842778852,73.62866864713182
