subject,nll,bic,model,alpha,alpha_rec,beta,beta_rec,b_longer,b_longer_rec,b_last,b_last_rec,nll_rec
153,57.243225355277815,134.25302040099285,eu_b-last_b-longer,1.223181649232633,1.277226030072866,1.906394253810995,2.0609291951619277,1.3701415118708629e-06,-0.028991042707388146,0.18299003044390968,0.1533370431855508,51.94122530026429
