subject,nll,bic,model,alpha,alpha_rec,beta,beta_rec,b_longer,b_longer_rec,b_last,b_last_rec,nll_rec
164,40.916934339572975,101.60043836958317,eu_b-last_b-longer,0.695154573708831,0.7655745263220062,7.762129491958845,8.05240912839876,0.02065435654135273,0.011106285366903317,-0.03862464726331737,-0.053782826518673235,36.7810003372486
