subject,nll,bic,model,alpha,alpha_rec,beta,beta_rec,b_longer,b_longer_rec,b_last,b_last_rec,nll_rec
54,49.26659659080787,118.29976287205295,eu_b-last_b-longer,1.0061449396475957,0.949850154818269,4.012546484457909,4.518399356796392,-0.03130773223429728,0.014319850274154364,0.08050069815056972,0.04544576430384671,48.35348037841384
