subject,nll,bic,model,alpha,alpha_rec,beta,beta_rec,b_longer,b_longer_rec,b_last,b_last_rec,nll_rec
141,42.815941936552136,105.3984535635415,eu_b-last_b-longer,0.3953502288081298,0.40412547918595454,9.909433905112381,11.526356170261527,-0.01622121426958481,0.016037443203668015,-0.041162449296231404,-0.06586124801246934,37.48076166984164
