subject,nll,bic,model,alpha,alpha_rec,beta,beta_rec,b_longer,b_longer_rec,b_last,b_last_rec,nll_rec
29,69.22424169084917,158.21505307213556,eu_b-last_b-longer,0.5396367318221243,0.689672496040417,4.170308191775573,3.024979312243321,-0.022883888376369753,-0.07408535765246904,-0.052579475352393226,-0.06706844696877133,72.35863371604822
