subject,nll,bic,model,alpha,alpha_rec,beta,beta_rec,b_longer,b_longer_rec,b_last,b_last_rec,nll_rec
107,84.63415898194685,188.97733270452252,eu_b-last_b-longer,0.07716404816810944,0.0,2.776390206910363,3.6003942306568737,0.0011253297907604317,0.048493171959233174,0.07841592264525385,0.05097234533007575,80.3218600357198
