subject,nll,bic,model,alpha,alpha_rec,beta,beta_rec,b_longer,b_longer_rec,b_last,b_last_rec,nll_rec
113,61.26770793722869,142.27331160698014,eu_b-last_b-longer,2.572365102053361,2.4699979971408443,0.08575632874510343,0.09427282189788191,1.0,1.0,1.0,-0.5034795840797583,65.03913196876046
