subject,nll,bic,model,alpha,alpha_rec,beta,beta_rec,b_longer,b_longer_rec,b_last,b_last_rec,nll_rec
157,-0.00013641510213696103,19.76629686023294,eu_b-last_b-longer,0.0,0.0,199.99905670354732,199.99905670354732,0.00011597889488068635,0.00011597889488068635,0.016777412069350482,0.016777412069350482,-0.00013641510213696103
