subject,nll,bic,model,alpha,alpha_rec,beta,beta_rec,b_longer,b_longer_rec,b_last,b_last_rec,nll_rec
23,43.936999138047454,107.64056796653213,eu_b-last_b-longer,0.510764381108563,0.5737341728245912,8.506719479424795,8.389984355745815,-0.03549327244654056,-0.07356953364018559,0.00421970583383955,-0.014974622867182935,42.21738327143703
