subject,nll,bic,model,alpha,alpha_rec,beta,beta_rec,b_longer,b_longer_rec,b_last,b_last_rec,nll_rec
112,34.13866976273951,88.04390921591624,eu_b-last_b-longer,0.6075050075490488,0.597335451321512,10.635784502855426,11.809450306149989,-1.3949268540110519e-07,0.06090504216384211,0.01865574884880672,0.027035382142921706,30.985632231775465
