subject,nll,bic,model,alpha,alpha_rec,beta,beta_rec,b_longer,b_longer_rec,b_last,b_last_rec,nll_rec
198,47.86954555236864,115.50566079517449,eu_b-last_b-longer,0.6325495624453931,0.6631569200534445,6.769520376532461,8.20559965322277,0.050061096065073446,0.029713675573150404,-0.005376003184999781,-0.04658699456121193,40.36093823517686
