subject,nll,bic,model,alpha,alpha_rec,beta,beta_rec,b_longer,b_longer_rec,b_last,b_last_rec,nll_rec
139,60.79387184820936,141.17910289622236,eu_b-last_b-longer,0.9055336434963235,0.7920762462170862,2.8147071024000794,4.712833944788813,-0.031094921997359685,-0.019190958038521205,0.03556968782148588,0.008155944550948233,50.532398016469905
