subject,nll,bic,model,alpha,alpha_rec,beta,beta_rec,b_longer,b_longer_rec,b_last,b_last_rec,nll_rec
56,23.916795714687986,67.60016111981318,eu_b-last_b-longer,0.1553382868538562,0.11761878935345067,15.879403308457361,16.934458578958104,0.021119392611010205,-0.03351469736053598,0.007669194962745635,-0.010669837553712863,22.63202398350027
