subject,nll,bic,model,alpha,alpha_rec,beta,beta_rec,b_longer,b_longer_rec,b_last,b_last_rec,nll_rec
47,-0.00013541455339615674,19.737624903415973,eu_b-last_b-longer,0.0,0.0,199.99696119247682,199.99696119247682,-0.0001050241295803294,-0.0001050241295803294,0.016757001099157082,0.016757001099157082,-0.00013541455339615674
