subject,nll,bic,model,alpha,alpha_rec,beta,beta_rec,b_longer,b_longer_rec,b_last,b_last_rec,nll_rec
126,52.46685773794296,124.70028516632314,eu_b-last_b-longer,0.5493186282782292,0.5326825045273286,6.522425263522374,8.929631994691945,4.6990938283699545e-08,-0.04460331425469554,0.007172600581515089,0.03815310453119283,41.04645454903064
