subject,nll,bic,model,alpha,alpha_rec,beta,beta_rec,b_longer,b_longer_rec,b_last,b_last_rec,nll_rec
176,70.96376406547886,161.69409782139493,eu_b-last_b-longer,0.4932998637646015,0.4990834770049686,3.619008771767509,3.975839832367293,3.2988673094434787e-09,-0.03596091141476823,0.14457464552756505,0.15657464828278495,67.26900010183935
