subject,nll,bic,model,alpha,alpha_rec,beta,beta_rec,b_longer,b_longer_rec,b_last,b_last_rec,nll_rec
104,59.64786429119975,138.94634812534372,eu_b-last_b-longer,0.6254276625590616,0.6820901355378366,4.728628944509377,5.0362012095597395,-0.01526445940359198,-0.051034730656721775,-0.025506039298466062,0.03733411092407415,54.33821744836099
