subject,nll,bic,model,alpha,alpha_rec,beta,beta_rec,b_longer,b_longer_rec,b_last,b_last_rec,nll_rec
160,58.57799682690863,136.89388938634002,eu_b-last_b-longer,0.7572241417660824,0.7059926250246522,3.899840306897486,3.8451347518803116,-0.014089621891550157,-0.026586502696488275,0.15552370213612954,0.05311614382962155,63.357529742612414
