subject,nll,bic,model,alpha,alpha_rec,beta,beta_rec,b_longer,b_longer_rec,b_last,b_last_rec,nll_rec
154,22.27878790982261,64.32414551008245,eu_b-last_b-longer,0.18580895738448633,0.27234330943442203,16.716770060786832,23.843932101796312,0.020603498931678038,0.04221321241713952,0.025055507144441956,0.062184742767265426,16.814358092184325
