subject,nll,bic,model,alpha,alpha_rec,beta,beta_rec,b_longer,b_longer_rec,b_last,b_last_rec,nll_rec
105,44.99229718725579,109.7511640649488,eu_b-last_b-longer,0.8792738429790503,0.86382143076948,5.478920546113872,4.843317878897497,-0.05157124267988622,-0.03967653853511227,0.015032046172573957,0.04294309967391766,49.40101675458253
