subject,nll,bic,model,alpha,alpha_rec,beta,beta_rec,b_longer,b_longer_rec,b_last,b_last_rec,nll_rec
114,39.336709807728106,98.43998930589342,eu_b-last_b-longer,0.6601829376828355,0.6144317033476229,8.372299720872798,8.94723685542537,0.049157443568378374,0.03732575707649053,0.031016624691900578,0.047888923755296665,38.6464487105022
