subject,nll,bic,model,alpha,alpha_rec,beta,beta_rec,b_longer,b_longer_rec,b_last,b_last_rec,nll_rec
34,77.44264253139616,174.4164927531378,eu_b-last_b-longer,1.3364742413967894,1.143005849766328,0.4547773891859009,0.7708599493456165,-0.20594473616523984,-0.10786571919445216,1.0,0.23787961379681824,78.25428950214909
