subject,nll,bic,model,alpha,alpha_rec,beta,beta_rec,b_longer,b_longer_rec,b_last,b_last_rec,nll_rec
136,41.7089955983182,103.18456088707362,eu_b-last_b-longer,0.47750812516214425,0.5135752526303513,9.317507111532834,10.710368456577257,-0.03447256664023914,-0.042951801586842496,0.003905459162385111,0.010535720356370033,35.79124691103926
