subject,nll,bic,model,alpha,alpha_rec,beta,beta_rec,b_longer,b_longer_rec,b_last,b_last_rec,nll_rec
25,42.564829104841635,104.8962279001205,eu_b-last_b-longer,1.1217363239089464,1.1789526087579265,4.188469633231343,3.398954050786399,0.08608850553502542,0.14416864260484646,0.12058345258719244,0.18511521157077435,43.685569565502014
