subject,nll,bic,model,alpha,alpha_rec,beta,beta_rec,b_longer,b_longer_rec,b_last,b_last_rec,nll_rec
90,32.950834826324346,85.6682393430859,eu_b-last_b-longer,0.41641706731169487,0.4440003777697834,12.730382035581501,15.3932537217912,-0.01638037704087041,0.02570856406072064,-0.013590643830649105,-0.02412123470092647,26.33988506900635
