subject,nll,bic,model,alpha,alpha_rec,beta,beta_rec,b_longer,b_longer_rec,b_last,b_last_rec,nll_rec
147,63.96428762724944,147.6951449449361,eu_b-last_b-longer,0.5434914672042369,0.4957122432293881,4.6218734586871815,5.203742624889398,0.04370692761131795,0.010393887557039684,0.05782529096275857,0.13076913998669992,59.48078337270911
