subject,nll,bic,model,alpha,alpha_rec,beta,beta_rec,b_longer,b_longer_rec,b_last,b_last_rec,nll_rec
94,56.68338931977318,133.13334832998356,eu_b-last_b-longer,0.9991446237360069,0.9661350889690725,3.1251455571753963,3.406648014656657,-0.10467723011839733,-0.23278350176703158,0.009177999525410417,0.042082553405162815,53.322769299144134
