subject,nll,bic,model,alpha,alpha_rec,beta,beta_rec,b_longer,b_longer_rec,b_last,b_last_rec,nll_rec
97,47.90050535365311,115.56758039774343,eu_b-last_b-longer,0.5644192435408016,0.511528588565561,7.204166880189088,7.04722901293127,0.009452848887767991,-0.01845244533385462,0.03256953473324687,0.024622593909136393,50.71496954560047
