subject,nll,bic,model,alpha,alpha_rec,beta,beta_rec,b_longer,b_longer_rec,b_last,b_last_rec,nll_rec
99,64.04857719636301,147.86372408316325,eu_b-last_b-longer,0.6949164045297412,0.7572642683596674,3.9194161868374335,3.6125637328783493,-0.03828376097583258,-0.05524774287673358,0.0031949406484128983,0.015320655161989886,63.61701449262506
