subject,nll,bic,model,alpha,alpha_rec,beta,beta_rec,b_longer,b_longer_rec,b_last,b_last_rec,nll_rec
110,13.075551421372326,45.91767253318187,eu_b-last_b-longer,0.0,0.0,24.058584735127734,57.92007059134296,-0.033420757972626475,-0.07388560619666207,0.010123367799574528,0.0009606522015069672,5.932568169919426
