subject,nll,bic,model,alpha,alpha_rec,beta,beta_rec,b_longer,b_longer_rec,b_last,b_last_rec,nll_rec
124,39.3349489735934,98.43646763762402,eu_b-last_b-longer,1.2234940822586773,1.1410809045001151,3.9332953240142627,3.739264673666157,0.019974742975663387,-0.05604624569648934,0.060512541305629865,0.16600467238223157,44.065714867882875
