subject,nll,bic,model,alpha,alpha_rec,beta,beta_rec,b_longer,b_longer_rec,b_last,b_last_rec,nll_rec
35,60.76746177453252,141.21484725237755,eu_b-last_b-longer,0.3582711712036302,0.21792007740855399,5.716275367315809,5.444721679667932,0.0172810846514129,0.028280374498847245,0.05234912718175605,0.1254346953599134,61.58276556820556
