subject,nll,bic,model,alpha,alpha_rec,beta,beta_rec,b_longer,b_longer_rec,b_last,b_last_rec,nll_rec
194,64.26120437412787,148.2603044807785,eu_b-last_b-longer,0.898556325261176,0.9243138243336153,2.5048203571311296,1.5041699554019012,-0.08427096222824151,-0.09646658112020687,0.19773924828483927,0.424837032931108,72.69860517321104
