subject,nll,bic,model,alpha,alpha_rec,beta,beta_rec,b_longer,b_longer_rec,b_last,b_last_rec,nll_rec
138,-0.00013899993048861127,19.73761773266179,eu_b-last_b-longer,3.7264144109375352,3.7264144109375352,199.8785156281328,199.8785156281328,0.15093801881512015,0.15093801881512015,-0.0925071597721171,-0.0925071597721171,-0.00013899993048861127
