subject,nll,bic,model,alpha,alpha_rec,beta,beta_rec,b_longer,b_longer_rec,b_last,b_last_rec,nll_rec
10,64.58021804006725,148.92700577057172,eu_b-last_b-longer,0.6080111319443336,0.5341667141557652,4.358471699647977,5.939087456109049,1.8777451833497257e-07,-0.039231284430003455,-0.006064384636345181,0.019027417573195766,56.213630066144404
