subject,nll,bic,model,alpha,alpha_rec,beta,beta_rec,b_longer,b_longer_rec,b_last,b_last_rec,nll_rec
53,39.37645607542045,98.51948184127812,eu_b-last_b-longer,0.5927907210200777,0.6671575147336535,9.118700425138085,11.83814745266003,0.00906222425936294,-0.04793818298137931,-0.006798828954653325,0.0481940567676208,28.719550981408453
