subject,nll,bic,model,alpha,alpha_rec,beta,beta_rec,b_longer,b_longer_rec,b_last,b_last_rec,nll_rec
18,44.83399173475852,109.43455315995425,eu_b-last_b-longer,0.9304593003760675,0.9911321632133197,5.2425447899802196,6.389042179885662,0.026923093213843213,0.052795090616104295,-0.024734504250770818,-0.025914551569578094,37.35731508294437
