subject,nll,bic,model,alpha,alpha_rec,beta,beta_rec,b_longer,b_longer_rec,b_last,b_last_rec,nll_rec
58,56.71971449466041,133.06052810307455,eu_b-last_b-longer,0.6322267410282413,0.643907208144295,5.057066531379561,4.8247937855627345,0.033027790000741415,0.06820174142788779,-0.002406464375063459,0.019534149220605226,57.27995961127706
