subject,nll,bic,model,alpha,alpha_rec,beta,beta_rec,b_longer,b_longer_rec,b_last,b_last_rec,nll_rec
33,66.62541812008081,153.01740593059884,eu_b-last_b-longer,0.9908087777194188,0.9746691229721222,2.0177750363775706,1.995910345260711,-0.04638244597127553,-0.04579621504023531,0.2283687154324292,0.18599276590797223,68.3767395500954
