subject,nll,bic,model,alpha,alpha_rec,beta,beta_rec,b_longer,b_longer_rec,b_last,b_last_rec,nll_rec
156,43.67423659086383,107.11504287216488,eu_b-last_b-longer,0.7502246829241151,0.8392331895468039,6.582623876954459,7.580533032325455,0.01121527004373708,-2.3501093054906682e-07,0.05778763134956713,0.09502753954043966,35.608016326040485
