subject,nll,bic,model,alpha,alpha_rec,beta,beta_rec,b_longer,b_longer_rec,b_last,b_last_rec,nll_rec
77,42.804002392904614,105.37457447624644,eu_b-last_b-longer,0.33678105281792536,0.3369679715343237,9.964126874736143,8.247437322879394,0.007998574257991593,-0.008265207805022065,0.014057997871784847,0.017439565897034492,49.91999753177649
