subject,nll,bic,model,alpha,alpha_rec,beta,beta_rec,b_longer,b_longer_rec,b_last,b_last_rec,nll_rec
71,48.18684063835617,116.14025096714957,eu_b-last_b-longer,1.0630796715043067,1.0476880253680623,3.899985218158092,3.478285351985479,0.03304616870945925,-6.257208334270202e-08,-0.07839012194496313,-0.06223272723149624,52.1217189225662
