subject,nll,bic,model,alpha,alpha_rec,beta,beta_rec,b_longer,b_longer_rec,b_last,b_last_rec,nll_rec
75,45.413764536685534,110.59409876380829,eu_b-last_b-longer,0.2704368007319268,0.20937316660590632,8.986563245693672,9.930075399824768,-0.016723734820797656,-0.051011915529359644,0.07350484610317906,0.07527342398435284,41.369417138808885
