subject,nll,bic,model,alpha,alpha_rec,beta,beta_rec,b_longer,b_longer_rec,b_last,b_last_rec,nll_rec
192,-0.0001364150884609665,19.766296860260294,eu_b-last_b-longer,0.0,0.0,199.99905565243824,199.99905565243824,0.00011668997917754827,0.00011668997917754827,0.016775405721419133,0.016775405721419133,-0.0001364150884609665
