subject,nll,bic,model,alpha,alpha_rec,beta,beta_rec,b_longer,b_longer_rec,b_last,b_last_rec,nll_rec
70,49.39312140641634,118.5528125032699,eu_b-last_b-longer,0.8965567141123583,0.9233724548917505,4.554058697424743,6.0817377833986255,0.041825588218443385,0.08049622607738609,0.09962684478540523,0.15840859186565212,38.660387519478235
