subject,nll,bic,model,alpha,alpha_rec,beta,beta_rec,b_longer,b_longer_rec,b_last,b_last_rec,nll_rec
167,62.27531919199772,143.53036689744843,eu_b-last_b-longer,1.3716257559250584,1.464053785105125,0.7169122744489099,0.8521213405603482,0.1427356753284202,-0.07494510686104891,-0.14317022334338939,-0.2634551352191561,54.04509952914218
