subject,nll,bic,model,alpha,alpha_rec,beta,beta_rec,b_longer,b_longer_rec,b_last,b_last_rec,nll_rec
171,71.53027459551981,162.79844492356239,eu_b-last_b-longer,1.2289199422941957,1.2687507689800164,1.1256379166027053,1.1887192824028032,-0.09936664915355387,-0.09822953527731303,-0.0487943905027357,-0.10110697152951222,68.02536893316758
