subject,nll,bic,model,alpha,alpha_rec,beta,beta_rec,b_longer,b_longer_rec,b_last,b_last_rec,nll_rec
73,36.961000989507255,93.63101671964333,eu_b-last_b-longer,0.5516250713676423,0.49419495223743226,9.84263682328692,11.908356897481843,-0.06197501358083448,-0.042431695983309516,0.04614476566885492,-0.00659819988031718,32.93803242223526
