subject,nll,bic,model,alpha,alpha_rec,beta,beta_rec,b_longer,b_longer_rec,b_last,b_last_rec,nll_rec
61,57.28232603038218,134.33122175120158,eu_b-last_b-longer,0.7037058801152349,0.6792432233879799,4.707750948159522,5.004404185915758,-0.0355207827828755,-0.10274438334397246,0.03195434921505512,-0.0024682458763175944,55.87981750758374
