subject,nll,bic,model,alpha,alpha_rec,beta,beta_rec,b_longer,b_longer_rec,b_last,b_last_rec,nll_rec
51,72.05444153702015,163.78880677735282,eu_b-last_b-longer,1.7208128837615708,1.4973789345922848,0.3569243044985215,0.5465268957697796,1.0,0.278322175688739,-0.13831092215350982,0.11396286650555283,74.07031021456993
