subject,nll,bic,model,alpha,alpha_rec,beta,beta_rec,b_longer,b_longer_rec,b_last,b_last_rec,nll_rec
92,84.67799720186878,189.12256409417478,eu_b-last_b-longer,0.7142185469242764,0.5933017227573639,1.490434634801715,1.2351924513515729,0.10166086253161766,0.2330691390857179,0.19518348333132654,0.18366367199234152,89.26395294407553
