subject,nll,bic,model,alpha,alpha_rec,beta,beta_rec,b_longer,b_longer_rec,b_last,b_last_rec,nll_rec
128,72.548707293083,164.8064293267948,eu_b-last_b-longer,0.656000396442177,0.6780405448072402,3.1114415883502415,2.7966659778671725,-0.017640955194482656,-0.13142922242608174,-0.03391215175574868,-0.14822063308852054,73.47749687084345
