subject,nll,bic,model,alpha,alpha_rec,beta,beta_rec,b_longer,b_longer_rec,b_last,b_last_rec,nll_rec
72,53.83063497178003,127.37028468418887,eu_b-last_b-longer,0.3574699349232973,0.3555261620067629,7.373924464244595,8.239124383274923,0.007564435211954526,-0.03413359253612612,-0.012418361787266585,0.001638466996680615,49.24525734802896
