subject,nll,bic,model,alpha,alpha_rec,beta,beta_rec,b_longer,b_longer_rec,b_last,b_last_rec,nll_rec
28,49.8475595291918,119.46168874882082,eu_b-last_b-longer,0.8182492230271423,0.763098526800901,5.10222036785726,5.551235130446898,-0.012559132242008464,-0.07054617463965923,0.016502059920761897,-0.018809446722974243,49.26638102228226
