subject,nll,bic,model,alpha,alpha_rec,beta,beta_rec,b_longer,b_longer_rec,b_last,b_last_rec,nll_rec
142,43.674484457793966,107.11553860602515,eu_b-last_b-longer,0.7717371422125788,0.7635062986868076,6.439628700899632,6.615686689456847,-0.03443102959991774,0.0684206826952956,0.036383200233989124,0.0811301189922512,42.51023558622905
