subject,nll,bic,model,alpha,alpha_rec,beta,beta_rec,b_longer,b_longer_rec,b_last,b_last_rec,nll_rec
11,62.65916938499175,145.0849084604207,eu_b-last_b-longer,1.247682208888749,1.104099636846808,1.5576935130828842,1.7532517948672066,-0.06477368459599028,-0.07985576006924178,-0.09056450922301117,0.06062242665486322,66.97195028495162
