subject,nll,bic,model,alpha,alpha_rec,beta,beta_rec,b_longer,b_longer_rec,b_last,b_last_rec,nll_rec
13,53.07629227160107,125.91915423363935,eu_b-last_b-longer,0.6081495169183706,0.6731795415669813,6.017354160934066,8.207621735997932,-0.020355127319420057,0.009987827165195303,0.006899094148797146,0.031411685410978496,39.62841606285362
