subject,nll,bic,model,alpha,alpha_rec,beta,beta_rec,b_longer,b_longer_rec,b_last,b_last_rec,nll_rec
12,43.36285920254595,106.46361413761466,eu_b-last_b-longer,0.8614839793049036,0.970633720602518,5.655325548423755,4.508808921768066,-0.02180589664831401,-0.022943618178541587,0.09905064246615243,0.0540824800021304,46.89586197965855
