subject,nll,bic,model,alpha,alpha_rec,beta,beta_rec,b_longer,b_longer_rec,b_last,b_last_rec,nll_rec
18,57.85330678649201,135.47318326342125,eu_b-last_b-longer,0.5472060372484087,0.6001208442866331,5.285259367732842,5.497370850235647,-4.2414087861702456e-08,0.08412412348543642,0.11117129521467842,0.039668365105838085,55.527842073611325
