subject,nll,bic,model,alpha,alpha_rec,beta,beta_rec,b_longer,b_longer_rec,b_last,b_last_rec,nll_rec
5,45.82215202179109,111.41087373401939,eu_b-last_b-longer,0.5172955531370512,0.5430199340448588,7.99294408053275,8.55106381610685,0.045055710914907766,0.05401216065274184,0.013587800064203563,-0.005293092583101153,42.67636395856633
