subject,nll,bic,model,alpha,alpha_rec,beta,beta_rec,b_longer,b_longer_rec,b_last,b_last_rec,nll_rec
6,78.1201579634399,176.006885617317,eu_b-last_b-longer,0.7872064129193538,0.6669128663175677,1.9492680279306314,2.5985320889009977,-0.08371794943989234,-0.16511498756833834,0.09640503197521533,0.13439987906146741,73.56398217742593
