subject,nll,bic,model,alpha,alpha_rec,beta,beta_rec,b_longer,b_longer_rec,b_last,b_last_rec,nll_rec
10,49.08651184843342,117.93959338730406,eu_b-last_b-longer,2.636028443634347,2.722021557638996,0.12292770851808812,0.20780891699156104,0.5582472017845903,0.46562005826164693,0.5359251140476055,1.0,33.46074968430152
