subject,nll,bic,model,alpha,alpha_rec,beta,beta_rec,b_longer,b_longer_rec,b_last,b_last_rec,nll_rec
1,51.5380830553899,122.842735801217,eu_b-last_b-longer,0.38879536629874806,0.40882061927855334,7.630761986131829,6.45329102652448,-0.05091375598103531,-0.07207073982513862,0.02542138262970055,-0.04604858734918325,58.13208207715334
