subject,nll,bic,model,alpha,alpha_rec,beta,beta_rec,b_longer,b_longer_rec,b_last,b_last_rec,nll_rec
4,57.9138449777936,135.59425964602443,eu_b-last_b-longer,1.206591040470111,1.3622673194685666,1.992428574331925,1.574810771214609,0.16289603556357019,0.1972957735455465,-0.13928071697321134,-0.5195148839365403,53.192046487729215
