subject,nll,bic,model,alpha,alpha_rec,beta,beta_rec,b_longer,b_longer_rec,b_last,b_last_rec,nll_rec
17,40.276491989084015,100.31955366860524,eu_b-last_b-longer,1.1379164062778229,1.0145211013040834,4.660160403748943,5.856630790056166,0.03298452338806819,0.08305878325774493,-0.03215791451959766,-0.08211459136545789,38.57609051474306
