subject,nll,bic,model,alpha,alpha_rec,beta,beta_rec,b_longer,b_longer_rec,b_last,b_last_rec,nll_rec
16,86.0427244227114,191.6468453583098,eu_b-last_b-longer,0.8506912911774753,0.7803617500388632,0.656609005003957,1.3871224454938555,-0.06877189595482495,0.04981623637055041,0.5087135832089149,0.3722647952404408,77.04607868055962
