subject,nll,bic,model,alpha,alpha_rec,beta,beta_rec,b_longer,b_longer_rec,b_last,b_last_rec,nll_rec
7,95.65432029418346,211.07521027880415,eu_b-last_b-longer,0.05837634252069579,0.0,0.927870565788531,1.7644622729085142,-0.0366224155212439,0.040453779240790966,0.059462458913147526,-0.10038381774287475,92.73632550839852
