subject,nll,bic,model,alpha,alpha_rec,beta,beta_rec,b_longer,b_longer_rec,b_last,b_last_rec,nll_rec
15,51.36977806779049,122.47745186810374,eu_b-last_b-longer,0.5649509611883474,0.603890935591429,6.321462684014144,5.8828341536201165,-0.030963171843477324,-0.043168548268496934,0.0724872454978804,0.05521931060031253,52.675479502367054
