subject,nll,bic,model,alpha,alpha_rec,beta,beta_rec,nll_rec
17-alternatives,19.476193104519723,47.44937669313816,eu,1.2059009158662601,1.2701782199697316,4.2343029201374796,5.258346756422985,15.392575733147831
