subject,nll,bic,model,alpha,alpha_rec,beta,beta_rec,nll_rec
15-attributes,31.67406098727105,71.84511245864083,eu,0.5276173055145646,0.777783141343407,4.861695056221965,3.401203927694826,32.07805614193963
