subject,nll,bic,model,alpha,alpha_rec,beta,beta_rec,nll_rec
10-alternatives,21.820353630884835,52.13769774586839,eu,2.8995651489697765,3.1942713381168937,0.09254629770987481,0.0570127152952886,20.041576349314113
