subject,nll,bic,model,alpha,alpha_rec,beta,beta_rec,nll_rec
2-alternatives,20.34545184297563,49.159116695145784,eu,0.6329914722905386,0.72663564633836,8.30830085224781,4.185906919083348,30.171415880667187
