subject,nll,bic,model,alpha,alpha_rec,beta,beta_rec,nll_rec
18-alternatives,26.547278648866474,61.591547781831665,eu,0.5642550230844949,0.5306808916000464,6.447867590154601,6.7535146791259635,26.34427099491052
