subject,nll,bic,model,alpha,alpha_rec,beta,beta_rec,nll_rec
13-alternatives,25.80436885781265,60.10572819972402,eu,0.6155335853057864,0.6975305533745151,6.348728068779026,7.056379512552178,22.190445522437898
