subject,nll,bic,model,alpha,alpha_rec,beta,beta_rec,nll_rec
0-alternatives,30.499571903134083,69.49613429036688,eu,1.55259420251957,1.7892126891055085,0.8290677301909681,0.5358300427504077,29.04043137837499
