subject,nll,bic,model,alpha,alpha_rec,beta,beta_rec,nll_rec
6-alternatives,36.80069461713729,82.0983797183733,eu,0.854588211931117,0.6034273523168887,2.2687050589898154,4.179321668808027,33.442414191332894
