subject,nll,bic,model,alpha,alpha_rec,beta,beta_rec,nll_rec
19-alternatives,6.564190033804639,21.625370551707995,eu,0.35173609053576954,0.38324103930397524,32.00466215422422,39.27715000471423,3.3102507643090715
