subject,nll,bic,model,alpha,alpha_rec,beta,beta_rec,nll_rec
12-alternatives,22.732122912269315,53.93245883373315,eu,0.8635930418024861,0.8766392543049806,5.359990676419569,9.313280568840213,14.252040909748297
