subject,nll,bic,model,alpha,alpha_rec,beta,beta_rec,nll_rec
15-alternatives,19.240808908302643,46.94983082579981,eu,0.6133744154737748,0.679778767882034,9.088092852168351,13.492968902557715,12.210609570445083
