subject,nll,bic,model,alpha,alpha_rec,beta,beta_rec,nll_rec
4-alternatives,30.50403270045258,69.50505588500388,eu,1.1649609943788832,1.1675950243282243,2.0211257601522146,2.7535884409827376,26.20951027196239
