subject,nll,bic,model,alpha,alpha_rec,beta,beta_rec,nll_rec
3-alternatives,10.508964153179745,29.51491879045821,eu,0.3492095115801824,0.35173609922047594,21.07443994644738,32.00477728343182,6.564190033799811
