subject,nll,bic,model,alpha,alpha_rec,beta,beta_rec,nll_rec
16-attributes,45.69988872271776,99.80916268421745,eu,0.5965820887192563,0.839815729316884,0.6013327471871237,0.8438349172797496,43.48042711077146
