subject,nll,bic,model,alpha,alpha_rec,beta,beta_rec,nll_rec
18-attributes,33.6896841502377,75.87635878457412,eu,0.5441778600005861,0.5014087570099275,4.2288599069602295,5.7867198744385115,29.07367256734937
