subject,nll,bic,model,alpha,alpha_rec,beta,beta_rec,nll_rec
12-attributes,22.848617705601463,54.19422589530164,eu,0.8660541775629391,0.9281247631333364,5.418733521689606,4.809049055643304,23.605449185719536
