subject,nll,bic,model,alpha,alpha_rec,beta,beta_rec,nll_rec
1-alternatives,20.365314699208188,49.22761988251509,eu,0.4012743860192052,0.367275702884351,10.470734087065079,10.992399074239463,19.925099449885977
