subject,nll,bic,model,alpha,alpha_rec,beta,beta_rec,nll_rec
14-alternatives,19.874208889496142,48.216630788186805,eu,1.063955240130642,1.1870952599677387,5.430845390688116,4.27857558799702,19.864792366696754
