subject,nll,bic,model,alpha,alpha_rec,beta,beta_rec,nll_rec
2-attributes,12.589184187800033,33.64658138479459,eu,0.6558576669601917,0.6450207239386304,13.905582984844333,10.466799359715527,16.564281628793143
