subject,nll,bic,model,alpha,alpha_rec,beta,beta_rec,nll_rec
4-attributes,28.937111888157755,66.37121426041423,eu,1.256105669402373,1.2989123789163097,1.7685144249152784,1.9314352317652812,26.30274617883565
