subject,nll,bic,model,alpha,alpha_rec,beta,beta_rec,nll_rec
13-attributes,27.333604162495877,63.16419880909047,eu,0.6007752069910397,0.6996171250478976,5.7100594174801955,8.423857052015276,18.78418716226603
