subject,nll,bic,model,alpha,alpha_rec,beta,beta_rec,nll_rec
5-attributes,21.28188485606892,51.06076019623656,eu,0.5589530090194776,0.5547567433992412,8.389476027699809,6.959450443884954,24.644087432624914
