subject,nll,bic,model,alpha,alpha_rec,beta,beta_rec,nll_rec
6-attributes,41.35510476026357,91.20720000462586,eu,0.724728296273946,0.6306179756292543,1.8061658498176427,1.9675931406438034,42.02761941849944
