subject,nll,bic,model,alpha,alpha_rec,beta,beta_rec,nll_rec
16-alternatives,40.426685569225796,89.23268062250445,eu,0.9584971172408983,1.0547766795255078,1.059303654254969,0.7324982206577607,41.651097804882895
