subject,nll,bic,model,alpha,alpha_rec,gamma,gamma_rec,beta,beta_rec,nll_rec
28,46.72483598899982,108.27459924582756,pt,0.41511107043432316,0.39470028583519373,0.5517590239565875,0.542199483774904,20.68352585066758,18.599103089002977,52.92885628547833
