subject,nll,bic,model,alpha,alpha_rec,gamma,gamma_rec,beta,beta_rec,nll_rec
113,61.447709528366026,137.69884085612412,pt,2.170227245810814,1.5914466859071579,0.7087439285346557,0.7445858262646063,0.17338489078441127,0.6344014397420192,62.77860388009974
