subject,nll,bic,model,alpha,alpha_rec,gamma,gamma_rec,beta,beta_rec,nll_rec
147,64.58020789407931,143.98534305598653,pt,0.38618616421569923,0.4136071388145851,0.6792129604685844,0.6447963062075398,9.525569181127329,9.867045256404886,64.65256547283767
