subject,nll,bic,model,alpha,alpha_rec,gamma,gamma_rec,beta,beta_rec,nll_rec
87,50.80275749650083,116.43044226082958,pt,0.3214678724808721,0.29301312665681384,0.6872322396573614,0.5935583491381031,14.99621172600046,19.01737515779293,53.459824409974544
