subject,nll,bic,model,alpha,alpha_rec,gamma,gamma_rec,beta,beta_rec,nll_rec
3,46.15997821576743,107.14488369936278,pt,0.27768606158130127,0.29316675072766574,0.5412845802532252,0.5145452102093595,30.368917300109718,31.77041225446348,46.71511347149316
