subject,nll,bic,model,alpha,alpha_rec,gamma,gamma_rec,beta,beta_rec,nll_rec
133,34.356482943734306,83.49472694294023,pt,0.2562091242731918,0.2829912035984656,0.5352386375439181,0.5796566483134933,52.40778149082668,36.67222839473849,36.56516350043516
