subject,nll,bic,model,alpha,alpha_rec,gamma,gamma_rec,beta,beta_rec,nll_rec
18,45.09425093353295,105.01342913489381,pt,0.9304009098737753,0.8715098016223901,1.0,0.9731556325129648,5.198035334964916,7.863385030311794,35.21875715919312
