subject,nll,bic,model,alpha,alpha_rec,gamma,gamma_rec,beta,beta_rec,nll_rec
54,50.232104526850264,115.28913632152845,pt,1.007036697327973,0.9643344525300627,1.0,0.9061391436145095,3.9622015375279407,5.730135566133787,43.65270724373639
