subject,nll,bic,model,alpha,alpha_rec,gamma,gamma_rec,beta,beta_rec,nll_rec
99,64.02268154189906,142.87029035162604,pt,0.5450037666241624,0.5220996682780646,0.7900327425631709,0.8358692345455463,6.231106473413348,9.4608841341068,48.19846176982648
