subject,nll,bic,model,alpha,alpha_rec,gamma,gamma_rec,beta,beta_rec,nll_rec
102,49.35296259690342,113.53085246163475,pt,0.8040487959964643,0.7592985053728739,1.0,0.9413472398485763,5.288575577827414,5.107465693532069,54.302079080436194
