subject,nll,bic,model,alpha,alpha_rec,gamma,gamma_rec,beta,beta_rec,nll_rec
5,35.17311939854773,85.17116606492338,pt,0.9664584949439161,1.1309457748497886,0.3878923366477101,0.45975926509112336,11.306718913901632,8.1169935189544,29.67733659038023
