subject,nll,bic,model,alpha,alpha_rec,gamma,gamma_rec,beta,beta_rec,nll_rec
50,37.79252442475219,90.40997611733229,pt,2.1680556985787858,1.3145046334891777,0.9615540141975215,0.5701914983782169,0.47123955218079777,3.0471855581647107,37.49823429662969
