subject,nll,bic,model,alpha,alpha_rec,gamma,gamma_rec,beta,beta_rec,nll_rec
176,62.666669325486225,140.15826591880037,pt,0.2259330788444561,0.2475626157715807,0.3723465279671346,0.3900475326597111,42.112212526805585,46.13578868524329,55.78360714855283
