subject,nll,bic,model,alpha,alpha_rec,gamma,gamma_rec,beta,beta_rec,nll_rec
1,65.62457357402045,146.0740744158688,pt,0.45106237451249154,0.36289495280075335,0.5600297009663215,0.5163468090515391,10.71226854793434,17.78886416459708,59.631749861182726
