subject,nll,bic,model,alpha,alpha_rec,gamma,gamma_rec,beta,beta_rec,nll_rec
100,64.62240253945451,144.06973234673694,pt,0.6754459821603532,0.7380667674102264,1.0,1.0,3.972480658133635,3.1536058941841514,68.9519061936708
