subject,nll,bic,model,alpha,alpha_rec,gamma,gamma_rec,beta,beta_rec,nll_rec
7,66.91691365928804,148.658754586404,pt,0.8824456054200255,0.9383658032229238,1.0,0.9076580814178676,2.6910712614458596,2.6662820953403092,65.69825203846325
