subject,nll,bic,model,alpha,alpha_rec,gamma,gamma_rec,beta,beta_rec,nll_rec
174,49.226542923285145,113.2780131143982,pt,0.967526265000516,1.1326631233415927,0.8850688346390974,1.0,4.683374202967972,4.061263308803059,44.0201434063604
