subject,nll,bic,model,alpha,alpha_rec,gamma,gamma_rec,beta,beta_rec,nll_rec
27,52.974516725662,120.77396071915192,pt,0.8619207277440218,0.9850986961953355,0.8309889482387942,0.9584532552337021,5.065528639618073,3.8385360768349748,52.726093992918486
