subject,nll,bic,model,alpha,alpha_rec,gamma,gamma_rec,beta,beta_rec,nll_rec
122,54.1014179649287,123.02776319768532,pt,0.5662928747304552,0.3902507098413499,0.674100994029998,0.48893161923922324,9.658540719085993,23.826178481814935,50.043572117974975
