subject,nll,bic,model,alpha,alpha_rec,gamma,gamma_rec,beta,beta_rec,nll_rec
124,38.89966309574528,92.62425345931848,pt,1.054113373671008,0.9471388320070161,0.8485647431428518,0.7917128600526767,5.957394630374501,11.313993976424854,32.001879373220305
