subject,nll,bic,model,alpha,alpha_rec,gamma,gamma_rec,beta,beta_rec,nll_rec
156,43.17827935931937,101.18148598646665,pt,0.4930559621141209,0.6009492664576879,0.6832452145950073,0.7620327759736226,14.642533588140864,9.582482925381937,47.614548254442795
