subject,nll,bic,model,alpha,alpha_rec,gamma,gamma_rec,beta,beta_rec,nll_rec
51,73.62435943141003,162.00866164030444,pt,1.6624215653567675,2.123854038868865,0.9374073486168498,1.0,0.3858165026010049,0.13769256567900917,74.33501069729601
