subject,nll,bic,model,alpha,alpha_rec,gamma,gamma_rec,beta,beta_rec,nll_rec
163,86.57756001369526,187.9585418267826,pt,0.4386421706443627,0.3522650120897156,0.4466982052670319,0.5082612255759172,6.175931399780471,7.475298598428329,83.5224271000103
