subject,nll,bic,model,alpha,alpha_rec,gamma,gamma_rec,beta,beta_rec,nll_rec
44,28.04402499546475,70.91297725875741,pt,0.34370757155687554,0.33526967891440845,0.9802950281869154,1.0,16.173721125263807,18.64504771002951,23.573691009823257
