subject,nll,bic,model,alpha,alpha_rec,gamma,gamma_rec,beta,beta_rec,nll_rec
66,54.91797226140003,124.66087179062798,pt,0.532830505534752,0.4729920461125712,0.7532949780553554,0.73433196956643,8.76894749482168,10.710003266249897,52.21740716289199
