subject,nll,bic,model,alpha,alpha_rec,gamma,gamma_rec,beta,beta_rec,nll_rec
38,58.077293596451,130.97951446072992,pt,0.5949436524353303,0.4650136232442433,0.7286130154787086,0.4689695566557013,7.503042287232257,23.045803192758946,46.50839386955671
