subject,nll,bic,model,alpha,alpha_rec,gamma,gamma_rec,beta,beta_rec,nll_rec
116,35.36888073015514,85.5626887281382,pt,0.3368467700828493,0.4359007414452699,0.5654088541800677,0.7537538297799685,34.00895794133118,25.15519272977804,26.85135212875043
