subject,nll,bic,model,alpha,alpha_rec,gamma,gamma_rec,beta,beta_rec,nll_rec
92,85.68768316759288,186.20029360301368,pt,0.42417881316841705,0.6391633364607243,0.5610891962969766,0.7503912476511276,5.099210861349571,1.810648352431275,89.45986053228863
