subject,nll,bic,model,alpha,alpha_rec,gamma,gamma_rec,beta,beta_rec,nll_rec
75,48.596781062233916,112.01848939229575,pt,0.28507398626257585,0.3021883682012542,1.0,0.8652847718463426,8.673858436795198,12.06786434252649,43.61577895458936
