subject,nll,bic,model,alpha,alpha_rec,gamma,gamma_rec,beta,beta_rec,nll_rec
185,60.40681686591065,135.6385609996492,pt,0.8208294898409244,0.9181258968946571,0.8711865501376745,0.9505897571199379,4.074536162410645,3.4549510002553245,58.91029883572731
