subject,nll,bic,model,alpha,alpha_rec,gamma,gamma_rec,beta,beta_rec,nll_rec
138,-0.00013899993048861127,14.803143799531098,pt,3.0324874383027725,3.0324874383027725,0.34416343687221884,0.34416343687221884,71.44878635900054,71.44878635900054,-0.00013899993048861127
