subject,nll,bic,model,alpha,alpha_rec,gamma,gamma_rec,beta,beta_rec,nll_rec
194,67.41079183247093,149.62500546433395,pt,0.8993951066906345,0.6089891335655719,1.0,0.7393237583411915,2.505672763965133,5.938797758087309,63.64929544525817
