subject,nll,bic,model,alpha,alpha_rec,gamma,gamma_rec,beta,beta_rec,nll_rec
20,39.27738724531119,93.3797017584503,pt,0.3498997001866559,0.2794901453245645,0.7121430744389708,0.5672275277412789,19.580484763076214,36.86477053273655,38.44574705741316
