subject,nll,bic,model,alpha,alpha_rec,gamma,gamma_rec,beta,beta_rec,nll_rec
162,59.00901083919952,132.84294894622695,pt,1.131435334794754,0.8533940953962286,1.0,0.734991435251235,2.2875357926152207,3.6891028945011377,63.87358861852826
