subject,nll,bic,model,alpha,alpha_rec,gamma,gamma_rec,beta,beta_rec,nll_rec
145,42.22299971493939,99.2709266977067,pt,0.752188796843866,0.8386587463805256,1.0,1.0,6.93490860183016,7.452714254029123,36.765353197949516
