subject,nll,bic,model,alpha,alpha_rec,gamma,gamma_rec,beta,beta_rec,nll_rec
69,60.36925015449211,135.56342757681213,pt,0.6764126086095777,0.4654543893712683,1.0,0.7085626489325881,4.513269179612674,10.679553713019732,54.450275999729385
