subject,nll,bic,model,alpha,alpha_rec,gamma,gamma_rec,beta,beta_rec,nll_rec
112,20.9709406957542,56.76680865933631,pt,0.25817209446094386,0.274591083111453,0.4803771339937286,0.503915652633731,143.44085296992725,93.65878107812468,23.79933493261897
