subject,nll,bic,model,alpha,alpha_rec,gamma,gamma_rec,beta,beta_rec,nll_rec
120,42.76237792064701,100.34968310912194,pt,0.3136900354007231,0.33573199549563126,0.6238246342182339,0.7079243586539032,23.857281967939425,18.187640717418688,42.319318374001504
