subject,nll,bic,model,alpha,alpha_rec,gamma,gamma_rec,beta,beta_rec,nll_rec
46,55.12361567773432,125.07215862329656,pt,0.3418680943782163,0.24890182652651535,0.5047400845731176,0.40711978979291674,22.23533096785105,71.0931683727959,40.58940742187679
