subject,nll,bic,model,alpha,alpha_rec,gamma,gamma_rec,beta,beta_rec,nll_rec
129,63.19449120224393,141.21390967231576,pt,0.8223188721365459,0.5128631408175994,0.8222517928429565,0.5159342610354128,3.8248547184341954,11.233479647927513,62.13786162416582
