subject,nll,bic,model,alpha,alpha_rec,gamma,gamma_rec,beta,beta_rec,nll_rec
180,59.599338336536235,134.0236039409004,pt,0.24669394145507242,0.31086881633089064,0.4680020397056753,0.6169884331111815,27.317852994362745,12.852237918734138,62.99822439941828
