subject,nll,bic,model,alpha,alpha_rec,gamma,gamma_rec,beta,beta_rec,nll_rec
105,44.90580910448446,104.63654547679684,pt,0.649998916910993,0.7672225159438416,0.7479840157786352,0.877575115798375,9.88269655229876,7.9339618651224315,41.472537215231554
