subject,nll,bic,model,alpha,alpha_rec,gamma,gamma_rec,beta,beta_rec,nll_rec
139,58.98592829089748,132.66537598164768,pt,0.5182844859364569,0.5270432188130078,0.59062704809722,0.5932622838989854,9.5682243361756,9.783035863353462,57.55418760943145
