subject,nll,bic,model,alpha,alpha_rec,gamma,gamma_rec,beta,beta_rec,nll_rec
49,20.722744773780676,56.24891134695343,pt,0.2660102619968191,0.26101880828050195,0.7099225236602196,0.6225222104289743,39.97337608219232,81.47199581761724,18.720910467465337
