subject,nll,bic,model,alpha,alpha_rec,gamma,gamma_rec,beta,beta_rec,nll_rec
151,42.65595991647476,100.13684710077743,pt,0.5333081394405962,0.4939004776258587,0.9814756038744736,0.8177119747593711,8.897004285309393,12.857797273017074,39.878502426386234
