subject,nll,bic,model,alpha,alpha_rec,gamma,gamma_rec,beta,beta_rec,nll_rec
136,42.35586967044041,99.53666660870874,pt,0.47796623100226265,0.3229777571026177,1.0,0.7221064501910837,9.180411383647213,29.91632114220973,27.690324187551745
