subject,nll,bic,model,alpha,alpha_rec,gamma,gamma_rec,beta,beta_rec,nll_rec
153,57.26054115737456,129.34600958257704,pt,0.9277144543454323,1.000991162039619,0.7539934760736897,0.7904086575676669,3.925641814042529,2.837660655064938,61.200612517518266
