subject,nll,bic,model,alpha,alpha_rec,gamma,gamma_rec,beta,beta_rec,nll_rec
39,59.34115667074703,133.50724060932197,pt,0.916727586399919,0.9383521979934034,0.8040307074677497,0.8392590051191096,3.6740963364182653,2.9121843018886286,64.03916699014987
