subject,nll,bic,model,alpha,alpha_rec,gamma,gamma_rec,beta,beta_rec,nll_rec
178,62.29528112350882,139.41548951484555,pt,0.5438237569940112,0.363973559696743,1.0,0.5737201607648922,5.028356075306006,18.28073732826596,52.98725005327696
