subject,nll,bic,model,alpha,alpha_rec,gamma,gamma_rec,beta,beta_rec,nll_rec
90,30.71335500519387,76.25163727821565,pt,0.28436180164773167,0.29171142790387283,0.6085137049234275,0.5968397023323557,43.79494522756063,51.29607070645469,28.381779692797682
