subject,nll,bic,model,alpha,alpha_rec,gamma,gamma_rec,beta,beta_rec,nll_rec
143,63.51558375221545,141.8560947722588,pt,1.0703205749219658,1.0006219735052577,1.0,1.0,2.181710019811613,5.527817997671473,41.20627394422139
