subject,nll,bic,model,alpha,alpha_rec,gamma,gamma_rec,beta,beta_rec,nll_rec
95,57.31327846391217,129.45148419565226,pt,0.38271658079442805,0.562563727109407,0.3981056319623083,0.6311903423773685,25.715504179863494,9.518258472355921,57.19790581921124
