subject,nll,bic,model,alpha,alpha_rec,gamma,gamma_rec,beta,beta_rec,nll_rec
160,61.43439287579325,137.67220755097858,pt,0.542568929152042,0.7760461531529295,0.7270094779364308,1.0,7.4088834947007545,3.5244435564150978,63.80635529963649
