subject,nll,bic,model,alpha,alpha_rec,gamma,gamma_rec,beta,beta_rec,nll_rec
40,42.2813710202119,99.36616383981587,pt,0.6526175781688659,0.9198557048703073,0.7055528615825086,1.0,11.383225723883339,6.49011314221087,38.55015943739933
