subject,nll,bic,model,alpha,alpha_rec,gamma,gamma_rec,beta,beta_rec,nll_rec
81,54.14532186619496,123.094065531782,pt,0.9471750912247111,0.9535861297568404,1.0,1.0,3.6867481854588697,2.9160462324510212,60.646215947764006
