subject,nll,bic,model,alpha,alpha_rec,gamma,gamma_rec,beta,beta_rec,nll_rec
93,79.02195588304312,172.86883903391416,pt,0.9252474858922146,0.8654033430282505,1.0,1.0,1.544237696134459,2.449450886626627,70.29465452395351
