subject,nll,bic,model,alpha,alpha_rec,gamma,gamma_rec,beta,beta_rec,nll_rec
6,27.362988339226604,69.55090394628112,pt,0.35611557539724314,0.36970638187703186,0.7025073756127377,0.807047926541957,31.593113373436193,38.878471939497544,14.37363215500337
