subject,nll,bic,model,alpha,alpha_rec,gamma,gamma_rec,beta,beta_rec,nll_rec
89,84.69896529199893,184.22285785182578,pt,0.8975278974708024,1.4756709973631918,0.5860250024916309,1.0,1.5586773791604875,0.3745460211953162,84.34912067342728
