subject,nll,bic,model,alpha,alpha_rec,gamma,gamma_rec,beta,beta_rec,nll_rec
199,67.22926965620998,149.28346658024788,pt,0.6359651791471826,0.5240543284185099,0.38802193865621415,0.34397352441411766,9.250212453078156,17.013744668987435,63.642364510866685
