subject,nll,bic,model,alpha,alpha_rec,gamma,gamma_rec,beta,beta_rec,nll_rec
84,68.15771633441466,151.14035993665723,pt,0.7938717003196232,0.7470590408405139,0.9003748690309415,0.7803592689792105,3.1940872301933707,3.5436792774558614,70.32566268664519
