subject,nll,bic,model,alpha,alpha_rec,gamma,gamma_rec,beta,beta_rec,nll_rec
157,-0.00012937946779013366,14.824668508892332,pt,0.06092821673323281,0.06092821673323281,1.0,1.0,199.9988358506659,199.9988358506659,-0.00012937946779013366
