subject,nll,bic,model,alpha,alpha_rec,gamma,gamma_rec,beta,beta_rec,nll_rec
98,61.665436113335744,138.1557994944994,pt,0.8467658760886039,0.6106540061271472,1.0,0.7786628090704834,3.4099192066220185,6.454039256101614,59.91431457781536
