subject,nll,bic,model,alpha,alpha_rec,gamma,gamma_rec,beta,beta_rec,nll_rec
172,40.60882416733604,96.0425756025,pt,1.0528906750531986,1.0449022283544853,0.43042257856309096,0.377190039596592,6.386005903879181,6.91789607613339,42.180614663377234
