subject,nll,bic,model,alpha,alpha_rec,gamma,gamma_rec,beta,beta_rec,nll_rec
45,30.086121420075287,74.99717010797849,pt,1.127383109854159,0.9486574043904188,0.357643263950318,0.35300468777677885,8.758267577638403,17.567840462714702,28.60264200090179
