subject,nll,bic,model,alpha,alpha_rec,gamma,gamma_rec,beta,beta_rec,nll_rec
154,22.72216799372917,60.26926325528625,pt,0.1815241725101858,0.07312595841808768,0.6673587678580408,0.35819919404714967,30.35829337028518,181.81753133837313,16.888289901907257
