subject,nll,bic,model,alpha,alpha_rec,gamma,gamma_rec,beta,beta_rec,nll_rec
86,14.309297103473119,43.44352147477415,pt,0.06764260656587924,0.13032938096424854,0.8675245976164244,0.783272389383682,24.70888378473587,31.964941942744964,11.578051266316164
