subject,nll,bic,model,alpha,alpha_rec,gamma,gamma_rec,beta,beta_rec,nll_rec
188,44.268474797948535,103.36187686372499,pt,1.3778806707889506,1.4379799645775766,1.0,1.0,2.1451633813414244,2.1197595468904358,40.121421163003504
