subject,nll,bic,model,alpha,alpha_rec,gamma,gamma_rec,beta,beta_rec,nll_rec
55,52.01565863986686,118.83473907912578,pt,0.7546942093171609,0.97807548654694,0.6610339310494215,0.844164841409777,7.346634829129451,3.69646781607898,55.064802629996755
