subject,nll,bic,model,alpha,alpha_rec,gamma,gamma_rec,beta,beta_rec,nll_rec
140,40.2174628487808,95.25985296538951,pt,0.31128546842250293,0.2628606784927146,1.0,1.0,10.765684747382183,8.169437219518679,51.0882026442975
