subject,nll,bic,model,alpha,alpha_rec,gamma,gamma_rec,beta,beta_rec,nll_rec
76,54.815234890192045,124.43389157977616,pt,0.5212625293340333,0.3291121036435675,1.0,0.645258249584879,6.215002144031995,17.121011213525264,49.664993908496044
