subject,nll,bic,model,alpha,alpha_rec,gamma,gamma_rec,beta,beta_rec,nll_rec
149,10.273156210197383,35.28427707760292,pt,0.11419335419437802,0.129525147363648,0.632750723960393,0.6657357035701504,46.50582115821092,51.32156270217885,7.2521957987137196
