subject,nll,bic,model,alpha,alpha_rec,gamma,gamma_rec,beta,beta_rec,nll_rec
134,53.73594839287336,122.29682405357464,pt,0.8517264364189724,0.6659787521085886,1.0,0.9125059869407907,4.357410616286941,5.9824035220092675,54.254280228529765
