subject,nll,bic,model,alpha,alpha_rec,gamma,gamma_rec,beta,beta_rec,nll_rec
56,22.260336170746115,59.34559960932014,pt,0.1584143788754804,0.09424663044143806,0.5197884506629026,0.44181881868633943,54.73319774130597,73.35957530769709,21.322124299986832
