subject,nll,bic,model,alpha,alpha_rec,gamma,gamma_rec,beta,beta_rec,nll_rec
127,56.665399193419944,128.13422018623197,pt,0.5333248139316664,0.6048448042758687,0.6386549476069893,0.7683035643082594,9.934110735473158,9.006999586332965,48.854789582876094
