subject,nll,bic,model,alpha,alpha_rec,gamma,gamma_rec,beta,beta_rec,nll_rec
117,36.59254687878417,88.01002102539626,pt,0.4698820652665001,0.42584265388948334,1.0,1.0,10.852697560721891,9.542964915017745,42.70735612655744
