subject,nll,bic,model,alpha,alpha_rec,gamma,gamma_rec,beta,beta_rec,nll_rec
123,45.20034483420844,105.22561693624479,pt,1.201140579758921,0.9625863856607436,1.0,0.8221286828487574,3.312777591753608,9.48473741657828,34.12221571420027
