subject,nll,bic,model,alpha,alpha_rec,gamma,gamma_rec,beta,beta_rec,nll_rec
115,23.094315028046132,61.013557323920175,pt,0.8014734049353263,0.8515399862201025,0.8859716736909434,0.9307810010361846,15.293900209447619,18.54110197390115,18.14002641254347
