subject,nll,bic,model,alpha,alpha_rec,gamma,gamma_rec,beta,beta_rec,nll_rec
61,57.74307883683833,130.31108494150456,pt,0.7048135926919459,0.7483603518323643,1.0,0.9517804823570358,4.701427389013417,5.361605455485587,52.83406823757965
