subject,nll,bic,model,alpha,alpha_rec,gamma,gamma_rec,beta,beta_rec,nll_rec
31,82.98815774575012,180.80124275932815,pt,0.567277315731706,1.5371020352803575,0.34121648548623806,0.6110261355983166,7.561498247763988,0.2885645392348491,85.89116494658951
