subject,nll,bic,model,alpha,alpha_rec,gamma,gamma_rec,beta,beta_rec,nll_rec
64,59.7653154528176,134.35555817346312,pt,0.5286905905706317,0.4850848450917716,1.0,1.0,5.49018689330197,9.361231491660194,41.40932003781822
