subject,nll,bic,model,alpha,alpha_rec,gamma,gamma_rec,beta,beta_rec,nll_rec
196,59.121971326043436,133.0688699199148,pt,1.00249925103484,0.8801744159588084,1.0,0.9504311980392782,2.9050718003761826,3.555977825311127,59.86157453498571
