subject,nll,bic,model,alpha,alpha_rec,gamma,gamma_rec,beta,beta_rec,nll_rec
101,38.211808637659324,91.24854454314656,pt,0.0,0.013936851982752492,0.4913393240745548,0.37834642818770925,31.22377534627696,52.375966501739384,44.009884437407266
