subject,nll,bic,model,alpha,alpha_rec,gamma,gamma_rec,beta,beta_rec,nll_rec
164,41.63726766042284,98.0994625886736,pt,0.6945896724785967,0.5402517430543743,1.0,0.9718490310322562,7.576751121301933,8.910105628245038,42.84534680119515
