subject,nll,bic,model,alpha,alpha_rec,gamma,gamma_rec,beta,beta_rec,nll_rec
34,78.8395056508664,172.3274170694919,pt,0.4569779366104624,0.49494233216899297,0.42955494057135907,0.39147483457161364,7.548512807456057,9.954084937332569,72.81744661438552
