subject,nll,bic,model,alpha,alpha_rec,gamma,gamma_rec,beta,beta_rec,nll_rec
146,36.45783902654879,87.7406053209255,pt,0.5035262555860313,0.4865677256214851,1.0,1.0,10.638303219298708,17.389127266215837,22.47777150386035
