subject,nll,bic,model,alpha,alpha_rec,gamma,gamma_rec,beta,beta_rec,nll_rec
103,50.37293553589009,115.5707983396081,pt,0.49204954950225344,0.34630362922344177,1.0,0.7738648937285676,7.326459974445308,14.027544293899387,44.99337084114423
