subject,nll,bic,model,alpha,alpha_rec,gamma,gamma_rec,beta,beta_rec,nll_rec
155,51.478932788790445,117.7827928454088,pt,0.1777996333699793,0.22199001227534082,0.4264560694419826,0.4893564462528712,42.64522483268847,31.771274396750865,51.59608237600335
