subject,nll,bic,model,alpha,alpha_rec,gamma,gamma_rec,beta,beta_rec,nll_rec
171,68.4353014333139,151.67402466601987,pt,0.5954777356657358,0.6283332084289112,0.4934474744337018,0.3942232062940728,7.504536907782873,10.134738718562188,63.78806559633415
