subject,nll,bic,model,alpha,alpha_rec,gamma,gamma_rec,beta,beta_rec,nll_rec
14,46.832323447268486,108.48957416236489,pt,0.7493306084873084,0.8613403262065911,1.0,1.0,6.092686756248399,6.076972612856612,42.493903343279825
