subject,nll,bic,model,alpha,alpha_rec,gamma,gamma_rec,beta,beta_rec,nll_rec
33,66.99582662466935,148.8165805171666,pt,0.6069225382409725,0.3762155655140015,0.5861767795305379,0.3162715981641967,6.729691948133452,30.977218805163695,63.84883138683759
