subject,nll,bic,model,alpha,alpha_rec,gamma,gamma_rec,beta,beta_rec,nll_rec
48,54.65161054804845,124.12814836392482,pt,1.2454377114971806,1.1481545127966122,1.0,0.9271824183512171,2.080694785081339,2.6253715035899114,54.058146856291906
