subject,nll,bic,model,alpha,alpha_rec,gamma,gamma_rec,beta,beta_rec,nll_rec
35,52.34617241738434,119.45228761225306,pt,0.19572734997290672,0.21552310752730727,0.398499803361579,0.38029489047523024,49.230834671533444,52.42636317036243,53.92638236889929
