subject,nll,bic,model,alpha,alpha_rec,gamma,gamma_rec,beta,beta_rec,nll_rec
96,52.23155721899933,119.26653623739072,pt,0.7258064037374456,0.646205806244584,0.9468605519000898,1.0,5.588938345098786,4.277109693790477,63.05950885739151
