subject,nll,bic,model,alpha,alpha_rec,gamma,gamma_rec,beta,beta_rec,nll_rec
65,32.310822908732845,79.44657308529361,pt,0.5702180904494167,0.47190276677668286,0.9247838369817463,0.788201764634529,12.931068660731784,18.04454192659207,32.040404394984854
