subject,nll,bic,model,alpha,alpha_rec,gamma,gamma_rec,beta,beta_rec,nll_rec
78,40.94438924851006,96.71370576484804,pt,1.0153490005508825,0.9626094500835997,1.0,1.0,5.495471808864601,6.7700578895194505,36.57852239221877
