subject,nll,bic,model,alpha,alpha_rec,gamma,gamma_rec,beta,beta_rec,nll_rec
94,57.25800772815702,129.34094272414194,pt,0.7656667649329192,0.44733448757572936,0.7843474449378511,0.4635227413392187,5.369414717821145,14.601083845454953,63.23017366066915
