subject,nll,bic,model,alpha,alpha_rec,gamma,gamma_rec,beta,beta_rec,nll_rec
36,137.89101153519266,292.66488641145725,pt,0.3233778815328101,0.2774517370149724,0.6436251712522343,0.5622050164455926,9.510630387012272,12.642760726540356,138.1762442329986
