subject,nll,bic,model,alpha,alpha_rec,gamma,gamma_rec,beta,beta_rec,nll_rec
161,24.978424726933973,64.78177672169586,pt,0.30157536107729077,0.31476757077368067,0.6193353071452269,0.6177799492317475,53.6921766064057,72.43027249110575,18.76023455132703
