subject,nll,bic,model,alpha,alpha_rec,gamma,gamma_rec,beta,beta_rec,nll_rec
192,-0.00012937966904464553,14.824668508489822,pt,0.06092096539771505,0.06092096539771505,1.0,1.0,199.99912873717201,199.99912873717201,-0.00012937966904464553
