subject,nll,bic,model,alpha,alpha_rec,gamma,gamma_rec,beta,beta_rec,nll_rec
85,33.622144395298264,82.0477105899886,pt,0.10604883571391609,0.031048191768979605,1.0,0.7570916268124347,12.375388625217655,20.025176267579454,26.523183792963273
