subject,nll,bic,model,alpha,alpha_rec,gamma,gamma_rec,beta,beta_rec,nll_rec
168,28.61404246499649,72.05301219782089,pt,0.27899464819368164,0.18983118647885733,0.9982274916078557,0.9464121235133135,14.788197041266105,12.257182956478355,36.320975230988964
