subject,nll,bic,model,alpha,alpha_rec,gamma,gamma_rec,beta,beta_rec,nll_rec
68,46.69065811348244,108.2062434947928,pt,1.8656128371483995,2.0329834657042882,0.5050408054354606,0.656440238842727,0.5888856257836665,0.3548589007101101,49.50383415677359
