subject,nll,bic,model,alpha,alpha_rec,gamma,gamma_rec,beta,beta_rec,nll_rec
41,92.85831267313642,200.43244968158814,pt,0.41633604542172264,0.2091370724005169,0.6659118971993774,1.0,0.9011880811202697,0.5842433671363353,92.99252744259567
