subject,nll,bic,model,alpha,alpha_rec,gamma,gamma_rec,beta,beta_rec,nll_rec
19,39.1468751028638,93.09717200511967,pt,0.9631129708434396,0.7932255002230448,0.9173683745928661,0.797593271184397,6.733505854792432,9.598785254851286,38.15411899985135
