subject,nll,bic,model,alpha,alpha_rec,gamma,gamma_rec,beta,beta_rec,nll_rec
72,53.82109074047917,122.42394253642996,pt,0.323310865848174,0.3727614625993142,0.8784127815801464,0.9685768633320944,8.810926228702431,8.579114188635252,49.15382721375107
