subject,nll,bic,model,alpha,alpha_rec,gamma,gamma_rec,beta,beta_rec,nll_rec
4,77.87134844817197,170.56762416417186,pt,0.41445447304795313,0.41660150774502647,0.28218857729806696,0.28,22.028198971021403,29.234577705364288,69.47727422446223
