subject,nll,bic,model,alpha,alpha_rec,gamma,gamma_rec,beta,beta_rec,nll_rec
191,38.17949872108137,91.18392470999066,pt,0.9164749863344758,0.9672684736493463,0.7882875226529864,0.8283222610334108,8.5604530152546,7.0363099500879995,39.93992907599308
