subject,nll,bic,model,alpha,alpha_rec,gamma,gamma_rec,beta,beta_rec,nll_rec
53,38.77846576250723,92.38185879284238,pt,0.4012208706533636,0.628988118280364,0.6919734080243499,1.0,19.36434523303624,8.838753725989188,39.1536400939069
