subject,nll,bic,model,alpha,alpha_rec,gamma,gamma_rec,beta,beta_rec,nll_rec
10,63.468213141107725,141.76135355004337,pt,0.41846980144875057,0.4121400537009715,0.6764210759797461,0.7143646106233751,9.462146457251155,9.635442357607708,60.43634800747391
