subject,nll,bic,model,alpha,alpha_rec,gamma,gamma_rec,beta,beta_rec,nll_rec
73,35.51966606693941,85.82109318935044,pt,0.2916778334649873,0.320825933244101,0.5324694739520308,0.584312056975062,44.826643252203574,32.06665766178522,37.43164047621019
