subject,nll,bic,model,alpha,alpha_rec,gamma,gamma_rec,beta,beta_rec,nll_rec
8,37.68134991284299,90.1876270935139,pt,0.2649793344148307,0.24425957601588444,0.5186247284600467,0.48357052964956926,48.575420624954155,44.98375496519816,43.94549174145702
