subject,nll,bic,model,alpha,alpha_rec,gamma,gamma_rec,beta,beta_rec,nll_rec
29,69.76450901904157,154.35394530591105,pt,0.47624427387497,0.5833860739073501,0.8714376505878901,1.0,5.094672335432937,2.9839593315707873,76.87610305515766
