subject,nll,bic,model,alpha,alpha_rec,gamma,gamma_rec,beta,beta_rec,nll_rec
0,68.85212172960277,152.52917072703346,pt,0.28416873158015943,0.29020093050685414,0.3764035420454558,0.3276951051710905,27.883504920648775,35.7274542254457,67.89223751258032
