subject,nll,bic,model,alpha,alpha_rec,gamma,gamma_rec,beta,beta_rec,nll_rec
104,57.90207976856898,130.54212419434612,pt,0.3578506798064238,0.310504333309939,0.5680996456222666,0.5268459415537847,15.445236048206654,22.104882943220385,53.66166210633855
