subject,nll,bic,model,alpha,alpha_rec,gamma,gamma_rec,beta,beta_rec,nll_rec
175,46.90779413982101,108.61901007903408,pt,0.9351050990441802,0.6838145370179209,0.970925477129008,0.6921384058167329,4.917019190709383,10.084763478102596,44.93223750051292
