subject,nll,bic,model,alpha,alpha_rec,gamma,gamma_rec,beta,beta_rec,nll_rec
182,73.89041364641626,162.5842490922246,pt,1.0647621507543445,0.9025806851772143,1.0,1.0,1.4546812113542409,2.4615017994471313,68.24180959847638
