subject,nll,bic,model,alpha,alpha_rec,gamma,gamma_rec,beta,beta_rec,nll_rec
107,85.30699109363519,185.395743242742,pt,0.11795151787571373,0.0,1.0,0.5343129813381401,2.804410634199863,9.540296670748846,76.85836684395377
