subject,nll,bic,model,alpha,alpha_rec,gamma,gamma_rec,beta,beta_rec,nll_rec
198,48.71948631815867,112.26389990414526,pt,0.632632989107087,0.7654178895149758,1.0,1.0,6.640456292246017,7.263961436960625,40.10342485157187
