subject,nll,bic,model,alpha,alpha_rec,gamma,gamma_rec,beta,beta_rec,nll_rec
144,56.30167276096813,127.40676732132833,pt,0.6079398015626416,0.6929698915689102,0.5423600945446363,0.6612167466806647,10.03230889371788,11.810532164386945,41.677270966991614
