subject,nll,bic,model,alpha,alpha_rec,gamma,gamma_rec,beta,beta_rec,nll_rec
186,83.94418440539926,182.71329607862643,pt,0.35215864421765986,0.6040001976391226,0.28,0.3623890156798284,21.92322927943572,6.462602588458653,81.94987902337425
