subject,nll,bic,model,alpha,alpha_rec,gamma,gamma_rec,beta,beta_rec,nll_rec
111,54.621039752360204,124.06700677254832,pt,1.1782484458980902,1.5312237355573968,0.7709182562415413,0.9400818249973812,2.2583019788060983,1.0929778244950412,51.93030469422165
