subject,nll,bic,model,alpha,alpha_rec,gamma,gamma_rec,beta,beta_rec,nll_rec
58,56.96644107794941,128.6487064912141,pt,0.6317106328794412,0.5762473785958473,1.0,0.9152832427911033,5.034243435319275,7.920146115543711,47.09067441898776
