subject,nll,bic,model,wp,wp_rec,beta,beta_rec,b_last,b_last_rec,b_longer,b_longer_rec,nll_rec
66-attributes,29.363740280131967,75.72146152846138,wa_dn_b-last_b-longer,0.527746056420586,0.5260669846844758,22.56126338233878,25.995423293514417,-0.013183954604850471,-0.012694021970359773,-0.004682449290736454,-4.819886336944901e-08,27.17776270653083
