subject,nll,bic,model,wp,wp_rec,beta,beta_rec,b_last,b_last_rec,b_longer,b_longer_rec,nll_rec
68-attributes,27.98961904519723,72.9732190585919,wa_dn_b-last_b-longer,0.0,0.0,6.448827923833624,6.98939004625246,0.08431641998162405,0.08082039003225085,-4.0766462709517346e-07,0.039133144548614295,26.36703859433642
