subject,nll,bic,model,wp,wp_rec,beta,beta_rec,b_last,b_last_rec,b_longer,b_longer_rec,nll_rec
98-attributes,27.845422824085556,72.68482661636855,wa_dn_b-last_b-longer,0.5556517269547712,0.5188313127278796,23.998457890774368,33.23971691091643,0.014244657353608671,-0.003908000696930515,0.004648065716820707,-0.012038197440823963,23.338273547355097
