subject,nll,bic,model,wp,wp_rec,beta,beta_rec,b_last,b_last_rec,b_longer,b_longer_rec,nll_rec
127-attributes,31.32390487030937,79.58423575900778,wa_dn_b-last_b-longer,0.49697981572447014,0.514615876443996,18.638946795815844,12.643796769164176,0.0046558510577735515,0.020716869984795685,0.003552924540196339,-0.001987469035747471,36.194109929082536
