subject,nll,bic,model,wp,wp_rec,beta,beta_rec,b_last,b_last_rec,b_longer,b_longer_rec,nll_rec
85-alternatives,18.336716416149503,53.66741380049645,wa_dn_b-last_b-longer,0.9472587861191644,0.7591776508590067,12.510260726612563,19.297851054557537,-0.04916055762657432,-0.04881242854989146,0.09375711674452496,0.06511844150005976,19.80307946733098
