subject,nll,bic,model,wp,wp_rec,beta,beta_rec,b_last,b_last_rec,b_longer,b_longer_rec,nll_rec
71-alternatives,18.88406911029603,54.7621191887895,wa_dn_b-last_b-longer,0.48921205220382136,0.47314597639469913,48.1827256923827,94.43967686536202,-0.006791150216181559,-0.011447490179983125,-3.809981133799388e-09,-0.00582671754322824,11.50696889835298
