subject,nll,bic,model,wp,wp_rec,beta,beta_rec,b_last,b_last_rec,b_longer,b_longer_rec,nll_rec
127-alternatives,23.076757454975844,63.14749587814913,wa_dn_b-last_b-longer,0.5649141849304901,0.5729006052849636,31.812772496114004,42.01841922342728,0.013415909299905314,0.004618096348531765,-0.0043718290747940735,0.004434269285960598,17.966427652031857
