subject,nll,bic,model,wp,wp_rec,beta,beta_rec,b_last,b_last_rec,b_longer,b_longer_rec,nll_rec
134-attributes,27.00171240536766,70.99740577893276,wa_dn_b-last_b-longer,0.5347243059649316,0.5745931729422344,26.26416922339418,25.237805971129358,-0.004026226464096178,0.005024074294185439,0.0043932805805865895,0.004652290305994252,26.78767850410083
