subject,nll,bic,model,wp,wp_rec,beta,beta_rec,b_last,b_last_rec,b_longer,b_longer_rec,nll_rec
39-attributes,27.80357316592467,72.60112730004678,wa_dn_b-last_b-longer,0.48872589938913163,0.525661912597797,24.692200298489034,28.889189999918106,-0.012820124433097907,-0.020997786236430803,-0.004486409413829598,-0.012953956902296624,25.075024514066243
