subject,nll,bic,model,wp,wp_rec,beta,beta_rec,b_last,b_last_rec,b_longer,b_longer_rec,nll_rec
11-attributes,31.54668344848378,80.087347865165,wa_dn_b-last_b-longer,0.4941280424935132,0.4788378973392468,18.755803053360324,23.99569318077848,0.006232631944104699,0.018492443983545305,-0.015430207415474222,-1.205841176599439e-08,27.60248378634193
