subject,nll,bic,model,wp,wp_rec,beta,beta_rec,b_last,b_last_rec,b_longer,b_longer_rec,nll_rec
134-alternatives,26.68803805119615,70.37005707058974,wa_dn_b-last_b-longer,0.5451200992929849,0.534115831972233,26.822687935518598,27.040574897121285,0.0006612984087148689,-0.0036345059291777184,-8.493259726428778e-09,-0.004346248673695248,26.73062643358
