subject,nll,bic,model,wp,wp_rec,beta,beta_rec,b_last,b_last_rec,b_longer,b_longer_rec,nll_rec
196-alternatives,31.171329931028097,79.33664083025363,wa_dn_b-last_b-longer,0.52407484931406,0.5556320892015297,19.96821139512456,20.136796158166206,0.011024145582918077,0.006206046657697727,4.704356811678041e-08,-0.004966193835078973,30.97778390533671
