subject,nll,bic,model,wp,wp_rec,beta,beta_rec,b_last,b_last_rec,b_longer,b_longer_rec,nll_rec
115-attributes,11.990382146502126,40.97474526120169,wa_dn_b-last_b-longer,0.5195322111907489,0.5057132630977675,78.77823102130533,104.15221124792365,3.4523520225495866e-07,0.006766338043127452,1.162961201467839e-07,-0.013683768153957348,9.37094429749732
