subject,nll,bic,model,wp,wp_rec,beta,beta_rec,b_last,b_last_rec,b_longer,b_longer_rec,nll_rec
53-alternatives,20.177083135918277,57.348147240033995,wa_dn_b-last_b-longer,0.6008811486395044,0.5796019972303478,35.09088730090406,41.516372880133176,-0.004225910052679746,-0.012918217281024796,0.004658589788881258,0.01330226093499211,18.16124556461706
