subject,nll,bic,model,wp,wp_rec,beta,beta_rec,b_last,b_last_rec,b_longer,b_longer_rec,nll_rec
189-attributes,16.362274251753803,49.66097452189665,wa_dn_b-last_b-longer,0.6505465676220501,0.6843580252083561,35.437981517018635,41.282148076995696,-0.00010279856710873865,-9.443416152960818e-05,-0.011328674590673563,0.00019384650108466783,11.055388114250945
