subject,nll,bic,model,wp,wp_rec,beta,beta_rec,b_last,b_last_rec,b_longer,b_longer_rec,nll_rec
177-alternatives,24.986663259881816,66.96730748796107,wa_dn_b-last_b-longer,0.5203871816356122,0.5215031429316964,29.140321595089613,47.150605680878954,0.021395960785184454,0.011290662258866813,0.0042861113584379395,0.011213915920067145,18.042558794498966
