subject,nll,bic,model,wp,wp_rec,beta,beta_rec,b_last,b_last_rec,b_longer,b_longer_rec,nll_rec
144-attributes,30.113983227516027,77.2219474232295,wa_dn_b-last_b-longer,0.4748884269154324,0.4792267461051114,20.628397661257964,14.935271149002192,0.0008285580082508249,-0.026256179116329607,0.009820381490457993,0.006044249492196582,34.634377408300836
