subject,nll,bic,model,wp,wp_rec,beta,beta_rec,b_last,b_last_rec,b_longer,b_longer_rec,nll_rec
166-attributes,22.396254694586098,61.78649035736963,wa_dn_b-last_b-longer,0.3831317735192515,0.3742854594262784,29.24576581774984,38.60155008965765,0.014036257195134383,0.004171579274240107,0.013899221925581634,-0.004132414994719569,19.335866705436892
