subject,nll,bic,model,wp,wp_rec,beta,beta_rec,b_last,b_last_rec,b_longer,b_longer_rec,nll_rec
151-alternatives,22.597240567024784,62.188462102247,wa_dn_b-last_b-longer,0.6499323417392758,0.6202365693145439,25.59178970818175,42.481939317496725,0.00649627467255423,0.019684531806711418,-0.005677471740219946,-0.019579733429047872,15.88336624490225
