subject,nll,bic,model,wp,wp_rec,beta,beta_rec,b_last,b_last_rec,b_longer,b_longer_rec,nll_rec
198-attributes,24.35824994005726,65.71048084831196,wa_dn_b-last_b-longer,0.6097074062700153,0.6295469774947913,26.68438758027258,22.6387399725573,-0.004501251937722647,0.006052374826891397,0.01474381613990043,0.01616811878307126,26.020116203915457
