subject,nll,bic,model,wp,wp_rec,beta,beta_rec,b_last,b_last_rec,b_longer,b_longer_rec,nll_rec
12-alternatives,27.127677548259182,71.2493360647158,wa_dn_b-last_b-longer,0.5946443084716255,0.6029463033176139,23.08675685978702,20.390005210939062,0.025381678362524848,0.0064797095696548755,0.0050049034921238345,-0.005225635507907373,29.45687535588485
