subject,nll,bic,model,wp,wp_rec,beta,beta_rec,b_last,b_last_rec,b_longer,b_longer_rec,nll_rec
103-alternatives,22.674467286110627,62.34291554041869,wa_dn_b-last_b-longer,0.6487468716097603,0.6816022446733102,25.785462276218436,25.534483226193128,-0.010119097197344967,0.0010669034578862627,-0.011284434740843705,-0.02629514077886302,20.108377116861124
