subject,nll,bic,model,wp,wp_rec,beta,beta_rec,b_last,b_last_rec,b_longer,b_longer_rec,nll_rec
101-alternatives,19.862138424214024,56.71825781662548,wa_dn_b-last_b-longer,0.9251520677749604,1.0,11.045291922721924,9.995851763476754,0.013890860930424069,0.03773150222775671,-1.5116453970102904e-08,0.04303205107449267,18.62720205168433
