subject,nll,bic,model,wp,wp_rec,beta,beta_rec,b_last,b_last_rec,b_longer,b_longer_rec,nll_rec
41-attributes,45.479537893479474,107.77784626452281,wa_dn_b-last_b-longer,0.5939968263685474,0.4316218338788879,2.572987982776945,5.371477315803047,-0.06747845972782592,-0.023754443402264375,-0.01556218582587556,-0.06199754111262221,42.14875239471637
