subject,nll,bic,model,wp,wp_rec,beta,beta_rec,b_last,b_last_rec,b_longer,b_longer_rec,nll_rec
101-attributes,20.77579030236439,58.54556157292622,wa_dn_b-last_b-longer,1.0,0.813752506306183,9.35170203390295,15.958878586757697,-0.015727985849656786,-0.04638114677803754,-0.04244977543873385,-0.09328697300913107,20.178262259449923
