subject,nll,bic,model,wp,wp_rec,beta,beta_rec,b_last,b_last_rec,b_longer,b_longer_rec,nll_rec
146-alternatives,14.988240421213485,46.97046181062441,wa_dn_b-last_b-longer,0.6366782386175867,0.6404256683578546,41.81564347227668,46.88225021258238,0.010973667222917143,0.027705351686007313,4.4654370175713214e-10,-0.005284001174390372,13.369071235520606
