subject,nll,bic,model,wp,wp_rec,beta,beta_rec,b_last,b_last_rec,b_longer,b_longer_rec,nll_rec
141-attributes,18.846445526854442,54.686872021906325,wa_dn_b-last_b-longer,0.6460461854409474,0.6454480680321676,32.11266494487792,40.933963358716305,-0.021756292811146594,-0.022514442322122668,-8.506483968710251e-09,5.393887778871074e-08,14.896325018075677
