subject,nll,bic,model,wp,wp_rec,beta,beta_rec,b_last,b_last_rec,b_longer,b_longer_rec,nll_rec
172-alternatives,21.632569359301186,60.25911968679981,wa_dn_b-last_b-longer,0.35635307660572896,0.40523368457968517,29.58927080687782,68.77299017678064,0.005407419573784674,0.006302106047323489,0.014434375758003246,-1.0300578252410235e-08,14.60810217739889
