subject,nll,bic,model,wp,wp_rec,beta,beta_rec,b_last,b_last_rec,b_longer,b_longer_rec,nll_rec
197-attributes,-4.532200250142161e-05,16.877940176699425,wa_dn_b-last_b-longer,1.0,1.0,199.99992081306223,199.99992081306223,6.285607537984706e-07,6.285607537984706e-07,3.431899977855247e-09,3.431899977855247e-09,-4.532200250142161e-05
