subject,nll,bic,model,wp,wp_rec,beta,beta_rec,b_last,b_last_rec,b_longer,b_longer_rec,nll_rec
131-alternatives,30.280436286835773,77.55485354186898,wa_dn_b-last_b-longer,0.5089279380192488,0.4602698719806406,21.197476812037408,24.07040425627879,-0.0035166257899895688,0.000929965846621009,0.014378964628013332,0.027783342156768826,26.96073777230767
