subject,nll,bic,model,wp,wp_rec,beta,beta_rec,b_last,b_last_rec,b_longer,b_longer_rec,nll_rec
22-attributes,20.703573563357633,58.40112809491271,wa_dn_b-last_b-longer,0.6578689140992542,0.5915209534068259,27.25015374125962,49.70999201434148,-0.010956023911750039,-0.004149833662971527,0.03496760954289643,0.04023303719221613,15.273874646605895
