subject,nll,bic,model,wp,wp_rec,beta,beta_rec,b_last,b_last_rec,b_longer,b_longer_rec,nll_rec
68-alternatives,9.30976594797598,35.6135128641494,wa_dn_b-last_b-longer,0.13983046503392785,0.22713370705289956,27.130928087537367,54.23494841198656,-0.02782960821557235,-0.04095949247584575,-4.713233054007449e-09,-1.0792494245684941e-07,7.675696984953589
