subject,nll,bic,model,wp,wp_rec,beta,beta_rec,b_last,b_last_rec,b_longer,b_longer_rec,nll_rec
140-alternatives,16.953196282954302,50.90037353410604,wa_dn_b-last_b-longer,0.7812820724312607,0.9713320971443251,19.12800361951465,11.687333896587162,0.01398193104898412,-0.003331191428935424,-0.011185742204984535,-0.021731525134475755,16.576107263478953
