subject,nll,bic,model,wp,wp_rec,beta,beta_rec,b_last,b_last_rec,b_longer,b_longer_rec,nll_rec
166-alternatives,26.02983521138246,69.05365139096236,wa_dn_b-last_b-longer,0.36777844453001873,0.4236517412698564,20.738687009061344,58.66757031269226,0.023594516360098922,0.016660585819243786,0.011432449229673102,0.016642006164529387,15.360875242017382
