subject,nll,bic,model,wp,wp_rec,beta,beta_rec,b_last,b_last_rec,b_longer,b_longer_rec,nll_rec
164-alternatives,10.2746769059025,37.54333478000244,wa_dn_b-last_b-longer,0.5936545005046081,0.5725170223316489,66.52182289564256,200.0,-0.005072560718192196,-0.006775543519867092,0.005137458871033874,0.017895592161911,0.9761772102791078
