subject,nll,bic,model,wp,wp_rec,beta,beta_rec,b_last,b_last_rec,b_longer,b_longer_rec,nll_rec
141-alternatives,28.646747898355535,74.2874767649085,wa_dn_b-last_b-longer,0.6692715099153979,0.6900185013451436,17.13493512755398,20.63988772092274,-0.01027522502804409,-0.004916023384562539,-0.013198007403884562,-0.0068940306864167114,23.483049280492235
