subject,nll,bic,model,wp,wp_rec,beta,beta_rec,b_last,b_last_rec,b_longer,b_longer_rec,nll_rec
87-alternatives,24.054560883695945,65.10310273558933,wa_dn_b-last_b-longer,0.6326637722693873,0.6322721285283589,24.44614213787257,38.746193412502556,0.03266943055413895,0.051088733089574526,2.0615467029389823e-08,0.019993748728586277,16.277426258946566
