subject,nll,bic,model,wp,wp_rec,beta,beta_rec,b_last,b_last_rec,b_longer,b_longer_rec,nll_rec
26-attributes,8.833859967554805,34.66170090330705,wa_dn_b-last_b-longer,0.7829972452220988,0.9139068084948668,32.271488479394215,18.092929543266074,-0.0254742443302866,0.005828127569241841,-0.02701079479164533,-0.06514677789759979,11.257810783521634
