subject,nll,bic,model,wp,wp_rec,beta,beta_rec,b_last,b_last_rec,b_longer,b_longer_rec,nll_rec
171-alternatives,35.505391721116105,87.94720946062125,wa_dn_b-last_b-longer,0.4610963603832999,0.4143378554250718,11.921251622394458,13.390977835965097,0.03674406549736483,-0.012281117413299944,-0.0048388226311962225,0.010713276506104177,34.04818602055177
