subject,nll,bic,model,wp,wp_rec,beta,beta_rec,b_last,b_last_rec,b_longer,b_longer_rec,nll_rec
72-alternatives,28.593436118137117,74.12329825466327,wa_dn_b-last_b-longer,0.6934101665789209,0.7054019634392465,14.73546504308723,19.355606303957057,0.02007973668460833,0.04681777714098148,-0.009629925044762488,0.028295441772940213,22.021866991713456
