subject,nll,bic,model,wp,wp_rec,beta,beta_rec,b_last,b_last_rec,b_longer,b_longer_rec,nll_rec
144-alternatives,26.47633781702868,69.8891016524464,wa_dn_b-last_b-longer,0.4741840280302536,0.4428288092388528,26.59846503381235,22.532263761799683,0.0002619021944280921,-0.03387043981438843,-0.009026248073114519,-0.01668991194511125,26.675085927511102
