subject,nll,bic,model,wp,wp_rec,beta,beta_rec,b_last,b_last_rec,b_longer,b_longer_rec,nll_rec
126-alternatives,21.941364956856564,60.87671088191057,wa_dn_b-last_b-longer,0.6250443114775983,0.6095114500330009,29.35507744920878,28.66759723144139,0.0006175779035875689,-0.004152213980950673,0.010149617484705564,0.014554079999978509,23.269913698744567
