subject,nll,bic,model,wp,wp_rec,beta,beta_rec,b_last,b_last_rec,b_longer,b_longer_rec,nll_rec
36-attributes,68.26788015653253,156.30233000350228,wa_dn_b-last_b-longer,0.6657052211401738,0.6464875083831876,12.378668153594104,14.799829682678803,0.004558190137532978,0.0218727815621493,0.007484590989328826,-0.003308652864259785,63.83476495108207
