subject,nll,bic,model,wp,wp_rec,beta,beta_rec,b_last,b_last_rec,b_longer,b_longer_rec,nll_rec
55-alternatives,23.499349605172608,63.992680178542656,wa_dn_b-last_b-longer,0.4699864026094772,0.4567463517032332,33.39311000419131,32.486184198994835,0.01191634021760137,0.020118875884634523,-0.003922189508836408,-0.00409617331276325,23.14830314549718
