subject,nll,bic,model,wp,wp_rec,beta,beta_rec,b_last,b_last_rec,b_longer,b_longer_rec,nll_rec
96-alternatives,26.103589172256445,69.20115931271033,wa_dn_b-last_b-longer,0.5709260521217001,0.5620560038075881,26.676580468173384,40.02679797280916,0.005180481385776529,0.00024366560852961277,-0.004561374748083257,-3.5928638471589104e-09,19.271530150987726
