subject,nll,bic,model,wp,wp_rec,beta,beta_rec,b_last,b_last_rec,b_longer,b_longer_rec,nll_rec
69-alternatives,26.261230698134092,69.51644236446562,wa_dn_b-last_b-longer,0.5611599237785329,0.536246818313476,26.62210768435943,22.15206120469394,0.009577979649557656,0.034263525526571866,-0.00902460837603373,-0.014821297077276575,28.127217887987772
