subject,nll,bic,model,wp,wp_rec,beta,beta_rec,b_last,b_last_rec,b_longer,b_longer_rec,nll_rec
71-attributes,27.946140674187927,72.8862623165733,wa_dn_b-last_b-longer,0.4686963644431717,0.48404501540262007,23.76647626035932,27.825189287400548,-0.013145869253932723,-0.008106416004997568,0.009236279928866985,-2.5805436562434332e-08,26.171650682483538
