subject,nll,bic,model,wp,wp_rec,beta,beta_rec,b_last,b_last_rec,b_longer,b_longer_rec,nll_rec
29-attributes,31.350817029154378,79.69561502650619,wa_dn_b-last_b-longer,0.6060237368440409,0.6249827411568303,17.808541358360692,16.929481114545332,-0.003962412965136351,0.030799052234869163,-0.016705436197566002,-0.006014883142336206,30.46346965580694
