subject,nll,bic,model,wp,wp_rec,beta,beta_rec,b_last,b_last_rec,b_longer,b_longer_rec,nll_rec
156-attributes,12.556914065431545,42.10780909906053,wa_dn_b-last_b-longer,0.583111477618219,0.5853978861986513,57.63538372500966,41.74313677929862,0.009543581467055464,-0.004503054514700636,0.009540094417847584,0.004556024936985891,17.535975546023845
