subject,nll,bic,model,wp,wp_rec,beta,beta_rec,b_last,b_last_rec,b_longer,b_longer_rec,nll_rec
182-attributes,34.71196454898002,86.41791006615748,wa_dn_b-last_b-longer,0.5347531472761698,0.4775883592082185,13.411263690267981,9.369772506759393,0.022425273183180786,0.040980142955599895,-0.044890279428641724,-0.051206603673482814,37.970098999689576
