subject,nll,bic,model,wp,wp_rec,beta,beta_rec,b_last,b_last_rec,b_longer,b_longer_rec,nll_rec
56-alternatives,17.32700825052341,51.64799746924426,wa_dn_b-last_b-longer,0.7876267872087251,0.9125161873468808,18.56502444422778,15.156305273076981,0.014127840780688076,0.045151981745436505,0.03414685424142427,8.686366723353539e-08,13.494431953991233
