subject,nll,bic,model,wp,wp_rec,beta,beta_rec,b_last,b_last_rec,b_longer,b_longer_rec,nll_rec
23-attributes,23.008642569124348,63.01126610644613,wa_dn_b-last_b-longer,0.638893007481221,0.6575157302710437,25.669473141783207,26.611896465111663,0.01662502434620466,-0.011000267765086853,-0.016299813635392,-0.02336603000875414,21.22598820400065
