subject,nll,bic,model,wp,wp_rec,beta,beta_rec,b_last,b_last_rec,b_longer,b_longer_rec,nll_rec
6-attributes,14.50023774250397,45.99445645320537,wa_dn_b-last_b-longer,0.6328642700064365,0.6466128077855856,43.80846843767548,44.83228606246614,0.010545978542900385,0.011107455066713677,-0.010518456715938526,-0.022954608436700278,13.436080645115513
