subject,nll,bic,model,wp,wp_rec,beta,beta_rec,b_last,b_last_rec,b_longer,b_longer_rec,nll_rec
191-alternatives,19.197971187750614,55.38992334369867,wa_dn_b-last_b-longer,0.446565336920411,0.4015695295820334,46.290923865189605,36.715511230960004,0.013568481914723441,0.004217233906133289,0.006891446290085233,-0.007887826619448082,21.116179844465186
