subject,nll,bic,model,wp,wp_rec,beta,beta_rec,b_last,b_last_rec,b_longer,b_longer_rec,nll_rec
31-attributes,40.06500784827726,97.12399666475196,wa_dn_b-last_b-longer,0.45888549715782406,0.4603461851868912,8.460730004197957,8.394283497051045,0.03578756514025009,0.06415081378998211,-0.009139634504424414,-0.047992170658424364,38.09330897881077
