subject,nll,bic,model,wp,wp_rec,beta,beta_rec,b_last,b_last_rec,b_longer,b_longer_rec,nll_rec
65-alternatives,13.084055061969368,43.16209109213617,wa_dn_b-last_b-longer,0.6123683971573134,0.6306919475327873,52.855415839165865,46.172951243549235,0.004912785322408921,0.005379338743116406,0.004826078927725675,-0.0052266084298873,13.933470135210149
