subject,nll,bic,model,wp,wp_rec,beta,beta_rec,b_last,b_last_rec,b_longer,b_longer_rec,nll_rec
184-attributes,2.9908274768116856,22.97563592182081,wa_dn_b-last_b-longer,1.0,1.0,49.53253181271442,200.0,-0.060816248765569944,-0.07636352118550627,-0.08294505916401114,-0.11123547189236903,0.07912333979235664
