subject,nll,bic,model,wp,wp_rec,beta,beta_rec,b_last,b_last_rec,b_longer,b_longer_rec,nll_rec
116-alternatives,18.35467389812387,53.703328764445175,wa_dn_b-last_b-longer,0.5927525069450676,0.592421311559933,39.59640274108799,66.52917413429239,0.004774330743941547,0.019466036675096644,0.01373322591709876,0.009155450571054938,10.96143230854994
