subject,nll,bic,model,wp,wp_rec,beta,beta_rec,b_last,b_last_rec,b_longer,b_longer_rec,nll_rec
28-alternatives,19.383781177064996,55.76154332232743,wa_dn_b-last_b-longer,0.5494947103322174,0.5389746461854,41.0280193752684,43.37773602383749,0.00021834790303495029,0.008035456426780378,-2.1320341704126122e-08,-0.00790748552620861,18.808996514081404
