subject,nll,bic,model,wp,wp_rec,beta,beta_rec,b_last,b_last_rec,b_longer,b_longer_rec,nll_rec
115-alternatives,13.544507947835104,44.08299686386765,wa_dn_b-last_b-longer,0.5289085969812936,0.5415583276932572,66.33428827439687,80.68829513904845,0.0071322065835820675,0.019291188231793894,3.306416063669152e-07,-0.01189134365832046,10.31235796677693
