subject,nll,bic,model,wp,wp_rec,beta,beta_rec,b_last,b_last_rec,b_longer,b_longer_rec,nll_rec
178-attributes,25.861823848174293,68.71762866454603,wa_dn_b-last_b-longer,0.6498590629152811,0.6409320283802562,21.236493892038787,17.98269316315104,-0.010502468469330804,-0.004299481154719546,0.023400172033432823,0.029970345185945955,29.118255720710653
