subject,nll,bic,model,wp,wp_rec,beta,beta_rec,b_last,b_last_rec,b_longer,b_longer_rec,nll_rec
90-alternatives,16.18640903881566,49.366799045828756,wa_dn_b-last_b-longer,0.633997206715083,0.6660455231374468,39.69770974145516,42.966428939305764,-0.010071306790907422,-0.011638663502447208,0.01051748811594711,0.025967829988695186,13.06726199302226
