subject,nll,bic,model,wp,wp_rec,beta,beta_rec,b_last,b_last_rec,b_longer,b_longer_rec,nll_rec
179-attributes,20.96817973427455,58.93034043674653,wa_dn_b-last_b-longer,0.36098395476342326,0.3527212957960183,31.930492926409897,50.75898856932578,0.004709142277102622,-0.004121213015109762,0.004589716287787275,0.01231535919148229,15.089914299027745
