subject,nll,bic,model,wp,wp_rec,beta,beta_rec,b_last,b_last_rec,b_longer,b_longer_rec,nll_rec
122-attributes,26.995753785398755,70.98548853899494,wa_dn_b-last_b-longer,0.5583078300973338,0.5888840734078644,25.448832271837134,25.101170177066994,-0.004129117415143781,-0.013855516603279282,-0.013655799681246339,-0.02400665684570668,26.05519465122906
