subject,nll,bic,model,wp,wp_rec,beta,beta_rec,b_last,b_last_rec,b_longer,b_longer_rec,nll_rec
112-attributes,14.450987196954838,45.89595536210712,wa_dn_b-last_b-longer,0.5911772990998296,0.610344076059588,49.6755225561068,75.9977244755132,-0.004708942401048534,-0.024329307860540515,-0.004729745907324969,-0.004798639682627191,9.10551249580829
