subject,nll,bic,model,wp,wp_rec,beta,beta_rec,b_last,b_last_rec,b_longer,b_longer_rec,nll_rec
151-attributes,19.48980080256189,55.973582573321224,wa_dn_b-last_b-longer,0.6019022058006552,0.5999183431872851,35.956380261310656,26.801651448107368,0.004750517006673994,-0.004406460812344272,0.004666116546917955,-0.014394813670205878,24.759013149684886
