subject,nll,bic,model,wp,wp_rec,beta,beta_rec,b_last,b_last_rec,b_longer,b_longer_rec,nll_rec
5-alternatives,17.65066832451878,52.295317617235,wa_dn_b-last_b-longer,0.2959107722295861,0.30403566923171527,28.86335796592479,28.797893300577982,0.025007185647412482,0.0009208750435689334,0.02456516314138824,0.04740507391746638,17.50009007715755
