subject,nll,bic,model,wp,wp_rec,beta,beta_rec,b_last,b_last_rec,b_longer,b_longer_rec,nll_rec
35-alternatives,30.556401498821156,78.10678396583975,wa_dn_b-last_b-longer,0.7193589749316244,0.6824665296768941,12.672164195838041,16.66483507448472,-0.0025671730006579037,0.009402811825962754,0.017044534863262583,-0.006947845292388749,27.984467438261905
