subject,nll,bic,model,wp,wp_rec,beta,beta_rec,b_last,b_last_rec,b_longer,b_longer_rec,nll_rec
104-alternatives,33.421493919501,83.60160680710771,wa_dn_b-last_b-longer,0.572401817262638,0.6078564834261355,14.74515741698081,16.587825004049964,-0.015806285805439007,-0.017213003931481154,-0.020966032939923263,0.00994423290258677,31.17032326229802
