subject,nll,bic,model,wp,wp_rec,beta,beta_rec,b_last,b_last_rec,b_longer,b_longer_rec,nll_rec
112-alternatives,18.226005846293525,53.44599266078448,wa_dn_b-last_b-longer,0.6008252015715323,0.6363824742084373,39.02262712107724,37.16243210175571,0.014110908526209623,0.026572249152193944,0.0046293847992910885,0.005206433815883026,16.988196185339657
