subject,nll,bic,model,wp,wp_rec,beta,beta_rec,b_last,b_last_rec,b_longer,b_longer_rec,nll_rec
161-alternatives,10.697691295255657,38.38936355870875,wa_dn_b-last_b-longer,0.6561981740730946,0.6602287638708891,51.96944745225232,200.0,0.020180026228051012,0.04472804881901052,-0.006150689932428638,0.002682863618057757,3.5907321572948483
