subject,nll,bic,model,wp,wp_rec,beta,beta_rec,b_last,b_last_rec,b_longer,b_longer_rec,nll_rec
13-attributes,37.72467742281694,92.44333581383131,wa_dn_b-last_b-longer,0.5002250900124098,0.49655332782047445,8.851507856606563,13.148686171892619,0.07589370863050138,0.016319801245922583,0.01849124834536463,0.03895548774232852,35.27911483696548
