subject,nll,bic,model,wp,wp_rec,beta,beta_rec,b_last,b_last_rec,b_longer,b_longer_rec,nll_rec
104-attributes,25.165966918245044,67.32591480468753,wa_dn_b-last_b-longer,0.6075955215775214,0.5557688623531006,25.70564073808374,28.133236474598203,0.00042594190127221375,0.009344987709847971,0.009844348080575724,0.03571936202033738,24.30392505899508
