subject,nll,bic,model,wp,wp_rec,beta,beta_rec,b_last,b_last_rec,b_longer,b_longer_rec,nll_rec
190-attributes,31.52896307830202,80.05190712480147,wa_dn_b-last_b-longer,0.4923991671637604,0.5125095250998423,18.063157332460385,29.424547494196858,-0.03515881569639953,-0.03349222197759854,-0.016537576314301458,-0.008864865685800662,24.21492505594148
