subject,nll,bic,model,wp,wp_rec,beta,beta_rec,b_last,b_last_rec,b_longer,b_longer_rec,nll_rec
143-alternatives,29.910465794263843,76.81491255672512,wa_dn_b-last_b-longer,0.5110476474600143,0.515758883682058,18.141435773154726,17.99838373196143,0.03958233479408584,0.049181093637973274,-0.03343368011620102,0.0056974513986846834,30.086507168333853
