subject,nll,bic,model,wp,wp_rec,beta,beta_rec,b_last,b_last_rec,b_longer,b_longer_rec,nll_rec
74-alternatives,25.90221811052696,68.37697512662005,wa_dn_b-last_b-longer,0.745068797979496,1.0,12.162036787623524,4.801378386145918,0.0019998752202596854,0.07906462038871293,4.171750702100632e-05,0.1477179576464406,29.697767720340682
