subject,nll,bic,model,wp,wp_rec,beta,beta_rec,b_last,b_last_rec,b_longer,b_longer_rec,nll_rec
194-attributes,26.906998275348755,70.75042256908655,wa_dn_b-last_b-longer,0.5726623811377739,0.593571067531099,23.28248422504774,30.553133340709998,0.0162197893496745,0.03385495713783677,-0.022763160430054868,-0.012802450956475172,21.431668091235668
