subject,nll,bic,model,wp,wp_rec,beta,beta_rec,b_last,b_last_rec,b_longer,b_longer_rec,nll_rec
150-attributes,25.585397108182406,68.10722023475385,wa_dn_b-last_b-longer,0.4981994546820328,0.5026328504371798,26.37180184093125,35.73891947650823,0.019655252088751483,0.013866361071025207,-0.010844725518296803,-0.021509543866437164,20.99666670630195
