subject,nll,bic,model,wp,wp_rec,beta,beta_rec,b_last,b_last_rec,b_longer,b_longer_rec,nll_rec
114-alternatives,19.837333507342308,56.66864798288205,wa_dn_b-last_b-longer,0.5856675527108324,0.6098277237725472,36.74634011518768,25.8586254835429,0.013654847815922714,0.05099192742130384,0.013452082648739098,0.02096340486103901,22.942226117923465
