subject,nll,bic,model,wp,wp_rec,beta,beta_rec,b_last,b_last_rec,b_longer,b_longer_rec,nll_rec
97-alternatives,25.6555664623718,68.30511389294104,wa_dn_b-last_b-longer,0.5876671947289085,0.5947035298666931,25.405928369905048,29.404479342410863,0.028996752399028936,0.023657577437179816,-5.1663170864665194e-08,-1.016690049077789e-08,23.166908382133073
