subject,nll,bic,model,wp,wp_rec,beta,beta_rec,b_last,b_last_rec,b_longer,b_longer_rec,nll_rec
129-alternatives,26.794355631036883,70.5826922302712,wa_dn_b-last_b-longer,0.5167813269207038,0.4840626149841954,26.70829147447192,30.082222316635626,0.004947161533475491,0.004790733364730607,0.012977998358080198,0.02906151038096813,23.960254514998205
