subject,nll,bic,model,wp,wp_rec,beta,beta_rec,b_last,b_last_rec,b_longer,b_longer_rec,nll_rec
117-alternatives,14.282480313427888,45.55894159505321,wa_dn_b-last_b-longer,0.6615410647847493,0.6725208366085935,40.400410003130354,33.57560906064601,-0.02434632804102093,0.0005841358437622779,0.005934717230910207,4.0850941709384664e-08,15.710990471171979
