subject,nll,bic,model,wp,wp_rec,beta,beta_rec,b_last,b_last_rec,b_longer,b_longer_rec,nll_rec
103-attributes,20.26433105624937,57.522643080696184,wa_dn_b-last_b-longer,0.6332723788254253,0.6394047980329901,30.88963766817765,31.506629968658093,0.0002296755125182552,0.0054950280760760195,0.020884904596968144,0.026763390982616743,19.456233973166686
