subject,nll,bic,model,wp,wp_rec,beta,beta_rec,b_last,b_last_rec,b_longer,b_longer_rec,nll_rec
67-attributes,29.899363225731722,76.79270741966089,wa_dn_b-last_b-longer,0.6324412811111136,0.6061416515845435,18.1978197349447,15.32215011263774,-0.021130008973559065,0.002345566128619213,2.3054567195722472e-08,0.024079560157727466,33.35768566704143
