subject,nll,bic,model,wp,wp_rec,beta,beta_rec,b_last,b_last_rec,b_longer,b_longer_rec,nll_rec
168-alternatives,19.491492167616602,55.976965303430646,wa_dn_b-last_b-longer,0.73949443218275,0.8230588184523421,20.089941420513497,11.789109939671915,0.010931268158772862,-0.002486000092261144,-0.008871486197879747,-0.037098860326216974,24.810457190637607
