subject,nll,bic,model,wp,wp_rec,beta,beta_rec,b_last,b_last_rec,b_longer,b_longer_rec,nll_rec
70-attributes,21.74425846452547,60.48249789724838,wa_dn_b-last_b-longer,0.5692847982130909,0.5382686456709243,34.01758785497742,53.97184627969354,0.00011498150015319142,6.738657009154515e-06,-1.7252725882346767e-08,0.007641357087270485,15.596679357114315
