subject,nll,bic,model,wp,wp_rec,beta,beta_rec,b_last,b_last_rec,b_longer,b_longer_rec,nll_rec
180-alternatives,29.775202976110943,76.54438692041933,wa_dn_b-last_b-longer,0.6370525983248548,0.5921659959576389,17.098698019654947,16.55284094024127,0.031762813034279476,0.01323783874569623,-0.0061445930716294535,-3.926127883761073e-08,32.93815913354259
