subject,nll,bic,model,wp,wp_rec,beta,beta_rec,b_last,b_last_rec,b_longer,b_longer_rec,nll_rec
45-attributes,14.523050486844989,46.040081941887415,wa_dn_b-last_b-longer,0.2721381821963748,0.2721343216362049,33.90365703220583,50.93325529309978,-0.006396660357176239,-0.019389557956299753,-0.006595033117107469,-0.0064264952737953535,10.01447757047731
