subject,nll,bic,model,wp,wp_rec,beta,beta_rec,b_last,b_last_rec,b_longer,b_longer_rec,nll_rec
84-alternatives,34.58016042510479,86.15430181840702,wa_dn_b-last_b-longer,0.5461596336614487,0.5816505938242934,15.787539240325527,15.773519088954604,-0.024726203445969402,-0.037712382860596576,-0.005727768521754213,-0.0362104987252973,32.82139885767324
