subject,nll,bic,model,wp,wp_rec,beta,beta_rec,b_last,b_last_rec,b_longer,b_longer_rec,nll_rec
180-attributes,32.10658207961132,81.20714512742008,wa_dn_b-last_b-longer,0.6277666273598744,0.6353151850209449,15.947817853488056,21.02990699348153,-0.003768089865714468,0.01768165662699533,-0.01830105596687264,-0.028166307856987635,26.41506134179299
