subject,nll,bic,model,wp,wp_rec,beta,beta_rec,b_last,b_last_rec,b_longer,b_longer_rec,nll_rec
31-alternatives,40.30236408053015,97.59870912925773,wa_dn_b-last_b-longer,0.3693945845012841,0.45448555340161273,7.099007857018578,10.561205525439695,0.03802545214924296,0.04372721159146933,-1.4342608742186344e-07,-0.00788987868615166,37.190404447161306
