subject,nll,bic,model,wp,wp_rec,beta,beta_rec,b_last,b_last_rec,b_longer,b_longer_rec,nll_rec
160-alternatives,23.24919818278894,63.49237733377532,wa_dn_b-last_b-longer,0.5533822872469295,0.5728719617249185,31.611126366983125,24.870674074324462,0.021709149365993854,0.009989177031722663,-0.004319667579550482,-1.0716723964022934e-07,27.160433920351835
