subject,nll,bic,model,wp,wp_rec,beta,beta_rec,b_last,b_last_rec,b_longer,b_longer_rec,nll_rec
128-alternatives,31.271899055863628,79.4802241301163,wa_dn_b-last_b-longer,0.5669491765728886,0.57860497817263,17.989441791247025,22.1743544117326,0.014760033584681366,0.018072272241167302,-0.018570515405145063,-0.02216885078590011,27.529918775509408
