subject,nll,bic,model,wp,wp_rec,beta,beta_rec,b_last,b_last_rec,b_longer,b_longer_rec,nll_rec
52-alternatives,9.648504787776007,36.29099054374945,wa_dn_b-last_b-longer,0.8702979893039599,1.0,21.948930048558598,24.292291445838753,-0.032246324133935904,-0.07945959240951457,-8.87230852050149e-07,6.524070624948032e-07,6.733776830590291
