subject,nll,bic,model,wp,wp_rec,beta,beta_rec,b_last,b_last_rec,b_longer,b_longer_rec,nll_rec
73-attributes,21.083980575195287,59.10438716877961,wa_dn_b-last_b-longer,0.6026804862581076,0.6084133651240868,32.44259983611795,37.44290639985506,0.01887955759205876,0.014249573083142326,-0.009391960706039352,0.004726079111438696,18.451280480540603
