subject,nll,bic,model,wp,wp_rec,beta,beta_rec,b_last,b_last_rec,b_longer,b_longer_rec,nll_rec
79-alternatives,26.137353406725616,69.26868778164867,wa_dn_b-last_b-longer,0.7984322514766036,0.7593776230465088,11.355338803397068,33.132671804309126,0.06161390432351493,0.03300404621070456,-0.03383628055090058,-0.03261498741865653,10.119018006965625
