subject,nll,bic,model,wp,wp_rec,beta,beta_rec,b_last,b_last_rec,b_longer,b_longer_rec,nll_rec
168-attributes,10.158276284286961,37.31053353677136,wa_dn_b-last_b-longer,0.8150010726047822,0.8548121544450243,24.60173025223319,27.778271212842164,-0.012897744620721133,-0.018303511360182247,-0.015728149191951684,-0.02174277314323136,6.798374358164761
