subject,nll,bic,model,wp,wp_rec,beta,beta_rec,b_last,b_last_rec,b_longer,b_longer_rec,nll_rec
44-alternatives,7.633033768073999,32.260048504345434,wa_dn_b-last_b-longer,0.7327378919255639,0.7797820675912471,48.35428640604933,65.59523990418349,0.029920928662148346,0.0831206677013679,0.02984728726678815,0.019816480940361904,5.572220016686947
