subject,nll,bic,model,wp,wp_rec,beta,beta_rec,b_last,b_last_rec,b_longer,b_longer_rec,nll_rec
92-alternatives,36.653041332412634,90.3000636330227,wa_dn_b-last_b-longer,0.579257555662692,0.5510953570288889,11.41313168554226,13.355013921964515,0.03352033218125496,0.003782017826948677,0.03634786450938664,-8.08847162521563e-09,36.85118026610873
