subject,nll,bic,model,wp,wp_rec,beta,beta_rec,b_last,b_last_rec,b_longer,b_longer_rec,nll_rec
89-alternatives,36.42429511976433,89.8425712077261,wa_dn_b-last_b-longer,0.4134938899326228,0.4576127339981269,10.952844294147111,15.144907868500871,0.028884317948858453,0.014506128915537514,0.007823521882981228,-0.006000876568084297,33.86763105449844
