subject,nll,bic,model,wp,wp_rec,beta,beta_rec,b_last,b_last_rec,b_longer,b_longer_rec,nll_rec
13-alternatives,34.78703005615475,86.56804108050693,wa_dn_b-last_b-longer,0.35698069990575704,0.1960667499881353,9.43217721556573,8.235641052039265,0.05516259771603983,0.12567048304399725,0.047896430220851695,0.1298078888864684,27.129301274032493
