subject,nll,bic,model,wp,wp_rec,beta,beta_rec,b_last,b_last_rec,b_longer,b_longer_rec,nll_rec
40-alternatives,21.494266312002946,59.98251359220333,wa_dn_b-last_b-longer,0.5161543143455724,0.524802272580801,37.46526455872471,74.75050581142183,0.00803789177770272,0.0071373494274391,-0.015543785869484556,-0.01403814549594561,12.10583874765003
