subject,nll,bic,model,wp,wp_rec,beta,beta_rec,b_last,b_last_rec,b_longer,b_longer_rec,nll_rec
57-attributes,25.10070222758942,67.19538542337628,wa_dn_b-last_b-longer,0.5280174238312197,0.4803711343660337,28.660911869702787,48.8413174230842,-0.01268880403232392,-0.02432189420101227,-0.021487226536007868,-0.003647015558755064,17.6788672548109
