subject,nll,bic,model,wp,wp_rec,beta,beta_rec,b_last,b_last_rec,b_longer,b_longer_rec,nll_rec
188-attributes,19.81470016271496,56.62338129362736,wa_dn_b-last_b-longer,0.44887385869298363,0.4019137040928495,38.71838326313968,28.359172180293033,0.012119737695728742,0.014876743187572346,-0.02663864134604839,-0.032684141068329016,22.171954171258008
