subject,nll,bic,model,wp,wp_rec,beta,beta_rec,b_last,b_last_rec,b_longer,b_longer_rec,nll_rec
197-alternatives,6.0046510089116065,28.94572803621225,wa_dn_b-last_b-longer,1.0,1.0,20.613415440331405,200.0,0.04042102476707449,-0.05590738304212334,0.0347147844138114,0.09619798687221315,0.11937584778575132
