subject,nll,bic,model,wp,wp_rec,beta,beta_rec,b_last,b_last_rec,b_longer,b_longer_rec,nll_rec
192-alternatives,-4.682240499100798e-05,16.993887323387455,wa_dn_b-last_b-longer,1.0,1.0,199.99996976872106,199.99996976872106,0.00010953799039451007,0.00010953799039451007,1.4676870825308954e-07,1.4676870825308954e-07,-4.682240499100798e-05
