subject,nll,bic,model,wp,wp_rec,beta,beta_rec,b_last,b_last_rec,b_longer,b_longer_rec,nll_rec
117-attributes,16.490926033211082,49.9758330346196,wa_dn_b-last_b-longer,0.6450056610877845,0.6737236941689958,36.46147686230997,30.774552207086074,-0.005461686306635623,-0.005974795974213007,-0.005610262211571758,-0.019307980938653227,17.279775074324487
