subject,nll,bic,model,wp,wp_rec,beta,beta_rec,b_last,b_last_rec,b_longer,b_longer_rec,nll_rec
1-attributes,34.14683765705043,85.2876562822983,wa_dn_b-last_b-longer,0.5324122784319288,0.5381842530548842,15.975126453680293,14.38520496159397,0.012803074526477871,-0.04365423857275522,6.459870632033179e-09,0.006273861902239069,35.149111907428505
