subject,nll,bic,model,wp,wp_rec,beta,beta_rec,b_last,b_last_rec,b_longer,b_longer_rec,nll_rec
88-alternatives,17.621319004356415,52.236618976910265,wa_dn_b-last_b-longer,0.5616237275432598,0.5642599889848835,44.786949173401084,47.306941803102376,-0.020906113446598686,-0.012249308177112698,0.004204268900086145,0.025572697600585625,16.64703491805712
