subject,nll,bic,model,wp,wp_rec,beta,beta_rec,b_last,b_last_rec,b_longer,b_longer_rec,nll_rec
50-attributes,14.44659365977936,45.887168287756154,wa_dn_b-last_b-longer,0.3331401996671559,0.34201049390892635,50.56149695006691,29.8708438506105,0.00861918799362722,0.01010462936715867,-5.513942678199025e-10,-0.009952093059825383,20.65338495164704
