subject,nll,bic,model,wp,wp_rec,beta,beta_rec,b_last,b_last_rec,b_longer,b_longer_rec,nll_rec
100-alternatives,24.330340438770985,65.65466184573941,wa_dn_b-last_b-longer,0.6122752822863398,0.6026149414924925,25.91603792626922,23.100328365971837,0.010739039815350427,-0.0040812973976996,-0.030022212986495253,-0.045774947060872075,26.04399742151765
