subject,nll,bic,model,wp,wp_rec,beta,beta_rec,b_last,b_last_rec,b_longer,b_longer_rec,nll_rec
51-attributes,33.37516427748267,83.5690990325292,wa_dn_b-last_b-longer,0.33563933252137396,0.28504981627390796,10.379743933500135,12.896665452093684,-0.03951128670646136,-0.02340024526388454,0.03333539672041412,0.04755951785686435,27.796275416991584
