subject,nll,bic,model,wp,wp_rec,beta,beta_rec,b_last,b_last_rec,b_longer,b_longer_rec,nll_rec
191-attributes,20.00785765339771,57.00969627499286,wa_dn_b-last_b-longer,0.4513790356891128,0.4541468767126684,45.348867654222715,45.592928687471044,0.0033559723607365934,-0.0033233324744541366,0.0033429052324285826,0.0033404589387635466,19.956842714304884
