subject,nll,bic,model,wp,wp_rec,beta,beta_rec,b_last,b_last_rec,b_longer,b_longer_rec,nll_rec
126-attributes,25.522547789810087,68.03907654781761,wa_dn_b-last_b-longer,0.6146000988635673,0.6401750374636128,24.670088829820813,16.501358161149195,0.0005087290685526603,0.0020351828206512583,-0.010112152831636176,-0.02471414055626504,30.684441601760604
