subject,nll,bic,model,wp,wp_rec,beta,beta_rec,b_last,b_last_rec,b_longer,b_longer_rec,nll_rec
111-attributes,26.465997626147516,69.92597622049247,wa_dn_b-last_b-longer,0.40426161780133507,0.3707019378161054,22.99151704713042,23.967178779789588,0.01045717649113554,0.03882740564157978,0.009993005474271652,0.02835868562106077,22.392202611811804
