subject,nll,bic,model,wp,wp_rec,beta,beta_rec,b_last,b_last_rec,b_longer,b_longer_rec,nll_rec
18-alternatives,22.350119339435075,61.694219647067584,wa_dn_b-last_b-longer,0.537420596943719,0.5154241283905793,35.15576593886611,40.39305740373286,-0.011737815787425682,-0.007270010322588939,0.004087119760726826,-5.8453432664225204e-08,20.814306463218877
