subject,nll,bic,model,wp,wp_rec,beta,beta_rec,b_last,b_last_rec,b_longer,b_longer_rec,nll_rec
175-attributes,22.94968406136853,62.8357941411261,wa_dn_b-last_b-longer,0.5534480868652579,0.5481887442453923,31.201719809807127,69.65237129957636,0.013868388004504918,0.012539200432908976,0.013761913306698256,0.02052356775250521,11.418151376145072
