subject,nll,bic,model,wp,wp_rec,beta,beta_rec,b_last,b_last_rec,b_longer,b_longer_rec,nll_rec
11-alternatives,29.364784365840674,75.72354969987879,wa_dn_b-last_b-longer,0.46168706272498644,0.4938830166129345,21.2708312667068,22.962058830618258,-0.022680388825781033,-0.02639031456555826,0.005002433631780566,0.009561495041037591,28.562057853195054
