subject,nll,bic,model,wp,wp_rec,beta,beta_rec,b_last,b_last_rec,b_longer,b_longer_rec,nll_rec
164-attributes,25.414786517897387,67.82355400399221,wa_dn_b-last_b-longer,0.5778276608770353,0.5555452231255139,27.23302726725082,46.60189472550225,-0.013326128516612966,-0.02459366517013324,0.004598031431854326,0.03304872200795123,16.529224733905885
