subject,nll,bic,model,wp,wp_rec,beta,beta_rec,b_last,b_last_rec,b_longer,b_longer_rec,nll_rec
185-attributes,26.623960512525098,70.24190199324764,wa_dn_b-last_b-longer,0.5623021889459809,0.5780063831321081,25.770114475301263,22.73254091092807,0.009418383007930124,0.0006232141816954221,-0.009120847525922062,-0.014504255593216766,28.35683033212664
