subject,nll,bic,model,wp,wp_rec,beta,beta_rec,b_last,b_last_rec,b_longer,b_longer_rec,nll_rec
75-alternatives,29.83493548441093,76.6638519370193,wa_dn_b-last_b-longer,0.7616893855004503,0.715398819939871,10.922472661989943,17.05515010445432,0.036795089206432714,0.04863082966182418,-0.010184482793516678,0.007870895139665367,24.17321236567605
