subject,nll,bic,model,wp,wp_rec,beta,beta_rec,b_last,b_last_rec,b_longer,b_longer_rec,nll_rec
194-alternatives,34.226271701348495,85.44652437089442,wa_dn_b-last_b-longer,0.5029322447145849,0.5045366380545053,14.308875707690907,12.967187557401848,0.03865869974566127,0.022898609109225698,-8.718199747727854e-08,0.01953473518534869,36.2163090023081
