subject,nll,bic,model,wp,wp_rec,beta,beta_rec,b_last,b_last_rec,b_longer,b_longer_rec,nll_rec
17-alternatives,34.61983200660911,86.11769483392264,wa_dn_b-last_b-longer,0.558308007951038,0.520769052841474,14.179423634996864,13.89500167869064,0.008598902529192017,0.02081776943871686,0.0019129201746567546,0.0008489313167997503,34.43274642436711
