subject,nll,bic,model,wp,wp_rec,beta,beta_rec,b_last,b_last_rec,b_longer,b_longer_rec,nll_rec
17-attributes,36.6976828178566,90.27339645641763,wa_dn_b-last_b-longer,0.6030894495000878,0.5598394858379787,10.436833562480132,11.746931531163952,0.03807077302475031,0.06228862943367085,0.02109698587806016,0.02709435518720261,34.057403666773716
