subject,nll,bic,model,wp,wp_rec,beta,beta_rec,b_last,b_last_rec,b_longer,b_longer_rec,nll_rec
136-alternatives,21.625543634303376,60.24506823680419,wa_dn_b-last_b-longer,0.6285760550306756,0.6181776173307569,29.592274035074524,27.972981033474387,-0.009476854914455907,-0.004225065353522621,-0.01027744983769521,-0.00498856929830179,23.299638501363955
