subject,nll,bic,model,wp,wp_rec,beta,beta_rec,b_last,b_last_rec,b_longer,b_longer_rec,nll_rec
153-attributes,21.64152043099909,60.27702183019562,wa_dn_b-last_b-longer,0.46741045457919134,0.4652371491570952,36.82133176814991,22.688188248184844,0.018814297754875278,0.03505770263749465,0.0038612150875520306,-0.025406195163376166,26.32599971272748
