subject,nll,bic,model,wp,wp_rec,beta,beta_rec,b_last,b_last_rec,b_longer,b_longer_rec,nll_rec
94-attributes,30.091360911682862,77.17670279156316,wa_dn_b-last_b-longer,0.51804215232451,0.4903209744976264,21.214546121910153,13.40132142637906,-0.013487519796726381,-0.009076207209558988,-0.014476996884894218,-0.031879641398714735,35.77365664884533
