subject,nll,bic,model,wp,wp_rec,beta,beta_rec,b_last,b_last_rec,b_longer,b_longer_rec,nll_rec
149-alternatives,3.4253439190309356,23.669458315625732,wa_dn_b-last_b-longer,1.0,0.9899318545083242,28.83611959527072,200.0,0.044179778783443216,0.047754626682079734,0.04177371288812351,0.04775452306040363,0.0009464427905602067
