subject,nll,bic,model,wp,wp_rec,beta,beta_rec,b_last,b_last_rec,b_longer,b_longer_rec,nll_rec
65-attributes,17.206164092178668,51.40630915255477,wa_dn_b-last_b-longer,0.590293540946468,0.5789322953349408,42.07132452174753,47.65368902234363,4.274010998725406e-05,2.0133969977980107e-05,-2.8268616633738196e-08,-5.0602034626230274e-08,15.417955315107495
