subject,nll,bic,model,wp,wp_rec,beta,beta_rec,b_last,b_last_rec,b_longer,b_longer_rec,nll_rec
106-alternatives,36.42190458653269,89.78023519145442,wa_dn_b-last_b-longer,0.3113793554976524,0.27501060998371724,8.053439961113769,7.50101043778,0.009444127996227243,0.07969986480380437,0.050156185110322306,0.030893829373622582,34.275430453311316
