subject,nll,bic,model,wp,wp_rec,beta,beta_rec,b_last,b_last_rec,b_longer,b_longer_rec,nll_rec
145-attributes,17.57833233661794,52.150645641433314,wa_dn_b-last_b-longer,0.5611356851043056,0.5609948278924879,43.92307104506671,44.33294423577601,0.008558022484822488,0.004307480525000068,0.008537956465838834,0.004284777301781322,17.407680344940815
