subject,nll,bic,model,wp,wp_rec,beta,beta_rec,b_last,b_last_rec,b_longer,b_longer_rec,nll_rec
47-attributes,-4.732197930854709e-05,16.99388632423882,wa_dn_b-last_b-longer,1.0,1.0,199.99993881806265,199.99993881806265,-2.1326478215419743e-06,-2.1326478215419743e-06,9.784407642772172e-06,9.784407642772172e-06,-4.732197930854709e-05
