subject,nll,bic,model,wp,wp_rec,beta,beta_rec,b_last,b_last_rec,b_longer,b_longer_rec,nll_rec
132-attributes,21.120791192993526,59.23556335418449,wa_dn_b-last_b-longer,0.4623512870333363,0.4479229864109727,34.42631921961152,52.62511219879714,0.03189045710643707,0.02341156044270596,0.008544663574042665,0.010827923696874669,16.441162368997674
