subject,nll,bic,model,wp,wp_rec,beta,beta_rec,b_last,b_last_rec,b_longer,b_longer_rec,nll_rec
67-alternatives,23.50959296435361,64.01316689690466,wa_dn_b-last_b-longer,0.7074810304889197,0.761112243080529,19.090556460303556,32.92940145416475,-0.019291799217308964,0.014244151177656388,-0.037473934536047686,-0.1123866766318116,13.52376768973981
