subject,nll,bic,model,wp,wp_rec,beta,beta_rec,b_last,b_last_rec,b_longer,b_longer_rec,nll_rec
179-alternatives,21.902671503948394,60.79932397609423,wa_dn_b-last_b-longer,0.3087338462623097,0.29957010924814464,23.68108268183098,19.7972491501507,-0.016472876953245428,-0.010971292066565878,0.01839501819797862,0.0271769585073283,23.65349099129901
