subject,nll,bic,model,wp,wp_rec,beta,beta_rec,b_last,b_last_rec,b_longer,b_longer_rec,nll_rec
61-alternatives,22.943597196270233,62.8811753607379,wa_dn_b-last_b-longer,0.5837174039320031,0.5706614283300091,30.435567421524375,42.299571737811014,0.018536022207927792,0.008969624969574336,-0.01822762848351362,-3.6618962843289663e-08,17.93158539413647
