subject,nll,bic,model,wp,wp_rec,beta,beta_rec,b_last,b_last_rec,b_longer,b_longer_rec,nll_rec
20-attributes,18.8970007014559,54.78798237110924,wa_dn_b-last_b-longer,0.6586991857663612,0.6506698464203545,30.36654069932018,81.00664105436708,-0.022925319783784055,-0.031797491158704706,-0.011619953640595537,-0.01511998066088878,7.616660236039537
