subject,nll,bic,model,wp,wp_rec,beta,beta_rec,b_last,b_last_rec,b_longer,b_longer_rec,nll_rec
129-attributes,31.966312860474495,80.92660668914642,wa_dn_b-last_b-longer,0.5309857679268353,0.5429810534869028,18.870225831133858,22.173890100894614,0.006111401519335134,0.019396433314473625,0.005080694242845005,-0.004783017676488138,29.03976865054133
