subject,nll,bic,model,wp,wp_rec,beta,beta_rec,b_last,b_last_rec,b_longer,b_longer_rec,nll_rec
78-alternatives,21.69373447521276,60.38144991862296,wa_dn_b-last_b-longer,0.48693633973974887,0.5061825876662064,38.53337911699872,38.23593257397655,0.003940903934705663,0.003996404151121909,0.011121514113987178,0.0037813879139132886,21.757396328939222
