subject,nll,bic,model,wp,wp_rec,beta,beta_rec,b_last,b_last_rec,b_longer,b_longer_rec,nll_rec
0-alternatives,31.475405977127174,79.94479292245178,wa_dn_b-last_b-longer,0.5380975442717493,0.5445897120018772,19.420010781611413,26.555216314537383,0.0064164296327577945,-0.0036873724801612007,-0.015078884131409976,-0.013277015135616672,26.720216423175238
