subject,nll,bic,model,wp,wp_rec,beta,beta_rec,b_last,b_last_rec,b_longer,b_longer_rec,nll_rec
170-alternatives,16.49717647805659,49.98833392431062,wa_dn_b-last_b-longer,0.5625657335184777,0.5552478834805895,47.12943081175476,49.61648269550739,0.004407972706043981,0.0001226158559614282,-0.012951953183609737,4.752050656973198e-08,15.971999782647762
