subject,nll,bic,model,wp,wp_rec,beta,beta_rec,b_last,b_last_rec,b_longer,b_longer_rec,nll_rec
105-alternatives,18.13182071372971,53.25762239565685,wa_dn_b-last_b-longer,0.5325762021742518,0.5219287638694902,46.61078084782556,46.42304164895078,0.00013769343406230412,0.0001365467803948049,4.394290635207088e-08,0.0074189051732136725,18.535438203352225
