subject,nll,bic,model,wp,wp_rec,beta,beta_rec,b_last,b_last_rec,b_longer,b_longer_rec,nll_rec
190-alternatives,23.873565804353632,64.7411125769047,wa_dn_b-last_b-longer,0.5304556388948579,0.5648327903171045,32.285500283037926,37.54670816746705,0.0004079485794244252,0.00028995096812828086,-0.008200964383083254,-0.017236324008955913,20.27617241945322
