subject,nll,bic,model,wp,wp_rec,beta,beta_rec,b_last,b_last_rec,b_longer,b_longer_rec,nll_rec
97-attributes,28.3900465758694,73.77407411993623,wa_dn_b-last_b-longer,0.6207553245109919,0.5867336528916924,20.651067979643535,41.178853844265305,-0.014909717443637527,-0.004502965286458444,0.005420662781342416,-0.004560123791561461,17.729176381714208
