subject,nll,bic,model,wp,wp_rec,beta,beta_rec,b_last,b_last_rec,b_longer,b_longer_rec,nll_rec
49-alternatives,10.423265475687966,37.84051191957337,wa_dn_b-last_b-longer,0.7148950837847258,0.6761288109965012,38.95675125879071,30.788429214875073,-0.007990668383003217,-0.024633592094890522,-0.008700572839888149,1.8477711673059185e-06,17.50196706545678
