subject,nll,bic,model,wp,wp_rec,beta,beta_rec,b_last,b_last_rec,b_longer,b_longer_rec,nll_rec
23-alternatives,21.844627674339158,60.68323631687575,wa_dn_b-last_b-longer,0.630623435187615,0.6395616895925007,29.070310766795714,87.87150832427366,-0.014610470607457625,0.012409973770266173,-0.005186876339276089,-0.012405656405156047,6.36982766960503
