subject,nll,bic,model,wp,wp_rec,beta,beta_rec,b_last,b_last_rec,b_longer,b_longer_rec,nll_rec
84-attributes,24.199292621282392,65.39256621076223,wa_dn_b-last_b-longer,0.5294269109627442,0.5186784133807345,26.92177183999087,18.73497113099149,0.04493721006991984,0.05961119302624297,0.009527242436247625,0.017552833570255735,28.118197948773567
