subject,nll,bic,model,wp,wp_rec,beta,beta_rec,b_last,b_last_rec,b_longer,b_longer_rec,nll_rec
110-attributes,13.446875468138453,43.88773190447434,wa_dn_b-last_b-longer,0.9128615731749895,1.0,15.127826682941732,15.606635335491541,0.02649493718631436,0.012114830347076264,-0.019681092026083754,-0.02989611261682828,9.645086526881373
