subject,nll,bic,model,wp,wp_rec,beta,beta_rec,b_last,b_last_rec,b_longer,b_longer_rec,nll_rec
34-alternatives,40.48395699631425,97.84594481333292,wa_dn_b-last_b-longer,0.49982416412147773,0.425868300592273,7.231203460387402,9.8875713833874,0.04657883786851376,0.002979524456056941,-0.02377129696521913,-0.03516521891043298,37.054643744386574
