subject,nll,bic,model,wp,wp_rec,beta,beta_rec,b_last,b_last_rec,b_longer,b_longer_rec,nll_rec
80-alternatives,13.850954663656484,44.69589029551041,wa_dn_b-last_b-longer,0.46852265641338464,0.46247679873703695,77.98824819469328,74.88143656936475,0.008587899389917714,0.0028587896138694315,-0.0028995137000345883,-0.008406366416804562,14.560409789633809
