subject,nll,bic,model,wp,wp_rec,beta,beta_rec,b_last,b_last_rec,b_longer,b_longer_rec,nll_rec
163-attributes,43.66558637347266,104.32515371514275,wa_dn_b-last_b-longer,0.5789239437363141,0.6821266525668066,5.010985490258698,9.256776414687478,-0.06252881783046138,-0.05313133095236089,0.10146646399273168,0.15350834486894244,31.340726568698166
