subject,nll,bic,model,wp,wp_rec,beta,beta_rec,b_last,b_last_rec,b_longer,b_longer_rec,nll_rec
72-attributes,22.083472311862998,61.10337064211504,wa_dn_b-last_b-longer,0.7631931294872851,0.8181209343035051,16.512492740930774,9.795954585013805,-0.04322321167019912,-0.03555739040185228,0.01924011230685377,0.04912046734268216,28.92524449438126
