subject,nll,bic,model,wp,wp_rec,beta,beta_rec,b_last,b_last_rec,b_longer,b_longer_rec,nll_rec
113-alternatives,35.85080592911788,88.63803787662481,wa_dn_b-last_b-longer,0.1621366151700942,0.33819914507943444,5.8467885414121605,6.719506175484667,-0.0042240178287548166,0.01381058898016158,0.08630006518093093,0.04014271064862,39.71811726663393
