subject,nll,bic,model,wp,wp_rec,beta,beta_rec,b_last,b_last_rec,b_longer,b_longer_rec,nll_rec
30-alternatives,24.683366236714317,66.36071344162607,wa_dn_b-last_b-longer,0.6017266818373495,0.6074950514657897,27.16893721022334,45.711764600662065,0.0006941696152155867,-0.00451662245453658,1.3485827290458747e-07,-0.009492591948066146,15.458455970542468
