subject,nll,bic,model,wp,wp_rec,beta,beta_rec,b_last,b_last_rec,b_longer,b_longer_rec,nll_rec
25-attributes,18.927644819780465,54.84927060775837,wa_dn_b-last_b-longer,0.4858965617315668,0.5004716698015581,44.611252204506464,31.591125365244288,0.021554722403876923,0.02859741111133202,0.007382284302625907,1.6990912504557858e-08,23.18344526329979
