subject,nll,bic,model,wp,wp_rec,beta,beta_rec,b_last,b_last_rec,b_longer,b_longer_rec,nll_rec
174-alternatives,22.455916433015688,61.90581383422881,wa_dn_b-last_b-longer,0.47523501680606,0.4751094476669428,37.32726435027648,42.331240256207316,0.00025865781975705166,0.00372610683758508,-1.0158091923535142e-08,-0.010630714754399674,20.55906721538364
