subject,nll,bic,model,wp,wp_rec,beta,beta_rec,b_last,b_last_rec,b_longer,b_longer_rec,nll_rec
34-attributes,35.59780541513566,87.83114316371001,wa_dn_b-last_b-longer,0.4910092240177744,0.47223253534417764,8.916608392841807,20.58304765805775,0.058436718253633994,0.02521949592846624,0.0008637196420728588,0.005755123949655556,27.282171331219622
