subject,nll,bic,model,wp,wp_rec,beta,beta_rec,b_last,b_last_rec,b_longer,b_longer_rec,nll_rec
83-attributes,23.148134304817745,63.290249577832924,wa_dn_b-last_b-longer,0.626502840942632,0.6388873391755368,26.890514902715704,20.238239301351555,-0.02006404706209315,-0.010060573197801612,-0.02072009935863871,4.9560522037628316e-08,27.704977588057094
