subject,nll,bic,model,wp,wp_rec,beta,beta_rec,b_last,b_last_rec,b_longer,b_longer_rec,nll_rec
124-attributes,21.122447297881926,59.23887556396129,wa_dn_b-last_b-longer,0.4599997822316297,0.45898796709874284,41.199210184571015,26.56144244576081,2.8942958441440472e-05,0.03165634663681927,-4.824917280603102e-08,-0.014077013088845179,24.593066184351926
