subject,nll,bic,model,wp,wp_rec,beta,beta_rec,b_last,b_last_rec,b_longer,b_longer_rec,nll_rec
64-attributes,30.331746474300207,77.65747391679785,wa_dn_b-last_b-longer,0.6941380475023782,0.7256518423843583,13.37012014556342,9.418370088154534,0.01925556473153372,0.10185122166771558,-0.039122169359343886,-0.08767779511872509,29.96904887251556
