subject,nll,bic,model,wp,wp_rec,beta,beta_rec,b_last,b_last_rec,b_longer,b_longer_rec,nll_rec
161-attributes,15.119210178514997,47.23240132522743,wa_dn_b-last_b-longer,0.6281997870211647,0.6184524917876226,42.957498032329205,54.95527872758186,0.010253382053276434,0.02919762282553962,-0.010223605479119616,-0.01938515515514012,12.499327024372699
