subject,nll,bic,model,wp,wp_rec,beta,beta_rec,b_last,b_last_rec,b_longer,b_longer_rec,nll_rec
120-attributes,18.14590732208197,53.28579561236138,wa_dn_b-last_b-longer,0.6602359579152367,0.6292734392768295,31.004343298034136,59.23918076221304,0.023831010217809846,0.010493496277361831,0.01168509490147995,3.1098266438300934e-08,10.702762224018725
