subject,nll,bic,model,wp,wp_rec,beta,beta_rec,b_last,b_last_rec,b_longer,b_longer_rec,nll_rec
132-alternatives,28.054999185640167,73.04642438966937,wa_dn_b-last_b-longer,0.4841612131976827,0.5013356534057136,23.259066920456842,22.89225154573525,0.00905087697936259,0.03772793413032796,0.010205042033780254,0.0004596439504195394,27.018956966295864
