subject,nll,bic,model,wp,wp_rec,beta,beta_rec,b_last,b_last_rec,b_longer,b_longer_rec,nll_rec
77-alternatives,18.326097873597693,53.646176715392826,wa_dn_b-last_b-longer,0.7031066533429576,0.6716921234864415,25.180321391133642,28.769361665273923,0.01571541090304245,0.018821295740549557,-2.7833040427111647e-07,-0.031001621444249363,18.670098630657183
