subject,nll,bic,model,wp,wp_rec,beta,beta_rec,b_last,b_last_rec,b_longer,b_longer_rec,nll_rec
107-attributes,39.73802906942603,96.4124841572411,wa_dn_b-last_b-longer,0.7271438976106673,0.7100233757938106,6.392803880929171,9.405098378006773,0.012669006800627101,0.020972590489824895,-0.017319872361577615,0.01608008449885321,35.01844435829624
