subject,nll,bic,model,wp,wp_rec,beta,beta_rec,b_last,b_last_rec,b_longer,b_longer_rec,nll_rec
133-alternatives,18.50254312032337,53.941512259035775,wa_dn_b-last_b-longer,0.6472172872388423,0.6177774837115276,31.612709467843484,73.86985517149614,-0.017983171256167774,-0.02359089947650591,0.014313947867720578,0.016015459422515855,8.820620792316944
