subject,nll,bic,model,wp,wp_rec,beta,beta_rec,b_last,b_last_rec,b_longer,b_longer_rec,nll_rec
58-attributes,25.976638157035662,68.88970233246036,wa_dn_b-last_b-longer,0.5718840156133865,0.558002233423827,25.874313308407423,23.54384575591749,-0.005268302786306042,-0.010004383010098724,-0.0035042256371053833,-0.008027619502728855,27.78858221382458
