subject,nll,bic,model,wp,wp_rec,beta,beta_rec,b_last,b_last_rec,b_longer,b_longer_rec,nll_rec
76-alternatives,29.48529535947626,75.96457168714996,wa_dn_b-last_b-longer,0.5880533320534894,0.5552657447465593,21.2198548169799,25.637136857051132,0.0012195536988746467,0.0007570454169504446,-4.500692760241568e-08,0.02269486896301759,26.785952792628567
