subject,nll,bic,model,wp,wp_rec,beta,beta_rec,b_last,b_last_rec,b_longer,b_longer_rec,nll_rec
162-alternatives,22.55813182361476,62.110244615426964,wa_dn_b-last_b-longer,0.4909954329014033,0.49463257079688094,35.431568626935245,34.666714367089355,0.01181605279546796,0.01964980390101596,-0.011608872984366704,-0.0039724833198588804,22.609442913194957
