subject,nll,bic,model,wp,wp_rec,beta,beta_rec,b_last,b_last_rec,b_longer,b_longer_rec,nll_rec
98-alternatives,34.15995180994162,85.31388458808067,wa_dn_b-last_b-longer,0.547482413895354,0.516293011218643,16.37103517301629,14.950746177576217,0.002271794525290924,0.027372737661589232,0.005506407995723131,0.04862944276724883,32.72248970419448
