subject,nll,bic,model,wp,wp_rec,beta,beta_rec,b_last,b_last_rec,b_longer,b_longer_rec,nll_rec
147-attributes,29.56359616499179,76.12117329818102,wa_dn_b-last_b-longer,0.6043078001219254,0.5652606735846375,19.461171361314467,14.714489046556489,0.022161309265230432,0.03745627219487836,-3.534855838239794e-09,-2.8531955546783566e-08,33.82316975068499
