subject,nll,bic,model,wp,wp_rec,beta,beta_rec,b_last,b_last_rec,b_longer,b_longer_rec,nll_rec
21-attributes,22.467176311362213,61.928333590921866,wa_dn_b-last_b-longer,0.5639837196260383,0.5564917325376495,33.00941627600995,59.33897755892071,-0.004193476259861818,-0.004273224142028111,0.004343034553474145,0.004278237431610979,13.14645360032378
