subject,nll,bic,model,wp,wp_rec,beta,beta_rec,b_last,b_last_rec,b_longer,b_longer_rec,nll_rec
18-attributes,20.68184343785225,58.357667843901936,wa_dn_b-last_b-longer,0.5149043666303491,0.5376623337419497,40.27393423691491,44.88996095456313,0.0038083412345023193,-0.003953347623520095,0.003775180360111804,0.019654184230839204,18.035578732558577
