subject,nll,bic,model,wp,wp_rec,beta,beta_rec,b_last,b_last_rec,b_longer,b_longer_rec,nll_rec
74-attributes,28.892545369800295,74.42062307303928,wa_dn_b-last_b-longer,0.7013238132798608,0.710081467020629,12.090662765645252,13.025177502655335,0.03333814047726145,-0.0006184269548067464,0.0012560397222041923,0.018096253006533454,27.557510018089893
