subject,nll,bic,model,wp,wp_rec,beta,beta_rec,b_last,b_last_rec,b_longer,b_longer_rec,nll_rec
69-attributes,27.5920234819553,72.17802793210804,wa_dn_b-last_b-longer,0.6336462836270941,0.6084278320850707,20.642738257857697,30.045346578158128,-0.004474981894915234,-0.01408936649574071,-0.011173076305920729,-0.014437938251073333,22.31683988725431
