subject,nll,bic,model,wp,wp_rec,beta,beta_rec,b_last,b_last_rec,b_longer,b_longer_rec,nll_rec
188-alternatives,19.397884954474574,55.78975087714659,wa_dn_b-last_b-longer,0.3715249797947875,0.36675631807679676,38.82540297626995,35.58191255876736,0.00026924538746169976,-0.0039292535824931385,-1.6476070286825007e-09,-0.004338924117995759,20.2082659766869
