subject,nll,bic,model,wp,wp_rec,beta,beta_rec,b_last,b_last_rec,b_longer,b_longer_rec,nll_rec
148-attributes,24.087674559859906,65.11177513810885,wa_dn_b-last_b-longer,0.6277730747062407,0.6508298314556789,25.172490361679152,40.30374084926596,-0.030251950603502678,-0.02298003353710147,-0.010841678349747365,0.01123620233757161,14.785677465083207
