subject,nll,bic,model,wp,wp_rec,beta,beta_rec,b_last,b_last_rec,b_longer,b_longer_rec,nll_rec
142-alternatives,25.698677724794848,68.39133641778713,wa_dn_b-last_b-longer,0.5573425398445736,0.5657219041959209,27.68332361493747,21.20857121228935,0.009384639985085262,0.020466466408518815,-0.008886830687387508,3.625387070791784e-08,29.542556979017785
