subject,nll,bic,model,wp,wp_rec,beta,beta_rec,b_last,b_last_rec,b_longer,b_longer_rec,nll_rec
50-alternatives,23.45193927299582,63.89785951418908,wa_dn_b-last_b-longer,0.34563689478768755,0.2315802400221246,23.70276915684601,17.55458430964441,0.01212170034706983,0.03878539564529254,0.02205687465764501,0.01831187254074464,20.51419872143618
