subject,nll,bic,model,wp,wp_rec,beta,beta_rec,b_last,b_last_rec,b_longer,b_longer_rec,nll_rec
171-attributes,27.711864974381882,72.4177109169612,wa_dn_b-last_b-longer,0.48819370839051235,0.478903056075804,22.92727603007391,20.46266301397952,-0.036697405172712125,-0.03491334162699409,-0.009937363885307178,-0.03168383016487223,28.67815319935565
