subject,nll,bic,model,wp,wp_rec,beta,beta_rec,b_last,b_last_rec,b_longer,b_longer_rec,nll_rec
96-attributes,21.102301300612297,59.141028619613635,wa_dn_b-last_b-longer,0.5644474446255016,0.5826074449245184,34.945365052537724,28.34276216115328,-0.00893198118725323,0.004447572259572204,0.00906768325814298,0.014156533556492793,24.121403533934007
