subject,nll,bic,model,wp,wp_rec,beta,beta_rec,b_last,b_last_rec,b_longer,b_longer_rec,nll_rec
182-alternatives,31.73175294074787,80.39993189988478,wa_dn_b-last_b-longer,0.5196389669515764,0.49027516801361853,18.392588571958953,23.96417929741876,0.02198450238998595,-0.003559794936008184,0.010485737206948282,-0.004509105692585196,28.538391332879108
