subject,nll,bic,model,wp,wp_rec,beta,beta_rec,b_last,b_last_rec,b_longer,b_longer_rec,nll_rec
6-alternatives,12.38796418711418,41.7699093424258,wa_dn_b-last_b-longer,0.6221695423620147,0.6109358539571694,54.033950907868366,46.50012302236087,-0.004847893590574568,-0.00456651892259186,0.004984824653606656,0.009568167044698508,15.053356412563904
