subject,nll,bic,model,wp,wp_rec,beta,beta_rec,b_last,b_last_rec,b_longer,b_longer_rec,nll_rec
93-alternatives,39.55646499742576,96.10691096304896,wa_dn_b-last_b-longer,0.5657501586379371,0.532814547302715,10.160061274167612,21.108229098537123,0.014538881592240352,-0.0085725713212608,-0.015343548826524214,-0.03420819263454599,29.4306183361788
