subject,nll,bic,model,wp,wp_rec,beta,beta_rec,b_last,b_last_rec,b_longer,b_longer_rec,nll_rec
105-attributes,26.522190289272206,70.03836154674185,wa_dn_b-last_b-longer,0.5299801327555458,0.5486116402821267,26.49887044262755,32.935234578880525,0.00470540658945986,0.01697872351728815,-0.017531053459040734,-0.008481354490312062,22.6597461031587
