subject,nll,bic,model,wp,wp_rec,beta,beta_rec,b_last,b_last_rec,b_longer,b_longer_rec,nll_rec
1-alternatives,28.787845025766305,74.56967101973005,wa_dn_b-last_b-longer,0.5464302515203523,0.5657372960248536,21.37049470384456,35.68645370334234,0.03474519021722405,0.034620854362629544,0.005019884035409095,-1.8036516342070394e-08,20.62073338743169
