subject,nll,bic,model,wp,wp_rec,beta,beta_rec,b_last,b_last_rec,b_longer,b_longer_rec,nll_rec
43-attributes,20.924043826157632,58.842068620512705,wa_dn_b-last_b-longer,0.7210104567062903,0.7766900361716477,20.416754688951055,17.91124858186096,-0.006158134167790029,-0.026201176299984526,-0.024055021515067377,-0.04183311716913867,19.51010709785155
