subject,nll,bic,model,wp,wp_rec,beta,beta_rec,b_last,b_last_rec,b_longer,b_longer_rec,nll_rec
156-alternatives,19.198783455210407,55.391547878618255,wa_dn_b-last_b-longer,0.542629162302838,0.5752164302503209,41.83121435686854,42.04432757440937,0.012168963499572968,0.021952714194458593,-0.004026739187314028,-0.012938284845412288,17.940007280820453
