subject,nll,bic,model,wp,wp_rec,beta,beta_rec,b_last,b_last_rec,b_longer,b_longer_rec,nll_rec
186-alternatives,37.47994284349708,91.95386665519159,wa_dn_b-last_b-longer,0.4474016668482386,0.35411162821398845,8.687881269662078,6.4250223576275305,0.07188360875940251,0.13979768517598637,0.038155128064251344,0.041685345169002685,36.0942916997835
