subject,nll,bic,model,wp,wp_rec,beta,beta_rec,b_last,b_last_rec,b_longer,b_longer_rec,nll_rec
135-attributes,39.11434462611665,95.22267022043073,wa_dn_b-last_b-longer,0.29441178203899654,0.0,5.4257594236435365,3.2207136239401515,0.0951542189610391,0.025837477783904935,-0.04552311226282685,-0.05281328455764787,40.42870345560528
