subject,nll,bic,model,wp,wp_rec,beta,beta_rec,b_last,b_last_rec,b_longer,b_longer_rec,nll_rec
86-attributes,-4.732159700593088e-05,16.993886325003427,wa_dn_b-last_b-longer,1.0,1.0,199.99962554766068,199.99962554766068,6.415839797191972e-07,6.415839797191972e-07,-2.7904365115146883e-08,-2.7904365115146883e-08,-4.732159700593088e-05
