subject,nll,bic,model,wp,wp_rec,beta,beta_rec,b_last,b_last_rec,b_longer,b_longer_rec,nll_rec
38-attributes,29.097638586410582,75.1892581410186,wa_dn_b-last_b-longer,0.5504518461353737,0.5195911119326875,22.618970489395362,21.151775815004356,-0.017966093193677105,-0.042765108517612616,6.261915511478589e-08,0.015566410288412937,28.88644725732676
