subject,nll,bic,model,wp,wp_rec,beta,beta_rec,b_last,b_last_rec,b_longer,b_longer_rec,nll_rec
123-alternatives,24.457114107759846,65.90820918371713,wa_dn_b-last_b-longer,0.4703254550170029,0.5351553717963138,31.328297224511388,42.43640110576962,-0.0035442663595434153,-0.011660874687152965,0.011998171062511234,0.019778362468452364,19.09675028110386
