subject,nll,bic,model,wp,wp_rec,beta,beta_rec,b_last,b_last_rec,b_longer,b_longer_rec,nll_rec
66-alternatives,19.94271529618208,56.87941156056159,wa_dn_b-last_b-longer,0.5986402709802802,0.5933303434810597,35.881955190477825,31.838842118025845,-0.013336581811042999,-0.022157396792665183,0.004618059553479335,-0.004605182241342012,22.246004328667222
