subject,nll,bic,model,wp,wp_rec,beta,beta_rec,b_last,b_last_rec,b_longer,b_longer_rec,nll_rec
163-alternatives,34.82032744943655,86.57708091726214,wa_dn_b-last_b-longer,0.4891026569986786,0.5364234401584154,13.971763820568212,17.66805975652244,-0.004364984255236023,-0.02042049894246911,-0.02897769090740655,0.007216343476310144,32.39986412711431
