subject,nll,bic,model,wp,wp_rec,beta,beta_rec,b_last,b_last_rec,b_longer,b_longer_rec,nll_rec
184-alternatives,-4.6822404991230025e-05,16.993887323387455,wa_dn_b-last_b-longer,1.0,1.0,199.9999697687225,199.9999697687225,0.00010953799117383016,0.00010953799117383016,1.4676950922642816e-07,1.4676950922642816e-07,-4.6822404991230025e-05
