subject,nll,bic,model,wp,wp_rec,beta,beta_rec,b_last,b_last_rec,b_longer,b_longer_rec,nll_rec
114-attributes,18.86304150973134,54.72006398766011,wa_dn_b-last_b-longer,0.575352389387191,0.5766691489381802,39.49585783138165,46.10796575634536,5.61038847319627e-05,0.00456039068363816,0.008876962284155118,0.004540665151198336,16.096082733662787
