subject,nll,bic,model,wp,wp_rec,beta,beta_rec,b_last,b_last_rec,b_longer,b_longer_rec,nll_rec
10-alternatives,28.427108547833715,73.84819806386487,wa_dn_b-last_b-longer,0.5565655778776208,0.5214214281896129,23.448668831712833,102.21697033664161,0.005539610894714326,0.006727097389449042,-0.014021921119622919,-0.006725884777507557,9.403688337617556
