subject,nll,bic,model,wp,wp_rec,beta,beta_rec,b_last,b_last_rec,b_longer,b_longer_rec,nll_rec
155-alternatives,28.280966622080804,73.55591421235904,wa_dn_b-last_b-longer,0.7087916170199929,0.6765258164183892,14.246702500390581,30.764192206327927,0.03476423815468776,0.04469416963541466,-0.01603501150152612,0.0060304731834234645,17.330019859443592
