subject,nll,bic,model,wp,wp_rec,beta,beta_rec,b_last,b_last_rec,b_longer,b_longer_rec,nll_rec
57-alternatives,24.784147567218547,66.56227610263453,wa_dn_b-last_b-longer,0.5479018359942551,0.49660784911082034,29.96423501715161,49.03894012314884,0.0005040010515903124,-0.0034032063653925944,1.7281400120872372e-08,0.010549644864642087,18.35494631880609
