subject,nll,bic,model,wp,wp_rec,beta,beta_rec,b_last,b_last_rec,b_longer,b_longer_rec,nll_rec
79-attributes,20.261477223211514,57.51693541462046,wa_dn_b-last_b-longer,0.7069835715316396,0.7218997975296734,22.80491236673938,20.844915059190747,-0.027582660384044156,-0.006332434215272381,-0.029538472663275275,-0.008086536433852244,20.39759487569073
