subject,nll,bic,model,wp,wp_rec,beta,beta_rec,nll_rec
23-attributes,24.268459859562686,57.03391020322409,wa_dn,0.6383005930069308,0.6348721442332047,24.417938175614594,31.279219958143436,19.972326904294857
