subject,nll,bic,model,wp,wp_rec,beta,beta_rec,nll_rec
72-attributes,23.935895229932072,56.340003469058665,wa_dn,0.7690300120551646,0.8586608013046806,14.339811335094193,8.70189049595685,28.86504474544483
