subject,nll,bic,model,wp,wp_rec,beta,beta_rec,nll_rec
84-attributes,30.031848845171172,68.56068817444107,wa_dn,0.5281605720339322,0.5194211525757113,21.68801339928431,40.42050884638696,20.560965888698277
