subject,nll,bic,model,wp,wp_rec,beta,beta_rec,nll_rec
127-attributes,31.384296491802356,71.23680599279923,wa_dn,0.4966043366908331,0.5231314518131186,18.64085320834899,17.15317897873845,32.84921432281762
