subject,nll,bic,model,wp,wp_rec,beta,beta_rec,nll_rec
7-attributes,27.410775894429356,63.31854227295743,wa_dn,0.5449997995585943,0.5668143424704605,25.401212905177978,26.165831530049925,26.459834976451994
