subject,nll,bic,model,wp,wp_rec,beta,beta_rec,nll_rec
86-alternatives,9.264737915040872,27.02646631418046,wa_dn,1.0,0.8548654130141033,15.92984610674082,21.235486103246576,10.113504797688467
