subject,nll,bic,model,wp,wp_rec,beta,beta_rec,nll_rec
124-attributes,21.122452231942404,50.741894947983525,wa_dn,0.45999978377156303,0.46671741414363366,41.19936592744402,50.0,16.877237048205632
