subject,nll,bic,model,wp,wp_rec,beta,beta_rec,nll_rec
120-alternatives,26.08447508584237,60.66594065578346,wa_dn,0.6181702051724027,0.6037908387611423,23.9121887656708,29.72153132292864,22.9836053151502
