subject,nll,bic,model,wp,wp_rec,beta,beta_rec,nll_rec
86-attributes,0.2083801598655306,8.91375080382978,wa_dn,1.0,1.0,50.0,50.0,0.2083801598655306
