subject,nll,bic,model,wp,wp_rec,beta,beta_rec,nll_rec
132-attributes,25.487096490626364,59.471183465351444,wa_dn,0.4615701668300734,0.46624059426669323,28.79254722069035,17.394084013895903,32.414145992059076
