subject,nll,bic,model,wp,wp_rec,beta,beta_rec,nll_rec
16-attributes,22.134055847884042,52.7651021798668,wa_dn,0.6210890067646054,0.577193167849202,29.249205022696795,19.814772355824655,30.79029419502526
