subject,nll,bic,model,wp,wp_rec,beta,beta_rec,nll_rec
17-alternatives,34.710280040988394,77.859575492329,wa_dn,0.5578148229004011,0.5600859441301246,14.29185693772601,8.846114501990813,40.14160574784771
