subject,nll,bic,model,wp,wp_rec,beta,beta_rec,nll_rec
185-attributes,27.10872641357662,62.714443311251955,wa_dn,0.5621857039900042,0.557513068517218,25.359653380866437,17.328321902611457,33.1851461303804
