subject,nll,bic,model,wp,wp_rec,beta,beta_rec,nll_rec
19-attributes,18.64125076328813,45.77949201067498,wa_dn,0.5008062469929204,0.4785729028234004,47.790852658016604,37.690828477948315,22.140380142531466
