subject,nll,bic,model,wp,wp_rec,beta,beta_rec,nll_rec
57-alternatives,24.785046944358434,58.067084372815586,wa_dn,0.5478992414072885,0.5269563331922241,29.970379571504903,38.01152594548518,21.44969847819268
