subject,nll,bic,model,wp,wp_rec,beta,beta_rec,nll_rec
111-attributes,26.947485655477507,62.39196179505373,wa_dn,0.40458493477775986,0.4040248550133938,22.784849628963517,46.67834699945475,18.642178151345746
