subject,nll,bic,model,wp,wp_rec,beta,beta_rec,nll_rec
143-alternatives,34.14530661470291,76.78760371350454,wa_dn,0.5114637145492494,0.5252763450077259,16.39600965053949,21.87734900027389,30.068882566471913
