subject,nll,bic,model,wp,wp_rec,beta,beta_rec,nll_rec
198-alternatives,24.328467517009013,57.15392551811674,wa_dn,0.5832056673094228,0.554977870994987,28.960947327741533,33.42084680242466,22.713604115599285
