subject,nll,bic,model,wp,wp_rec,beta,beta_rec,nll_rec
56-attributes,6.842609027396203,22.182208538891125,wa_dn,0.9825643148761457,0.8720859977439802,19.410606471888826,50.0,2.29618566820879
