subject,nll,bic,model,wp,wp_rec,beta,beta_rec,nll_rec
66-attributes,29.837396862151106,68.17178420840094,wa_dn,0.5276977064832318,0.4767726946568839,21.969200569404865,38.392503812013814,21.91289923105759
