subject,nll,bic,model,wp,wp_rec,beta,beta_rec,nll_rec
199-alternatives,36.93385924972845,82.36470898355562,wa_dn,0.41453685149826985,0.460716656032634,11.323855602363988,11.640865164151107,37.800809851461814
