subject,nll,bic,model,wp,wp_rec,beta,beta_rec,nll_rec
131-alternatives,30.7617877893014,70.02056606270152,wa_dn,0.5088537221833047,0.5120964514127465,20.794500060215736,29.341614309295682,25.67964682371181
