subject,nll,bic,model,wp,wp_rec,beta,beta_rec,nll_rec
2-attributes,27.40388380837799,63.3047581008547,wa_dn,0.6201222067626728,0.6176136470399269,21.87322690155747,17.633388992918004,31.16314725789796
