subject,nll,bic,model,wp,wp_rec,beta,beta_rec,nll_rec
123-attributes,21.868393622436443,52.2337777289716,wa_dn,0.47259684445490535,0.47539516772173884,38.58630634787192,44.1198593814962,20.184246280996973
