subject,nll,bic,model,wp,wp_rec,beta,beta_rec,nll_rec
11-alternatives,30.532061995546155,69.56111447519103,wa_dn,0.4611532665366331,0.4746276278126736,20.02031065390405,17.28890574845628,32.853819883230926
