subject,nll,bic,model,wp,wp_rec,beta,beta_rec,nll_rec
73-attributes,22.57685205413915,53.62191711747282,wa_dn,0.6026029077266999,0.6022086192725196,30.209818392013773,37.856621672995225,18.59674713228169
