subject,nll,bic,model,wp,wp_rec,beta,beta_rec,nll_rec
35-attributes,33.62861168458562,75.66660860795318,wa_dn,0.6291351166611157,0.5857962482818558,12.849392044402007,16.01826394784104,31.964591158685508
