subject,nll,bic,model,wp,wp_rec,beta,beta_rec,nll_rec
163-alternatives,35.76499118279136,79.99819537477724,wa_dn,0.4879208474710325,0.5078930979618006,13.497395349882643,10.40039699507656,39.16001564608923
