subject,nll,bic,model,wp,wp_rec,beta,beta_rec,nll_rec
127-alternatives,23.799936254489708,56.09686299307813,wa_dn,0.5647636795711332,0.5225436957866617,30.88107906838378,28.942745099898225,25.79796264353106
