subject,nll,bic,model,wp,wp_rec,beta,beta_rec,nll_rec
198-attributes,24.994911684583872,58.48681385326646,wa_dn,0.6097104551523642,0.6162861731062181,25.87903670111571,34.320899335879155,19.582900650073828
