subject,nll,bic,model,wp,wp_rec,beta,beta_rec,nll_rec
137-attributes,9.926650845883973,28.350292175866663,wa_dn,0.20776816936736822,0.12992883824404342,31.69073959546689,23.280965427133175,9.824354019972684
