subject,nll,bic,model,wp,wp_rec,beta,beta_rec,nll_rec
76-attributes,28.40697007339703,65.28215315598858,wa_dn,0.6474604694681877,0.6165521456549681,18.12806739855552,22.827799090322287,26.210782821728134
