subject,nll,bic,model,wp,wp_rec,beta,beta_rec,nll_rec
157-alternatives,0.22489467403890792,8.946779832176535,wa_dn,1.0,1.0,50.0,50.0,0.22489467403890792
