subject,nll,bic,model,wp,wp_rec,beta,beta_rec,nll_rec
14-alternatives,19.89678440299691,48.29055929009254,wa_dn,0.5466313415605266,0.5513262720736373,40.08315910104374,50.0,15.238811617112068
