subject,nll,bic,model,wp,wp_rec,beta,beta_rec,nll_rec
26-alternatives,18.735966234280816,45.96892295266035,wa_dn,0.8765676681270891,0.882313472591846,13.112597644671078,12.521170878165464,19.473706849716713
