subject,nll,bic,model,wp,wp_rec,beta,beta_rec,nll_rec
132-alternatives,28.525403511103296,65.51902003140111,wa_dn,0.4842015673075214,0.519274671163239,23.028468128618375,20.935148043682617,30.222396056866234
