subject,nll,bic,model,wp,wp_rec,beta,beta_rec,nll_rec
42-attributes,21.170847074969323,50.838684634037364,wa_dn,0.6212379384965585,0.6407972028443909,30.841779573116224,41.66863914096634,14.558797960337921
