subject,nll,bic,model,wp,wp_rec,beta,beta_rec,nll_rec
79-alternatives,28.643991982771734,65.78497444964219,wa_dn,0.7706072020628872,0.796560976630546,11.657525609632465,15.348568292686291,20.606248394412255
