subject,nll,bic,model,wp,wp_rec,beta,beta_rec,nll_rec
5-alternatives,20.38668170350107,49.270353891100854,wa_dn,0.3003723464054047,0.2768830109174757,26.04280743382986,38.07673549083979,13.766938969508782
