subject,nll,bic,model,wp,wp_rec,beta,beta_rec,nll_rec
31-attributes,40.733066493404145,89.96312347090701,wa_dn,0.4622115795096679,0.3843057436614153,8.821197911456979,13.382882125642565,33.388090911235324
