subject,nll,bic,model,wp,wp_rec,beta,beta_rec,nll_rec
151-alternatives,22.76660392482059,54.0301983337399,wa_dn,0.6497318556951951,0.670880614115429,25.477709591402732,21.6071601117278,24.16868989118458
