subject,nll,bic,model,wp,wp_rec,beta,beta_rec,nll_rec
189-attributes,16.744484830013576,41.95718266922167,wa_dn,0.650387271245793,0.6214875230437319,34.4358448278131,50.0,13.008314103924077
