subject,nll,bic,model,wp,wp_rec,beta,beta_rec,nll_rec
117-alternatives,16.157238606381977,40.81146769686267,wa_dn,0.6614256861106598,0.6712421389240466,34.51547009686403,32.6197545210737,16.348120298518815
