subject,nll,bic,model,wp,wp_rec,beta,beta_rec,nll_rec
144-alternatives,26.725532825273024,61.91927865974057,wa_dn,0.47409437002198285,0.4214705494784,26.43406683749531,41.59841229709985,20.590501732862162
