subject,nll,bic,model,wp,wp_rec,beta,beta_rec,nll_rec
179-attributes,21.118533984320134,50.734058452738985,wa_dn,0.36105316768885004,0.36591196749283295,31.75468123860643,28.199242223841374,22.766379379457465
