subject,nll,bic,model,wp,wp_rec,beta,beta_rec,nll_rec
174-alternatives,22.456257469471232,53.40950542304118,wa_dn,0.4752348274335113,0.4652597974789605,37.33191023487477,29.728667372004786,25.332882179176433
