subject,nll,bic,model,wp,wp_rec,beta,beta_rec,nll_rec
115-alternatives,14.367751715415627,37.232493914929975,wa_dn,0.5312847187347888,0.5362771644045081,50.0,50.0,14.420714974974672
