subject,nll,bic,model,wp,wp_rec,beta,beta_rec,nll_rec
100-alternatives,26.85255550565896,62.202101495416635,wa_dn,0.6118458585569797,0.6178926824013042,23.346617247829723,19.74171455275645,29.408801997524616
