subject,nll,bic,model,wp,wp_rec,beta,beta_rec,nll_rec
95-attributes,27.851258493406753,64.19950747091222,wa_dn,0.4956586722298037,0.4723145205902936,24.94244669357136,20.49662542289546,30.27277775003623
