subject,nll,bic,model,wp,wp_rec,beta,beta_rec,nll_rec
199-attributes,28.788777799213204,66.07454608252513,wa_dn,0.396507492412304,0.39855168002510294,19.38342307470568,20.891638075340172,27.866607704803766
