subject,nll,bic,model,wp,wp_rec,beta,beta_rec,nll_rec
104-alternatives,34.239627502346146,76.85856448874515,wa_dn,0.5719240989300979,0.5355366280104025,14.029443676677078,18.675871101311866,30.89207924836454
