subject,nll,bic,model,wp,wp_rec,beta,beta_rec,nll_rec
11-attributes,32.0504030716826,72.59779662746392,wa_dn,0.4941812198633492,0.47861356873964445,18.564105880655568,20.13404300250583,30.64589949759292
