subject,nll,bic,model,wp,wp_rec,beta,beta_rec,nll_rec
161-attributes,15.976759741758409,40.45050996761554,wa_dn,0.6279645825554836,0.6377808241359924,40.66478725992171,48.892090423785255,12.399195661817537
