subject,nll,bic,model,wp,wp_rec,beta,beta_rec,nll_rec
71-alternatives,19.202763802850964,46.902518089800644,wa_dn,0.4891664251385664,0.49981574476326607,47.17611423844164,50.0,14.40666337734416
