subject,nll,bic,model,wp,wp_rec,beta,beta_rec,nll_rec
21-attributes,22.605422123974332,53.70783473204738,wa_dn,0.5639803035588393,0.6222380740710854,32.74414109870105,30.905787137520203,21.069863194784652
