subject,nll,bic,model,wp,wp_rec,beta,beta_rec,nll_rec
138-attributes,0.09323494229610604,8.654682893786731,wa_dn,0.0,0.0,50.0,50.0,0.09323494229610604
