subject,nll,bic,model,wp,wp_rec,beta,beta_rec,nll_rec
135-attributes,41.22084442801718,90.93867934013308,wa_dn,0.3324592573123074,0.25586986971302583,6.223129239018839,6.765218449692675,37.82776067790103
