subject,nll,bic,model,wp,wp_rec,beta,beta_rec,nll_rec
0-alternatives,31.993302717255375,72.48359591860947,wa_dn,0.5380367844875671,0.5432210991347624,19.18293755972024,15.139981956340613,35.316975267710205
