subject,nll,bic,model,wp,wp_rec,beta,beta_rec,nll_rec
58-attributes,26.089358239478095,60.64692948815071,wa_dn,0.5719432853975144,0.5887230641750189,25.69487460201727,10.42935734303438,38.55697538690091
