subject,nll,bic,model,wp,wp_rec,beta,beta_rec,nll_rec
46-alternatives,34.86827478334022,78.23354005077915,wa_dn,0.5685940720611216,0.6083716257568077,15.361082283532914,15.855865334931684,33.323606594862
