subject,nll,bic,model,wp,wp_rec,beta,beta_rec,nll_rec
153-alternatives,29.417481060270802,67.33195260464032,wa_dn,0.48494768737903754,0.46181450750295744,22.43372162502854,13.305620732220948,36.110541641202325
