subject,nll,bic,model,wp,wp_rec,beta,beta_rec,nll_rec
120-attributes,19.923079018246767,48.34314852059225,wa_dn,0.6594912489911207,0.6751662500471917,28.184882485382282,50.0,5.099345371506209
