subject,nll,bic,model,wp,wp_rec,beta,beta_rec,nll_rec
51-attributes,34.81677450179876,78.04293424237946,wa_dn,0.323489054812972,0.3333366373081405,9.38602735708079,11.989420253878993,31.93820293018561
