subject,nll,bic,model,wp,wp_rec,beta,beta_rec,nll_rec
49-alternatives,10.73238802958812,29.961766543274962,wa_dn,0.7151387135953697,0.7049574830163632,37.67424007479848,36.781168814298454,11.741689485483617
