subject,nll,bic,model,wp,wp_rec,beta,beta_rec,nll_rec
182-alternatives,32.79094603186125,74.05010507291702,wa_dn,0.5196885712974311,0.5020815872359208,18.078487050231686,13.330863337557009,36.67029975737507
