subject,nll,bic,model,wp,wp_rec,beta,beta_rec,nll_rec
194-attributes,28.747619415796482,65.96345184078749,wa_dn,0.571798080599044,0.5675102350681507,21.82972538044272,24.365269851995798,27.030950017932025
