subject,nll,bic,model,wp,wp_rec,beta,beta_rec,nll_rec
188-alternatives,19.398227552375566,47.29344558884985,wa_dn,0.37152918010639846,0.35456130156203136,38.8315173922964,23.92783168157676,24.537130702752656
