subject,nll,bic,model,wp,wp_rec,beta,beta_rec,nll_rec
196-attributes,31.402716789729627,71.30242406355798,wa_dn,0.5113941767418835,0.4977225778724205,19.6962614784704,20.594979690991263,30.62448730706842
