subject,nll,bic,model,wp,wp_rec,beta,beta_rec,nll_rec
146-alternatives,15.452057066415307,39.40110461692933,wa_dn,0.6363764793606833,0.6232974872679767,40.70396048570846,48.95407418734554,13.624522799701245
