subject,nll,bic,model,wp,wp_rec,beta,beta_rec,nll_rec
128-alternatives,32.17837948367717,72.82497197654885,wa_dn,0.5675719674120094,0.5788321075832656,17.744874493894613,11.794122824096714,37.46458912785335
