subject,nll,bic,model,wp,wp_rec,beta,beta_rec,nll_rec
100-attributes,34.427330761696496,77.35165200749171,wa_dn,0.5643751863470027,0.5526031816907477,15.777497889132036,22.66999817449222,29.139814007032335
