subject,nll,bic,model,wp,wp_rec,beta,beta_rec,nll_rec
7-alternatives,32.28767647820429,73.0723434405073,wa_dn,0.578076442007678,0.5660974581270248,18.112080800809554,18.082151106865517,32.56585876359543
