subject,nll,bic,model,wp,wp_rec,beta,beta_rec,nll_rec
177-alternatives,26.611286144047416,61.71956277219355,wa_dn,0.5200082285803418,0.5299750267096215,27.497468483116375,25.837073087285734,27.497161304435572
