subject,nll,bic,model,wp,wp_rec,beta,beta_rec,nll_rec
1-alternatives,31.460777383490882,71.41854525108049,wa_dn,0.5460085518523592,0.5556633173765962,19.814612495879906,22.406427992692215,29.436616389583907
