subject,nll,bic,model,wp,wp_rec,beta,beta_rec,nll_rec
75-attributes,17.469323686616903,43.43563785733252,wa_dn,0.7171679831351893,0.6802048263714905,24.6070663931636,37.51518009323682,13.008924298193707
