subject,nll,bic,model,wp,wp_rec,beta,beta_rec,nll_rec
55-alternatives,24.17424473762133,56.845479959341375,wa_dn,0.4698755323973454,0.4842520753054502,32.63979825760843,32.57038368672964,24.257433753523777
