subject,nll,bic,model,wp,wp_rec,beta,beta_rec,nll_rec
102-attributes,20.45774993838858,49.41249036087588,wa_dn,0.5638601511008823,0.5857291272010118,36.95123246653916,35.158925346897455,20.559794766378218
