subject,nll,bic,model,wp,wp_rec,beta,beta_rec,nll_rec
155-attributes,32.50117519086206,73.49934086582283,wa_dn,0.7222186198389984,0.7988212767900674,11.241499640781115,7.32476882171164,35.85056921925498
