subject,nll,bic,model,wp,wp_rec,beta,beta_rec,nll_rec
65-alternatives,13.351794291417681,35.20057906693408,wa_dn,0.6126710595018318,0.6507054873028129,50.0,49.14164816004988,11.197062003792766
