subject,nll,bic,model,wp,wp_rec,beta,beta_rec,nll_rec
33-attributes,35.49394394124798,79.48487836659467,wa_dn,0.45001854500129,0.44155478867151776,13.43612781542962,13.994120614904988,34.72159069087094
