subject,nll,bic,model,wp,wp_rec,beta,beta_rec,nll_rec
46-attributes,25.373638576829386,59.24426763775749,wa_dn,0.5747093875844688,0.5936582161804196,27.486013639481207,32.02458481957674,21.933884181330694
