subject,nll,bic,model,wp,wp_rec,beta,beta_rec,nll_rec
114-attributes,19.210074527824872,46.91713953974846,wa_dn,0.5753339043923315,0.5652819554365234,38.68730699478461,27.97911607481096,25.341138910943442
