subject,nll,bic,model,wp,wp_rec,beta,beta_rec,nll_rec
20-alternatives,22.421915483095386,53.34082145028949,wa_dn,0.640678098878899,0.6193577501590773,26.94875098599645,42.77944137763837,15.877457170783666
