subject,nll,bic,model,wp,wp_rec,beta,beta_rec,nll_rec
112-attributes,14.682983497508665,37.86295747911605,wa_dn,0.5912343180873619,0.5909038861693265,48.789708924674166,43.11522642794504,16.763943677018933
