subject,nll,bic,model,wp,wp_rec,beta,beta_rec,nll_rec
162-alternatives,23.791592443814203,56.08017537172712,wa_dn,0.49075684425050037,0.4293787561129819,33.671905759186224,44.340985772078845,20.20203114256965
