subject,nll,bic,model,wp,wp_rec,beta,beta_rec,nll_rec
146-attributes,19.934487131373878,48.36596474684647,wa_dn,0.6253221895415374,0.6411855086864177,32.56310344316563,35.852160316809716,17.051424932720032
