subject,nll,bic,model,wp,wp_rec,beta,beta_rec,nll_rec
131-attributes,30.393775367364025,69.28454121882677,wa_dn,0.5221671922734513,0.5130332644383363,21.172027002807877,20.03970405737273,31.163966924425047
