subject,nll,bic,model,wp,wp_rec,beta,beta_rec,nll_rec
20-attributes,20.534939594697185,49.56686967349309,wa_dn,0.6587944678286219,0.6523137411888614,27.37232681751177,41.965496663403826,13.415973268069907
