subject,nll,bic,model,wp,wp_rec,beta,beta_rec,nll_rec
124-alternatives,15.738445678208983,39.97388184051668,wa_dn,0.44732273243338444,0.45168487830993725,50.0,33.5170469028027,23.660449077611688
