subject,nll,bic,model,wp,wp_rec,beta,beta_rec,nll_rec
170-alternatives,17.48904460255525,43.47507968920922,wa_dn,0.5622239404764148,0.5505657134425702,44.311137974051064,47.443907158234786,16.950666922559385
