subject,nll,bic,model,wp,wp_rec,beta,beta_rec,nll_rec
174-attributes,23.336410771761408,55.16981202762153,wa_dn,0.5080550017288357,0.5010005397218324,33.993232443367596,41.427725902009705,20.609108779025267
