subject,nll,bic,model,wp,wp_rec,beta,beta_rec,nll_rec
75-alternatives,30.6530930911589,69.80317666641652,wa_dn,0.7494441665806535,0.6792139917668272,11.346607997476092,13.732277661810848,31.852737213344373
