subject,nll,bic,model,wp,wp_rec,beta,beta_rec,nll_rec
191-alternatives,20.735503924520234,49.967998333139185,wa_dn,0.4463662019607221,0.41164267450993747,43.16772609590369,25.8867001395103,25.784754131765744
