subject,nll,bic,model,wp,wp_rec,beta,beta_rec,nll_rec
41-alternatives,46.18436319324881,100.80774179684983,wa_dn,0.5473743890434447,0.3377866028433766,2.820594772468974,2.068570532861054,46.20829800329797
