subject,nll,bic,model,wp,wp_rec,beta,beta_rec,nll_rec
41-attributes,45.720622226587516,99.85062969195697,wa_dn,0.601235603202766,0.5286369877752657,2.2302097617446304,3.6255169117222588,44.85387154235493
