subject,nll,bic,model,wp,wp_rec,beta,beta_rec,nll_rec
27-attributes,26.18714283675645,60.87127615761162,wa_dn,0.4784543446082008,0.5070489730188394,27.76996348768267,49.0035311901665,18.148726445526563
