subject,nll,bic,model,wp,wp_rec,beta,beta_rec,nll_rec
143-attributes,30.83591967084219,70.1688298257831,wa_dn,0.4935917728952055,0.5128900803035185,20.215344974293508,19.502919929648712,31.556382866232948
