subject,nll,bic,model,wp,wp_rec,beta,beta_rec,nll_rec
6-alternatives,12.666994311932532,33.830979107963785,wa_dn,0.6228004585533183,0.6232253163175928,50.0,50.0,12.232527074058066
