subject,nll,bic,model,wp,wp_rec,beta,beta_rec,nll_rec
13-attributes,40.8874458829771,90.27188225005291,wa_dn,0.5035704059006463,0.4839163179180096,9.164390486286486,3.8374520236218292,46.458120576034645
