subject,nll,bic,model,wp,wp_rec,beta,beta_rec,nll_rec
49-attributes,9.955815064909574,28.379843139013666,wa_dn,0.7763914493879227,0.7887878092830071,28.70065917843767,18.35209247414245,17.213156442805186
