subject,nll,bic,model,wp,wp_rec,beta,beta_rec,nll_rec
184-attributes,6.571146585056737,21.639283654212193,wa_dn,0.957714546804034,0.8720859971449483,20.84850858893791,50.0,2.2961856682087896
