subject,nll,bic,model,wp,wp_rec,beta,beta_rec,nll_rec
155-alternatives,29.6149765965328,67.72694367716431,wa_dn,0.7025648934575531,0.7897876253372471,14.22221572631101,11.321738908139825,27.934336828955136
