subject,nll,bic,model,wp,wp_rec,beta,beta_rec,nll_rec
144-attributes,30.317608069881807,69.13220662386233,wa_dn,0.47489220638933266,0.45123247442597464,20.50709226733985,20.69678237460144,29.64812375199179
