subject,nll,bic,model,wp,wp_rec,beta,beta_rec,nll_rec
168-attributes,10.479117931635924,29.45522634737057,wa_dn,0.816676565469156,0.8753254064770071,23.493445107723648,20.253916269387076,9.848787397297563
