subject,nll,bic,model,wp,wp_rec,beta,beta_rec,nll_rec
27-alternatives,28.11548279662854,64.7279560773558,wa_dn,0.5079316952382463,0.4969229373316368,24.91979194869736,26.415520067231533,27.22786053285241
