subject,nll,bic,model,wp,wp_rec,beta,beta_rec,nll_rec
176-attributes,38.09388955851065,84.68476960112001,wa_dn,0.6098852917464395,0.5707148780893708,11.015387286299509,13.204966754780646,36.7056892281085
