subject,nll,bic,model,wp,wp_rec,beta,beta_rec,nll_rec
148-attributes,26.43396267582781,61.33613836085014,wa_dn,0.6280362909304368,0.6264375203887713,22.09658996397766,23.803471351075704,25.22942636254242
