subject,nll,bic,model,wp,wp_rec,beta,beta_rec,nll_rec
96-attributes,21.736380338341167,51.940973685876855,wa_dn,0.5646509387358639,0.5863991714344748,33.908016117571975,35.11560036687316,20.41327939248552
