subject,nll,bic,model,wp,wp_rec,beta,beta_rec,nll_rec
83-attributes,25.213107875253318,58.92320623460535,wa_dn,0.6265596813878382,0.6036721125538923,24.20948622609809,45.77479642583768,15.385673161190242
