subject,nll,bic,model,wp,wp_rec,beta,beta_rec,nll_rec
80-alternatives,15.55734042266439,39.6116713294275,wa_dn,0.4716509961511293,0.45407232914486534,50.0,39.12525807131051,21.870267617196635
