subject,nll,bic,model,wp,wp_rec,beta,beta_rec,nll_rec
84-alternatives,35.48868819049943,79.47436686509758,wa_dn,0.5462088486046763,0.5296652248135046,14.932772825391568,11.881177325575141,38.40860485579167
