subject,nll,bic,model,wp,wp_rec,beta,beta_rec,nll_rec
22-alternatives,29.78120182121739,68.0593941265335,wa_dn,0.7306274322266988,0.6824689049681426,12.67946999512867,10.673674265840958,35.751982598924116
