subject,nll,bic,model,wp,wp_rec,beta,beta_rec,nll_rec
109-attributes,37.660940826326375,83.76089706300496,wa_dn,0.5094750612373709,0.4770382380409695,11.960762203736293,10.55230517779738,38.61972266924833
