subject,nll,bic,model,wp,wp_rec,beta,beta_rec,nll_rec
39-attributes,28.312836826468626,65.12266413703597,wa_dn,0.4885952984902775,0.5356474377905698,24.029803413107903,21.805061584037595,29.92309206841594
