subject,nll,bic,model,wp,wp_rec,beta,beta_rec,nll_rec
60-attributes,28.336527297827697,65.17004507975412,wa_dn,0.5961102190912299,0.5874354455603087,22.159146985371653,17.732795114265663,32.230396111042225
