subject,nll,bic,model,wp,wp_rec,beta,beta_rec,nll_rec
182-attributes,37.292821571220806,83.08263362654033,wa_dn,0.5347971213048762,0.5396845256139858,12.852866754803589,16.06084270148624,34.38254454022712
