subject,nll,bic,model,wp,wp_rec,beta,beta_rec,nll_rec
139-attributes,28.430187731280533,65.32858847175558,wa_dn,0.5095497047264088,0.5281974012469896,23.011369176858118,26.723198181662916,26.14170507869483
