subject,nll,bic,model,wp,wp_rec,beta,beta_rec,nll_rec
81-attributes,28.757442591161908,66.01187566642254,wa_dn,0.5119990901029469,0.5183211185221769,23.588478917342147,33.632260464912456,23.35084008729339
