subject,nll,bic,model,wp,wp_rec,beta,beta_rec,nll_rec
161-alternatives,12.29287729400543,33.08274507210958,wa_dn,0.6549346416306967,0.6548586899391547,44.66372153445928,50.0,8.552358124823588
