subject,nll,bic,model,wp,wp_rec,beta,beta_rec,nll_rec
148-alternatives,22.280045759077815,53.05708200225435,wa_dn,0.6336801004466305,0.6195868553120901,27.931155888545874,36.8020143690107,18.339506758793565
