subject,nll,bic,model,wp,wp_rec,beta,beta_rec,nll_rec
195-alternatives,17.201444459259765,42.89987940261825,wa_dn,0.6254570322190172,0.6398414226812307,38.48683650102495,37.67274797936602,16.46091058950742
