subject,nll,bic,model,wp,wp_rec,beta,beta_rec,nll_rec
57-attributes,27.09448169303558,62.685953870169875,wa_dn,0.5276351285819423,0.5292307223901367,26.237222015929927,49.13703357306,17.395096030539527
