subject,nll,bic,model,wp,wp_rec,beta,beta_rec,nll_rec
65-attributes,17.206172446200746,42.90933537650021,wa_dn,0.5902934881123666,0.5964900437124305,42.07153534367508,44.4182637906547,16.092143613000196
