subject,nll,bic,model,wp,wp_rec,beta,beta_rec,nll_rec
151-attributes,19.660314701497704,47.817619887094125,wa_dn,0.6019018708902699,0.6021829961908056,35.64886345653788,50.0,11.181391088306441
