subject,nll,bic,model,wp,wp_rec,beta,beta_rec,nll_rec
140-alternatives,17.233798996240864,42.964588476580445,wa_dn,0.7776494154121134,0.7746652657441049,19.20665465486,10.685757366967811,30.17692376378846
