subject,nll,bic,model,wp,wp_rec,beta,beta_rec,nll_rec
87-alternatives,26.436027930612177,61.36904634532307,wa_dn,0.6316037494056002,0.6144471599579101,22.384817930225648,22.23266320852201,27.564546339939056
