subject,nll,bic,model,wp,wp_rec,beta,beta_rec,nll_rec
103-attributes,21.515083908318488,51.52715830073569,wa_dn,0.6329634101058567,0.6591942332082407,28.95596663258228,43.07478267659248,12.376126191711576
