subject,nll,bic,model,wp,wp_rec,beta,beta_rec,nll_rec
54-alternatives,25.654949192418496,59.80688886893571,wa_dn,0.5175360832431201,0.5214168078421284,29.34913690474633,40.240384662139384,20.733075606217653
