subject,nll,bic,model,wp,wp_rec,beta,beta_rec,nll_rec
10-alternatives,28.994485628209134,66.48596174051698,wa_dn,0.5564622436394691,0.5890820460291776,23.01351357941095,28.433855943166314,24.431496162244827
