subject,nll,bic,model,wp,wp_rec,beta,beta_rec,nll_rec
92-alternatives,38.580244452818825,85.65747938973637,wa_dn,0.5777550976965807,0.500557791895823,11.372919207219063,9.12946126649044,41.14689640424731
