subject,nll,bic,model,wp,wp_rec,beta,beta_rec,nll_rec
64-attributes,31.939442070955472,72.37587462600966,wa_dn,0.6893435043922427,0.6811131317166569,13.08261308531527,9.539652184614932,37.30403228864581
