subject,nll,bic,model,wp,wp_rec,beta,beta_rec,nll_rec
133-alternatives,19.958875994639033,48.38596499847259,wa_dn,0.6474805337689608,0.6291536416133674,28.85040432670417,30.606866180630043,20.248709511326624
