subject,nll,bic,model,wp,wp_rec,beta,beta_rec,nll_rec
30-alternatives,24.68475267604341,57.866495836185535,wa_dn,0.6017190029837679,0.6154697927241656,27.17700471945474,30.76951406823376,21.73160310709105
