subject,nll,bic,model,wp,wp_rec,beta,beta_rec,nll_rec
16-alternatives,22.984339752496055,54.46566998909083,wa_dn,0.6215170207715178,0.598006046713012,28.112493436974265,23.385906574862958,27.48398678928673
