subject,nll,bic,model,wp,wp_rec,beta,beta_rec,nll_rec
180-attributes,32.560121438000294,73.6172333600993,wa_dn,0.6277905698152766,0.6788675592744542,15.655533783350405,12.793887629540569,32.96264124837844
