subject,nll,bic,model,wp,wp_rec,beta,beta_rec,nll_rec
136-alternatives,22.183447903596296,52.86388629129131,wa_dn,0.6286344983361722,0.6175536022252767,28.632764106456317,50.0,11.032870734224412
