subject,nll,bic,model,wp,wp_rec,beta,beta_rec,nll_rec
145-attributes,18.315052003950257,45.12709449199923,wa_dn,0.56092515298726,0.5367119650079231,42.03666192349201,48.03528222944277,17.37534786611082
