subject,nll,bic,model,wp,wp_rec,beta,beta_rec,nll_rec
115-attributes,13.020080855439804,34.537152194978326,wa_dn,0.5219824136377356,0.5698233145393521,50.0,50.0,10.011773470354035
