subject,nll,bic,model,wp,wp_rec,beta,beta_rec,nll_rec
117-attributes,16.68910894264254,41.8752083693838,wa_dn,0.6449734567479298,0.6334583291458821,35.94827516972257,45.9223819226497,13.680725065666403
