subject,nll,bic,model,wp,wp_rec,beta,beta_rec,nll_rec
33-alternatives,25.86674430722136,60.23047909854144,wa_dn,0.515774747382526,0.5478487845991488,28.93064711560213,25.657568563445007,27.37560713894112
