subject,nll,bic,model,wp,wp_rec,beta,beta_rec,nll_rec
72-alternatives,29.077256358987665,66.62272572716985,wa_dn,0.6906997051839316,0.670246503176122,14.924798379335172,19.816713590081168,25.417897825069502
