subject,nll,bic,model,wp,wp_rec,beta,beta_rec,nll_rec
145-alternatives,22.922603986644674,54.342198457388065,wa_dn,0.5562282892253305,0.5421301865818838,32.94695433795964,25.243299719735347,27.728053604025312
