subject,nll,bic,model,wp,wp_rec,beta,beta_rec,nll_rec
111-alternatives,28.734662042065303,65.96631456822932,wa_dn,0.42197115559699994,0.4572201878829081,21.111408616688124,23.49081009086233,28.277229200332894
