subject,nll,bic,model,wp,wp_rec,beta,beta_rec,nll_rec
76-alternatives,29.488507508507755,67.47400550111423,wa_dn,0.5880351565378835,0.5847455852768458,21.235206326445624,20.510339252816653,30.160679422559177
