subject,nll,bic,model,wp,wp_rec,beta,beta_rec,nll_rec
194-alternatives,36.02382260905579,80.5446357022103,wa_dn,0.5038151389858627,0.498020942255887,14.173783460962992,16.58685938709231,33.83266258130929
