subject,nll,bic,model,wp,wp_rec,beta,beta_rec,nll_rec
163-attributes,46.06967807073633,100.63634662557138,wa_dn,0.5830769711441459,0.7400283446232815,4.206772091608288,4.476509364377495,43.764289067871076
