subject,nll,bic,model,wp,wp_rec,beta,beta_rec,nll_rec
69-attributes,27.858604617728492,64.21419971955571,wa_dn,0.6337312284075615,0.6640078644026539,20.358683044663366,16.11303646019753,29.984533943157295
