subject,nll,bic,model,wp,wp_rec,beta,beta_rec,nll_rec
52-alternatives,10.212708017176636,28.922406518451993,wa_dn,0.8850168042372841,1.0,19.36863764398461,19.80644184373801,6.2237547029460725
