subject,nll,bic,model,wp,wp_rec,beta,beta_rec,nll_rec
69-alternatives,26.772791561459062,62.04257360701684,wa_dn,0.5610461935286901,0.5460964821510403,26.17262568702754,46.301550367647266,17.576766428285186
