subject,nll,bic,model,wp,wp_rec,beta,beta_rec,nll_rec
52-attributes,14.430020713864215,37.35703191182715,wa_dn,1.0,0.7792660137417323,12.112752692894654,24.866307903070453,12.050990219801637
