subject,nll,bic,model,wp,wp_rec,beta,beta_rec,nll_rec
153-attributes,23.396959378751475,55.29090924160167,wa_dn,0.46699719282129915,0.4771869105742852,34.11667390049339,42.77380793430148,20.54440938543337
