subject,nll,bic,model,wp,wp_rec,beta,beta_rec,nll_rec
160-alternatives,25.014876538674,58.526743561446715,wa_dn,0.5529638165696855,0.5668154031859182,29.353529273223785,23.123776585612102,28.70248703802614
