subject,nll,bic,model,wp,wp_rec,beta,beta_rec,nll_rec
168-alternatives,19.720322863939323,47.93763621197736,wa_dn,0.7379185723958148,0.8299820243928946,20.09147909049347,16.829953900515424,16.109594731209146
