subject,nll,bic,model,wp,wp_rec,beta,beta_rec,nll_rec
109-alternatives,33.34647443795302,75.13196428625825,wa_dn,0.513917512135809,0.5055279004060284,15.805749343844596,13.319393169803675,35.49940041160244
