subject,nll,bic,model,wp,wp_rec,beta,beta_rec,nll_rec
175-alternatives,17.517545430779926,43.53208134565857,wa_dn,0.48807756438879446,0.46379376503657876,50.0,50.0,17.741841036019242
