subject,nll,bic,model,wp,wp_rec,beta,beta_rec,nll_rec
141-alternatives,29.010600213444516,66.51819091098776,wa_dn,0.6698414115285531,0.6471536885964357,16.72928530678766,16.096495981054357,31.170885467989812
