subject,nll,bic,model,wp,wp_rec,beta,beta_rec,nll_rec
185-alternatives,28.57164832308643,65.64028713027157,wa_dn,0.48361148449152663,0.5056476850073915,23.803004309530845,29.036299395835883,25.865467077788097
