subject,nll,bic,model,wp,wp_rec,beta,beta_rec,nll_rec
197-alternatives,6.885602288223055,22.23941758564063,wa_dn,0.9876122295313026,0.8722294188524765,19.182837456152264,50.0,2.316203474515667
