subject,nll,bic,model,wp,wp_rec,beta,beta_rec,nll_rec
19-alternatives,21.677860151297608,51.82393331178974,wa_dn,0.4830362607310904,0.4603247101509245,39.4654948263731,39.28368575347651,21.840489912927936
