subject,nll,bic,model,wp,wp_rec,beta,beta_rec,nll_rec
191-attributes,20.159572410419273,48.81613530493726,wa_dn,0.45135092142777,0.42674312020558014,45.02248954779546,50.0,15.436972674813529
