subject,nll,bic,model,wp,wp_rec,beta,beta_rec,nll_rec
62-attributes,25.01088806254368,58.51876660918607,wa_dn,0.626530200528889,0.5896522567872688,24.48430301482611,38.703114255463746,18.69336984056943
