subject,nll,bic,model,wp,wp_rec,beta,beta_rec,nll_rec
44-attributes,13.617493767119836,35.73197801833839,wa_dn,0.6976691948416559,0.6977616513744838,33.45856367125275,26.454455380165637,17.816082661616523
