subject,nll,bic,model,wp,wp_rec,beta,beta_rec,nll_rec
28-alternatives,19.384021186028583,47.265032856155884,wa_dn,0.5494935078737472,0.5359863751326363,41.03098587300184,38.057190033161326,21.14920467046279
