subject,nll,bic,model,wp,wp_rec,beta,beta_rec,nll_rec
59-alternatives,33.64259453988767,75.78217956387405,wa_dn,0.48272426971707444,0.5127341955191257,16.51671304912857,18.69472594288316,32.318488789727546
