subject,nll,bic,model,wp,wp_rec,beta,beta_rec,nll_rec
43-attributes,21.692901482758895,51.88279344961651,wa_dn,0.7206535852172216,0.676109482223284,19.582862011659913,23.71746172464005,21.816499483672867
