subject,nll,bic,model,wp,wp_rec,beta,beta_rec,nll_rec
18-alternatives,23.011822395343376,54.52063527478547,wa_dn,0.5373105614871189,0.5416157090314798,33.86389283647414,37.49538484427983,21.197870685269926
