subject,nll,bic,model,wp,wp_rec,beta,beta_rec,nll_rec
42-alternatives,18.667710135896282,45.83241075589128,wa_dn,0.5871792043577512,0.5563028694161569,39.290338594575545,39.90947596415542,19.564384260540695
