subject,nll,bic,model,wp,wp_rec,beta,beta_rec,nll_rec
172-attributes,21.494785443621232,51.48656137134118,wa_dn,0.2650964223068178,0.33341060079747314,19.7601661214643,50.0,14.666301836705244
