subject,nll,bic,model,wp,wp_rec,beta,beta_rec,nll_rec
67-attributes,30.601735596988224,69.70046167807517,wa_dn,0.6333268096106133,0.5916064774594749,17.367824668007295,21.443478402020173,29.061005407847023
