subject,nll,bic,model,wp,wp_rec,beta,beta_rec,nll_rec
18-attributes,20.834839119914122,50.16666872392696,wa_dn,0.5148784565450554,0.519065740293761,39.9818803104032,50.0,14.825836215458963
