subject,nll,bic,model,wp,wp_rec,beta,beta_rec,nll_rec
107-attributes,39.85441691292188,88.17704683503827,wa_dn,0.7243816371086694,0.7120126458582385,6.524847090576169,6.503980160466886,40.278299898974566
