subject,nll,bic,model,wp,wp_rec,beta,beta_rec,nll_rec
87-attributes,25.499705029428327,59.49640054295537,wa_dn,0.6942832945436179,0.6924878484936642,18.141744888058703,18.740614710961054,25.013979186337583
