subject,nll,bic,model,wp,wp_rec,beta,beta_rec,nll_rec
113-attributes,28.441859327209123,65.38070913851696,wa_dn,0.2670590193340907,0.24740219540553807,12.83690042954845,12.324891311276884,28.03817937312719
