subject,nll,bic,model,wp,wp_rec,beta,beta_rec,nll_rec
188-attributes,23.797557237351757,56.09210495880223,wa_dn,0.4483216135695041,0.42646372877281685,32.436009782396525,29.395950963500418,24.467120732140298
