subject,nll,bic,model,wp,wp_rec,beta,beta_rec,nll_rec
44-alternatives,11.102284273557826,30.701559031214373,wa_dn,0.7300542040394106,0.740332986581203,33.97457622108724,41.88274576553798,7.917333069573346
