subject,nll,bic,model,wp,wp_rec,beta,beta_rec,nll_rec
179-alternatives,23.056061184541466,54.60911285318165,wa_dn,0.3081576682701904,0.35568840362416576,22.09731132221989,38.421151484915285,18.817810689315866
