subject,nll,bic,model,wp,wp_rec,beta,beta_rec,nll_rec
135-alternatives,35.866705647749136,80.23040177959699,wa_dn,0.25191561529243306,0.0,7.910435900749334,3.7759571560043375,38.961045735873654
