subject,nll,bic,model,wp,wp_rec,beta,beta_rec,nll_rec
30-attributes,13.424434315252663,35.31708163969984,wa_dn,0.662909697660408,0.6638278878502751,39.689362727597675,42.31711360066541,12.27275840302149
