subject,nll,bic,model,wp,wp_rec,beta,beta_rec,nll_rec
77-alternatives,18.752717374099163,46.00242523229704,wa_dn,0.702278428493748,0.7399318977655062,24.826791062823418,35.19974689336415,9.904828677862527
