subject,nll,bic,model,wp,wp_rec,beta,beta_rec,nll_rec
92-attributes,45.52896555247374,99.5549215890462,wa_dn,0.5267287782080248,0.498315584963013,4.896579633794009,3.6073702625480104,46.70779913606536
