subject,nll,bic,model,wp,wp_rec,beta,beta_rec,nll_rec
3-alternatives,23.054139325047824,54.605269134194366,wa_dn,0.6339463601284012,0.5994142074723977,26.744792356744064,50.0,13.22447037220894
