subject,nll,bic,model,wp,wp_rec,beta,beta_rec,nll_rec
85-alternatives,21.72150841593078,51.94000731596028,wa_dn,0.9535211486608113,1.0,9.696470049112486,12.861535545644985,13.200215697679221
