subject,nll,bic,model,wp,wp_rec,beta,beta_rec,nll_rec
61-attributes,31.47920047960744,71.4553914433136,wa_dn,0.5590438123722286,0.5582554418000585,19.407603396853755,15.468370264711659,34.77734527900158
