subject,nll,bic,model,wp,wp_rec,beta,beta_rec,nll_rec
64-alternatives,25.899173836287414,60.295338156673544,wa_dn,0.6096100499732527,0.5607918668198589,24.815883614751257,30.419602887462293,24.18475845034037
