subject,nll,bic,model,wp,wp_rec,beta,beta_rec,nll_rec
89-attributes,43.12437481292146,94.74574010994164,wa_dn,0.35716708393269214,0.42734252676866574,5.405498188013005,7.054053023888992,42.23216720391024
