subject,nll,bic,model,wp,wp_rec,beta,beta_rec,nll_rec
170-attributes,18.546568758926814,45.590128001952344,wa_dn,0.6099330212609811,0.5629424263020232,37.185035054646896,47.13301584987918,16.27890115024532
