subject,nll,bic,model,wp,wp_rec,beta,beta_rec,nll_rec
150-attributes,27.00827285015992,62.48475870951436,wa_dn,0.49931251965186624,0.4906438610766827,25.429455174806264,32.10073862436309,23.700258890754277
