subject,nll,bic,model,wp,wp_rec,beta,beta_rec,nll_rec
180-alternatives,31.271488669404157,71.03996782290703,wa_dn,0.6351760396470313,0.5938873061339617,16.680473890030562,22.924483830057568,27.994598302048875
