subject,nll,bic,model,wp,wp_rec,beta,beta_rec,nll_rec
4-attributes,36.746905826508204,81.99080213711512,wa_dn,0.43156030354118097,0.37294009628120645,11.72441599800235,13.951688569657177,32.35976875193672
