subject,nll,bic,model,wp,wp_rec,beta,beta_rec,nll_rec
22-attributes,23.6249859351929,55.746962354484516,wa_dn,0.6572282975451113,0.6943516402709601,23.415223681945143,22.152086550364075,21.560592018629894
