subject,nll,bic,model,wp,wp_rec,beta,beta_rec,nll_rec
21-alternatives,20.783277080389404,50.063544644877524,wa_dn,0.4918937599736152,0.4889935753117677,41.82897929944079,40.03228475123626,21.423883437248573
