subject,nll,bic,model,wp,wp_rec,beta,beta_rec,nll_rec
140-attributes,19.562130458160862,47.62125140042044,wa_dn,0.6839623642247927,0.6862283261417107,25.726633392153172,25.071260760888013,19.861036949448067
