subject,nll,bic,model,wp,wp_rec,beta,beta_rec,nll_rec
139-alternatives,27.875910846976005,64.10059623374329,wa_dn,0.5459754883573144,0.5002715097684443,20.549403683764396,15.79370299726893,31.479929164607448
