subject,nll,bic,model,wp,wp_rec,beta,beta_rec,nll_rec
55-attributes,26.987770489591245,62.44375398837701,wa_dn,0.483554908541811,0.47117866002029374,26.02044886106668,35.271616976266216,22.952180240982223
