subject,nll,bic,model,wp,wp_rec,beta,beta_rec,nll_rec
68-alternatives,9.906003681025137,28.30899784614899,wa_dn,0.11991041134768082,0.010642641781783693,23.018629030770093,13.27350179503495,15.307164172751476
