subject,nll,bic,model,wp,wp_rec,beta,beta_rec,nll_rec
103-alternatives,23.196314775128187,54.88962003435509,wa_dn,0.6488933553986714,0.6641091206016482,24.98509179426044,36.3605534584195,14.995088275475283
