subject,nll,bic,model,wp,wp_rec,beta,beta_rec,nll_rec
68-attributes,29.31310478443586,67.12320005297045,wa_dn,0.02413258558978961,0.06956599918217177,6.704619272132119,6.6167539174362195,31.249435511900398
