subject,nll,bic,model,wp,wp_rec,beta,beta_rec,nll_rec
0-attributes,41.40642086091727,91.30983220593326,wa_dn,0.5639905233962086,0.5595691096601211,8.682704942015476,11.70155721257744,38.30882379062131
