subject,nll,bic,model,wp,wp_rec,beta,beta_rec,nll_rec
190-attributes,33.99096725314648,76.47892499039168,wa_dn,0.49173823377317283,0.42118686145747947,16.095546666154384,18.829690709948395,30.045904089692588
