subject,nll,bic,model,wp,wp_rec,beta,beta_rec,nll_rec
94-alternatives,24.692123009239246,57.88123650257721,wa_dn,0.5307691893996342,0.5473820021619054,30.811080314721774,29.529962731954964,25.04716823118652
