subject,nll,bic,model,wp,wp_rec,beta,beta_rec,nll_rec
50-alternatives,24.789472114571623,58.07593471324196,wa_dn,0.3467607846862404,0.3642431744439089,22.78490812662076,43.187233113443064,17.80856705764419
