subject,nll,bic,model,wp,wp_rec,beta,beta_rec,nll_rec
159-alternatives,24.473131499937995,57.44325348397471,wa_dn,0.5100241473534581,0.5218585293220759,31.840738413576055,49.94843648427246,17.56522101019012
