subject,nll,bic,model,wp,wp_rec,beta,beta_rec,nll_rec
40-attributes,21.3107383771436,51.08968976348172,wa_dn,0.524163564282489,0.5330071353900171,37.71642539121711,37.33444811090063,21.232003038972117
