subject,nll,bic,model,wp,wp_rec,beta,beta_rec,nll_rec
71-attributes,28.60719880664764,65.711388097394,wa_dn,0.46851078772749594,0.45761222429200593,22.994781092331262,21.315290717438867,29.40551815747094
