subject,nll,bic,model,wp,wp_rec,beta,beta_rec,nll_rec
48-alternatives,28.49422765515752,65.48544579441376,wa_dn,0.45485810636897744,0.4688616421888115,23.019582719304832,21.722735169899938,29.58235383021125
