subject,nll,bic,model,wp,wp_rec,beta,beta_rec,nll_rec
93-attributes,40.137495792838514,88.77198206977575,wa_dn,0.5572555052774298,0.5124342432761352,9.928511937573072,13.494813419812578,36.57993756356905
