subject,nll,bic,model,wp,wp_rec,beta,beta_rec,nll_rec
12-attributes,30.5686450725948,69.60550315438412,wa_dn,0.6234929591678318,0.5919539280712016,17.92096327441396,14.166268779435686,35.218078009523985
