subject,nll,bic,model,wp,wp_rec,beta,beta_rec,nll_rec
28-attributes,26.579627220778665,61.65624492565605,wa_dn,0.5537159881161541,0.543901983428885,26.458013602567682,26.296087742038512,26.86149159034567
