subject,nll,bic,model,wp,wp_rec,beta,beta_rec,nll_rec
129-alternatives,27.385844274941608,63.26867903398193,wa_dn,0.5166646040037618,0.5213050621425498,26.163760098200793,17.185980781554992,33.5606678557692
