subject,nll,bic,model,wp,wp_rec,beta,beta_rec,nll_rec
35-alternatives,30.776570053438565,70.05013059097585,wa_dn,0.7194076140827729,0.7207278564324295,12.544494760103232,11.114254578265898,32.90831927864929
