subject,nll,bic,model,wp,wp_rec,beta,beta_rec,nll_rec
38-attributes,29.869289253026306,68.23556899015134,wa_dn,0.5504708015024625,0.5715304393290377,21.69318402076218,35.128712793138476,21.087167605987666
