subject,nll,bic,model,wp,wp_rec,beta,beta_rec,nll_rec
16-alternatives,38.91519553621195,86.20970055647675,wa_dn,0.5405364497802474,0.6013743277722777,9.370707001664488,5.432557368054059,42.40677256296122
