subject,nll,bic,model,wp,wp_rec,beta,beta_rec,nll_rec
18-attributes,33.86193047622518,76.22085143654908,wa_dn,0.6037731108884437,0.5781810133465,15.343100769113583,12.881433649256811,36.89728708311993
