subject,nll,bic,model,wp,wp_rec,beta,beta_rec,nll_rec
12-alternatives,19.964580547620955,48.39737410443643,wa_dn,0.5606113348835285,0.5852732017536831,37.20226255777473,42.94731513343313,16.54260034733044
