subject,nll,bic,model,wp,wp_rec,beta,beta_rec,nll_rec
17-alternatives,21.4258830559335,51.34875659596572,wa_dn,0.4366500999225679,0.4011186946673225,40.008019910198016,34.54991448803779,21.989649095911687
