subject,nll,bic,model,wp,wp_rec,beta,beta_rec,nll_rec
11-attributes,35.122944271236754,78.74287902657223,wa_dn,0.44381080504849896,0.4503193001869368,13.643710541932599,8.432890845052905,40.97239638661907
