subject,nll,bic,model,wp,wp_rec,beta,beta_rec,nll_rec
19-alternatives,6.6077192088019165,21.712428901702552,wa_dn,0.7092715633462211,0.7403327726710732,50.0,41.882760357560656,7.917333069604072
