subject,nll,bic,model,wp,wp_rec,beta,beta_rec,nll_rec
13-alternatives,28.48660908755886,65.47020865921644,wa_dn,0.5954566227208573,0.5904915538227262,22.183576428444237,36.11208976452866,20.063904049059825
