subject,nll,bic,model,wp,wp_rec,beta,beta_rec,nll_rec
8-attributes,24.670231926895035,57.837454337888786,wa_dn,0.5664845717199739,0.5777858862128865,29.014774758771548,31.45733632690458,22.862212844330188
