subject,nll,bic,model,wp,wp_rec,beta,beta_rec,nll_rec
0-attributes,34.511635074487934,77.52026063307459,wa_dn,0.37314243939656294,0.38346510732720684,11.944866989282884,10.749537119273178,36.31110898681837
