subject,nll,bic,model,wp,wp_rec,beta,beta_rec,nll_rec
7-attributes,48.134731328163575,104.76645314042587,wa_dn,1.0,0.7737852937331862,0.6888702261581565,2.6726088737319653,46.30716122652309
