subject,nll,bic,model,wp,wp_rec,beta,beta_rec,nll_rec
16-attributes,44.89120910512827,98.19180344903847,wa_dn,0.5141532554259867,0.5490414442438396,3.3787539713981922,1.9788283128236206,45.8556796347115
