subject,nll,bic,model,wp,wp_rec,beta,beta_rec,nll_rec
5-alternatives,25.253799780684872,59.00459004546846,wa_dn,0.6305142940800957,0.6441608183928191,24.00463980608227,19.096528491249533,28.430204229209604
