subject,nll,bic,model,wp,wp_rec,beta,beta_rec,nll_rec
15-attributes,30.68866987516584,69.8743302344304,wa_dn,0.6051591187036225,0.6205959603141608,18.797226230188343,15.469843083720273,33.0764245811927
