subject,nll,bic,model,wp,wp_rec,beta,beta_rec,nll_rec
4-alternatives,29.36457697065448,67.22614442540768,wa_dn,0.45557750330408503,0.4543664014507005,21.602438804579606,26.470013244454595,26.648212029517705
