subject,nll,bic,model,wp,wp_rec,beta,beta_rec,nll_rec
3-attributes,11.44094584357916,31.37888217125704,wa_dn,0.7527843782390078,0.8338515045632683,29.211876603909314,24.669634047568707,8.756372211767735
