subject,nll,bic,model,wp,wp_rec,beta,beta_rec,nll_rec
2-attributes,12.904837629835308,34.277888268865134,wa_dn,0.5904985578104718,0.5995343723940613,50.0,50.0,8.565493002757986
