subject,nll,bic,model,wp,wp_rec,beta,beta_rec,nll_rec
11-alternatives,36.56556837644387,81.59934976208226,wa_dn,0.342243434928609,0.36820463284887667,9.170271228874855,10.97814422660646,35.07661064533455
