subject,nll,bic,model,wp,wp_rec,beta,beta_rec,nll_rec
14-attributes,32.330124673031186,73.15723983016109,wa_dn,0.45695346918002744,0.3893770236767037,17.21211562404845,12.821919211553396,34.16689859049541
