subject,nll,bic,model,wp,wp_rec,beta,beta_rec,nll_rec
1-attributes,31.35135213335764,71.199694750814,wa_dn,0.6556489534200306,0.7073089107174154,15.348307277673936,13.610310109728378,30.003880141127087
