subject,nll,bic,model,wp,wp_rec,beta,beta_rec,nll_rec
13-attributes,29.861640046291942,68.22027057668261,wa_dn,0.5907680075929742,0.5823361047733338,20.464188566902944,24.997564532979823,26.7818230321565
