subject,nll,bic,model,wp,wp_rec,beta,beta_rec,nll_rec
4-attributes,30.508808844062717,69.51460817222416,wa_dn,0.46903447474382526,0.46427145117221363,20.05095814981523,27.30367396781248,26.220895985922546
