subject,nll,bic,model,wp,wp_rec,beta,beta_rec,nll_rec
15-alternatives,19.80129533868473,48.070803686563984,wa_dn,0.6030613671565942,0.5985534797590775,34.942283448057005,27.64129845942074,24.085111266124027
