subject,nll,bic,model,wp,wp_rec,beta,beta_rec,nll_rec
3-alternatives,11.264847816740259,31.02668611757924,wa_dn,0.7108244270162746,0.7089959351172523,36.999693368164685,33.035202104607336,13.106114060625957
