subject,nll,bic,model,wp,wp_rec,beta,beta_rec,nll_rec
18-alternatives,25.18226214585784,58.8615147758144,wa_dn,0.5982038643359394,0.6352984245383604,26.67012028599584,20.35113793102844,27.8856350283316
