subject,nll,bic,model,wp,wp_rec,beta,beta_rec,nll_rec
9-alternatives,30.980741337362105,70.42969568391872,wa_dn,0.5228960015408671,0.4918531850967338,19.97262979465463,17.10380557383587,32.77198258376984
