subject,nll,bic,model,wp,wp_rec,beta,beta_rec,nll_rec
1-alternatives,23.348508462092095,55.19400740828291,wa_dn,0.670582821802856,0.689657309596493,22.5860291612308,25.95336895530909,19.02694165403191
