subject,nll,bic,model,m_min,m_min_rec,epsilon,epsilon_rec,nll_rec
151-attributes,38.80442867637698,86.10584783685267,mcutoff,9.714325883770021,9.50573752934449,0.2428566264167889,0.32857108268872787,44.32122269685191
