subject,nll,bic,model,m_min,m_min_rec,epsilon,epsilon_rec,nll_rec
177-alternatives,44.321222696851905,97.13943587780253,mcutoff,7.487655139546136,7.316143135244628,0.3285710864033125,0.31428533977871875,43.573944446133396
