subject,nll,bic,model,m_min,m_min_rec,epsilon,epsilon_rec,nll_rec
89-attributes,44.32122269685192,97.13943587780255,mcutoff,0.8914565088029924,0.3630361314914907,0.32857108654584843,0.3428568228174824,45.003730776746046
