subject,nll,bic,model,m_min,m_min_rec,epsilon,epsilon_rec,nll_rec
33-alternatives,47.48649313911074,103.4699767623202,mcutoff,9.36606054142121,9.32602641284217,0.41428553722844097,0.38571405667812564,46.67532658665503
