subject,nll,bic,model,m_min,m_min_rec,epsilon,epsilon_rec,nll_rec
195-alternatives,35.02802964781313,78.55304977972497,mcutoff,9.158421412920848,9.344824930822378,0.1999993960193927,0.2714281114996862,40.92707907049213
