subject,nll,bic,model,m_min,m_min_rec,epsilon,epsilon_rec,nll_rec
147-attributes,37.62796887328779,83.7529282306743,mcutoff,8.254145493654175,8.25123828237227,0.22857088611643134,0.24285662688047818,38.80442867637697
