subject,nll,bic,model,m_min,m_min_rec,epsilon,epsilon_rec,nll_rec
76-attributes,34.80308301494936,78.07437903909323,mcutoff,8.221288399630446,8.179453358412708,0.20289795276952596,0.23188351655994274,37.36631984324992
