subject,nll,bic,model,m_min,m_min_rec,epsilon,epsilon_rec,nll_rec
66-attributes,44.32122269685192,97.13943587780255,mcutoff,7.328522246701166,5.365305480875992,0.32857108349377073,0.3142853454286854,43.573944446133396
