subject,nll,bic,model,m_min,m_min_rec,epsilon,epsilon_rec,nll_rec
162-attributes,43.573944446133396,95.64487937636551,mcutoff,3.1524702729075784,3.8083242441478498,0.3142853439618587,0.2999995959124147,42.76036114398252
