subject,nll,bic,model,m_min,m_min_rec,epsilon,epsilon_rec,nll_rec
188-alternatives,35.02802964781314,78.553049779725,mcutoff,1.0492171089257587,0.3943685489756712,0.1999993945221724,0.14285642332937112,28.70800228032862
