subject,nll,bic,model,m_min,m_min_rec,epsilon,epsilon_rec,nll_rec
140-attributes,30.442969752375593,69.38292998884991,mcutoff,9.802429030227087,9.719463776603764,0.157142170944218,0.14285642479756658,28.70800228032862
