subject,nll,bic,model,m_min,m_min_rec,epsilon,epsilon_rec,nll_rec
192-attributes,-6.999994136874231e-05,8.496850484215981,mcutoff,8.678417903649814,8.678417903649814,3.3745228833481633e-13,3.3745228833481633e-13,-6.999994136874231e-05
