subject,nll,bic,model,m_min,m_min_rec,epsilon,epsilon_rec,nll_rec
135-attributes,42.76036114398252,94.01771277206376,mcutoff,0.2719853840620958,1.850358431908214,0.2999995988733384,0.19999940171467023,35.028029647813135
