subject,nll,bic,model,m_min,m_min_rec,epsilon,epsilon_rec,nll_rec
122-alternatives,47.110676690787926,102.71834386567457,mcutoff,8.381376957973865,9.693022115610262,0.39999980222484616,0.29999959648720764,42.76036114398252
