subject,nll,bic,model,m_min,m_min_rec,epsilon,epsilon_rec,nll_rec
29-alternatives,41.87873120110798,92.25445288631468,mcutoff,9.509679216017359,9.020681000320836,0.28571385589769754,0.2857138537842192,41.87873120110798
