subject,nll,bic,model,m_min,m_min_rec,epsilon,epsilon_rec,nll_rec
16-attributes,33.59626303002578,75.68951654415028,mcutoff,8.269160563834607,8.223644379783305,0.18571365684560573,0.11428493806082402,24.876662737360757
