subject,nll,bic,model,m_min,m_min_rec,epsilon,epsilon_rec,nll_rec
162-alternatives,44.32122269685191,97.13943587780254,mcutoff,3.175664856822868,3.1344265224716015,0.3285710874280749,0.24285662461919327,38.80442867637697
