subject,nll,bic,model,m_min,m_min_rec,epsilon,epsilon_rec,nll_rec
143-alternatives,47.48649313911074,103.4699767623202,mcutoff,9.09178012817232,8.496661102273036,0.41428554827496816,0.45714277847886403,48.2627039844012
