subject,nll,bic,model,m_min,m_min_rec,epsilon,epsilon_rec,nll_rec
107-alternatives,44.580106849333795,97.6284267078621,mcutoff,8.253479683608662,7.514852141381693,0.3478257826120766,0.4347824761878539,47.23838516842801
