subject,nll,bic,model,m_min,m_min_rec,epsilon,epsilon_rec,nll_rec
171-alternatives,38.523910602158985,85.51603421351248,mcutoff,5.554951810287065,5.825951195237474,0.24637629998098692,0.2608690863954107,39.603411906277294
