subject,nll,bic,model,m_min,m_min_rec,epsilon,epsilon_rec,nll_rec
174-attributes,44.32122269685191,97.13943587780254,mcutoff,7.786111903773244,7.519532996974899,0.32857108203086366,0.28571385533186994,41.87873120110798
