subject,nll,bic,model,m_min,m_min_rec,epsilon,epsilon_rec,nll_rec
194-alternatives,47.11067669078793,102.71834386567458,mcutoff,7.870258995874352,2.1773615189000797,0.3999997960836257,0.37142831262683945,46.179673062633086
