subject,nll,bic,model,m_min,m_min_rec,epsilon,epsilon_rec,nll_rec
93-alternatives,45.6228192822257,99.74262904855011,mcutoff,8.262223766642816,8.27999753540391,0.3571425680089724,0.3714283094576718,46.179673062633086
