subject,nll,bic,model,m_min,m_min_rec,epsilon,epsilon_rec,nll_rec
103-attributes,35.02802964781313,78.55304977972497,mcutoff,9.41840205747099,9.173672075490074,0.19999939755928936,0.14285642974947954,28.70800228032862
