subject,nll,bic,model,m_min,m_min_rec,epsilon,epsilon_rec,nll_rec
87-alternatives,35.028029647813135,78.55304977972499,mcutoff,8.373719604626164,9.820887681042064,0.19999939596205374,0.17142791242852257,32.06995253444679
