subject,nll,bic,model,m_min,m_min_rec,epsilon,epsilon_rec,nll_rec
176-attributes,36.37044873927606,81.23788796265083,mcutoff,8.093160503815835,7.925269951913291,0.21428514624366393,0.17142791404306337,32.06995253444679
