subject,nll,bic,model,m_min,m_min_rec,epsilon,epsilon_rec,nll_rec
45-attributes,18.012164838208204,44.521320160515124,mcutoff,0.5637804432220133,0.7122131036007433,0.0714277174538397,0.07142771604752134,18.012164838208204
