subject,nll,bic,model,m_min,m_min_rec,epsilon,epsilon_rec,nll_rec
66-alternatives,38.80442867637698,86.10584783685267,mcutoff,8.774851660624474,9.353209124734953,0.24285662533393132,0.2999995971747075,42.76036114398252
