subject,nll,bic,model,m_min,m_min_rec,epsilon,epsilon_rec,nll_rec
41-attributes,45.17149795265438,98.75238114409069,mcutoff,6.497945315977137,7.930636191047194,0.40298487913678804,0.43283568243925835,45.834418360118306
