subject,nll,bic,model,m_min,m_min_rec,epsilon,epsilon_rec,nll_rec
1-alternatives,40.92707907049213,90.35114862508297,mcutoff,7.2758312624477135,7.260825116123594,0.2714281134104617,0.22857088306445858,37.62796887328779
