subject,nll,bic,model,m_min,m_min_rec,epsilon,epsilon_rec,nll_rec
68-attributes,26.856200032997158,62.20939055009303,mcutoff,2.2333705592011115,0.4602443756928647,0.12857068540038205,0.08571345592709494,20.475452793207793
