subject,nll,bic,model,m_min,m_min_rec,epsilon,epsilon_rec,nll_rec
129-attributes,30.442969752375596,69.38292998884991,mcutoff,7.274029513350941,7.167868594569152,0.15714216861676894,0.12857068156304724,26.856200032997158
