subject,nll,bic,model,m_min,m_min_rec,epsilon,epsilon_rec,nll_rec
50-alternatives,32.06995253444679,72.6368955529923,mcutoff,4.102012730221054,4.9262875188861575,0.17142791180238254,0.1285706826252782,26.856200032997158
