subject,nll,bic,model,m_min,m_min_rec,epsilon,epsilon_rec,nll_rec
10-alternatives,40.92707907049213,90.35114862508297,mcutoff,7.3938609717443455,5.158872551565274,0.27142811409846657,0.2857138540573881,41.87873120110799
