subject,nll,bic,model,m_min,m_min_rec,epsilon,epsilon_rec,nll_rec
105-attributes,44.321222696851905,97.13943587780253,mcutoff,6.943260012801918,7.136403703905788,0.3285710867488801,0.3285710874920889,44.32122269685191
