subject,nll,bic,model,m_min,m_min_rec,epsilon,epsilon_rec,nll_rec
96-attributes,40.60771994177921,89.68365289275293,mcutoff,7.087377581953057,7.342970713084245,0.27536186880870367,0.28985465276544226,41.539370738848355
