subject,nll,bic,model,m_min,m_min_rec,epsilon,epsilon_rec,nll_rec
195-attributes,26.856200032997158,62.20939055009303,mcutoff,9.517820320346885,8.774584067543799,0.12857068259231236,0.09999920324346803,22.755668137541367
