subject,nll,bic,model,m_min,m_min_rec,epsilon,epsilon_rec,nll_rec
22-alternatives,32.0699525344468,72.63689555299231,mcutoff,8.409203643716179,8.55763531325649,0.17142791550213746,0.12857068620325257,26.856200032997155
