subject,nll,bic,model,m_min,m_min_rec,epsilon,epsilon_rec,nll_rec
140-alternatives,22.755668137541367,54.00832675918145,mcutoff,8.87025391614656,9.96084517790549,0.09999919791494538,0.15714217024604704,30.442969752375593
