subject,nll,bic,model,m_min,m_min_rec,epsilon,epsilon_rec,nll_rec
98-alternatives,39.903161935229924,88.30331435455857,mcutoff,8.257367762928777,8.250358179782356,0.2571423662024513,0.19999939470552813,35.028029647813135
