subject,nll,bic,model,m_min,m_min_rec,epsilon,epsilon_rec,nll_rec
50-attributes,28.708002280328618,65.91299504475596,mcutoff,2.0160983542273114,1.3370596777175638,0.14285642708767737,0.12857068247515518,26.856200032997158
