subject,nll,bic,model,m_min,m_min_rec,epsilon,epsilon_rec,nll_rec
34-attributes,34.84844171119313,78.0146495891056,mcutoff,6.863963318100176,6.190906515698952,0.23437446723881042,0.3437496826320324,41.18333139336258
