subject,nll,bic,model,m_min,m_min_rec,epsilon,epsilon_rec,nll_rec
168-alternatives,22.755668137541363,54.00832675918144,mcutoff,8.320531110559765,9.03618245968487,0.09999919812414126,0.09999920152812626,22.755668137541367
