subject,nll,bic,model,m_min,m_min_rec,epsilon,epsilon_rec,nll_rec
27-attributes,47.110676690787926,102.71834386567457,mcutoff,2.0408170716080773,2.1902611752042898,0.3999997970932523,0.37142830729846327,46.179673062633086
