subject,nll,bic,model,m_min,m_min_rec,epsilon,epsilon_rec,nll_rec
0-attributes,41.87873120110798,92.25445288631468,mcutoff,7.4513816840882106,8.083604329803578,0.2857138524900343,0.2999995972629029,42.76036114398253
