subject,nll,bic,model,m_min,m_min_rec,epsilon,epsilon_rec,nll_rec
62-attributes,33.59626303002578,75.68951654415028,mcutoff,8.816546096584975,9.175591844191933,0.18571365334158965,0.1571421669954041,30.442969752375596
