subject,nll,bic,model,m_min,m_min_rec,epsilon,epsilon_rec,nll_rec
29-attributes,36.37044873927605,81.23788796265082,mcutoff,8.235582293752408,8.270186401920736,0.21428514273974641,0.17142791005421112,32.06995253444679
