subject,nll,bic,model,m_min,m_min_rec,epsilon,epsilon_rec,nll_rec
142-alternatives,43.573944446133396,95.64487937636551,mcutoff,7.170933309668134,7.025752449569306,0.31428534527160135,0.28571385162970714,41.87873120110798
