subject,nll,bic,model,m_min,m_min_rec,epsilon,epsilon_rec,nll_rec
18-alternatives,44.32122269685191,97.13943587780254,mcutoff,8.227018903849814,8.169691530889331,0.3285710877705746,0.28571386086349637,41.87873120110799
