subject,nll,bic,model,m_min,m_min_rec,epsilon,epsilon_rec,nll_rec
190-alternatives,39.90316193522992,88.30331435455855,mcutoff,7.812800494518441,6.623895864003067,0.2571423710020939,0.18571365426907122,33.596263030025774
