subject,nll,bic,model,m_min,m_min_rec,epsilon,epsilon_rec,nll_rec
126-attributes,39.90316193522992,88.30331435455855,mcutoff,8.82984350626786,9.809819886934939,0.2571423716628561,0.328571084139212,44.321222696851905
