subject,nll,bic,model,m_min,m_min_rec,epsilon,epsilon_rec,nll_rec
58-attributes,42.40059110157823,93.26939521235097,mcutoff,8.260427692935956,8.216212180885341,0.3043474302244776,0.2898546522313699,41.539370738848355
