subject,nll,bic,model,m_min,m_min_rec,epsilon,epsilon_rec,nll_rec
53-alternatives,38.804428676376986,86.10584783685269,mcutoff,8.692491076267956,9.6816905097844,0.24285662716312234,0.2714281130052761,40.92707907049213
