subject,nll,bic,model,m_min,m_min_rec,epsilon,epsilon_rec,nll_rec
178-alternatives,39.90316193522992,88.30331435455855,mcutoff,8.240378641508112,8.235621880427578,0.25714237692059344,0.2714281131751646,40.92707907049213
