subject,nll,bic,model,m_min,m_min_rec,epsilon,epsilon_rec,nll_rec
83-attributes,39.903161935229924,88.30331435455857,mcutoff,8.645393102556612,8.592184677596018,0.25714237464668993,0.24285662610607056,38.80442867637698
