subject,nll,bic,model,m_min,m_min_rec,epsilon,epsilon_rec,nll_rec
155-attributes,33.59626303002579,75.6895165441503,mcutoff,8.204891083843261,8.255563836606033,0.18571365305318296,0.1571421694189994,30.442969752375596
