subject,nll,bic,model,m_min,m_min_rec,epsilon,epsilon_rec,nll_rec
167-alternatives,29.525845606811014,66.99227504072627,mcutoff,5.160170378091217,5.180332793232269,0.24528250581440553,0.18867862085134726,25.66790951360481
