subject,nll,bic,model,m_min,m_min_rec,epsilon,epsilon_rec,nll_rec
125-alternatives,32.06995253444679,72.6368955529923,mcutoff,9.911166521639064,9.452960397528713,0.17142790989304163,0.1571421675272913,30.442969752375596
