subject,nll,bic,model,m_min,m_min_rec,epsilon,epsilon_rec,nll_rec
38-attributes,45.003730776746046,98.50445203759081,mcutoff,8.777646733792848,8.795802025304418,0.3428568264789298,0.28571385317139014,41.87873120110799
