subject,nll,bic,model,m_min,m_min_rec,epsilon,epsilon_rec,nll_rec
45-alternatives,26.856200032997158,62.20939055009303,mcutoff,1.9832879677439452,2.2333705592011115,0.12857068288757215,0.12857068803523514,26.856200032997158
