subject,nll,bic,model,m_min,m_min_rec,epsilon,epsilon_rec,nll_rec
180-attributes,36.37044873927605,81.23788796265082,mcutoff,8.035498237842809,8.184769566508196,0.21428514380104008,0.1285706863832386,26.85620003299715
