subject,nll,bic,model,m_min,m_min_rec,epsilon,epsilon_rec,nll_rec
7-attributes,44.32122269685192,97.13943587780255,mcutoff,7.351358991755484,7.233808269953945,0.32857108334877194,0.24285662760511473,38.80442867637698
