subject,nll,bic,model,m_min,m_min_rec,epsilon,epsilon_rec,nll_rec
38-alternatives,45.003730776746046,98.50445203759081,mcutoff,7.613893502968111,8.304242947798343,0.34285682860386796,0.3714283137695006,46.17967306263309
