subject,nll,bic,model,m_min,m_min_rec,epsilon,epsilon_rec,nll_rec
135-alternatives,38.80442867637698,86.10584783685267,mcutoff,2.157106603473082,0.11390909397104831,0.24285662656537524,0.25714237486167574,39.90316193522992
