subject,nll,bic,model,m_min,m_min_rec,epsilon,epsilon_rec,nll_rec
145-alternatives,40.92707907049213,90.35114862508297,mcutoff,8.256463119357846,8.272707996963671,0.27142811546864604,0.22857088732019937,37.6279688732878
