subject,nll,bic,model,m_min,m_min_rec,epsilon,epsilon_rec,nll_rec
188-attributes,44.32122269685192,97.13943587780255,mcutoff,1.1266634990133086,1.9866724404971055,0.32857108478269664,0.2285708875108466,37.62796887328779
