subject,nll,bic,model,m_min,m_min_rec,epsilon,epsilon_rec,nll_rec
42-alternatives,38.80442867637698,86.10584783685267,mcutoff,9.998279860572865,8.287126150177535,0.24285662438414293,0.2142851435338947,36.37044873927606
