subject,nll,bic,model,m_min,m_min_rec,epsilon,epsilon_rec,nll_rec
160-alternatives,38.804428676376986,86.10584783685269,mcutoff,7.423377650923405,7.571972845629378,0.24285662462766047,0.22857088629372507,37.62796887328779
