subject,nll,bic,model,m_min,m_min_rec,epsilon,epsilon_rec,nll_rec
44-alternatives,18.012164838208207,44.52132016051513,mcutoff,8.319151857771807,9.006066836217677,0.07142771723374618,0.07142771162447718,18.012164838208204
