subject,nll,bic,model,m_min,m_min_rec,epsilon,epsilon_rec,nll_rec
153-attributes,40.92707907049213,90.35114862508297,mcutoff,4.509448225274413,3.8935220362747707,0.2714281135136359,0.2714281165561781,40.92707907049213
