subject,nll,bic,model,m_min,m_min_rec,epsilon,epsilon_rec,nll_rec
99-alternatives,42.760361143982514,94.01771277206375,mcutoff,8.293504970622156,8.253748935291663,0.29999959865084996,0.19999939821675242,35.02802964781313
