subject,nll,bic,model,m_min,m_min_rec,epsilon,epsilon_rec,nll_rec
122-attributes,44.32122269685191,97.13943587780254,mcutoff,9.97792719822884,9.561208734722442,0.3285710815068435,0.34285682075820395,45.003730776746046
