subject,nll,bic,model,m_min,m_min_rec,epsilon,epsilon_rec,nll_rec
133-attributes,26.717515887996868,61.90324478518826,mcutoff,8.595264241166195,8.856106066715686,0.13043404091903749,0.1594196057642488,30.27066820487449
