subject,nll,bic,model,m_min,m_min_rec,epsilon,epsilon_rec,nll_rec
90-attributes,24.876662737360753,58.250315958820224,mcutoff,9.846201774576043,9.051200674863633,0.11428494187829859,0.11428494260277414,24.876662737360757
