subject,nll,bic,model,m_min,m_min_rec,epsilon,epsilon_rec,nll_rec
49-alternatives,18.01216483820821,44.52132016051514,mcutoff,9.539726243868063,8.507165890852717,0.07142771719088903,0.042856227354748096,12.384284578396068
