subject,nll,bic,model,m_min,m_min_rec,epsilon,epsilon_rec,nll_rec
112-attributes,38.80442867637698,86.10584783685267,mcutoff,8.47822742837024,9.316970841444768,0.24285662493993265,0.24285662356841492,38.80442867637698
