subject,nll,bic,model,m_min,m_min_rec,epsilon,epsilon_rec,nll_rec
89-alternatives,38.80442867637697,86.10584783685266,mcutoff,3.1271765170235466,3.1025399584422564,0.24285662864182525,0.22857088520479177,37.62796887328779
