subject,nll,bic,model,m_min,m_min_rec,epsilon,epsilon_rec,nll_rec
14-alternatives,44.32122269685191,97.13943587780254,mcutoff,9.385361819853983,9.555951793139755,0.3285710846100134,0.24285662575676437,38.80442867637698
