subject,nll,bic,model,m_min,m_min_rec,epsilon,epsilon_rec,nll_rec
194-attributes,43.91933961248007,96.30689223415466,mcutoff,9.971008862673399,8.218458478899812,0.33333299434056335,0.34782578306223605,44.580106849333795
