subject,nll,bic,model,m_min,m_min_rec,epsilon,epsilon_rec,nll_rec
19-attributes,45.003730776746046,98.50445203759081,mcutoff,7.3450533488020415,4.428200533647341,0.3428568255250872,0.3714283117102828,46.17967306263309
