subject,nll,bic,model,m_min,m_min_rec,epsilon,epsilon_rec,nll_rec
141-alternatives,32.06995253444679,72.6368955529923,mcutoff,9.18100915986781,8.856861237501349,0.17142791345933112,0.21428513846137645,36.37044873927606
