subject,nll,bic,model,m_min,m_min_rec,epsilon,epsilon_rec,nll_rec
28-alternatives,41.87873120110798,92.25445288631468,mcutoff,6.948509659331565,7.147560682430063,0.28571385592133314,0.35714257309257796,45.6228192822257
