subject,nll,bic,model,m_min,m_min_rec,epsilon,epsilon_rec,nll_rec
102-alternatives,38.80442867637698,86.10584783685267,mcutoff,8.244954612576123,8.264158958210253,0.24285662708141434,0.24285662375247033,38.80442867637697
