subject,nll,bic,model,m_min,m_min_rec,epsilon,epsilon_rec,nll_rec
124-alternatives,38.80442867637698,86.10584783685267,mcutoff,3.046517486470056,3.0588156616944797,0.24285662472031322,0.19999939748052134,35.02802964781313
