subject,nll,bic,model,m_min,m_min_rec,epsilon,epsilon_rec,nll_rec
94-alternatives,42.76036114398252,94.01771277206376,mcutoff,7.16523886791705,7.615033961493821,0.29999960084495086,0.28571385326092363,41.87873120110798
