subject,nll,bic,model,m_min,m_min_rec,epsilon,epsilon_rec,nll_rec
40-alternatives,41.87873120110798,92.25445288631468,mcutoff,7.385861517043866,7.549384430574314,0.2857138554425257,0.271428112369325,40.92707907049213
