subject,nll,bic,model,m_min,m_min_rec,epsilon,epsilon_rec,nll_rec
161-attributes,32.06995253444679,72.6368955529923,mcutoff,8.605954352324684,9.682577060374276,0.1714279130747654,0.15714216867014144,30.442969752375593
