subject,nll,bic,model,m_min,m_min_rec,epsilon,epsilon_rec,nll_rec
104-alternatives,39.61580308934096,87.61091566273477,mcutoff,9.71179490104296,8.648988222318152,0.2878783568396087,0.2575752773998229,37.6532595174997
