subject,nll,bic,model,m_min,m_min_rec,epsilon,epsilon_rec,nll_rec
46-alternatives,42.76036114398252,94.01771277206376,mcutoff,9.22667042167351,8.975924046634725,0.2999995977308484,0.2428566258569531,38.80442867637698
