subject,nll,bic,model,m_min,m_min_rec,epsilon,epsilon_rec,nll_rec
77-attributes,18.012164838208207,44.52132016051513,mcutoff,8.539409079660741,8.642389714323349,0.0714277111676013,0.05714197134978283,15.332136525371475
