subject,nll,bic,model,m_min,m_min_rec,epsilon,epsilon_rec,nll_rec
125-attributes,32.06995253444679,72.6368955529923,mcutoff,9.793639456910034,9.703338455359027,0.17142791021787732,0.1857136544821574,33.59626303002578
