subject,nll,bic,model,m_min,m_min_rec,epsilon,epsilon_rec,nll_rec
39-attributes,45.6228192822257,99.74262904855011,mcutoff,7.535603134829963,5.349289408732243,0.3571425692804749,0.29999959814771876,42.76036114398252
