subject,nll,bic,model,m_min,m_min_rec,epsilon,epsilon_rec,nll_rec
59-alternatives,35.028029647813135,78.55304977972499,mcutoff,7.14986339386413,7.209456878473079,0.1999993982972257,0.09999920150851646,22.755668137541367
