subject,nll,bic,model,m_min,m_min_rec,epsilon,epsilon_rec,nll_rec
138-alternatives,-6.999994573635536e-05,8.496850484207245,mcutoff,1.4934179009578612,1.4934179009578612,2.751132655021138e-13,2.751132655021138e-13,-6.999994573635536e-05
