subject,nll,bic,model,m_min,m_min_rec,epsilon,epsilon_rec,nll_rec
17-alternatives,33.17872111732536,74.79645764500293,mcutoff,7.714819303906966,7.7913653703137475,0.19117585216626726,0.2352935860946123,37.10029503004052
