subject,nll,bic,model,m_min,m_min_rec,epsilon,epsilon_rec,nll_rec
107-attributes,40.60771994177921,89.68365289275293,mcutoff,8.180635328657138,8.035174765167147,0.2753618657418939,0.2898546567379579,41.539370738848355
