subject,nll,bic,model,m_min,m_min_rec,epsilon,epsilon_rec,nll_rec
110-alternatives,5.241178126384223,18.979346736867164,mcutoff,8.522279211548529,9.9953863826418,0.014284742916624203,0.028570486313607847,9.081708630499978
