subject,nll,bic,model,m_min,m_min_rec,epsilon,epsilon_rec,nll_rec
101-alternatives,15.332136525371471,39.16126353484166,mcutoff,8.676727559911905,8.956495683346116,0.05714197218283901,0.042856228937208765,12.384284578396066
