subject,nll,bic,model,m_min,m_min_rec,epsilon,epsilon_rec,nll_rec
185-alternatives,41.87873120110798,92.25445288631468,mcutoff,6.067727519605155,6.680809725885776,0.285713854316508,0.3857140599838263,46.675326586655046
