subject,nll,bic,model,m_min,m_min_rec,epsilon,epsilon_rec,nll_rec
137-alternatives,15.332136525371471,39.16126353484166,mcutoff,2.4987471541958794,0.013486891825965408,0.057141972184162323,0.08571345390426216,20.475452793207786
