subject,nll,bic,model,m_min,m_min_rec,epsilon,epsilon_rec,nll_rec
123-alternatives,44.32122269685191,97.13943587780254,mcutoff,7.409946176433827,6.9733244424677165,0.3285710853759359,0.3571425706920069,45.6228192822257
