subject,nll,bic,model,m_min,m_min_rec,epsilon,epsilon_rec,nll_rec
189-alternatives,36.127319286344914,80.72285158188434,mcutoff,8.824653899916987,8.838308883591203,0.2173907320846365,0.20289795285619824,34.80308301494936
