subject,nll,bic,model,m_min,m_min_rec,epsilon,epsilon_rec,nll_rec
147-alternatives,37.62796887328779,83.7529282306743,mcutoff,8.016948665306689,8.08172848273942,0.2285708845651409,0.17142791140690442,32.06995253444679
