subject,nll,bic,model,m_min,m_min_rec,epsilon,epsilon_rec,nll_rec
52-alternatives,9.081708630499973,26.660407745098667,mcutoff,8.59035230472326,9.293264010105487,0.028570486331139396,0.014284742835288385,5.241178126384223
