subject,nll,bic,model,m_min,m_min_rec,epsilon,epsilon_rec,nll_rec
166-attributes,33.596263030025774,75.68951654415027,mcutoff,3.1289856375528524,3.7616949096330012,0.18571365921017674,0.214285143828568,36.37044873927606
