subject,nll,bic,model,m_min,m_min_rec,epsilon,epsilon_rec,nll_rec
159-alternatives,43.573944446133396,95.64487937636551,mcutoff,7.205899086164148,6.876490148918849,0.31428533594260394,0.21428514042471855,36.37044873927606
