subject,nll,bic,model,m_min,m_min_rec,epsilon,epsilon_rec,nll_rec
198-attributes,38.80442867637698,86.10584783685267,mcutoff,8.251550747077466,8.211392224134507,0.2428566233877645,0.24285662668902055,38.80442867637698
