subject,nll,bic,model,m_min,m_min_rec,epsilon,epsilon_rec,nll_rec
69-alternatives,39.90316193522992,88.30331435455855,mcutoff,6.905928852074034,7.672257101327993,0.2571423688243189,0.242856626943228,38.80442867637698
