subject,nll,bic,model,m_min,m_min_rec,epsilon,epsilon_rec,nll_rec
197-alternatives,5.226686865373631,18.92158673994178,mcutoff,9.84708888477655,8.678417903649814,0.014491782811678233,3.3745228833481633e-13,-6.899994220633171e-05
