subject,nll,bic,model,m_min,m_min_rec,epsilon,epsilon_rec,nll_rec
60-attributes,40.92707907049213,90.35114862508297,mcutoff,9.188715484808707,9.137878478826346,0.2714281171442182,0.19999939887670085,35.02802964781313
