subject,nll,bic,model,m_min,m_min_rec,epsilon,epsilon_rec,nll_rec
113-alternatives,33.38917448918055,75.24656198755561,mcutoff,3.1023178338750035,3.1568934674598164,0.18840517142864815,0.21739073849159635,36.127319286344914
