subject,nll,bic,model,m_min,m_min_rec,epsilon,epsilon_rec,nll_rec
21-attributes,44.32122269685191,97.13943587780254,mcutoff,8.843436973060726,8.487591740552471,0.3285710848099666,0.2571423708033172,39.90316193522992
