subject,nll,bic,model,m_min,m_min_rec,epsilon,epsilon_rec,nll_rec
86-alternatives,9.081708630499975,26.660407745098667,mcutoff,8.722777808559693,9.293264010105487,0.028570486328136795,0.014284743198969382,5.241178126384224
