subject,nll,bic,model,m_min,m_min_rec,epsilon,epsilon_rec,nll_rec
67-attributes,37.62796887328779,83.7529282306743,mcutoff,8.237729539930287,9.109047300429925,0.2285708801558839,0.21428513580643133,36.37044873927606
