subject,nll,bic,model,m_min,m_min_rec,epsilon,epsilon_rec,nll_rec
154-attributes,15.332136525371475,39.161263534841666,mcutoff,9.004039856266393,9.067552602853823,0.05714197243844136,0.0285704862513681,9.081708630499973
