subject,nll,bic,model,m_min,m_min_rec,epsilon,epsilon_rec,nll_rec
133-alternatives,30.27066820487449,69.0095494189435,mcutoff,9.65431914149741,8.738543424023025,0.1594196079723003,0.27536186531238555,40.60771994177921
