subject,nll,bic,model,m_min,m_min_rec,epsilon,epsilon_rec,nll_rec
20-attributes,28.70800228032862,65.91299504475596,mcutoff,8.909950035153113,9.619935844341548,0.1428564251425012,0.11428494188095766,24.876662737360746
