subject,nll,bic,model,m_min,m_min_rec,epsilon,epsilon_rec,nll_rec
105-alternatives,41.87873120110798,92.25445288631468,mcutoff,7.010618313866507,7.405231837527709,0.2857138543643483,0.2999995971445263,42.76036114398253
