subject,nll,bic,model,m_min,m_min_rec,epsilon,epsilon_rec,nll_rec
57-alternatives,41.87873120110798,92.25445288631468,mcutoff,7.255518773626779,7.808551106700622,0.28571385477690014,0.17142791314880493,32.06995253444679
