subject,nll,bic,model,m_min,m_min_rec,epsilon,epsilon_rec,nll_rec
127-attributes,41.53937073884835,91.54695448689121,mcutoff,5.659314979059028,6.029812372468229,0.28985465269228594,0.28985465082161715,41.539370738848355
