subject,nll,bic,model,m_min,m_min_rec,epsilon,epsilon_rec,nll_rec
36-attributes,77.60885735275397,165.10099955072656,mcutoff,8.580894139560481,9.557826419439216,0.2428566231587073,0.2571423740345142,79.80632387045986
