subject,nll,bic,model,m_min,m_min_rec,epsilon,epsilon_rec,nll_rec
198-alternatives,39.90316193522992,88.30331435455855,mcutoff,8.291673150186252,8.2886399990037,0.2571423704378198,0.2571423705755836,39.90316193522992
