subject,nll,bic,model,m_min,m_min_rec,epsilon,epsilon_rec,nll_rec
47-alternatives,-6.899991648226793e-05,8.468075009361554,mcutoff,8.806252170267648,8.806252170267648,7.104317134576377e-13,7.104317134576377e-13,-6.899991648226793e-05
