subject,nll,bic,model,m_min,m_min_rec,epsilon,epsilon_rec,nll_rec
175-attributes,41.539370738848355,91.54695448689122,mcutoff,7.029056670020008,6.8343536834975716,0.2898546550543451,0.24637630140558922,38.523910602158985
