subject,nll,bic,model,m_min,m_min_rec,epsilon,epsilon_rec,nll_rec
69-attributes,38.80442867637698,86.10584783685267,mcutoff,9.998279860572865,9.800765723212871,0.24285662537488345,0.18571365623862085,33.59626303002578
