subject,nll,bic,model,m_min,m_min_rec,epsilon,epsilon_rec,nll_rec
75-alternatives,33.59626303002578,75.68951654415028,mcutoff,8.970517793309089,8.961404997306397,0.18571365488771965,0.22857087986014984,37.62796887328779
