subject,nll,bic,model,m_min,m_min_rec,epsilon,epsilon_rec,nll_rec
23-alternatives,33.59626303002577,75.68951654415025,mcutoff,9.68861233549889,8.727381652189369,0.1857136548926946,0.228570882983429,37.627968873287784
