subject,nll,bic,model,m_min,m_min_rec,epsilon,epsilon_rec,nll_rec
156-attributes,39.90316193522992,88.30331435455855,mcutoff,8.73346097050959,9.608747401128813,0.2571423693864872,0.2999996002986281,42.76036114398252
