subject,nll,bic,model,m_min,m_min_rec,epsilon,epsilon_rec,nll_rec
177-attributes,42.76036114398252,94.01771277206376,mcutoff,7.509283191926568,7.961974371520737,0.2999995995403059,0.3571425731428308,45.622819282225706
