subject,nll,bic,model,m_min,m_min_rec,epsilon,epsilon_rec,nll_rec
2-attributes,33.59626303002578,75.68951654415028,mcutoff,8.248037319420314,8.211225917755893,0.1857136522102994,0.24285662691223445,38.80442867637697
