subject,nll,bic,model,m_min,m_min_rec,epsilon,epsilon_rec,nll_rec
95-attributes,44.32122269685191,97.13943587780254,mcutoff,7.192806464320636,5.161335420717532,0.3285710853946649,0.38571405629350825,46.675326586655046
