subject,nll,bic,model,m_min,m_min_rec,epsilon,epsilon_rec,nll_rec
81-attributes,45.6228192822257,99.74262904855011,mcutoff,7.598471786910258,7.1155598446092805,0.35714256632168806,0.3714283152293837,46.179673062633086
