subject,nll,bic,model,m_min,m_min_rec,epsilon,epsilon_rec,nll_rec
76-alternatives,41.878731201107996,92.25445288631471,mcutoff,8.256918263257392,9.178791819470204,0.28571385486036316,0.22857088197092088,37.62796887328779
