subject,nll,bic,model,m_min,m_min_rec,epsilon,epsilon_rec,nll_rec
53-attributes,37.627968873287784,83.75292823067429,mcutoff,9.744585410590272,8.760503244079334,0.22857088339391543,0.27142811418589213,40.92707907049213
