subject,nll,bic,model,m_min,m_min_rec,epsilon,epsilon_rec,nll_rec
3-alternatives,35.02802964781313,78.55304977972497,mcutoff,9.51251291208238,9.767230970715993,0.19999939774958464,0.1999993983264315,35.028029647813135
