subject,nll,bic,model,m_min,m_min_rec,epsilon,epsilon_rec,nll_rec
79-attributes,28.708002280328614,65.91299504475595,mcutoff,9.986111076378311,9.960655615530406,0.14285642835404372,0.19999939906584802,35.02802964781313
