subject,nll,bic,model,m_min,m_min_rec,epsilon,epsilon_rec,nll_rec
48-attributes,42.76036114398252,94.01771277206376,mcutoff,2.113393264653618,1.8942795259753953,0.29999960276842674,0.3571425707755958,45.622819282225706
