subject,nll,bic,model,m_min,m_min_rec,epsilon,epsilon_rec,nll_rec
25-alternatives,38.80442867637698,86.10584783685267,mcutoff,7.2197385346767025,6.882170858971326,0.24285663347429903,0.2571423661168326,39.903161935229924
