subject,nll,bic,model,m_min,m_min_rec,epsilon,epsilon_rec,nll_rec
179-attributes,36.37044873927606,81.23788796265083,mcutoff,1.1923768863012016,1.3990641097228451,0.21428514108441582,0.22857087918770383,37.6279688732878
