subject,nll,bic,model,m_min,m_min_rec,epsilon,epsilon_rec,nll_rec
179-alternatives,33.59626303002577,75.68951654415025,mcutoff,1.2175168531566016,2.2907089022531686,0.18571365784813426,0.24285662982195114,38.80442867637697
