subject,nll,bic,model,m_min,m_min_rec,epsilon,epsilon_rec,nll_rec
182-attributes,36.37044873927606,81.23788796265083,mcutoff,7.690482773299836,7.706194506799992,0.2142851441885399,0.1428564263324672,28.70800228032862
