subject,nll,bic,model,m_min,m_min_rec,epsilon,epsilon_rec,nll_rec
64-attributes,35.02802964781312,78.55304977972496,mcutoff,9.153560752796675,9.204894499692355,0.19999940006625977,0.28571385787095444,41.87873120110798
