subject,nll,bic,model,m_min,m_min_rec,epsilon,epsilon_rec,nll_rec
114-alternatives,38.80442867637698,86.10584783685267,mcutoff,8.772410412372041,8.636139882061727,0.2428566247192694,0.32857108381082784,44.32122269685191
