subject,nll,bic,model,m_min,m_min_rec,epsilon,epsilon_rec,nll_rec
99-attributes,37.6279688732878,83.75292823067431,mcutoff,8.241496727067844,8.145004373624083,0.2285708902678401,0.1857136544379066,33.59626303002578
