subject,nll,bic,model,m_min,m_min_rec,epsilon,epsilon_rec,nll_rec
131-attributes,37.62796887328779,83.7529282306743,mcutoff,7.7020922379685866,7.675217737513855,0.22857088319730515,0.2714281117676383,40.92707907049213
