subject,nll,bic,model,m_min,m_min_rec,epsilon,epsilon_rec,nll_rec
144-attributes,43.573944446133396,95.64487937636551,mcutoff,7.394027212490871,7.47832227886387,0.3142853385145857,0.34285682991680205,45.00373077674604
