subject,nll,bic,model,m_min,m_min_rec,epsilon,epsilon_rec,nll_rec
145-attributes,41.87873120110799,92.2544528863147,mcutoff,8.205056449358327,8.237113514659647,0.2857138532022612,0.19999939987311688,35.02802964781313
