subject,nll,bic,model,m_min,m_min_rec,epsilon,epsilon_rec,nll_rec
6-attributes,35.02802964781313,78.55304977972497,mcutoff,8.47969547860303,9.887393067894255,0.1999994012574785,0.31428534389448487,43.573944446133396
