subject,nll,bic,model,m_min,m_min_rec,epsilon,epsilon_rec,nll_rec
117-attributes,33.596263030025774,75.68951654415027,mcutoff,9.168042742360253,8.495046128353518,0.1857136562660548,0.1571421695236242,30.442969752375596
