subject,nll,bic,model,m_min,m_min_rec,epsilon,epsilon_rec,nll_rec
73-attributes,39.6034119062773,87.67503682174912,mcutoff,9.803234117094583,8.755636469317542,0.2608690884169936,0.23188351732819404,37.36631984324992
