subject,nll,bic,model,m_min,m_min_rec,epsilon,epsilon_rec,nll_rec
161-alternatives,26.85620003299716,62.20939055009304,mcutoff,9.816068083764403,9.545576505622439,0.12857068661730003,0.17142791221384168,32.06995253444679
