subject,nll,bic,model,m_min,m_min_rec,epsilon,epsilon_rec,nll_rec
171-attributes,35.02802964781313,78.55304977972497,mcutoff,7.135484334921206,7.284077884097657,0.19999940027268717,0.07142771162494449,18.01216483820821
