subject,nll,bic,model,m_min,m_min_rec,epsilon,epsilon_rec,nll_rec
159-attributes,43.919339612480066,96.30689223415465,mcutoff,9.140014907883904,9.594264134056381,0.3333329988645975,0.3188402123453043,43.19333956309318
