subject,nll,bic,model,m_min,m_min_rec,epsilon,epsilon_rec,nll_rec
56-attributes,5.241178126384225,18.97934673686717,mcutoff,8.749312577283813,9.422433063289194,0.01428474215094249,0.014284742776885012,5.2411781263842245
