subject,nll,bic,model,m_min,m_min_rec,epsilon,epsilon_rec,nll_rec
1-attributes,43.57394444613339,95.6448793763655,mcutoff,6.918638623323194,8.180538682424618,0.3142853435850593,0.24285663005751817,38.80442867637697
