subject,nll,bic,model,m_min,m_min_rec,epsilon,epsilon_rec,nll_rec
75-attributes,22.755668137541363,54.00832675918144,mcutoff,9.017793023575852,9.107961195766016,0.0999992004812656,0.12857068306456412,26.856200032997158
