subject,nll,bic,model,m_min,m_min_rec,epsilon,epsilon_rec,nll_rec
3-attributes,33.59626303002578,75.68951654415028,mcutoff,9.07412422560029,9.27672165380418,0.18571366143000795,0.17142791002606692,32.06995253444679
