subject,nll,bic,model,m_min,m_min_rec,epsilon,epsilon_rec,nll_rec
17-attributes,40.28285274052817,89.00472089140855,mcutoff,7.268837097789538,6.580727079608396,0.2794113213918677,0.27941132464236734,40.28285274052816
