subject,nll,bic,model,m_min,m_min_rec,epsilon,epsilon_rec,nll_rec
18-attributes,45.6228192822257,99.74262904855011,mcutoff,7.4275332089622035,6.545682484458613,0.3571425723619328,0.3428568348469595,45.00373077674605
