subject,nll,bic,model,m_min,m_min_rec,epsilon,epsilon_rec,nll_rec
43-attributes,26.856200032997155,62.209390550093026,mcutoff,8.901373911869893,8.895531018619431,0.128570683236649,0.1999994004626239,35.02802964781313
