subject,nll,bic,model,m_min,m_min_rec,epsilon,epsilon_rec,nll_rec
98-attributes,40.92707907049213,90.35114862508297,mcutoff,7.4080206474102726,7.434142229869129,0.27142811869095934,0.24285662801417632,38.80442867637698
