subject,nll,bic,model,m_min,m_min_rec,epsilon,epsilon_rec,nll_rec
20-alternatives,30.442969752375593,69.38292998884991,mcutoff,9.00282634074617,8.386807794652515,0.15714216895833513,0.24285662498014787,38.80442867637697
