subject,nll,bic,model,m_min,m_min_rec,epsilon,epsilon_rec,nll_rec
123-attributes,40.92707907049212,90.35114862508296,mcutoff,7.45790765721703,8.188777677334993,0.27142811520448895,0.2714281147268856,40.92707907049212
