subject,nll,bic,model,m_min,m_min_rec,epsilon,epsilon_rec,nll_rec
148-attributes,37.36631984324992,83.20085269569435,mcutoff,9.261457189693417,8.967952015178724,0.23188352032954354,0.27536186750415204,40.60771994177921
