subject,nll,bic,model,m_min,m_min_rec,epsilon,epsilon_rec,nll_rec
74-alternatives,32.07186984438527,72.4300091415536,mcutoff,9.954183780783625,8.639903420576701,0.20634861529421672,0.17460252229616918,29.175840395776248
