subject,nll,bic,model,m_min,m_min_rec,epsilon,epsilon_rec,nll_rec
31-attributes,40.92707907049213,90.35114862508297,mcutoff,3.1041168769254446,0.5903998579907395,0.27142811416994206,0.32857108714626915,44.32122269685191
