subject,nll,bic,model,m_min,m_min_rec,epsilon,epsilon_rec,nll_rec
167-attributes,21.857511641746573,51.96929205358333,mcutoff,5.830812955271291,5.583146393687831,0.1129024471613588,0.16128964418950936,27.391683576744985
