subject,nll,bic,model,m_min,m_min_rec,epsilon,epsilon_rec,nll_rec
184-attributes,9.081708630499973,26.660407745098667,mcutoff,8.962218850451272,9.367411669271416,0.028570486378833013,0.014284742841903533,5.2411781263842245
