subject,nll,bic,model,m_min,m_min_rec,epsilon,epsilon_rec,nll_rec
40-attributes,44.580106849333795,97.6284267078621,mcutoff,7.464495781708441,7.778566541707233,0.34782578093241523,0.34782578082666604,44.580106849333795
