subject,nll,bic,model,m_min,m_min_rec,epsilon,epsilon_rec,nll_rec
114-attributes,39.903161935229924,88.30331435455857,mcutoff,7.629572064997997,7.362077814499481,0.2571423690458015,0.31428533763237737,43.573944446133396
