subject,nll,bic,model,m_min,m_min_rec,epsilon,epsilon_rec,nll_rec
30-alternatives,35.02802964781313,78.55304977972497,mcutoff,9.477237100649617,9.828995385983365,0.19999939677243322,0.2714281118199711,40.92707907049213
