subject,nll,bic,model,m_min,m_min_rec,epsilon,epsilon_rec,nll_rec
113-attributes,33.596263030025774,75.68951654415027,mcutoff,1.5184184132106489,0.4025486392982609,0.18571365613211194,0.24285662511128212,38.80442867637698
