subject,nll,bic,model,m_min,m_min_rec,epsilon,epsilon_rec,nll_rec
43-alternatives,37.627968873287784,83.75292823067429,mcutoff,9.944541889278264,8.86160710153284,0.2285708832909872,0.12857068459788848,26.85620003299715
