subject,nll,bic,model,m_min,m_min_rec,epsilon,epsilon_rec,nll_rec
36-alternatives,79.20682381255462,168.26815499542366,mcutoff,8.209943340961518,8.238365188531668,0.26086908640448053,0.2536226980535497,78.14646461218825
