subject,nll,bic,model,m_min,m_min_rec,epsilon,epsilon_rec,nll_rec
55-alternatives,42.76036114398252,94.01771277206376,mcutoff,3.0168218480767917,5.030121938242015,0.2999995979086979,0.27142811912822495,40.92707907049213
