subject,nll,bic,model,m_min,m_min_rec,epsilon,epsilon_rec,nll_rec
7-alternatives,42.76036114398253,94.01771277206377,mcutoff,8.256442228887058,8.269720581229034,0.299999592637982,0.37142831436808965,46.179673062633086
