subject,nll,bic,model,m_min,m_min_rec,epsilon,epsilon_rec,nll_rec
131-alternatives,38.80442867637697,86.10584783685266,mcutoff,5.6360998948851195,6.632672936956351,0.24285662502168637,0.25714237054913425,39.90316193522992
