subject,nll,bic,model,m_min,m_min_rec,epsilon,epsilon_rec,nll_rec
185-attributes,43.573944446133396,95.64487937636551,mcutoff,8.213600006702382,8.169100890310613,0.31428534310741774,0.3285710816587257,44.32122269685192
