subject,nll,bic,model,m_min,m_min_rec,epsilon,epsilon_rec,nll_rec
81-alternatives,42.400591101578236,93.26939521235099,mcutoff,8.223447232714197,8.25685417415707,0.30434743084681015,0.3188402140734286,43.193339563093176
