subject,nll,bic,model,m_min,m_min_rec,epsilon,epsilon_rec,nll_rec
25-attributes,45.003730776746046,98.50445203759081,mcutoff,7.681232281325617,6.286353727048175,0.34285682537096346,0.3428568252109,45.00373077674605
