subject,nll,bic,model,m_min,m_min_rec,epsilon,epsilon_rec,nll_rec
12-alternatives,42.76036114398252,94.01771277206376,mcutoff,9.573728494828195,9.775354515283302,0.29999959812720683,0.2428566255006795,38.80442867637698
