subject,nll,bic,model,m_min,m_min_rec,epsilon,epsilon_rec,nll_rec
42-attributes,35.02802964781313,78.55304977972497,mcutoff,9.185055956706458,9.7857100477103,0.19999939660803012,0.25714236817636216,39.90316193522992
