subject,nll,bic,model,m_min,m_min_rec,epsilon,epsilon_rec,nll_rec
88-alternatives,42.76036114398253,94.01771277206377,mcutoff,8.679224944185307,9.78553660167344,0.29999959852814945,0.2999995976912773,42.76036114398252
