subject,nll,bic,model,m_min,m_min_rec,epsilon,epsilon_rec,nll_rec
35-alternatives,30.44296975237559,69.3829299888499,mcutoff,9.538843198622569,9.009065134318782,0.15714216887826066,0.09999919981466458,22.755668137541363
