subject,nll,bic,model,m_min,m_min_rec,epsilon,epsilon_rec,nll_rec
128-attributes,43.919339612480066,96.30689223415465,mcutoff,8.174961066996087,8.151284482959865,0.3333330003674655,0.33333299712151,43.91933961248007
