subject,nll,bic,model,m_min,m_min_rec,epsilon,epsilon_rec,nll_rec
60-alternatives,37.62796887328779,83.7529282306743,mcutoff,9.362641573305817,9.103197191533951,0.22857088198555103,0.21428514118714537,36.37044873927606
