subject,nll,bic,model,m_min,m_min_rec,epsilon,epsilon_rec,nll_rec
100-attributes,44.32122269685191,97.13943587780254,mcutoff,8.211340938821426,8.567473754445786,0.3285710853953053,0.3571425695746127,45.6228192822257
