subject,nll,bic,model,m_min,m_min_rec,epsilon,epsilon_rec,nll_rec
143-attributes,41.87873120110798,92.25445288631468,mcutoff,6.835555746652124,6.634687890242698,0.285713857897874,0.28571385368403246,41.87873120110798
