subject,nll,bic,model,m_min,m_min_rec,epsilon,epsilon_rec,nll_rec
6-alternatives,33.59626303002578,75.68951654415028,mcutoff,8.950681619773482,8.484164635434794,0.18571365980792523,0.12857068320820964,26.856200032997158
