subject,nll,bic,model,m_min,m_min_rec,epsilon,epsilon_rec,nll_rec
129-alternatives,38.80442867637698,86.10584783685267,mcutoff,7.100899141752088,7.477972716675808,0.24285662906461028,0.21428513821938228,36.37044873927605
