subject,nll,bic,model,m_min,m_min_rec,epsilon,epsilon_rec,nll_rec
109-alternatives,38.23865383421495,84.91632307878211,mcutoff,7.467478415539677,7.708218874046418,0.24999949980267208,0.19117585240757268,33.17872111732537
