subject,nll,bic,model,m_min,m_min_rec,epsilon,epsilon_rec,nll_rec
8-alternatives,35.02802964781313,78.55304977972497,mcutoff,8.350704048771654,9.695782989230988,0.19999939822720716,0.2714281160804278,40.92707907049213
