subject,nll,bic,model,m_min,m_min_rec,epsilon,epsilon_rec,nll_rec
111-attributes,39.903161935229924,88.30331435455857,mcutoff,3.863565764370654,5.23140335462538,0.2571423717378396,0.15714217047588802,30.44296975237559
