subject,nll,bic,model,m_min,m_min_rec,epsilon,epsilon_rec,nll_rec
31-alternatives,35.02802964781313,78.55304977972497,mcutoff,5.422604780421295,5.047551464930903,0.1999993965828483,0.28571385228794505,41.87873120110798
