subject,nll,bic,model,m_min,m_min_rec,epsilon,epsilon_rec,nll_rec
96-alternatives,42.76036114398252,94.01771277206376,mcutoff,9.844674955480947,9.783277351087968,0.29999959753031924,0.3571425710729277,45.6228192822257
