subject,nll,bic,model,m_min,m_min_rec,epsilon,epsilon_rec,nll_rec
84-attributes,45.003730776746046,98.50445203759081,mcutoff,7.614113721722809,6.5403890552717705,0.34285682302190806,0.42857129550115186,47.803427329173005
