subject,nll,bic,model,m_min,m_min_rec,epsilon,epsilon_rec,nll_rec
144-alternatives,42.40059110157823,93.26939521235097,mcutoff,6.9327887664027195,8.228784434229931,0.30434743529326935,0.3333330030028357,43.919339612480066
