subject,nll,bic,model,m_min,m_min_rec,epsilon,epsilon_rec,nll_rec
35-attributes,37.94849437896574,84.30637399671342,mcutoff,9.011445885888618,9.951560064444475,0.25373084884680336,0.2537308473648783,37.94849437896574
