subject,nll,bic,model,m_min,m_min_rec,epsilon,epsilon_rec,nll_rec
51-attributes,37.948494378965734,84.3063739967134,mcutoff,1.2750320887159838,0.282782994672484,0.2537308499860536,0.19402923562713378,32.96479133785792
