subject,nll,bic,model,m_min,m_min_rec,epsilon,epsilon_rec,nll_rec
164-alternatives,38.80442867637698,86.10584783685267,mcutoff,9.811925418634159,9.405537574903713,0.2428566266392025,0.25714237025137865,39.90316193522992
