subject,nll,bic,model,m_min,m_min_rec,epsilon,epsilon_rec,nll_rec
138-attributes,-6.899993860588204e-05,8.468075009317307,mcutoff,1.749767983247934,1.749767983247934,3.8968828164342995e-13,3.8968828164342995e-13,-6.899993860588204e-05
