subject,nll,bic,model,m_min,m_min_rec,epsilon,epsilon_rec,nll_rec
8-attributes,28.70800228032862,65.91299504475596,mcutoff,9.787376443739753,8.320445889143459,0.1428564251233851,0.08571345791247835,20.475452793207783
