subject,nll,bic,model,m_min,m_min_rec,epsilon,epsilon_rec,nll_rec
26-alternatives,15.332136525371471,39.16126353484166,mcutoff,9.621830412999433,9.922680887565036,0.05714197071054339,0.04285622926850683,12.384284578396072
