subject,nll,bic,model,m_min,m_min_rec,epsilon,epsilon_rec,nll_rec
116-attributes,37.62796887328779,83.7529282306743,mcutoff,9.329337727360478,9.72162924097944,0.22857088039245427,0.1999994001198006,35.028029647813135
