subject,nll,bic,model,m_min,m_min_rec,epsilon,epsilon_rec,nll_rec
22-attributes,32.06995253444679,72.6368955529923,mcutoff,9.428203764063209,9.959283585826768,0.17142791443744634,0.17142791337632152,32.06995253444679
