subject,nll,bic,model,m_min,m_min_rec,epsilon,epsilon_rec,nll_rec
94-attributes,36.37044873927606,81.23788796265083,mcutoff,6.820444320271717,7.505758342764807,0.2142851405886364,0.2571423702294625,39.90316193522992
