subject,nll,bic,model,m_min,m_min_rec,epsilon,epsilon_rec,nll_rec
191-alternatives,45.003730776746046,98.50445203759081,mcutoff,2.463373289791334,2.0355905010752817,0.3428568245402497,0.39999979822936527,47.11067669078793
