subject,nll,bic,model,m_min,m_min_rec,epsilon,epsilon_rec,nll_rec
49-attributes,12.340160977600474,33.148534964395466,mcutoff,8.392128849734881,9.360512196920793,0.04347734922081763,0.014491783679779813,5.226686865373635
