subject,nll,bic,model,m_min,m_min_rec,epsilon,epsilon_rec,nll_rec
84-alternatives,42.760361143982514,94.01771277206375,mcutoff,7.4773079172397585,5.799940749265204,0.2999996000933836,0.2999995987178317,42.76036114398252
