subject,nll,bic,model,m_min,m_min_rec,epsilon,epsilon_rec,nll_rec
132-alternatives,42.40059110157823,93.26939521235097,mcutoff,7.4315738959701285,7.6870014821551305,0.30434743305877465,0.2463763015306458,38.523910602158985
