subject,nll,bic,model,m_min,m_min_rec,epsilon,epsilon_rec,nll_rec
163-alternatives,37.366319843249926,83.20085269569437,mcutoff,5.100064177433513,5.052856785287807,0.231883519883225,0.2173907351229299,36.127319286344914
