subject,nll,bic,model,m_min,m_min_rec,epsilon,epsilon_rec,nll_rec
141-attributes,32.06995253444679,72.6368955529923,mcutoff,9.38922521186784,9.62660281716443,0.1714279118601288,0.14285642843870577,28.708002280328618
