subject,nll,bic,model,m_min,m_min_rec,epsilon,epsilon_rec,nll_rec
170-alternatives,42.76036114398252,94.01771277206376,mcutoff,8.952038392540965,9.942939711071347,0.299999595719167,0.32857108645128297,44.32122269685191
