subject,nll,bic,model,m_min,m_min_rec,epsilon,epsilon_rec,nll_rec
120-alternatives,37.627968873287784,83.75292823067429,mcutoff,9.086967167640065,6.676420664665851,0.22857088712838572,0.28571385581655334,41.87873120110798
