subject,nll,bic,model,m_min,m_min_rec,epsilon,epsilon_rec,nll_rec
54-attributes,39.903161935229924,88.30331435455857,mcutoff,7.7463035521460375,7.215463659608665,0.25714236840999694,0.24285662753019518,38.80442867637698
