subject,nll,bic,model,m_min,m_min_rec,epsilon,epsilon_rec,nll_rec
48-alternatives,44.32122269685192,97.13943587780255,mcutoff,3.144715660601613,2.718160947216695,0.3285710800964913,0.2857138576516654,41.87873120110798
