subject,nll,bic,model,m_min,m_min_rec,epsilon,epsilon_rec,nll_rec
85-attributes,15.272860829652918,39.013934668500355,mcutoff,8.524068251650867,8.576630128291576,0.05797012853127463,0.11594125691942142,24.754372769338218
