subject,nll,bic,model,m_min,m_min_rec,epsilon,epsilon_rec,nll_rec
71-alternatives,43.573944446133396,95.64487937636551,mcutoff,7.65505129989232,7.24245903174494,0.3142853419166079,0.3285710846890648,44.32122269685191
