subject,nll,bic,model,m_min,m_min_rec,epsilon,epsilon_rec,nll_rec
190-attributes,38.804428676376986,86.10584783685269,mcutoff,7.081726661967622,7.195384202914811,0.2428566259347085,0.1999993965677394,35.028029647813135
