subject,nll,bic,model,m_min,m_min_rec,epsilon,epsilon_rec,nll_rec
16-alternatives,38.80442867637698,86.10584783685267,mcutoff,9.282315586305545,9.458798484909854,0.24285662677045555,0.24285662804948902,38.80442867637698
