subject,nll,bic,model,m_min,m_min_rec,epsilon,epsilon_rec,nll_rec
137-attributes,12.384284578396066,33.26555964089085,mcutoff,1.990250738838975,2.440807013448056,0.04285622940985228,0.042856227684859576,12.384284578396066
