subject,nll,bic,model,m_min,m_min_rec,epsilon,epsilon_rec,nll_rec
58-alternatives,41.28229774201981,90.94390496809247,mcutoff,8.970613182392086,8.84141218577456,0.31818145127655806,0.31818145014396376,41.2822977420198
