subject,nll,bic,model,m_min,m_min_rec,epsilon,epsilon_rec,nll_rec
176-alternatives,40.92707907049213,90.35114862508297,mcutoff,7.166952200263509,6.874967328463794,0.27142811120130644,0.17142791178816444,32.06995253444679
