subject,nll,bic,model,m_min,m_min_rec,epsilon,epsilon_rec,nll_rec
11-attributes,40.927079070492134,90.35114862508298,mcutoff,6.830620810615059,6.854695675049724,0.2714281149030304,0.24285662466417382,38.80442867637698
