subject,nll,bic,model,m_min,m_min_rec,epsilon,epsilon_rec,nll_rec
4-attributes,39.90316193522992,88.30331435455855,mcutoff,3.108872097498845,3.096473056838792,0.2571423713237496,0.1999993961720291,35.02802964781313
