subject,nll,bic,model,m_min,m_min_rec,epsilon,epsilon_rec,nll_rec
10-attributes,36.37044873927606,81.23788796265083,mcutoff,9.699622092325196,9.691849976428902,0.21428514156000736,0.2714281181104873,40.92707907049213
