subject,nll,bic,model,wp,wp_rec,beta,beta_rec,nll_rec
9,73.50819468041388,156.88533722708914,wa,0.9084917017896283,0.9087643149028977,7.053403627846008,7.181655581239222,73.05478194739237
