subject,nll,bic,model,wp,wp_rec,beta,beta_rec,nll_rec
15,56.08026826867363,122.02948440360863,wa,0.9452084298506684,0.9458622685571031,15.743522925463592,15.646741816609625,56.22586336515262
