subject,nll,bic,model,wp,wp_rec,beta,beta_rec,nll_rec
10,38.71219806817447,87.30768098156756,wa,0.6994152832748058,0.7643197167825095,5.194670772875818,7.896301116323178,37.18136688626353
