subject,nll,bic,model,wp,wp_rec,beta,beta_rec,nll_rec
7,95.73521097444993,201.35370679411847,wa,1.0,1.0,0.9750652562783609,1.3645576165720255,94.53154367318957
