subject,nll,bic,model,wp,wp_rec,beta,beta_rec,nll_rec
16,85.5837336218259,180.9481655000953,wa,0.9176005027801291,0.9062387381393857,3.4233453892442935,3.779259194637997,83.33875199969088
