subject,nll,bic,model,wp,wp_rec,beta,beta_rec,nll_rec
12,70.16543294942807,150.1998137651175,wa,0.9323793093735812,0.9317068535426176,9.27979746796719,6.444255659477467,79.51309758786337
