subject,nll,bic,model,wp,wp_rec,beta,beta_rec,nll_rec
17,52.51681682403827,114.91691849329516,wa,0.8972219512040388,0.8817462960240071,13.155841033484501,14.882142521289321,46.47378832594332
