subject,nll,bic,model,wp,wp_rec,beta,beta_rec,nll_rec
3,30.814210178412907,71.51170520204442,wa,0.9681775582917126,0.9741962661644972,22.69992884037496,45.39939826155143,10.175769468499032
