subject,nll,bic,model,wp,wp_rec,beta,beta_rec,nll_rec
1,47.34241345678468,104.56811175878798,wa,0.9530372895271159,0.9501926397710481,19.759221656266604,16.460282762259386,54.07559605612756
