subject,nll,bic,model,wp,wp_rec,beta,beta_rec,nll_rec
4,71.35029173884719,152.583868322913,wa,0.8924395637475204,0.9051556188572265,6.742859429642489,7.165142559757391,72.6523363994028
