subject,nll,bic,model,wp,wp_rec,beta,beta_rec,nll_rec
8,60.337651512340145,130.5585878698989,wa,0.9375191766423134,0.9380677173642765,13.517568282220264,21.512738339030076,45.30818304064759
