subject,nll,bic,model,wp,wp_rec,beta,beta_rec,nll_rec
6,90.7192059159996,191.3216966772178,wa,0.9440524289421021,0.9467921827047766,3.421678728290781,4.6904857700238844,86.35928394831586
