subject,nll,bic,model,wp,wp_rec,beta,beta_rec,nll_rec
18,55.26075057954495,120.4047860043085,wa,0.9432582838839677,0.9441875275403776,16.24980094317421,16.17536996395991,55.42357619213605
