subject,nll,bic,model,alpha,alpha_rec,gamma,gamma_rec,beta,beta_rec,b_last,b_last_rec,b_longer,b_longer_rec,nll_rec
18,52.49468687358734,129.6975858602212,pt_b-last_b-longer,0.28550781414042953,0.38786457994659534,0.4841452588483291,0.6424745070811347,28.209087449686113,16.292765142363674,0.021596336024372408,0.03360635097873868,4.194925834553055e-08,-0.008194328322400773,47.95014587649434
