subject,nll,bic,model,alpha,alpha_rec,gamma,gamma_rec,beta,beta_rec,b_last,b_last_rec,b_longer,b_longer_rec,nll_rec
16,85.7248699868284,195.90148561476556,pt_b-last_b-longer,0.5357286887959501,0.3891508393188367,0.5889956650306878,0.3133166900841794,2.076510007391335,13.296465838813637,0.1563302587066435,0.0240417647410399,-0.02074675938225592,-0.0032932156129453012,80.51223204838297
