subject,nll,bic,model,alpha,alpha_rec,gamma,gamma_rec,beta,beta_rec,b_last,b_last_rec,b_longer,b_longer_rec,nll_rec
14,54.51448978060533,133.70134922686412,pt_b-last_b-longer,1.0366446033854693,1.0341674065555924,0.9447097825888588,1.0,3.1810221041017677,2.6868706024042726,0.05853532898870244,-0.10656939158028238,0.0880565362967317,0.23824000230790282,57.369731538408445
