subject,nll,bic,model,alpha,alpha_rec,gamma,gamma_rec,beta,beta_rec,b_last,b_last_rec,b_longer,b_longer_rec,nll_rec
0,66.20948077586439,157.1271736647753,pt_b-last_b-longer,1.253903950241769,0.9962242363652651,0.7329110622494635,0.6544282637762817,1.2644945922008892,2.3142261404755553,0.07498868389111811,-0.0009919435582382353,0.15529997353340705,-0.04095017808714443,68.12838352664518
