subject,nll,bic,model,alpha,alpha_rec,gamma,gamma_rec,beta,beta_rec,b_last,b_last_rec,b_longer,b_longer_rec,nll_rec
4,57.828759862446,140.3657318379385,pt_b-last_b-longer,1.1240949878667341,1.070498686963113,0.92598001681099,0.8036301016805187,2.380241780163508,2.456998837353017,-0.11719873833396388,-0.10587398785133226,0.13638972894132215,0.21586513326644957,59.28588891374456
