subject,nll,bic,model,alpha,alpha_rec,gamma,gamma_rec,beta,beta_rec,b_last,b_last_rec,b_longer,b_longer_rec,nll_rec
1,50.69551595745416,126.09924402795485,pt_b-last_b-longer,0.2686024141024002,0.2475335092219834,0.5842932037073053,0.5338340023866521,21.05479573437118,26.126353459109552,0.007812347789769903,-0.0007212057514876224,-0.017803845324250812,-0.014245895245085368,50.94936109695871
