subject,nll,bic,model,alpha,alpha_rec,gamma,gamma_rec,beta,beta_rec,b_last,b_last_rec,b_longer,b_longer_rec,nll_rec
5,37.56913841320401,99.84648893945453,pt_b-last_b-longer,0.26869594880386716,0.27545924451292675,0.49689997129987346,0.5130714023559414,50.77974743976924,50.316420418102936,0.0018416459724955065,0.0019114398019912807,0.008146002270541755,0.00863487582131082,35.75364289282641
