subject,nll,bic,model,alpha,alpha_rec,gamma,gamma_rec,beta,beta_rec,b_last,b_last_rec,b_longer,b_longer_rec,nll_rec
17,37.65504848718824,100.018309087423,pt_b-last_b-longer,0.8765898624284706,0.7389235223347538,0.739747500130469,0.6706615671816245,9.66071664051889,13.098085969505139,-0.01653332114364504,0.00028062022668094613,0.016818412918780862,0.012975463882403723,36.89656811589696
