subject,nll,bic,model,alpha,alpha_rec,gamma,gamma_rec,beta,beta_rec,b_last,b_last_rec,b_longer,b_longer_rec,nll_rec
19,25.912582465771877,76.53337704459028,pt_b-last_b-longer,0.3115960418250425,0.3146801588438868,0.9905226400625625,1.0,16.856210922824445,22.189482082757934,0.009681132767649737,0.008808353382136177,0.007852072483503388,0.008071336854102511,19.03856240471748
