subject,nll,bic,model,alpha,alpha_rec,gamma,gamma_rec,beta,beta_rec,b_last,b_last_rec,b_longer,b_longer_rec,nll_rec
6,78.12015796344014,180.9485280399268,pt_b-last_b-longer,0.7872064733503374,0.8143165222069284,1.0,1.0,1.9492677400839753,1.6976578268084805,0.09640502355335048,0.07224762489638069,-0.08371794883463116,-0.09363331005209254,80.51463203713878
