subject,nll,bic,model,alpha,alpha_rec,gamma,gamma_rec,beta,beta_rec,b_last,b_last_rec,b_longer,b_longer_rec,nll_rec
2,32.45149048202023,89.5392493898265,pt_b-last_b-longer,0.42652867617139273,0.4452906508304312,0.6893652482599211,0.6912287712359195,22.377402507622406,63.32515809152658,-0.0077382152407729915,-0.04125598294424087,-0.00962865571592141,-0.019080530663321032,11.470356437214214
