subject,nll,bic,model,alpha,alpha_rec,gamma,gamma_rec,beta,beta_rec,b_last,b_last_rec,b_longer,b_longer_rec,nll_rec
13,53.07629227160122,130.86079665624897,pt_b-last_b-longer,0.6081495351658176,0.3136597272664579,1.0,0.5292085383394305,6.017354038244177,23.27704627640106,0.006899117905517895,-0.005997141678296079,-0.02035512150758355,0.0025806560582400154,53.44397768679279
