subject,nll,bic,model,alpha,alpha_rec,gamma,gamma_rec,beta,beta_rec,b_last,b_last_rec,b_longer,b_longer_rec,nll_rec
10,37.37185041539591,99.45191294383835,pt_b-last_b-longer,1.0753862130309195,1.1838628775064537,0.31903796675592333,0.33792914187851475,8.926439943009319,5.486270774160534,-0.0004678461144319846,0.047870341344181,0.010389380040650969,-0.03168205199825527,39.62398517571038
