subject,nll,bic,model,alpha,alpha_rec,theta,theta_rec,beta,beta_rec,b_last,b_last_rec,nll_rec
7-alternatives,45.78769067449338,108.5693623171842,twostagewithin,0.4456453804315782,0.44421702254891526,1.0,0.0488966237843734,3.191389386309052,7.67092923477686,0.1,0.03719559488993918,43.79903261566152
