subject,nll,bic,model,alpha,alpha_rec,theta,theta_rec,beta,beta_rec,b_last,b_last_rec,nll_rec
3-attributes,10.750339148898053,38.49465926599355,twostagewithin,0.3036003814771355,0.32077706276233275,0.23805303939079903,0.5868247065846071,62.47363300554393,66.01349212531231,-0.011463385957049432,0.07343128138424582,8.380587672987833
