subject,nll,bic,model,alpha,alpha_rec,theta,theta_rec,beta,beta_rec,b_last,b_last_rec,nll_rec
17-alternatives,18.970635675590994,54.93525231937943,twostagewithin,1.209552620431643,1.3562927193664085,0.8599298490196412,1.0,75.2350072854402,73.09615576642013,5.1801216745015146e-05,-0.0022885475737085227,17.73068128738929
