subject,nll,bic,model,alpha,alpha_rec,theta,theta_rec,beta,beta_rec,b_last,b_last_rec,nll_rec
5-attributes,21.281884856067826,59.557750680333086,twostagewithin,0.5589530768219697,0.5746886611957546,0.1443573042308301,0.2426890831123469,53.107560811802195,42.70019551913653,-0.0022331765622871868,-0.034587581223672205,24.02632959402553
