subject,nll,bic,model,alpha,alpha_rec,theta,theta_rec,beta,beta_rec,b_last,b_last_rec,nll_rec
6-attributes,41.35510476026447,99.70419048872637,twostagewithin,0.7247281735233335,0.6734721570225299,0.5877925348764615,0.2499886068671245,12.070408669786913,12.547811065396097,0.08803260118286096,-0.016143717365950862,42.928347284033066
