subject,nll,bic,model,alpha,alpha_rec,theta,theta_rec,beta,beta_rec,b_last,b_last_rec,nll_rec
15-alternatives,18.561168248442016,54.058762515273074,twostagewithin,0.6127663294464307,0.6076089889772033,0.7690721346766857,0.8640126871131276,44.992187620419955,69.22195390129633,-0.0035933829961064196,-0.011365289338492408,11.882802427950855
