subject,nll,bic,model,alpha,alpha_rec,theta,theta_rec,beta,beta_rec,b_last,b_last_rec,nll_rec
15-attributes,31.67406098726787,80.34210294273318,twostagewithin,0.5276174656280347,0.3639996051281515,0.497393469335215,0.4275700055154796,21.882617602986752,15.603920729307626,0.07391648578342118,-0.08267731884269815,34.434375053692996
