subject,nll,bic,model,alpha,alpha_rec,theta,theta_rec,beta,beta_rec,b_last,b_last_rec,nll_rec
14-attributes,32.45636388039055,81.90670872897853,twostagewithin,1.1539745730305448,0.9913469233628805,0.3918756620258611,0.9235582664230949,34.82842722301202,20.404045708698373,0.03989305193151676,-0.026473988306392294,34.473313758526764
