subject,nll,bic,model,alpha,alpha_rec,theta,theta_rec,beta,beta_rec,b_last,b_last_rec,nll_rec
16-alternatives,40.16050086947697,97.07962070705963,twostagewithin,0.9666465258345217,0.5303819513391673,1.0,0.0,9.314644534211618,7.163601787905213,0.021113182659277474,0.007366346108538899,42.87234806559097
