subject,nll,bic,model,alpha,alpha_rec,theta,theta_rec,beta,beta_rec,b_last,b_last_rec,nll_rec
10-alternatives,21.42530348502034,59.84458793823812,twostagewithin,2.9295779551737757,2.8889748404420548,0.7090872804524955,0.6104702392179916,87.1209325687836,100.0,0.00021049682740885192,0.004597402224546308,14.290565747468026
