subject,nll,bic,model,alpha,alpha_rec,theta,theta_rec,beta,beta_rec,b_last,b_last_rec,nll_rec
11-alternatives,36.56881080309266,90.07404762457436,twostagewithin,1.5618840386353054,1.5309792198728143,0.2791186781814009,0.005337552159415316,25.580018820673953,32.02955796364587,0.004573819083781147,0.020977667003201795,32.282966639726574
