subject,nll,bic,model,alpha,alpha_rec,theta,theta_rec,beta,beta_rec,b_last,b_last_rec,nll_rec
18-attributes,33.689684150327636,84.3733492688527,twostagewithin,0.5441780053957023,0.5955418844296814,0.8849214544372387,0.42140649268967256,15.708566077100517,23.261062688687534,-0.05710734912624457,0.03693607807693566,32.758017300738764
