subject,nll,bic,model,alpha,alpha_rec,theta,theta_rec,beta,beta_rec,b_last,b_last_rec,nll_rec
17-attributes,20.108317331173172,57.210615630543785,twostagewithin,1.0745565095836944,1.1705921749460815,0.5509823900964803,0.9050452095422601,79.98028397605205,56.35642053930798,-0.043945926743000276,-0.012612830558101785,22.294458866238415
