subject,nll,bic,model,alpha,alpha_rec,theta,theta_rec,beta,beta_rec,b_last,b_last_rec,nll_rec
16-attributes,45.69988872271797,108.2185479229998,twostagewithin,0.5965818200171648,0.1899974878244039,0.8643222479866258,0.6543824885529013,2.548036803649697,2.7206490376754333,-0.009934780967982327,-0.019176546483579818,44.72227326458873
