subject,nll,bic,model,alpha,alpha_rec,theta,theta_rec,beta,beta_rec,b_last,b_last_rec,nll_rec
0-attributes,36.146438104852365,89.28685717790216,twostagewithin,1.6960188526592503,2.299226130333908,0.7758730442325776,0.8071165448976051,21.81037631546072,34.716115308758575,-0.07728439902408141,0.019243228242186494,30.51064828925018
