subject,nll,bic,model,alpha,alpha_rec,theta,theta_rec,beta,beta_rec,b_last,b_last_rec,nll_rec
10-attributes,26.104970987377072,69.20392294295158,twostagewithin,2.38129305439326,2.3366811150870928,0.3567394696454266,0.9022765710644078,64.01531147363318,38.728861469306445,-0.02245251491359436,0.07110940845467272,28.30450140234861
