subject,nll,bic,model,wp,wp_rec,beta,beta_rec,b_last,b_last_rec,b_longer,b_longer_rec,nll_rec
19-alternatives,31.664288428317565,80.26500287502417,wa_b-last_b-longer,0.9058350060370338,0.8696337984579284,9.481676545802278,9.904492630155163,-0.004891771588492929,-0.06721240068960709,-0.03145939433468147,-0.062346695964926854,25.933285820033486
