subject,nll,bic,model,wp,wp_rec,beta,beta_rec,b_last,b_last_rec,b_longer,b_longer_rec,nll_rec
191-attributes,31.122768017511298,79.23951700322003,wa_b-last_b-longer,0.8965880865230338,0.9078998966101012,9.131225061691273,8.514679865406514,0.015792257733762353,0.038781502755657345,0.011072066056015186,-0.03358011259524616,32.907275708882615
