subject,nll,bic,model,wp,wp_rec,beta,beta_rec,b_last,b_last_rec,b_longer,b_longer_rec,nll_rec
132-attributes,25.013073672259967,67.02012831271738,wa_b-last_b-longer,0.899453928597983,0.9165825744634906,11.910171740469488,15.945406851067462,0.07977058192272339,0.056078142289375674,0.021168981999206898,0.008394123688684973,23.43207554807423
