subject,nll,bic,model,wp,wp_rec,beta,beta_rec,b_last,b_last_rec,b_longer,b_longer_rec,nll_rec
174-attributes,25.729636601701475,68.45325417160039,wa_b-last_b-longer,0.9181405820013119,0.8733026006108318,15.202570246620276,9.541760055391844,-0.03779241092628805,-0.01877668931856566,-0.008149060100018911,-0.011811550389875042,28.05277917620827
