subject,nll,bic,model,wp,wp_rec,beta,beta_rec,b_last,b_last_rec,b_longer,b_longer_rec,nll_rec
185-alternatives,29.60757303759246,76.20912704338235,wa_b-last_b-longer,0.9045630624823284,0.9145360274214703,10.787664305872328,12.1980505162243,0.023223609063340096,0.06514895908838217,-9.308850772804274e-08,1.969964956593841e-07,27.288824632497413
