subject,nll,bic,model,wp,wp_rec,beta,beta_rec,b_last,b_last_rec,b_longer,b_longer_rec,nll_rec
31-alternatives,35.56849921269867,88.13097939359477,wa_b-last_b-longer,0.8707776834912339,0.8701991757609957,5.443815537825005,6.019651780020542,0.04978619590643345,0.09105405671680815,-4.7026840243130787e-07,0.06506423190288967,32.516173747253525
