subject,nll,bic,model,wp,wp_rec,beta,beta_rec,b_last,b_last_rec,b_longer,b_longer_rec,nll_rec
39-attributes,31.306179785594576,79.6063405393866,wa_b-last_b-longer,0.9094203141174537,0.8908817908756439,10.202304338305813,10.30374217740213,-0.024488033439782984,-0.05938122644144427,-0.009982367590545913,-0.04454144471460809,28.15233192942438
