subject,nll,bic,model,wp,wp_rec,beta,beta_rec,b_last,b_last_rec,b_longer,b_longer_rec,nll_rec
153-attributes,24.98410930522052,66.96219957863848,wa_b-last_b-longer,0.8959159289994084,0.904446189669659,12.95172775462078,15.763968675649481,0.04706731323524478,0.050900335537384905,0.009544013563477009,0.03471795270288754,22.37607273159401
