subject,nll,bic,model,wp,wp_rec,beta,beta_rec,b_last,b_last_rec,b_longer,b_longer_rec,nll_rec
112-attributes,10.584661473981996,38.163303916161425,wa_b-last_b-longer,0.9441541181620522,0.9402418012588875,49.71756174479713,39.17233341698808,-0.006595277906215183,-0.0064415690763515,-0.006602521595714362,-0.0200604289242846,13.322846797727527
