subject,nll,bic,model,wp,wp_rec,beta,beta_rec,b_last,b_last_rec,b_longer,b_longer_rec,nll_rec
38-alternatives,29.593618640319256,76.18121824883595,wa_b-last_b-longer,0.9279284284831375,0.925794021042395,13.005025337160928,10.987273191260556,-0.028705555444077786,-0.08243130343157892,0.03323647127669137,0.0390961144139374,31.148233687299964
