subject,nll,bic,model,wp,wp_rec,beta,beta_rec,b_last,b_last_rec,b_longer,b_longer_rec,nll_rec
29-attributes,34.2345611599309,85.46310328805923,wa_b-last_b-longer,0.9438579626347601,0.9464785815751853,10.081570297540742,12.692739516006498,-0.0030159725195675465,0.026313632077354827,-0.027182448439625643,0.01605901577277923,30.3826422997497
