subject,nll,bic,model,wp,wp_rec,beta,beta_rec,b_last,b_last_rec,b_longer,b_longer_rec,nll_rec
131-alternatives,26.183006485430962,69.35999393905936,wa_b-last_b-longer,0.9132668586517051,0.9026418763581381,14.601776240432423,14.4687186892459,-0.0060228733155846354,-0.03321471819485309,0.024465901873336176,0.05275169286730522,24.253767684016005
