subject,nll,bic,model,wp,wp_rec,beta,beta_rec,b_last,b_last_rec,b_longer,b_longer_rec,nll_rec
117-alternatives,23.448266074095216,63.890513116387865,wa_b-last_b-longer,0.9572623411702132,0.9484862951678843,18.82883048258169,13.437964339578384,-0.026773509809195673,-0.011107840047663674,0.007515527339340085,-0.007753238960966672,30.517474006806665
