subject,nll,bic,model,wp,wp_rec,beta,beta_rec,b_last,b_last_rec,b_longer,b_longer_rec,nll_rec
81-alternatives,31.003113644878443,78.94265330814592,wa_b-last_b-longer,0.9293727040936812,0.9259337900800666,11.196095598054354,22.160778263487067,0.015197487679729149,-0.00624536775706687,-0.046005152948042305,-0.04877479078918487,19.94698688908618
