subject,nll,bic,model,wp,wp_rec,beta,beta_rec,b_last,b_last_rec,b_longer,b_longer_rec,nll_rec
176-alternatives,22.019229057306006,61.03243908280945,wa_b-last_b-longer,0.9403741158300528,0.9428857957549514,22.516270711281052,33.99636901950662,0.01987586595560032,0.006415034588399746,0.006460586192149274,0.006250821172423337,15.797170472815466
