subject,nll,bic,model,wp,wp_rec,beta,beta_rec,b_last,b_last_rec,b_longer,b_longer_rec,nll_rec
21-alternatives,29.966682090411137,76.92734514901971,wa_b-last_b-longer,0.9127630359906064,0.9114033700668265,11.539053620958239,10.323945685698948,-0.004966337491502922,-0.032118874878431264,-0.009172633699704029,0.009900363355622341,31.637932938042297
