subject,nll,bic,model,wp,wp_rec,beta,beta_rec,b_last,b_last_rec,b_longer,b_longer_rec,nll_rec
54-alternatives,28.418409264125852,73.83079949644915,wa_b-last_b-longer,0.9197149900994138,0.9207762459597498,13.339434727574858,19.689131920429002,-0.0053509882587935475,-0.006082383655650501,-0.016699952945518223,-0.007026928556862326,22.673755354205205
