subject,nll,bic,model,wp,wp_rec,beta,beta_rec,b_last,b_last_rec,b_longer,b_longer_rec,nll_rec
114-attributes,10.385897398885023,37.76577576596748,wa_b-last_b-longer,0.9397540446226761,0.9445381300424142,47.26464773652871,82.81901291559085,4.189592972967209e-06,-0.007922021676309142,0.014694115686513515,0.007922015374202262,5.574922827825134
