subject,nll,bic,model,wp,wp_rec,beta,beta_rec,b_last,b_last_rec,b_longer,b_longer_rec,nll_rec
4-alternatives,41.505278717790034,100.0045384037775,wa_b-last_b-longer,0.8741799897736674,0.8633859195437735,3.7113685080985297,3.6276008197902425,0.0008976850938411799,0.020121558905532702,0.021204645862927963,-0.022230989929641353,40.57910259209649
