subject,nll,bic,model,wp,wp_rec,beta,beta_rec,b_last,b_last_rec,b_longer,b_longer_rec,nll_rec
68-attributes,28.856115411594573,74.70621179138658,wa_b-last_b-longer,0.0,0.0,0.6744090213096053,0.5784026007580104,0.8515109173547969,0.9453608711439447,-2.924915246743914e-06,0.5931036843173927,31.437928868264713
