subject,nll,bic,model,wp,wp_rec,beta,beta_rec,b_last,b_last_rec,b_longer,b_longer_rec,nll_rec
77-attributes,22.94031053488867,62.87460203797478,wa_b-last_b-longer,0.981949897843246,0.972189900193855,12.061226188824973,21.85610943248487,-0.0029516106956578646,0.03350820436449606,0.013204164219220578,0.03268258159833028,14.572008993918674
