subject,nll,bic,model,wp,wp_rec,beta,beta_rec,b_last,b_last_rec,b_longer,b_longer_rec,nll_rec
44-alternatives,17.531427299921802,52.05683556804104,wa_b-last_b-longer,0.9802799952889202,0.9891998542854459,16.09471513400338,14.852293096205033,0.04282768501013572,0.038019701795663836,0.03828966598354301,0.061613510619659154,16.896872732174106
