subject,nll,bic,model,wp,wp_rec,beta,beta_rec,b_last,b_last_rec,b_longer,b_longer_rec,nll_rec
84-alternatives,33.798077257616995,84.59013548343142,wa_b-last_b-longer,0.9268706956263125,0.9175314664112623,10.151804547656033,10.605569301617598,-0.0380832429550427,-0.05150540395885897,-0.009442807085112036,0.06920765513213073,30.64000190826941
