subject,nll,bic,model,wp,wp_rec,beta,beta_rec,b_last,b_last_rec,b_longer,b_longer_rec,nll_rec
75-alternatives,29.906284469696732,76.8065499075909,wa_b-last_b-longer,0.9733602264579451,0.9964610903991586,9.427878992436574,8.324716010310553,0.04644445360487639,0.04153429245045896,-0.011991930467158192,6.899769250655671e-08,26.95973099129459
