subject,nll,bic,model,wp,wp_rec,beta,beta_rec,b_last,b_last_rec,b_longer,b_longer_rec,nll_rec
171-alternatives,32.074504302917674,81.08543462422439,wa_b-last_b-longer,0.8960981409323627,0.8941599223069353,7.743631108824866,14.600076112147244,0.06387525121592794,0.06094599788175189,-0.008256665991690821,-0.07721755886150404,20.64501469031553
