subject,nll,bic,model,wp,wp_rec,beta,beta_rec,b_last,b_last_rec,b_longer,b_longer_rec,nll_rec
182-attributes,31.787907292686782,80.569795553571,wa_b-last_b-longer,0.9182615654799057,0.9222264310506587,9.302158289876328,8.62183999960232,0.03651819052355533,0.03996141904590746,-0.07263518994817081,-0.09730157213459686,32.40990927338995
