subject,nll,bic,model,wp,wp_rec,beta,beta_rec,b_last,b_last_rec,b_longer,b_longer_rec,nll_rec
44-attributes,19.281386105293056,55.55675317878355,wa_b-last_b-longer,0.9630595992642513,0.9634132871567446,20.634465583420095,25.156982273627712,-0.015427691092265801,-0.024696857385159567,0.017050076404588898,0.025842123892911465,15.919464295595551
