subject,nll,bic,model,wp,wp_rec,beta,beta_rec,b_last,b_last_rec,b_longer,b_longer_rec,nll_rec
75-attributes,10.60329449206428,38.200569952326,wa_b-last_b-longer,0.9625189161398902,0.9572289502325451,39.25680569900008,69.29622017087843,0.04568403808742599,0.04117692829515754,-0.007866969758729846,0.006561936299001177,7.195708878531864
