subject,nll,bic,model,wp,wp_rec,beta,beta_rec,b_last,b_last_rec,b_longer,b_longer_rec,nll_rec
90-alternatives,16.08455509499805,49.16309115819354,wa_b-last_b-longer,0.9500777550479546,0.950274641620227,34.42731343955433,29.18518868378924,-0.011386752093177,-0.005524431121870807,0.0117188723629255,0.006007698191782483,18.43803854721208
