subject,nll,bic,model,wp,wp_rec,beta,beta_rec,b_last,b_last_rec,b_longer,b_longer_rec,nll_rec
51-alternatives,37.5702812900326,92.13454354826263,wa_b-last_b-longer,0.8748870780709358,0.9039835089370579,4.69028353610591,7.411791976191234,0.04317687307770582,0.136755442190417,0.0909725172947978,0.0832709523049574,30.508945878055503
