subject,nll,bic,model,wp,wp_rec,beta,beta_rec,b_last,b_last_rec,b_longer,b_longer_rec,nll_rec
144-alternatives,26.1430938707358,69.22261375986064,wa_b-last_b-longer,0.905183760050039,0.9133826470886719,13.27153356817647,13.624530049015979,-0.001571412079743687,0.03431353595159838,-0.02154146137041826,0.03270189627640431,25.742891868013185
