subject,nll,bic,model,wp,wp_rec,beta,beta_rec,b_last,b_last_rec,b_longer,b_longer_rec,nll_rec
57-attributes,22.53074717810626,62.055475324409954,wa_b-last_b-longer,0.9248601810865036,0.9305697416599871,19.07529355812777,26.657935134349245,-0.021289175589652865,-0.055594749080007666,-0.036336038690395554,-0.05617116305758868,16.81705752112013
