subject,nll,bic,model,wp,wp_rec,beta,beta_rec,b_last,b_last_rec,b_longer,b_longer_rec,nll_rec
115-attributes,29.059475261758873,75.11293149171519,wa_b-last_b-longer,0.9264671344561995,0.9323900003626854,13.300016403093842,11.620645228476809,0.0020807545928989207,0.019840742001624577,-8.831317548513005e-08,0.017042224940359955,31.45105768528248
