subject,nll,bic,model,wp,wp_rec,beta,beta_rec,b_last,b_last_rec,b_longer,b_longer_rec,nll_rec
51-attributes,36.12141994585606,89.06161036927598,wa_b-last_b-longer,0.8082915076977718,0.7090414271701223,3.0608530673249317,2.7900467519746033,-0.0951033029529995,-0.13237761920145352,0.10406609925142057,0.1343813327641542,30.02799271471953
