subject,nll,bic,model,wp,wp_rec,beta,beta_rec,b_last,b_last_rec,b_longer,b_longer_rec,nll_rec
50-alternatives,22.838530110071087,62.671041188339615,wa_b-last_b-longer,0.8230701715048021,0.779313656180007,8.76176049449843,7.862711088368767,0.036289459284240176,0.049533700733907365,0.0628927675467325,0.12783438472316377,18.96586255372415
