subject,nll,bic,model,wp,wp_rec,beta,beta_rec,b_last,b_last_rec,b_longer,b_longer_rec,nll_rec
7-alternatives,36.25406119209816,89.50210335239376,wa_b-last_b-longer,0.9341170023746043,0.9302130696928966,8.841834139010457,11.825064625692525,-0.03789059079765246,-0.07093462587214296,-0.030161847478446243,-0.04568759057755856,30.455385069521796
