subject,nll,bic,model,wp,wp_rec,beta,beta_rec,b_last,b_last_rec,b_longer,b_longer_rec,nll_rec
180-attributes,26.48274232894773,69.95946562609289,wa_b-last_b-longer,0.9464396187053241,0.9456807204206225,17.122679901850894,21.78684075185071,-0.005597889539387628,-0.018295043994811515,-0.02064634894564406,-0.006353799114744532,22.951185179670677
