subject,nll,bic,model,wp,wp_rec,beta,beta_rec,b_last,b_last_rec,b_longer,b_longer_rec,nll_rec
46-alternatives,32.35651954896552,81.70702006612848,wa_b-last_b-longer,0.9350507914699998,0.9424627905407273,9.89396672360625,8.367463032151294,0.06978570565478993,0.0606543884923194,-0.019533380252818155,-0.05345366939927003,34.78025961618455
