subject,nll,bic,model,wp,wp_rec,beta,beta_rec,b_last,b_last_rec,b_longer,b_longer_rec,nll_rec
60-alternatives,21.103546473508633,59.20107391521471,wa_b-last_b-longer,0.9505399676645236,0.9526156375600454,23.555276294727744,30.8783325725682,0.013443594629914962,0.03229398552072017,-0.025447468749326477,-0.04461727033916509,15.942119541003745
