subject,nll,bic,model,wp,wp_rec,beta,beta_rec,b_last,b_last_rec,b_longer,b_longer_rec,nll_rec
23-alternatives,31.399177712350337,79.79233639289811,wa_b-last_b-longer,0.9534942042289581,0.9557416964524397,12.175867685404338,18.39546266925141,-0.018622729033342892,0.001987541926483863,-0.008455066834509707,-0.021935978385030596,23.987614223298362
