subject,nll,bic,model,wp,wp_rec,beta,beta_rec,b_last,b_last_rec,b_longer,b_longer_rec,nll_rec
113-alternatives,30.919070960274485,78.774567938938,wa_b-last_b-longer,0.7600833649803218,0.7397202806051743,3.2883144816758385,2.9860547402462783,-0.02723331038733385,0.07120460421420895,0.17992749274504694,0.1275159177910056,30.564994209218483
