subject,nll,bic,model,wp,wp_rec,beta,beta_rec,b_last,b_last_rec,b_longer,b_longer_rec,nll_rec
92-attributes,44.46695644010413,105.92789384840569,wa_b-last_b-longer,0.9166695642538748,0.9092764092563488,3.3990004187755347,5.751724482500213,0.04524738885228751,-0.038965014608600954,-0.021098552240254493,-0.16193126151915344,36.429277134490206
