subject,nll,bic,model,wp,wp_rec,beta,beta_rec,b_last,b_last_rec,b_longer,b_longer_rec,nll_rec
128-attributes,39.97876076373059,96.89394754585022,wa_b-last_b-longer,0.9432179777226607,0.9605258530577572,6.266784516413915,7.389927005844253,-0.06503853668861304,-0.11790896549062486,0.02473519802681968,0.03883962856789231,35.629846091965085
