subject,nll,bic,model,wp,wp_rec,beta,beta_rec,b_last,b_last_rec,b_longer,b_longer_rec,nll_rec
172-alternatives,18.85506496447922,54.70411089715587,wa_b-last_b-longer,0.8401008026461937,0.8371019076906635,14.260681142483895,10.893710415946048,0.012800397382501499,0.041579826196441926,0.03504641459224364,0.026546663999098045,21.70957619715886
