subject,nll,bic,model,wp,wp_rec,beta,beta_rec,b_last,b_last_rec,b_longer,b_longer_rec,nll_rec
76-alternatives,29.274042084025975,75.54206513624939,wa_b-last_b-longer,0.9437463378221024,0.932256429833803,14.698271935195411,11.987541557540968,0.002687059855791214,-0.02792286060810854,-6.033778956121659e-07,0.01687602263853359,31.710912234852923
