subject,nll,bic,model,wp,wp_rec,beta,beta_rec,b_last,b_last_rec,b_longer,b_longer_rec,nll_rec
162-alternatives,33.9509116944719,84.89580435714123,wa_b-last_b-longer,0.9039794103076348,0.9040936652960595,7.791290609823497,7.357971967247219,0.043610846623750664,-0.00031033432684194766,-0.03591077560579678,-0.04890709496368682,35.50847006476639
