subject,nll,bic,model,wp,wp_rec,beta,beta_rec,b_last,b_last_rec,b_longer,b_longer_rec,nll_rec
49-attributes,8.929658083940415,34.79574218626987,wa_b-last_b-longer,0.9764101152452865,0.968093207520776,30.49228955217898,23.09575120973112,-0.012240959511541128,0.010681144283167373,0.04247792186339692,0.030021863199583273,15.146280386732398
