subject,nll,bic,model,wp,wp_rec,beta,beta_rec,b_last,b_last_rec,b_longer,b_longer_rec,nll_rec
58-alternatives,34.58314333991091,85.92490564792752,wa_b-last_b-longer,0.9496776655598262,0.962620369058811,8.561273005013042,9.412302974523845,0.013052190203844172,-0.007684204047851961,0.03566575664147393,0.06994136957348016,30.937429515972777
