subject,nll,bic,model,wp,wp_rec,beta,beta_rec,b_last,b_last_rec,b_longer,b_longer_rec,nll_rec
70-attributes,21.16475869508819,59.32349835837381,wa_b-last_b-longer,0.9375132949611048,0.9366144643677226,23.256974141151048,18.551897203036276,0.00030396786997146735,0.0007430107244480349,3.8577915344949555e-08,0.013781307446814543,24.77437052616243
