subject,nll,bic,model,wp,wp_rec,beta,beta_rec,b_last,b_last_rec,b_longer,b_longer_rec,nll_rec
64-alternatives,32.9148170440687,82.82361505633483,wa_b-last_b-longer,0.9477794669136205,0.9580982078899175,10.736223669473492,8.572924772383223,0.03143550621672831,0.07280895548250464,0.008889565546207552,-0.011188833169124328,33.40643815953899
