subject,nll,bic,model,wp,wp_rec,beta,beta_rec,b_last,b_last_rec,b_longer,b_longer_rec,nll_rec
124-alternatives,26.535837858553194,70.06565668530382,wa_b-last_b-longer,0.8874253414076261,0.8622402161670754,11.477924437293343,13.870341062769961,0.032685838491740345,0.09309538391930434,0.010215670785134325,-0.07196334091105419,18.402270591786902
