subject,nll,bic,model,wp,wp_rec,beta,beta_rec,b_last,b_last_rec,b_longer,b_longer_rec,nll_rec
197-attributes,-6.792233118516308e-05,16.877894976042057,wa_b-last_b-longer,0.9999735038996693,0.9999735038996693,199.99498496138887,199.99498496138887,0.00067550149688222,0.00067550149688222,-0.000827486707736816,-0.000827486707736816,-6.792233118516308e-05
