subject,nll,bic,model,wp,wp_rec,beta,beta_rec,b_last,b_last_rec,b_longer,b_longer_rec,nll_rec
136-attributes,24.649349082194114,66.29267913258566,wa_b-last_b-longer,0.9631199333166157,0.9658232631233793,14.902913227639107,15.480782236318097,0.020111673523930267,0.011959616085431002,-0.017746697774556286,-0.04650873928724925,22.925142324281758
