subject,nll,bic,model,wp,wp_rec,beta,beta_rec,b_last,b_last_rec,b_longer,b_longer_rec,nll_rec
190-attributes,26.22362823548516,69.44123743916776,wa_b-last_b-longer,0.9067038722085438,0.9010266494192546,13.023121236139994,10.551450681686667,-0.0599282444320503,-0.04508169905212923,-0.028474719259504344,0.010321647401729863,29.57335461996718
