subject,nll,bic,model,wp,wp_rec,beta,beta_rec,b_last,b_last_rec,b_longer,b_longer_rec,nll_rec
171-attributes,24.21112194298991,65.41622485417726,wa_b-last_b-longer,0.9047895797225978,0.894169205900883,14.380015667977192,22.056503655882292,-0.06664547547177398,-0.03414623502286114,-0.018780932494507258,-0.021335393044282877,19.20387242054599
