subject,nll,bic,model,wp,wp_rec,beta,beta_rec,b_last,b_last_rec,b_longer,b_longer_rec,nll_rec
26-alternatives,16.950666389031472,50.895313746260385,wa_b-last_b-longer,0.9765052743359773,0.9695052534231331,18.27345044509778,45.77920096031113,-0.017302319760333737,-0.023664896353760578,-0.01225623295490705,-0.024759511501382357,6.600242779292145
