subject,nll,bic,model,wp,wp_rec,beta,beta_rec,b_last,b_last_rec,b_longer,b_longer_rec,nll_rec
76-attributes,27.860951894314773,72.65832980701859,wa_b-last_b-longer,0.9516295379216548,0.9458720213398016,14.697561468888715,25.693217618989543,-0.014037988569440225,-0.01227801333888164,0.013530470354346097,0.03663137220512154,19.77369726872749
