subject,nll,bic,model,wp,wp_rec,beta,beta_rec,b_last,b_last_rec,b_longer,b_longer_rec,nll_rec
155-attributes,25.26733023468629,67.52864143757002,wa_b-last_b-longer,0.9578542746459574,0.9707879433601491,16.11240525075883,16.51272598689473,0.009650092032707829,-0.006689591044270456,0.007875751406133462,-0.041480748886048927,20.352766543225474
