subject,nll,bic,model,wp,wp_rec,beta,beta_rec,b_last,b_last_rec,b_longer,b_longer_rec,nll_rec
92-alternatives,32.074923052465316,81.14382707312807,wa_b-last_b-longer,0.9353870742598738,0.9349737107692107,10.628090600860482,8.614010673571723,0.04060127424150172,0.03797060591659351,0.045384614535661755,0.03062334126174546,35.61385159353878
