subject,nll,bic,model,wp,wp_rec,beta,beta_rec,b_last,b_last_rec,b_longer,b_longer_rec,nll_rec
16-alternatives,19.673412968595294,56.34080690538802,wa_b-last_b-longer,0.9484102016263893,0.9494268834363159,26.507218327931724,43.65457902330464,0.018623629654202105,0.028811514944223213,0.018289720459151015,0.017656629115450594,12.737074822724793
