subject,nll,bic,model,wp,wp_rec,beta,beta_rec,b_last,b_last_rec,b_longer,b_longer_rec,nll_rec
48-alternatives,39.992503004030745,96.97898697625892,wa_b-last_b-longer,0.8697850983663142,0.8866376599976725,3.8407390838507713,4.366080435551683,0.055676428752322295,0.046504010837887,0.04222059472966638,0.03665237943809187,40.23127551083269
