subject,nll,bic,model,wp,wp_rec,beta,beta_rec,b_last,b_last_rec,b_longer,b_longer_rec,nll_rec
103-alternatives,31.84649490737111,80.68697078293965,wa_b-last_b-longer,0.9566847607708054,0.9645742411817287,11.309197198299913,8.793115188429963,-0.010270697810884194,-0.027170536220768607,-0.018023477098747954,-3.7757300006559634e-07,34.463950147048266
