subject,nll,bic,model,wp,wp_rec,beta,beta_rec,b_last,b_last_rec,b_longer,b_longer_rec,nll_rec
39-alternatives,26.791059487253154,70.57609994270375,wa_b-last_b-longer,0.8993161309352081,0.9029076449105692,11.068185843265164,9.970121094035797,0.07270949493782461,0.0560977260537712,-0.010669930377435676,0.03215905648690936,29.42898199258471
