subject,nll,bic,model,wp,wp_rec,beta,beta_rec,b_last,b_last_rec,b_longer,b_longer_rec,nll_rec
127-attributes,29.41038314390683,75.7571923062027,wa_b-last_b-longer,0.9111120839506885,0.9156163695365791,11.094187331575844,25.629181691528586,0.005981991124775536,-0.017798674106085856,0.0028763288273950444,0.020000745431756388,18.30259076234942
