subject,nll,bic,model,wp,wp_rec,beta,beta_rec,b_last,b_last_rec,b_longer,b_longer_rec,nll_rec
188-alternatives,29.39525717028969,75.78449530877681,wa_b-last_b-longer,0.8339365335761615,0.8170705259711661,6.405689363011477,5.99721436185971,0.01273613311689477,0.08809509692430445,-1.0749865129804795e-07,-0.03973768192335664,27.10954032129375
