subject,nll,bic,model,wp,wp_rec,beta,beta_rec,b_last,b_last_rec,b_longer,b_longer_rec,nll_rec
81-attributes,33.292699637692195,83.57938024358182,wa_b-last_b-longer,0.9151442755884489,0.9237158443766906,9.255732758182372,17.88622248705612,-0.004208799736807326,-0.028193425753956964,0.030752025133326914,-7.024996762909801e-08,23.907407013884736
