subject,nll,bic,model,wp,wp_rec,beta,beta_rec,b_last,b_last_rec,b_longer,b_longer_rec,nll_rec
97-attributes,22.11644951350607,61.22687999520957,wa_b-last_b-longer,0.9472467119941202,0.95667167187033,22.93699616646497,16.794240483845023,-0.01813388933953736,-0.005726157081419522,0.00626986758463898,0.0076177810952704214,25.130523914179562
