subject,nll,bic,model,wp,wp_rec,beta,beta_rec,b_last,b_last_rec,b_longer,b_longer_rec,nll_rec
112-alternatives,2.6753488959671685,22.344678760131774,wa_b-last_b-longer,0.9457918722983056,0.9473863530038861,200.0,200.0,0.02036387900598623,0.009961771242480122,0.0036879655376026933,1.131248975650179e-08,1.9658922617788592
