subject,nll,bic,model,wp,wp_rec,beta,beta_rec,b_last,b_last_rec,b_longer,b_longer_rec,nll_rec
136-alternatives,32.116071620274,81.22612420874543,wa_b-last_b-longer,0.9528965853300408,0.9607862381763282,11.585936661724618,10.409194116311113,-0.010475531539784606,-0.07246264124822932,-0.017246011802426568,-0.010326812553353609,32.12900887344376
