subject,nll,bic,model,wp,wp_rec,beta,beta_rec,b_last,b_last_rec,b_longer,b_longer_rec,nll_rec
99-attributes,24.98662130894219,66.96722358608181,wa_b-last_b-longer,0.9354753113365374,0.9336951242541625,18.053703811243924,21.194193942953543,0.014607837430447957,0.02067520075572304,-3.595465156302825e-08,0.006815829714497062,22.03840108984415
