subject,nll,bic,model,wp,wp_rec,beta,beta_rec,b_last,b_last_rec,b_longer,b_longer_rec,nll_rec
48-attributes,37.2252842534951,91.44454947518763,wa_b-last_b-longer,0.8657061896865361,0.876573478262124,4.541933064430668,7.532278858315274,0.042286085440102913,0.02061620862477673,-0.05711296036967563,-0.013323153782906579,31.59001642379785
