subject,nll,bic,model,wp,wp_rec,beta,beta_rec,b_last,b_last_rec,b_longer,b_longer_rec,nll_rec
140-attributes,23.574644728621454,64.14327042544035,wa_b-last_b-longer,0.9597383344656464,0.9522634614913259,17.346544610162933,20.66640222960802,-0.0060594661088116996,0.0007131855814704074,0.008004112880238022,0.026832246236887916,22.685287397902304
