subject,nll,bic,model,wp,wp_rec,beta,beta_rec,b_last,b_last_rec,b_longer,b_longer_rec,nll_rec
151-alternatives,28.08568154754561,73.16534406328866,wa_b-last_b-longer,0.9541655375724397,0.9615754094877647,14.6185786175702,18.13221463201389,0.010832788415836323,0.018626331172119724,-0.007764053447168473,-0.04974366282388755,21.682937484136097
