subject,nll,bic,model,wp,wp_rec,beta,beta_rec,b_last,b_last_rec,b_longer,b_longer_rec,nll_rec
198-alternatives,26.003029216201885,69.00003940060121,wa_b-last_b-longer,0.9406586650803631,0.9410692064951612,17.89869369116736,20.704427471080816,0.0014975208731942034,-0.011801034181217427,0.013635005723369021,1.3865238620549018e-08,23.81598527621523
