subject,nll,bic,model,wp,wp_rec,beta,beta_rec,b_last,b_last_rec,b_longer,b_longer_rec,nll_rec
156-attributes,13.567559336566168,44.12909964132977,wa_b-last_b-longer,0.9429072259326153,0.9451978730713941,39.54514741979684,57.79848591805812,0.01264672715661561,0.02994452913461256,0.01263252652525468,0.017018098689143994,9.902242549970584
