subject,nll,bic,model,wp,wp_rec,beta,beta_rec,b_last,b_last_rec,b_longer,b_longer_rec,nll_rec
19-attributes,24.052776545780723,65.09953405975888,wa_b-last_b-longer,0.9177089225228175,0.9195705560798638,16.985489918915267,20.9188364094828,-0.029143970586072526,-0.03576165648995192,0.015383862475964431,0.036420914808793385,20.406531973256378
