subject,nll,bic,model,wp,wp_rec,beta,beta_rec,b_last,b_last_rec,b_longer,b_longer_rec,nll_rec
155-alternatives,19.742041871770763,56.478064711738966,wa_b-last_b-longer,0.9575692510981133,0.9607083725408982,22.4593956105499,28.93375378926459,0.02999037349998308,0.024387235041955904,-0.014630377529604444,-0.023980134299967062,14.676991882264046
