subject,nll,bic,model,wp,wp_rec,beta,beta_rec,b_last,b_last_rec,b_longer,b_longer_rec,nll_rec
66-alternatives,21.714445913127097,60.422872794451635,wa_b-last_b-longer,0.9443519486935732,0.9441010143508658,23.914694965897613,30.1958318519552,-0.017648756114582113,-0.023590998311592254,0.006229004112524669,-0.012048854725709258,18.009518797391497
