subject,nll,bic,model,wp,wp_rec,beta,beta_rec,b_last,b_last_rec,b_longer,b_longer_rec,nll_rec
11-alternatives,36.696569044017096,90.38711905623163,wa_b-last_b-longer,0.8891956311839666,0.8590326671128504,6.264557788292979,5.878779692722372,-0.05018734720082594,-0.05932516539019939,0.014348291668490536,-0.01669452218689725,33.9839928680849
