subject,nll,bic,model,wp,wp_rec,beta,beta_rec,b_last,b_last_rec,b_longer,b_longer_rec,nll_rec
156-alternatives,20.9719144885683,58.93780994533404,wa_b-last_b-longer,0.927566251912816,0.9258884202476342,22.060266365294336,29.023740344271975,0.02090517464506443,0.053780756045232164,-0.006870637928915832,-0.02836528276201123,15.54428475538301
