subject,nll,bic,model,wp,wp_rec,beta,beta_rec,b_last,b_last_rec,b_longer,b_longer_rec,nll_rec
55-alternatives,25.04254427136273,67.07906951092289,wa_b-last_b-longer,0.8993209000105136,0.9039503703772053,14.135405814624916,34.44428776167423,0.02707836839645926,0.015629667770734514,-0.008688684621979605,0.015604460500992859,16.63816758568512
