subject,nll,bic,model,wp,wp_rec,beta,beta_rec,b_last,b_last_rec,b_longer,b_longer_rec,nll_rec
194-attributes,33.20759127167543,83.35160856173991,wa_b-last_b-longer,0.9370242256576885,0.9405455721420231,9.584992316077887,12.581942030057037,0.03494209721867993,0.003760592119095147,-0.046491654359602355,0.024772092775521524,30.627375401265883
