subject,nll,bic,model,wp,wp_rec,beta,beta_rec,b_last,b_last_rec,b_longer,b_longer_rec,nll_rec
47-attributes,-6.9922509464089e-05,16.99384112317851,wa_b-last_b-longer,0.9999933635002256,0.9999933635002256,199.87101583125752,199.87101583125752,0.0007591596959675151,0.0007591596959675151,-0.00037885102653334446,-0.00037885102653334446,-6.9922509464089e-05
