subject,nll,bic,model,wp,wp_rec,beta,beta_rec,b_last,b_last_rec,b_longer,b_longer_rec,nll_rec
106-attributes,34.868554799456604,86.73109056711064,wa_b-last_b-longer,0.8331270472705078,0.8576519246375567,3.4525247526021645,4.526338258742905,0.20593296225226346,0.26501393031517306,0.05410707761674405,0.2168547328437589,28.823091583442675
