subject,nll,bic,model,wp,wp_rec,beta,beta_rec,b_last,b_last_rec,b_longer,b_longer_rec,nll_rec
163-alternatives,28.976270709696845,74.88896743778272,wa_b-last_b-longer,0.9053397141180465,0.8869566910698478,10.84096405484604,9.94308972116829,-0.011740596660914707,0.018435502169718947,-0.04232502005228201,-0.04688749100645536,27.820951502830855
