subject,nll,bic,model,wp,wp_rec,beta,beta_rec,b_last,b_last_rec,b_longer,b_longer_rec,nll_rec
67-alternatives,17.336711592150188,51.66740415249781,wa_b-last_b-longer,0.9583610840979809,0.9518186467877945,26.396153626126313,44.06199214278904,-0.02045952264181443,9.164322965722781e-05,-0.03691111050958673,-0.011746491843317731,12.542746496449164
