subject,nll,bic,model,wp,wp_rec,beta,beta_rec,b_last,b_last_rec,b_longer,b_longer_rec,nll_rec
123-alternatives,28.79635839140518,74.5866977510078,wa_b-last_b-longer,0.8977093155435245,0.894066388275123,10.930540810089335,8.889519259980942,-0.005607263719418695,0.028756929577674843,0.02994711463969676,0.03435839970372017,31.000176880815314
