subject,nll,bic,model,wp,wp_rec,beta,beta_rec,b_last,b_last_rec,b_longer,b_longer_rec,nll_rec
12-attributes,29.865511839024354,76.66744969643774,wa_b-last_b-longer,0.9446950913031963,0.9359120505102195,13.682646914562984,14.019970043994912,0.00978909561137678,0.002000055438869738,-0.007575207787303895,0.01533255249137281,29.161802871322404
