subject,nll,bic,model,wp,wp_rec,beta,beta_rec,b_last,b_last_rec,b_longer,b_longer_rec,nll_rec
86-alternatives,10.961477869854397,38.91693670790623,wa_b-last_b-longer,1.0,1.0,19.474033952526863,54.750996746652824,-0.020371356623618792,-0.019708868697582187,0.049181391230225156,0.06548715449846515,3.3796832071342644
