subject,nll,bic,model,wp,wp_rec,beta,beta_rec,b_last,b_last_rec,b_longer,b_longer_rec,nll_rec
184-alternatives,-6.746611306943667e-05,16.9938460359713,wa_b-last_b-longer,1.0,1.0,199.9985245334262,199.9985245334262,0.01853338911356712,0.01853338911356712,0.0001285433427143269,0.0001285433427143269,-6.746611306943667e-05
