subject,nll,bic,model,wp,wp_rec,beta,beta_rec,b_last,b_last_rec,b_longer,b_longer_rec,nll_rec
41-attributes,45.79229029320068,108.40335106396522,wa_b-last_b-longer,0.936192031311506,0.9113252417678191,1.4514129859891387,5.452561299175911,-0.10138206276524085,-0.0337144196527752,-0.02653229309961071,-0.06802258351241679,38.626993414082406
