subject,nll,bic,model,wp,wp_rec,beta,beta_rec,b_last,b_last_rec,b_longer,b_longer_rec,nll_rec
3-alternatives,23.632613107624035,64.25920718344551,wa_b-last_b-longer,0.9504189742393836,0.9635466084516296,20.496053479361493,14.641132666110536,-0.011656304064795267,0.013027300101542743,-0.019769945504739136,-0.00896750507677856,25.354993150404358
