subject,nll,bic,model,wp,wp_rec,beta,beta_rec,b_last,b_last_rec,b_longer,b_longer_rec,nll_rec
3-attributes,20.233364922047564,57.46071081229256,wa_b-last_b-longer,0.9486771843366114,0.9526525937371425,25.560421443272,26.076211195800184,0.006360874347755736,-0.006053374650646599,0.018324731988518077,0.006383742158599907,19.331755618594308
