subject,nll,bic,model,wp,wp_rec,beta,beta_rec,b_last,b_last_rec,b_longer,b_longer_rec,nll_rec
36-alternatives,56.666090257584976,133.04119525579878,wa_b-last_b-longer,0.9435223893499655,0.9420647897452759,14.900246590650141,13.52350100313651,0.015825679557034636,0.039684579699798,-0.013664932045585434,-0.006846990735873554,58.007589499095396
