subject,nll,bic,model,wp,wp_rec,beta,beta_rec,b_last,b_last_rec,b_longer,b_longer_rec,nll_rec
87-alternatives,27.050184146123467,71.09434926044437,wa_b-last_b-longer,0.9504176078541716,0.9505184776265305,14.98416849228033,24.999605741553836,0.04669149252740164,0.07123544069488699,5.27620525999199e-07,-0.00699955966941742,18.054517621344484
