subject,nll,bic,model,wp,wp_rec,beta,beta_rec,b_last,b_last_rec,b_longer,b_longer_rec,nll_rec
142-attributes,14.04215621802362,45.078293404244675,wa_b-last_b-longer,0.9333319897719016,0.9366204745929828,35.73994703476784,32.342691568696246,0.006601516333734649,0.019568254046233326,-0.006577857609469269,-0.019535690988807843,15.71045600733544
