subject,nll,bic,model,wp,wp_rec,beta,beta_rec,b_last,b_last_rec,b_longer,b_longer_rec,nll_rec
159-attributes,28.42123678707765,73.77889959254433,wa_b-last_b-longer,0.9266756489898167,0.9272475041899458,13.225804196724846,18.502846734860235,0.01915891369173941,0.029907995031987114,-0.015355294406593608,-0.013988723871106024,22.95142414432384
