subject,nll,bic,model,wp,wp_rec,beta,beta_rec,b_last,b_last_rec,b_longer,b_longer_rec,nll_rec
149-attributes,6.521692999334652,29.979812017058343,wa_b-last_b-longer,1.0,0.9792421192413371,22.479072223343472,200.0,0.008074073107020787,0.02197477018970662,2.5794610386594778e-06,0.02197477591473054,0.056232340772621583
