subject,nll,bic,model,wp,wp_rec,beta,beta_rec,b_last,b_last_rec,b_longer,b_longer_rec,nll_rec
27-alternatives,30.97567389937358,78.9453287669446,wa_b-last_b-longer,0.9152319461826075,0.9173244176199082,11.040527048560525,11.445139463135693,-0.022342737747250815,0.013013265022802265,0.018748252193998075,0.036533601037564985,30.02185291874908
