subject,nll,bic,model,wp,wp_rec,beta,beta_rec,b_last,b_last_rec,b_longer,b_longer_rec,nll_rec
17-alternatives,27.206053376708205,71.29013757412083,wa_b-last_b-longer,0.9298558846447437,0.9311587042440209,14.5426599559679,24.292398324880473,0.011929837301865542,-0.025051319387049454,0.004470464388133807,-0.01502223853641872,19.242685071157066
