subject,nll,bic,model,wp,wp_rec,beta,beta_rec,b_last,b_last_rec,b_longer,b_longer_rec,nll_rec
98-alternatives,33.36584678957277,83.72567454734298,wa_b-last_b-longer,0.9264634423191491,0.9231533561471279,10.28488217235615,13.166388002665308,0.005674843505051956,-0.013104104475294602,0.009237538449966208,-0.016630740179989854,29.094059397422246
