subject,nll,bic,model,wp,wp_rec,beta,beta_rec,b_last,b_last_rec,b_longer,b_longer_rec,nll_rec
110-alternatives,0.056302507147746705,17.10658598249293,wa_b-last_b-longer,0.9792395793156711,0.9792395793156711,200.0,200.0,-0.021962879688818833,-0.021962879688818833,-0.02197543955357363,-0.02197543955357363,0.056302507147746705
