subject,nll,bic,model,wp,wp_rec,beta,beta_rec,b_last,b_last_rec,b_longer,b_longer_rec,nll_rec
58-attributes,23.82256820723439,64.58156243285782,wa_b-last_b-longer,0.9381903121644865,0.9327503150086246,19.344590690101974,17.54280235153388,-0.007569246436781944,0.006878095528213004,-0.005181748107899995,-0.03474703252630484,24.353500258381903
