subject,nll,bic,model,wp,wp_rec,beta,beta_rec,b_last,b_last_rec,b_longer,b_longer_rec,nll_rec
29-alternatives,35.28118902327593,87.55635901474929,wa_b-last_b-longer,0.9489173589788918,0.9403901569863999,9.57982605502106,18.20501630254826,-0.04445405422018749,-0.038785183717121204,0.009683038354384114,0.027927656328216782,25.266119481759574
