subject,nll,bic,model,wp,wp_rec,beta,beta_rec,b_last,b_last_rec,b_longer,b_longer_rec,nll_rec
172-attributes,19.45993836025513,55.913857688707694,wa_b-last_b-longer,0.7825351047911979,0.8179818985150809,8.149954741957984,18.328336796374206,0.04407185257076621,0.05138610414658331,0.04061376482696027,0.02598345997791792,13.330847479196606
