subject,nll,bic,model,wp,wp_rec,beta,beta_rec,b_last,b_last_rec,b_longer,b_longer_rec,nll_rec
160-alternatives,23.474964966250255,63.943910900697944,wa_b-last_b-longer,0.9286966959808044,0.9289040885356884,18.404988202277046,14.168312418804963,0.03669521258066819,0.041101362220330305,-0.007327127403124466,0.008047669270233971,27.573069034351384
