subject,nll,bic,model,wp,wp_rec,beta,beta_rec,b_last,b_last_rec,b_longer,b_longer_rec,nll_rec
148-alternatives,24.916113824244512,66.82620861668646,wa_b-last_b-longer,0.951853876012841,0.9563332690730003,18.272073525441108,21.370266187098963,0.015315004189716565,0.008505383968360232,-0.013906315919281024,-0.05036793317024266,20.695878268736656
