subject,nll,bic,model,wp,wp_rec,beta,beta_rec,b_last,b_last_rec,b_longer,b_longer_rec,nll_rec
113-attributes,28.26492287843483,73.5238267250671,wa_b-last_b-longer,0.682262442121617,0.4719218548268159,2.599366197932952,1.8434543886882493,0.18791106718433584,0.48859699340078866,0.14044816496095908,0.5128194119708567,22.10574217741598
