subject,nll,bic,model,wp,wp_rec,beta,beta_rec,b_last,b_last_rec,b_longer,b_longer_rec,nll_rec
154-attributes,13.534804018175018,44.063589004547474,wa_b-last_b-longer,0.9826852389864373,0.975261370917639,18.875294157485243,29.134581722702897,0.031247038993790586,0.0008095031877628457,0.028747208615182533,1.2444257225066363e-07,8.946942347407049
