subject,nll,bic,model,wp,wp_rec,beta,beta_rec,b_last,b_last_rec,b_longer,b_longer_rec,nll_rec
199-attributes,31.295885122289835,79.58575121277711,wa_b-last_b-longer,0.8615227340747541,0.8578265847640547,6.95592241663087,9.557938424024918,-0.004605141286273267,-0.03285442282472552,-0.014726721727310862,0.012685120170122115,26.274426211304526
