subject,nll,bic,model,wp,wp_rec,beta,beta_rec,b_last,b_last_rec,b_longer,b_longer_rec,nll_rec
100-attributes,39.99093507132056,96.97585111083855,wa_b-last_b-longer,0.9329238076186012,0.9578583047253056,6.026877905956204,2.769409090066284,0.029104922624410397,0.138896673776781,-0.03912933385679061,-0.02628116581756795,44.3748819126862
