subject,nll,bic,model,wp,wp_rec,beta,beta_rec,b_last,b_last_rec,b_longer,b_longer_rec,nll_rec
145-alternatives,22.105865064951118,61.20571109809967,wa_b-last_b-longer,0.9344132889549083,0.9390299846087174,20.833175636618243,30.487355360414178,0.034671438353549376,0.013191211888489913,-0.02063494594508725,1.788863232528831e-09,16.912882620586473
