subject,nll,bic,model,wp,wp_rec,beta,beta_rec,b_last,b_last_rec,b_longer,b_longer_rec,nll_rec
111-alternatives,30.112312535342575,77.21860603888258,wa_b-last_b-longer,0.8756653576505439,0.8917173046954823,8.366543888741772,5.320610768944155,-0.016713060198872833,-0.007816178696733034,0.05067510435451017,0.07865060397964135,38.43576000392241
