subject,nll,bic,model,wp,wp_rec,beta,beta_rec,b_last,b_last_rec,b_longer,b_longer_rec,nll_rec
144-attributes,32.513416145868625,82.02081325993468,wa_b-last_b-longer,0.9017932755150578,0.8909548076851814,8.744641991955449,7.798421882658285,0.006038118907947472,-0.03900756287065663,0.022232019668847542,0.025006914597683994,33.1964616318804
