subject,nll,bic,model,wp,wp_rec,beta,beta_rec,b_last,b_last_rec,b_longer,b_longer_rec,nll_rec
196-attributes,33.93359148707886,84.86116394235515,wa_b-last_b-longer,0.9139814908537919,0.9248308803103364,7.867308018426682,9.604638580081291,0.07393508275108387,0.042723357243546825,5.6118710908218195e-08,-1.0505869740874016e-07,33.071858195162044
