subject,nll,bic,model,wp,wp_rec,beta,beta_rec,b_last,b_last_rec,b_longer,b_longer_rec,nll_rec
126-attributes,29.874522187048314,76.74302534229406,wa_b-last_b-longer,0.9470688943408281,0.9419370353306336,13.635660390975703,16.713348516259252,0.002509439300360525,0.015357975029655347,-0.015293679992358419,-0.04232566669907165,25.94420060576799
