subject,nll,bic,model,wp,wp_rec,beta,beta_rec,b_last,b_last_rec,b_longer,b_longer_rec,nll_rec
13-alternatives,27.866283508018626,72.72654798423468,wa_b-last_b-longer,0.8616739556795242,0.8728514834761052,7.615256764861691,9.581704179129453,0.07932955026028841,0.051205818862652845,0.07387582766769786,0.02425809851557886,26.990142486128715
