subject,nll,bic,model,wp,wp_rec,beta,beta_rec,b_last,b_last_rec,b_longer,b_longer_rec,nll_rec
163-attributes,42.84262650569333,102.6792339795841,wa_b-last_b-longer,0.9254427148585259,0.915623682353034,3.9027743132550987,3.6038022806602115,-0.08249586644062402,0.061077538478633196,0.13443355288897657,0.12253205340693836,42.68400920479684
