subject,nll,bic,model,wp,wp_rec,beta,beta_rec,b_last,b_last_rec,b_longer,b_longer_rec,nll_rec
174-alternatives,34.72750005327466,86.44898107474675,wa_b-last_b-longer,0.8939353175547846,0.8720871046832781,7.260088547480536,5.006841787036401,0.010981983455579668,0.038570049142326986,-5.856437458132665e-09,5.415072997077083e-08,37.13747293015579
