subject,nll,bic,model,wp,wp_rec,beta,beta_rec,b_last,b_last_rec,b_longer,b_longer_rec,nll_rec
131-attributes,20.678785660614658,58.35155228942675,wa_b-last_b-longer,0.9198663785960836,0.9245961850632333,21.762091394800503,26.55238502367877,-0.026883128033009972,-0.020809485335676323,-0.013888742665960296,-0.046775526248483086,17.153373847975157
