subject,nll,bic,model,wp,wp_rec,beta,beta_rec,b_last,b_last_rec,b_longer,b_longer_rec,nll_rec
109-attributes,39.013625341795496,94.90528150429542,wa_b-last_b-longer,0.9132314577443988,0.8607508645751765,5.947262645773253,4.998793145802069,0.0008783210968856529,-0.016117620527477883,-0.013545490411028436,-0.036160130726409445,35.56428226676237
