subject,nll,bic,model,wp,wp_rec,beta,beta_rec,b_last,b_last_rec,b_longer,b_longer_rec,nll_rec
5-attributes,16.528339150668227,50.050659269533895,wa_b-last_b-longer,0.8347242364726585,0.8243551213225642,16.641889828344777,15.940638948339744,0.011700594578216638,-0.024453373611003,0.011461435631508919,-0.024936424371890333,15.92585897797312
