subject,nll,bic,model,wp,wp_rec,beta,beta_rec,b_last,b_last_rec,b_longer,b_longer_rec,nll_rec
20-attributes,26.955027568245438,70.90403610468832,wa_b-last_b-longer,0.9574674282168301,0.9510257067491363,14.820054443394925,21.953643521902986,-0.028536176239701616,0.0005405531876817644,-0.016273927492397477,-0.025965697443433317,22.036966772080714
