subject,nll,bic,model,wp,wp_rec,beta,beta_rec,b_last,b_last_rec,b_longer,b_longer_rec,nll_rec
93-attributes,42.213860675694676,101.42170231958679,wa_b-last_b-longer,0.9230074277398598,0.8885294691283202,4.627125272618832,2.8683622923726473,0.04181953307699354,0.08028288956781497,-0.032409244724775445,-0.10259151567587828,43.3734184483464
