subject,nll,bic,model,wp,wp_rec,beta,beta_rec,b_last,b_last_rec,b_longer,b_longer_rec,nll_rec
197-alternatives,0.05623235162120241,17.048890721631444,wa_b-last_b-longer,0.97924212599553,0.97924212599553,200.0,200.0,0.021974759985883673,0.021974759985883673,0.021974796312166443,0.021974796312166443,0.05623235162120241
