subject,nll,bic,model,wp,wp_rec,beta,beta_rec,b_last,b_last_rec,b_longer,b_longer_rec,nll_rec
149-alternatives,2.8821978889387307,22.583166255441324,wa_b-last_b-longer,1.0,1.0,43.53831998817844,34.96094037507619,0.04436581795925114,0.05555232877417134,0.03979032306858655,0.051564099392676324,4.598622750344804
