subject,nll,bic,model,wp,wp_rec,beta,beta_rec,b_last,b_last_rec,b_longer,b_longer_rec,nll_rec
10-alternatives,30.003487672297883,77.0009563127932,wa_b-last_b-longer,0.9316483825175627,0.9209499500133567,12.961607020478311,13.8752908066615,0.011143470518663464,-0.013448027397489903,-0.024259775836810656,-0.024621008314863163,27.84034654642365
