subject,nll,bic,model,wp,wp_rec,beta,beta_rec,b_last,b_last_rec,b_longer,b_longer_rec,nll_rec
65-attributes,20.711566275802962,58.417113519803365,wa_b-last_b-longer,0.9425871147852535,0.9418435646896509,24.861179162456956,25.933908486196305,0.00025106879950311385,0.00020455016595258038,-3.028179798038793e-08,-0.012553436363516883,19.90566477136994
