subject,nll,bic,model,wp,wp_rec,beta,beta_rec,b_last,b_last_rec,b_longer,b_longer_rec,nll_rec
26-attributes,9.927146589101035,36.848274146399504,wa_b-last_b-longer,0.9780403715540646,0.9763154414120038,27.087538626318693,39.05226670302128,-0.025942204146859025,-0.03991581428107449,-0.028470973689302497,-0.04118711538656454,7.161857222884587
