subject,nll,bic,model,wp,wp_rec,beta,beta_rec,b_last,b_last_rec,b_longer,b_longer_rec,nll_rec
138-attributes,-6.899996549434658e-05,16.93628801845805,wa_b-last_b-longer,0.4633256546104775,0.4633256546104775,167.71558246852348,167.71558246852348,0.0076379495565421784,0.0076379495565421784,-0.059481100984011936,-0.059481100984011936,-6.899996549434658e-05
