subject,nll,bic,model,wp,wp_rec,beta,beta_rec,b_last,b_last_rec,b_longer,b_longer_rec,nll_rec
100-alternatives,30.713956703685785,78.42189437556901,wa_b-last_b-longer,0.9485359859702398,0.9444598204766191,11.90357612291736,15.038200768755685,0.021669071034655058,-0.004672561996428109,-0.05067203029669956,-0.051626811337545556,27.747722564928697
