subject,nll,bic,model,wp,wp_rec,beta,beta_rec,b_last,b_last_rec,b_longer,b_longer_rec,nll_rec
72-attributes,25.67523324782186,68.28689251403276,wa_b-last_b-longer,0.9777770566934768,0.9784655489225839,11.322225927871406,12.747939372424629,-0.04856198020619506,-0.07198746038553057,0.02442417659990133,0.024190336447817592,23.449972734021777
