subject,nll,bic,model,wp,wp_rec,beta,beta_rec,b_last,b_last_rec,b_longer,b_longer_rec,nll_rec
186-attributes,38.225039091916116,93.44405915202967,wa_b-last_b-longer,0.8753593521474456,0.8734420046546332,2.8006201688464314,2.3366989404671696,0.31027321861059515,0.3151468366384489,0.030351152625906562,-0.17296174278586485,39.81210358602171
