subject,nll,bic,model,wp,wp_rec,beta,beta_rec,b_last,b_last_rec,b_longer,b_longer_rec,nll_rec
0-attributes,36.787720883767776,90.56942273573299,wa_b-last_b-longer,0.9300803243686032,0.9124573423727246,8.229952323968432,9.973725914036752,-0.011388319643168209,-0.005207167519909405,0.020899787716052966,-0.050054748087223426,31.347068357212983
