subject,nll,bic,model,wp,wp_rec,beta,beta_rec,b_last,b_last_rec,b_longer,b_longer_rec,nll_rec
65-alternatives,19.234047221555475,55.46207541130839,wa_b-last_b-longer,0.9470957621607277,0.9422980854246403,28.050947873336177,99.83458233640933,0.00632910165735287,0.03855555471742898,0.00596774708537922,-0.004596992726018552,6.8709836740130505
