subject,nll,bic,model,wp,wp_rec,beta,beta_rec,b_last,b_last_rec,b_longer,b_longer_rec,nll_rec
83-attributes,28.896976226189764,74.78793342057696,wa_b-last_b-longer,0.95124491486058,0.9675997436833473,13.896162472950815,6.805890649308444,-0.02775484906794817,-0.07654743801877853,-0.03152811296820077,-0.054414056935362845,36.85922734198483
