subject,nll,bic,model,wp,wp_rec,beta,beta_rec,b_last,b_last_rec,b_longer,b_longer_rec,nll_rec
139-attributes,30.477992078947935,77.89241017628491,wa_b-last_b-longer,0.9146720968013661,0.8993333342155863,10.664281582023737,11.136900919432804,-0.0005293775332142206,-0.0034981723992165916,-0.0044016718419800345,-0.02614948667690831,27.84606424392346
