subject,nll,bic,model,wp,wp_rec,beta,beta_rec,b_last,b_last_rec,b_longer,b_longer_rec,nll_rec
72-alternatives,30.937019856347977,78.81046573108499,wa_b-last_b-longer,0.9621818294877401,0.9566336625285238,10.189999828688293,17.44021554529247,0.031096020807227766,-0.025762157435842373,-0.01339543738226466,-0.03163590250955459,24.171677840586817
