subject,nll,bic,model,wp,wp_rec,beta,beta_rec,b_last,b_last_rec,b_longer,b_longer_rec,nll_rec
141-alternatives,14.659485129811937,46.312951227821316,wa_b-last_b-longer,0.9512425190818719,0.950899377186493,37.60628755372741,66.88297725901232,-0.011560020955341276,8.082020594724617e-06,-0.01182177082584529,-9.45154137459255e-07,9.053711185628744
