subject,nll,bic,model,wp,wp_rec,beta,beta_rec,b_last,b_last_rec,b_longer,b_longer_rec,nll_rec
85-alternatives,12.675191876486357,42.34436472117015,wa_b-last_b-longer,0.9834941230683263,0.9790600401666796,23.51779165948439,38.78884433054369,-0.04268503677804467,-0.023622567264020226,0.07250778830224053,0.06238495034043655,7.3205934074552435
