subject,nll,bic,model,wp,wp_rec,beta,beta_rec,b_last,b_last_rec,b_longer,b_longer_rec,nll_rec
125-attributes,19.525603755403473,56.04518847900438,wa_b-last_b-longer,0.9498476209142465,0.9441270467523791,26.694081497269647,22.36199165491947,0.01233605297647309,0.006662543664353482,-6.160028151832745e-08,0.0063082209760629586,22.475028886182017
