subject,nll,bic,model,wp,wp_rec,beta,beta_rec,b_last,b_last_rec,b_longer,b_longer_rec,nll_rec
93-alternatives,43.21644942108613,103.4268798103697,wa_b-last_b-longer,0.9309418342807003,0.9402573917437546,4.27505279321926,5.719742170767699,0.050106109161563495,0.02226089141034274,-0.034483381448022356,-0.06812070600705482,40.55170550707907
