subject,nll,bic,model,wp,wp_rec,beta,beta_rec,b_last,b_last_rec,b_longer,b_longer_rec,nll_rec
61-alternatives,28.955520935041367,74.90502283828017,wa_b-last_b-longer,0.939236473763793,0.9454772729123954,13.71619972960084,14.197838568884611,0.033323509303774014,0.05651012595195372,-0.03123541762730768,-0.040067425264778474,27.084317248745656
