subject,nll,bic,model,wp,wp_rec,beta,beta_rec,b_last,b_last_rec,b_longer,b_longer_rec,nll_rec
34-attributes,30.49572598345928,77.62698430035725,wa_b-last_b-longer,0.9088374038363637,0.8772076405321884,8.168738616449641,5.608677977050663,0.0713042639907354,0.07509669489503931,0.0042952853247337905,0.0012967292122612391,32.54466093361883
