subject,nll,bic,model,wp,wp_rec,beta,beta_rec,b_last,b_last_rec,b_longer,b_longer_rec,nll_rec
106-alternatives,33.774518518699004,84.48546305578705,wa_b-last_b-longer,0.8490907696613347,0.7797842366246139,4.94515670184557,3.261325738775131,0.016800110820640268,0.03329259967515758,0.08315496181884335,0.2390885844707161,31.6452962307621
