subject,nll,bic,model,wp,wp_rec,beta,beta_rec,b_last,b_last_rec,b_longer,b_longer_rec,nll_rec
167-attributes,28.667450012448807,73.84343756507798,wa_b-last_b-longer,0.8912249185830374,0.8855237154429598,8.283407161743195,6.97590533958745,-0.011216192597644567,0.04995811025081071,-0.004695861217656973,-0.02711609881009673,29.52249898616991
