subject,nll,bic,model,wp,wp_rec,beta,beta_rec,b_last,b_last_rec,b_longer,b_longer_rec,nll_rec
89-attributes,43.1477066263893,103.28939422097604,wa_b-last_b-longer,0.8360806366181309,0.0,1.8267956823001728,0.3621623989738614,0.21318881794356648,0.7150784164357031,2.264769236785489e-07,-0.974239519637935,39.2344475765722
