subject,nll,bic,model,wp,wp_rec,beta,beta_rec,b_last,b_last_rec,b_longer,b_longer_rec,nll_rec
21-attributes,28.041575644997202,73.07713225819184,wa_b-last_b-longer,0.9373357479181769,0.9337864398925709,15.34092269889358,27.422609749649173,-0.005678392347508001,-0.03266216316311958,0.007313662291545161,0.032976866642714195,17.80003404783531
