subject,nll,bic,model,wp,wp_rec,beta,beta_rec,b_last,b_last_rec,b_longer,b_longer_rec,nll_rec
107-attributes,40.54932154442338,98.0350691072358,wa_b-last_b-longer,0.9645129836989661,0.9723596313295169,4.925011650098353,4.800884645377281,0.022754689902973958,0.009942057122639817,-0.023036617548400664,-0.023042211163973796,40.25185822459498
