subject,nll,bic,model,wp,wp_rec,beta,beta_rec,b_last,b_last_rec,b_longer,b_longer_rec,nll_rec
185-attributes,33.55453282264547,84.10304661348837,wa_b-last_b-longer,0.9325966964977169,0.9375257519429276,10.067732934797677,11.582247829550719,0.022706472084569468,0.011720583605004479,-0.018441041820492873,0.025172451087868315,31.937210353609714
