subject,nll,bic,model,wp,wp_rec,beta,beta_rec,b_last,b_last_rec,b_longer,b_longer_rec,nll_rec
73-attributes,23.46975655567303,63.8759391297351,wa_b-last_b-longer,0.9465890328006691,0.9570438983515223,20.29731568023432,18.4179397351458,0.026391298570411822,0.030747994403557147,-0.013101556892238188,3.1222810830667824e-06,22.908247085692146
