subject,nll,bic,model,wp,wp_rec,beta,beta_rec,b_last,b_last_rec,b_longer,b_longer_rec,nll_rec
129-attributes,23.707764484425248,64.40950993704793,wa_b-last_b-longer,0.9200694336526243,0.9208755756155421,17.87156561202089,18.295444911715226,0.007887332363696598,0.029729992760397853,0.007322541302582569,0.014884295505088406,22.82944623879039
