subject,nll,bic,model,wp,wp_rec,beta,beta_rec,b_last,b_last_rec,b_longer,b_longer_rec,nll_rec
38-attributes,33.17131522223803,83.33661141267349,wa_b-last_b-longer,0.9299965696313912,0.9325220876292923,10.616187373002816,11.48172393850655,-0.0300524003739463,-0.06239868121863738,-8.31701685977137e-09,1.0757246940449506e-07,31.639464368754734
