subject,nll,bic,model,wp,wp_rec,beta,beta_rec,b_last,b_last_rec,b_longer,b_longer_rec,nll_rec
20-alternatives,19.75410881373833,56.5021985956741,wa_b-last_b-longer,0.9503489948232418,0.948162258812761,26.647520962444766,22.807468412557775,-0.017536465790575547,-0.02389090736850044,-0.006163499553376971,-0.01904653623624045,22.19049313311677
