subject,nll,bic,model,wp,wp_rec,beta,beta_rec,b_last,b_last_rec,b_longer,b_longer_rec,nll_rec
14-attributes,32.78885991866738,82.57170080553219,wa_b-last_b-longer,0.9411811348135987,0.9404809969232962,10.94130384051022,9.78781574094434,0.020978862541732528,0.014725126227027008,0.017297811142965674,0.027729031489221633,34.358789162013935
