subject,nll,bic,model,wp,wp_rec,beta,beta_rec,b_last,b_last_rec,b_longer,b_longer_rec,nll_rec
94-alternatives,25.034996914005266,67.06397479620797,wa_b-last_b-longer,0.9235510758528701,0.9083718430084774,16.313643175602586,36.84462314344641,0.024149655691037834,0.009994509940695506,-0.023025644632274786,-0.009970885064860938,16.350617763452455
