subject,nll,bic,model,wp,wp_rec,beta,beta_rec,b_last,b_last_rec,b_longer,b_longer_rec,nll_rec
161-attributes,19.19724004176006,55.388461051717556,wa_b-last_b-longer,0.9498508652480044,0.950213669047501,27.177964592392954,43.04174007994456,0.0123246626889676,0.011270765795790791,-0.012176573241823028,-1.9065512979951916e-07,13.169644444348785
