subject,nll,bic,model,wp,wp_rec,beta,beta_rec,b_last,b_last_rec,b_longer,b_longer_rec,nll_rec
40-alternatives,20.27981593986121,57.55361284791985,wa_b-last_b-longer,0.9207357054471189,0.9084010461143252,22.36145666387192,21.94150735928746,0.01418796710560842,0.0068872859917556584,-0.027144836663991177,-0.006514170516479401,21.126748765057492
