subject,nll,bic,model,wp,wp_rec,beta,beta_rec,b_last,b_last_rec,b_longer,b_longer_rec,nll_rec
138-alternatives,-6.999996499426464e-05,16.99384096826745,wa_b-last_b-longer,0.42329486218894624,0.42329486218894624,167.71558246852348,167.71558246852348,0.0076379495565421784,0.0076379495565421784,-0.059481100984011936,-0.059481100984011936,-6.999996499426464e-05
