subject,nll,bic,model,wp,wp_rec,beta,beta_rec,b_last,b_last_rec,b_longer,b_longer_rec,nll_rec
129-alternatives,26.208863472917027,69.4117079140315,wa_b-last_b-longer,0.9171914292355995,0.9192795047178972,14.78563590554772,13.934912426722144,0.00990349677927783,0.04332088077703548,0.024143640648959675,0.02552201510454552,26.413138145812457
