subject,nll,bic,model,wp,wp_rec,beta,beta_rec,b_last,b_last_rec,b_longer,b_longer_rec,nll_rec
114-alternatives,5.072078215512548,27.138137399222533,wa_b-last_b-longer,0.942689916183823,0.9468986668425262,103.50308050692622,200.0,0.02132529314673611,0.0248846537843827,0.021326154174863655,0.024884655141873505,0.8993088700450982
