subject,nll,bic,model,wp,wp_rec,beta,beta_rec,b_last,b_last_rec,b_longer,b_longer_rec,nll_rec
6-alternatives,18.29206391231826,53.57810879283396,wa_b-last_b-longer,0.9502236653341583,0.9475329537022866,29.497675158584357,46.392848682709776,-0.005526233091782164,-0.0055477999229959175,0.005992252701676044,0.005621908734079722,12.486669121237306
