subject,nll,bic,model,wp,wp_rec,beta,beta_rec,b_last,b_last_rec,b_longer,b_longer_rec,nll_rec
85-attributes,15.522731809143899,47.98188963667684,wa_b-last_b-longer,0.9919422216037151,1.0,15.188592906052675,62.63957227776053,-0.02136800906799036,-0.1208263274084619,-0.017086069499932757,0.009251253018453098,7.001000209849067
