subject,nll,bic,model,wp,wp_rec,beta,beta_rec,b_last,b_last_rec,b_longer,b_longer_rec,nll_rec
5-alternatives,9.772319875483939,36.538620719165316,wa_b-last_b-longer,0.8096458374255305,0.8127288529326078,24.033578607497528,57.516726333031805,0.05422797774442042,0.0747275758203601,0.05420633207409669,0.07472750793636798,4.080201876668857
