subject,nll,bic,model,wp,wp_rec,beta,beta_rec,b_last,b_last_rec,b_longer,b_longer_rec,nll_rec
135-alternatives,36.33311741983389,89.66021580786521,wa_b-last_b-longer,0.6825044520105186,0.7861129084693482,1.7324989649792941,5.005163061796416,0.07345270234094849,0.06751045516207162,0.11071479299189117,0.09818271165925968,26.78590562107557
