subject,nll,bic,model,wp,wp_rec,beta,beta_rec,b_last,b_last_rec,b_longer,b_longer_rec,nll_rec
166-attributes,17.570270668153263,52.13452230450396,wa_b-last_b-longer,0.8567646628866159,0.8659351580159043,17.659145578138133,18.499381436976527,0.03030418282398831,0.01824351338325954,0.030142682380111786,-1.677406683873025e-07,18.507827259391757
