subject,nll,bic,model,wp,wp_rec,beta,beta_rec,b_last,b_last_rec,b_longer,b_longer_rec,nll_rec
146-alternatives,17.671119562206375,52.33622009261019,wa_b-last_b-longer,0.9511948402000483,0.9545717440779572,30.05437318921434,24.888929618503315,0.012399251653089388,0.0008231617579405756,6.896013411924965e-09,-0.013432340352178397,19.566249034915526
