subject,nll,bic,model,wp,wp_rec,beta,beta_rec,b_last,b_last_rec,b_longer,b_longer_rec,nll_rec
4-attributes,30.448163841792603,77.89030865178265,wa_b-last_b-longer,0.8890542916309779,0.8810523316132306,8.8649542035974,9.130429298062486,0.027669362588876936,0.027497343009007875,0.011637691107033863,0.02362472978008157,28.984089332493074
