subject,nll,bic,model,wp,wp_rec,beta,beta_rec,b_last,b_last_rec,b_longer,b_longer_rec,nll_rec
141-attributes,8.711941812706762,34.41786459361096,wa_b-last_b-longer,0.9506387377191512,0.9479375548893363,65.71960689877861,59.78045027804369,-0.02136947373731369,-0.027749822997292145,-2.503880697197369e-08,0.005908180025083733,9.46621562927499
