subject,nll,bic,model,wp,wp_rec,beta,beta_rec,b_last,b_last_rec,b_longer,b_longer_rec,nll_rec
137-alternatives,9.038921247529695,35.07182346325683,wa_b-last_b-longer,0.5767776582431948,0.7264115133973754,6.624247150323242,200.0,0.12673070942519538,0.03707303468865607,0.12080549067905294,0.11249741494611618,0.00678942591655477
