subject,nll,bic,model,wp,wp_rec,beta,beta_rec,b_last,b_last_rec,b_longer,b_longer_rec,nll_rec
12-alternatives,29.054303309152445,75.10258758650232,wa_b-last_b-longer,0.9423373613190534,0.9443105545365955,13.788418528456907,26.04627722001227,0.04018501325889665,0.006570942509308012,0.007786747530725626,0.006131120880721543,20.250455230426162
