subject,nll,bic,model,wp,wp_rec,beta,beta_rec,b_last,b_last_rec,b_longer,b_longer_rec,nll_rec
69-alternatives,33.30233465452292,83.59865027724328,wa_b-last_b-longer,0.9305459329024618,0.9427300430596592,10.302943598950524,11.109566873372803,0.023276596998362004,-0.03575897508512844,-0.01832062601820515,-0.043753100531414936,32.80541526961792
