subject,nll,bic,model,wp,wp_rec,beta,beta_rec,b_last,b_last_rec,b_longer,b_longer_rec,nll_rec
35-alternatives,18.454065095594725,53.90211115938689,wa_b-last_b-longer,0.9534855321988305,0.9538355988523546,27.451288207550913,38.064259541440116,-0.0057799135268619545,-0.018907565819445894,0.012923098011267254,-0.006413016458395292,13.678703144212527
