subject,nll,bic,model,wp,wp_rec,beta,beta_rec,b_last,b_last_rec,b_longer,b_longer_rec,nll_rec
117-attributes,26.953938802251436,70.9018585727003,wa_b-last_b-longer,0.9547059415803351,0.9491412120578392,15.501961216442044,15.56370153730674,-0.005365374617266048,0.0017502572153457,-0.007613997718013305,-0.02905076289963707,27.439077172675873
