subject,nll,bic,model,wp,wp_rec,beta,beta_rec,b_last,b_last_rec,b_longer,b_longer_rec,nll_rec
16-attributes,23.31764522188127,63.62927141195998,wa_b-last_b-longer,0.9481803716440073,0.9432837707450195,20.81818861346153,21.37935356227295,0.007006754787793647,-0.01223657574758811,0.019334065999297947,0.019258399573558228,23.0731630246871
