subject,nll,bic,model,wp,wp_rec,beta,beta_rec,b_last,b_last_rec,b_longer,b_longer_rec,nll_rec
43-attributes,27.189877251979258,71.37373547215596,wa_b-last_b-longer,0.9697846928887225,0.9789500610924109,11.757743757956826,8.102526724434945,-0.0033140546756577215,0.004400664100165686,-0.03172873827396237,-0.05377460153054082,31.61094251292605
