subject,nll,bic,model,wp,wp_rec,beta,beta_rec,b_last,b_last_rec,b_longer,b_longer_rec,nll_rec
166-alternatives,24.607054967804046,66.20809090380553,wa_b-last_b-longer,0.8430910144212833,0.8597365354769314,8.944349869729471,9.07226354453008,0.05989427213380344,0.12464297623924753,0.028603527463025795,-0.04434273123045109,23.65394438529707
