subject,nll,bic,model,wp,wp_rec,beta,beta_rec,b_last,b_last_rec,b_longer,b_longer_rec,nll_rec
79-alternatives,26.79400695593519,70.58199488006781,wa_b-last_b-longer,0.9798157205482008,0.9818096048346046,9.765694001060892,7.054791933446237,0.07433414653163033,0.06381189173260926,-0.03912135574457887,9.521938557789082e-07,33.0147426968613
