subject,nll,bic,model,wp,wp_rec,beta,beta_rec,b_last,b_last_rec,b_longer,b_longer_rec,nll_rec
71-alternatives,25.60857914097533,68.2111392501481,wa_b-last_b-longer,0.9100486776041354,0.9105156131979264,15.202406993689463,18.092281516360742,-0.013920258733230056,-0.014466163933758302,-2.3791071138647803e-08,-0.04506011534222679,22.09654453801338
