subject,nll,bic,model,wp,wp_rec,beta,beta_rec,b_last,b_last_rec,b_longer,b_longer_rec,nll_rec
95-attributes,27.921568483278808,72.83711793475506,wa_b-last_b-longer,0.9141988125907043,0.9075001093562093,12.07455911691509,16.123153656491365,0.02969311987528354,0.008464357143921604,0.04569650620776715,0.007769295985390977,24.295094173576434
