subject,nll,bic,model,wp,wp_rec,beta,beta_rec,b_last,b_last_rec,b_longer,b_longer_rec,nll_rec
18-alternatives,27.959332510066268,72.91264598832997,wa_b-last_b-longer,0.9273532218075603,0.9180813240209703,14.622994273568587,11.488322995304454,-0.02037046032431925,-0.004726032305133693,0.0078433352640635,0.04551255556202998,30.074990417435146
