subject,nll,bic,model,wp,wp_rec,beta,beta_rec,b_last,b_last_rec,b_longer,b_longer_rec,nll_rec
125-alternatives,13.608862039119138,44.21170504643571,wa_b-last_b-longer,0.9499842387030863,0.9507789254441131,41.770057459724036,70.99809127322446,-0.01122678187733336,-0.015764938761004575,0.01138912070040512,0.005382378816002202,8.350626558106885
