subject,nll,bic,model,wp,wp_rec,beta,beta_rec,b_last,b_last_rec,b_longer,b_longer_rec,nll_rec
192-alternatives,-6.746611007475397e-05,16.99384603597729,wa_b-last_b-longer,1.0,1.0,199.99852464087277,199.99852464087277,0.018533727197944865,0.018533727197944865,0.00012900180734730853,0.00012900180734730853,-6.746611007475397e-05
