subject,nll,bic,model,wp,wp_rec,beta,beta_rec,b_last,b_last_rec,b_longer,b_longer_rec,nll_rec
105-alternatives,25.601387554956126,68.19675607810969,wa_b-last_b-longer,0.9275906262610977,0.9247266350681723,16.835789282436966,13.160382010252505,0.001520143895399983,-0.02903000975112697,1.5015406484030484e-07,-0.02509890702700124,29.150941202250827
