subject,nll,bic,model,wp,wp_rec,beta,beta_rec,b_last,b_last_rec,b_longer,b_longer_rec,nll_rec
168-attributes,12.917622952740743,42.82922687367892,wa_b-last_b-longer,0.9871385791115035,1.0,18.39026178867088,23.556365218283005,-0.010013146357904021,-0.04326460255416022,-0.016900085777909468,3.2193729966052257e-07,7.735696716191582
