subject,nll,bic,model,wp,wp_rec,beta,beta_rec,b_last,b_last_rec,b_longer,b_longer_rec,nll_rec
56-attributes,0.05623135944151774,17.10644368708047,wa_b-last_b-longer,0.9792421235353896,0.9792421235353896,200.0,200.0,-0.021974776314416924,-0.021974776314416924,-0.021974770731010135,-0.021974770731010135,0.05623135944151774
