subject,nll,bic,model,wp,wp_rec,beta,beta_rec,b_last,b_last_rec,b_longer,b_longer_rec,nll_rec
147-alternatives,31.486686964446584,79.9673548970906,wa_b-last_b-longer,0.946745786620109,0.9420969408975476,12.18392239248126,12.263252917407835,0.00465957267849166,0.004323355451818495,0.03263428796014743,0.040564800102502754,31.257424639270983
