subject,nll,bic,model,wp,wp_rec,beta,beta_rec,b_last,b_last_rec,b_longer,b_longer_rec,nll_rec
124-attributes,22.315624215547352,61.62522939929214,wa_b-last_b-longer,0.8928079587158922,0.8939797755436998,17.939548399423018,33.01917370262338,0.0003774451112359113,-0.01563550250285272,3.6426077972744124e-09,-0.005306329083312528,17.145828698492696
