subject,nll,bic,model,wp,wp_rec,beta,beta_rec,b_last,b_last_rec,b_longer,b_longer_rec,nll_rec
33-alternatives,36.76230889534376,90.51859875888495,wa_b-last_b-longer,0.9210366037640596,0.9002154973597025,7.686647921216692,9.254349585282625,0.021311387084028896,0.048356720244546327,0.022435279822416155,0.022215998543739936,30.71195767719906
