subject,nll,bic,model,wp,wp_rec,beta,beta_rec,b_last,b_last_rec,b_longer,b_longer_rec,nll_rec
105-attributes,28.28065094521909,73.55528285863562,wa_b-last_b-longer,0.9261813006680204,0.9348539634158833,13.509430907514089,16.823115230711352,0.010037152318527864,-0.006035723273943145,-0.03258508709734384,-0.02152126148237737,26.115404314614604
