subject,nll,bic,model,wp,wp_rec,beta,beta_rec,b_last,b_last_rec,b_longer,b_longer_rec,nll_rec
74-alternatives,32.18298158950594,80.93850208457802,wa_b-last_b-longer,0.9908516432547995,1.0,5.540236107768883,7.004367113804822,0.028868821019369665,0.03688184151990327,-0.0012556150064960536,-0.08623293818403188,26.612599521830358
