subject,nll,bic,model,wp,wp_rec,beta,beta_rec,b_last,b_last_rec,b_longer,b_longer_rec,nll_rec
62-attributes,13.484295041283028,43.96257105076349,wa_b-last_b-longer,0.9469407076333655,0.9469860382597795,42.11875677666861,72.75675951039223,-0.005726407844809044,-0.016858325585935974,-0.005747556911702171,0.005689104906330827,7.904048560110908
