subject,nll,bic,model,wp,wp_rec,beta,beta_rec,b_last,b_last_rec,b_longer,b_longer_rec,nll_rec
122-alternatives,32.16597846592809,81.32593790005362,wa_b-last_b-longer,0.9185997578883752,0.9366810852925526,10.02023008174979,12.338654844693107,-0.03199382040410043,-0.01977161570770932,-0.05933863356086146,-0.041038045754925895,31.137247371216926
