subject,nll,bic,model,wp,wp_rec,beta,beta_rec,b_last,b_last_rec,b_longer,b_longer_rec,nll_rec
96-attributes,28.88444546876368,74.7053169559164,wa_b-last_b-longer,0.932341531236216,0.9191519397641503,13.427487635725074,11.936915780385736,-0.0180991204481215,-0.03016311852522442,0.020866572700767548,0.034088371266703846,29.103830806911677
