subject,nll,bic,model,wp,wp_rec,beta,beta_rec,b_last,b_last_rec,b_longer,b_longer_rec,nll_rec
159-alternatives,30.656786340662897,78.30755364952323,wa_b-last_b-longer,0.9163853097457204,0.9314726614037693,10.625558568801356,20.04378610292943,0.041691407261487415,0.0009514826280803396,0.01932876605634944,0.013861116706703099,23.084337315077114
