subject,nll,bic,model,wp,wp_rec,beta,beta_rec,b_last,b_last_rec,b_longer,b_longer_rec,nll_rec
13-attributes,35.84248318935021,88.67894734689786,wa_b-last_b-longer,0.9107153060508602,0.8512382824193008,5.9816575176429865,2.6564238901103274,0.121104292356486,0.19695835032556447,0.029382022542608972,0.12185151478817521,39.8557002208668
