subject,nll,bic,model,wp,wp_rec,beta,beta_rec,b_last,b_last_rec,b_longer,b_longer_rec,nll_rec
120-attributes,11.451415695687386,39.89681235957221,wa_b-last_b-longer,0.9525306094268762,0.9521528152952851,46.63508555244758,59.52757220128507,0.024319872489254508,0.005834515938516336,0.012238458371852173,-0.017504536922511638,9.286164250527317
