subject,nll,bic,model,wp,wp_rec,beta,beta_rec,b_last,b_last_rec,b_longer,b_longer_rec,nll_rec
30-attributes,18.778973563549616,54.49437314548827,wa_b-last_b-longer,0.9561017624355099,0.954881676682026,24.98599034817008,21.47156358431031,-0.006514139324735223,-0.026620002606309538,-0.006994151724305313,0.013959277711700285,21.605049198864947
