subject,nll,bic,model,wp,wp_rec,beta,beta_rec,b_last,b_last_rec,b_longer,b_longer_rec,nll_rec
6-attributes,21.27202712173093,59.53803521165929,wa_b-last_b-longer,0.9519393066906309,0.9533699790833029,22.913671166782006,16.23965580380132,0.013342591187278508,0.03185553701724706,-0.012992991803464094,-0.045517044426006875,24.90515782768673
