subject,nll,bic,model,wp,wp_rec,beta,beta_rec,b_last,b_last_rec,b_longer,b_longer_rec,nll_rec
126-alternatives,34.150234328226915,85.29444962465126,wa_b-last_b-longer,0.9562109481298143,0.963366388489925,9.56460598417688,10.175016768833927,0.009412039062787122,0.04779028056542373,0.019700973161037125,6.966209999744985e-08,30.830810846070214
