subject,nll,bic,model,wp,wp_rec,beta,beta_rec,b_last,b_last_rec,b_longer,b_longer_rec,nll_rec
128-alternatives,35.417986821273054,87.77239966093515,wa_b-last_b-longer,0.9353929576420593,0.9619365587381085,8.344382208358967,8.333287523768012,0.03402793066949343,0.016798853883859887,-0.03601630524259696,-0.048128468513459394,34.11025242067485
