subject,nll,bic,model,wp,wp_rec,beta,beta_rec,b_last,b_last_rec,b_longer,b_longer_rec,nll_rec
25-alternatives,21.142589212349726,59.27915939289689,wa_b-last_b-longer,0.9041915841519987,0.8918088590842778,21.043388279946992,27.34240056515622,0.00720803771603773,-0.007585789023117936,0.02008732783129745,0.05750729824039971,15.006938759638166
