subject,nll,bic,model,wp,wp_rec,beta,beta_rec,b_last,b_last_rec,b_longer,b_longer_rec,nll_rec
104-alternatives,30.802355020158178,78.36332900842206,wa_b-last_b-longer,0.9344335030837072,0.9264736928972174,11.179042120750774,15.107746151066072,-0.016495136875413333,-0.0014632448466028968,-0.0330994894425355,-0.02811012397897616,25.577396177345825
