subject,nll,bic,model,wp,wp_rec,beta,beta_rec,b_last,b_last_rec,b_longer,b_longer_rec,nll_rec
99-alternatives,31.67969048886046,80.35336194591835,wa_b-last_b-longer,0.9374733915211728,0.9411771710900652,12.278779586690666,14.83937775195431,-0.019377091284376806,0.0026170862016844025,-0.024492891905857617,-0.04441443833788612,28.173807767345814
