subject,nll,bic,model,wp,wp_rec,beta,beta_rec,b_last,b_last_rec,b_longer,b_longer_rec,nll_rec
7-attributes,34.63150127366436,86.25698351552616,wa_b-last_b-longer,0.9233667543192744,0.9352189436186735,9.160580666675271,8.74232713978269,-0.0034451206689104772,0.04569998022387839,0.00996621045589498,-0.02032284636274235,35.004893243618916
