subject,nll,bic,model,wp,wp_rec,beta,beta_rec,b_last,b_last_rec,b_longer,b_longer_rec,nll_rec
116-attributes,25.28347081944879,67.56092260709502,wa_b-last_b-longer,0.9436051050456774,0.945779845620678,18.69732254950867,22.96813793203856,-0.01231029583896422,0.006561342911837874,-0.013332862461721445,0.0062328672371891524,22.110111797509973
