subject,nll,bic,model,wp,wp_rec,beta,beta_rec,b_last,b_last_rec,b_longer,b_longer_rec,nll_rec
192-attributes,-6.992223938929367e-05,16.99384112371866,wa_b-last_b-longer,0.9999524730929261,0.9999524730929261,199.98738091140902,199.98738091140902,0.0003423348451484485,0.0003423348451484485,0.00029062377264133275,0.00029062377264133275,-6.992223938929367e-05
