subject,nll,bic,model,wp,wp_rec,beta,beta_rec,b_last,b_last_rec,b_longer,b_longer_rec,nll_rec
95-alternatives,35.203837206127645,87.40165538045272,wa_b-last_b-longer,0.9099345192886039,0.9040547915411098,8.174217349031109,6.866796319892691,-0.022500347908607204,0.04870339925103219,-0.011233707473307052,-0.012879000018407694,35.98243980997512
