subject,nll,bic,model,wp,wp_rec,beta,beta_rec,b_last,b_last_rec,b_longer,b_longer_rec,nll_rec
33-attributes,30.532624559222086,78.0592300866416,wa_b-last_b-longer,0.8909834966754484,0.8734002530392984,7.417344429355823,8.082513480760857,0.11115725021174651,0.12549685632157365,-0.05559636273651461,-0.04401038011114302,26.720390723380863
