subject,nll,bic,model,wp,wp_rec,beta,beta_rec,b_last,b_last_rec,b_longer,b_longer_rec,nll_rec
47-alternatives,-6.646580421476346e-05,16.93629308678061,wa_b-last_b-longer,1.0,1.0,199.99756295760906,199.99756295760906,0.01847916146730058,0.01847916146730058,0.00012700942216544909,0.00012700942216544909,-6.646580421476346e-05
