subject,nll,bic,model,wp,wp_rec,beta,beta_rec,b_last,b_last_rec,b_longer,b_longer_rec,nll_rec
18-attributes,24.115853622645485,65.22568821348841,wa_b-last_b-longer,0.9225187302752913,0.9263981686135353,17.587612848544197,13.933418561511816,0.007989421227932697,0.04964490368230621,0.007356368834568746,0.016612370956368413,26.95348101196172
