subject,nll,bic,model,wp,wp_rec,beta,beta_rec,b_last,b_last_rec,b_longer,b_longer_rec,nll_rec
170-alternatives,18.57208176369438,54.138144495586204,wa_b-last_b-longer,0.9374634345102979,0.9389951603823343,27.292707832350974,23.61185104176092,0.006806268448103652,-0.012110654566497929,-0.01952686472785128,-0.012963642966590362,21.322954818790343
