subject,nll,bic,model,wp,wp_rec,beta,beta_rec,b_last,b_last_rec,b_longer,b_longer_rec,nll_rec
49-alternatives,18.515381805499374,54.02474457919618,wa_b-last_b-longer,0.9707612775172442,0.9559330593913244,18.495056387002606,41.236708467161215,-0.006069123555904217,-0.014182680727716562,-0.010521893324623721,4.791559434500041e-08,11.610355485748517
