subject,nll,bic,model,wp,wp_rec,beta,beta_rec,b_last,b_last_rec,b_longer,b_longer_rec,nll_rec
194-alternatives,39.70683218713099,96.40764534245942,wa_b-last_b-longer,0.9047567761679306,0.8854564307743066,4.440155520872097,2.262344266733035,0.1260322872835575,0.05638882377781412,-2.5859924818586716e-07,-0.0313093581239344,45.61025570521204
