subject,nll,bic,model,wp,wp_rec,beta,beta_rec,b_last,b_last_rec,b_longer,b_longer_rec,nll_rec
50-attributes,21.16207348976284,59.31812794772311,wa_b-last_b-longer,0.8015352221248574,0.6966701993888523,8.45675387272127,4.149564687283797,0.03874927351897224,0.060849089221128756,9.788150016732924e-09,-1.101239036419352e-07,22.264488797402727
