subject,nll,bic,model,wp,wp_rec,beta,beta_rec,b_last,b_last_rec,b_longer,b_longer_rec,nll_rec
134-alternatives,35.51147326061199,88.01692748942142,wa_b-last_b-longer,0.928662369173757,0.9254996131633084,9.047541040045626,14.462650886858434,0.007797019335496334,0.009974281838143494,5.826642624554358e-08,0.007895129165446692,27.693455094091224
