subject,nll,bic,model,wp,wp_rec,beta,beta_rec,b_last,b_last_rec,b_longer,b_longer_rec,nll_rec
164-attributes,33.85881658840623,84.71161414500989,wa_b-last_b-longer,0.9375073351816161,0.9396663258839745,10.531875938458466,12.687698549592698,-0.020610619152196537,-0.06798422277438515,0.008865404411619706,-0.0343817268233834,29.82787118534286
