subject,nll,bic,model,wp,wp_rec,beta,beta_rec,b_last,b_last_rec,b_longer,b_longer_rec,nll_rec
28-attributes,21.00819481416875,59.01037059653494,wa_b-last_b-longer,0.9313669577587413,0.9277560600816769,22.487956854869076,37.327041410901224,0.007030883481472168,1.6947159419840534e-05,-0.006766646227844358,-3.7891926997669044e-08,14.026777986430547
