subject,nll,bic,model,wp,wp_rec,beta,beta_rec,b_last,b_last_rec,b_longer,b_longer_rec,nll_rec
150-attributes,20.498668460322968,57.93376293903498,wa_b-last_b-longer,0.9123687311072459,0.9135481754089327,19.649663978086313,17.170506011744408,0.033219049924334845,0.04321055963023601,-0.019102875941399363,-0.01273547524767866,21.99270588774478
