subject,nll,bic,model,wp,wp_rec,beta,beta_rec,b_last,b_last_rec,b_longer,b_longer_rec,nll_rec
43-alternatives,35.12210433753307,87.23818964326357,wa_b-last_b-longer,0.9580868929631616,0.9592934361742124,8.5028244032997,7.353408029964907,0.03212092750330228,0.0965762163677824,-1.0489550741867838e-07,-0.05097080669202643,34.156695413434974
