subject,nll,bic,model,wp,wp_rec,beta,beta_rec,b_last,b_last_rec,b_longer,b_longer_rec,nll_rec
42-alternatives,14.324009894950228,45.64200075809789,wa_b-last_b-longer,0.943195363719481,0.9410101155637394,38.23208195845445,108.59030770917657,-0.018569294912559882,-0.04091109193548661,-0.006140291309476287,-0.004762434825729971,6.2811869868538786
