subject,nll,bic,model,wp,wp_rec,beta,beta_rec,b_last,b_last_rec,b_longer,b_longer_rec,nll_rec
61-attributes,29.58993847979618,76.1738579277898,wa_b-last_b-longer,0.9353273708327914,0.932164216573098,13.775588811586196,12.833328676015876,-0.012962757267121655,0.03468869356741033,0.00773375758528865,-0.03301524345268752,29.167119064824938
