subject,nll,bic,model,wp,wp_rec,beta,beta_rec,b_last,b_last_rec,b_longer,b_longer_rec,nll_rec
151-attributes,20.795257089397637,58.58449514699271,wa_b-last_b-longer,0.9451700934957467,0.9426153754442528,24.99523302448048,17.636304150755326,0.006358097635140929,0.0009833966608983574,0.006135315001194688,0.006797577708269986,26.177798623857317
