,bf,error,time,code
"Alt., r=0.707 -Inf<d<0",69.15288046350726,3.7910890646486064e-08,Thu Jun 17 23:59:43 2021,3d1b69c77f47
"Alt., r=0.707 !(-Inf<d<0)",0.018261255277561023,0.0002464062837890504,Thu Jun 17 23:59:43 2021,3d1b28754492
