,bf,error,time,code
"Alt., r=0.707",1.8811749976878144e+74,4.502278172026084e-79,Wed Jul 14 18:21:01 2021,cb11256a032b
