subject,nll,bic,model,m_min,m_min_rec,epsilon,epsilon_rec,nll_rec
4,87.14788889226682,184.17906262975225,mcutoff,3.082786128974349,3.0821886751423073,0.3142853459929949,0.3428568228192842,90.00746155349212
