subject,nll,bic,model,m_min,m_min_rec,epsilon,epsilon_rec,nll_rec
18,81.85415814098428,173.59160112718718,mcutoff,8.261767617801334,8.281582210476188,0.2714281109815715,0.1928565249455196,68.64724026897122
