subject,nll,bic,model,m_min,m_min_rec,epsilon,epsilon_rec,nll_rec
10,43.273557538341514,96.43039992190164,mcutoff,2.1370735440498723,1.7156941838962334,0.09285632913166132,0.10714207162366596,47.66968898626179
