subject,nll,bic,model,m_min,m_min_rec,epsilon,epsilon_rec,nll_rec
15,76.18230520117116,162.2335582686037,mcutoff,8.84853549549949,8.66412190715678,0.23740954360022687,0.23021528384749806,74.99536452842892
