subject,nll,bic,model,m_min,m_min_rec,epsilon,epsilon_rec,nll_rec
3,30.664273050742946,71.2118309467045,mcutoff,9.013561805150427,8.672881686433938,0.05714197265727488,0.06428484380116167,33.40378863020576
