subject,nll,bic,model,m_min,m_min_rec,epsilon,epsilon_rec,nll_rec
16,86.38536329558481,182.55142484761313,mcutoff,7.282802578930864,7.5280484484367935,0.35338316267553094,0.28571385472547695,79.56958928210518
