subject,nll,bic,model,m_min,m_min_rec,epsilon,epsilon_rec,nll_rec
14,91.36285176242134,192.59465139110407,mcutoff,3.0449706609456,3.0193557917913405,0.36690620828094156,0.3381291689649482,88.93011233655966
