subject,nll,bic,model,m_min,m_min_rec,epsilon,epsilon_rec,nll_rec
5,71.42022775030576,152.72374034583012,mcutoff,8.828756344337219,8.664644050516308,0.207142266290981,0.19285652531322245,68.64724026897122
