subject,nll,bic,model,m_min,m_min_rec,epsilon,epsilon_rec,nll_rec
6,92.35934612526619,194.60197709575098,mcutoff,9.450856203120743,9.882037405998014,0.37142831704433427,0.36428543817611964,91.81791499048151
