subject,nll,bic,model,m_min,m_min_rec,epsilon,epsilon_rec,nll_rec
12,88.24234160369298,186.35363107364734,mcutoff,9.492567083068591,9.070668914370719,0.33093491237667616,0.3669062086055586,91.36285176242134
