subject,nll,bic,model,m_min,m_min_rec,epsilon,epsilon_rec,nll_rec
11,85.98256734970869,181.83408256567876,mcutoff,1.4405947259993668,3.1262774702261975,0.30935213391023975,0.2805751007596485,82.49567590757879
