subject,nll,bic,model,m_min,m_min_rec,epsilon,epsilon_rec,nll_rec
7,95.8799731061159,201.6432310574504,mcutoff,8.640389463472374,4.577201884948338,0.43571415136496877,0.42857128158077035,95.60685465834601
