subject,nll,bic,model,m_min,m_min_rec,epsilon,epsilon_rec,nll_rec
0,81.85415814098428,173.59160112718718,mcutoff,5.339577731229167,5.47323520475061,0.2714281124055976,0.24285662685066023,77.60885735275397
