subject,nll,bic,model,m_min,m_min_rec,epsilon,epsilon_rec,nll_rec
2,75.91014625703643,161.67479988438728,mcutoff,9.122068482115864,8.76642759536405,0.2391299089304882,0.2826082573234934,82.16496318958963
