subject,nll,bic,model,m_min,m_min_rec,epsilon,epsilon_rec,nll_rec
13,81.85415814098428,173.59160112718718,mcutoff,8.245196857132882,8.046378238663639,0.2714281093037863,0.3571425702698701,91.24563856445141
