subject,nll,bic,model,alpha,alpha_rec,beta,beta_rec,nll_rec
171-alternatives,38.54054790330469,85.5493088158039,eu,1.2728956155934146,1.0024288989890924,0.810334249549957,2.1669819076254555,33.22305452911332
