subject,nll,bic,model,alpha,alpha_rec,beta,beta_rec,nll_rec
115-alternatives,13.941210313232387,36.379411110563495,eu,0.8914239758876376,0.8763811518795149,10.02926672526593,21.13186602594847,8.514718258256607
