subject,nll,bic,model,alpha,alpha_rec,beta,beta_rec,nll_rec
166-alternatives,26.875948511591627,62.24888750728197,eu,1.9919257357605673,2.1974977106591456,0.39802732070469826,0.19427179532986857,31.21426553807136
