subject,nll,bic,model,alpha,alpha_rec,beta,beta_rec,nll_rec
126-attributes,28.053907475533062,64.60480543516485,eu,0.5507351917268383,0.6245156196257117,5.7982170203132455,6.422593683010079,24.8038349037397
