subject,nll,bic,model,alpha,alpha_rec,beta,beta_rec,nll_rec
41-attributes,46.20036111464187,100.81010746806568,eu,0.3274636780538921,5.0,0.4822439130099999,3.35884415832139e-05,46.05432403886175
