subject,nll,bic,model,alpha,alpha_rec,beta,beta_rec,nll_rec
54-alternatives,22.402633776268637,53.30225803663599,eu,0.9763062556345821,0.8754916990717546,5.031875380848282,9.759177202123864,14.384443309924704
