subject,nll,bic,model,alpha,alpha_rec,beta,beta_rec,nll_rec
44-attributes,12.938938345259523,34.37486717461776,eu,0.37460279199525415,0.3694424792951502,16.45803596892712,18.531304105857917,11.470168180642485
