subject,nll,bic,model,alpha,alpha_rec,beta,beta_rec,nll_rec
16-attributes,22.541794443738407,53.58057937157553,eu,0.5285352034687302,0.5530192255453278,8.011616510759417,9.587180822358286,19.16692030594949
