subject,nll,bic,model,alpha,alpha_rec,beta,beta_rec,nll_rec
57-alternatives,23.448217212263998,55.39342490862671,eu,0.8090828738017901,0.8489255343776491,5.714965246481366,5.238538267603843,24.102726284812174
