subject,nll,bic,model,alpha,alpha_rec,beta,beta_rec,nll_rec
191-alternatives,18.93242249685921,46.36183547781714,eu,1.1402823101965587,1.2221896019917726,5.155981400884814,2.965341959130296,23.47556068856286
