subject,nll,bic,model,alpha,alpha_rec,beta,beta_rec,nll_rec
116-attributes,19.14031728531454,46.7776250547278,eu,0.6508725068914111,0.648173387520137,8.756268533525764,9.369022181845068,18.141800715322024
