subject,nll,bic,model,alpha,alpha_rec,beta,beta_rec,nll_rec
109-alternatives,34.539699139305974,77.51841368896416,eu,1.12032960974865,1.42809050149588,1.4742203924157444,1.0241791522288792,30.49297292569597
