subject,nll,bic,model,alpha,alpha_rec,beta,beta_rec,nll_rec
171-attributes,32.39159113910947,73.28017276231766,eu,1.1914827413893654,1.4157426497596364,1.5775357286491007,0.7953091859069504,34.913481269127836
