subject,nll,bic,model,alpha,alpha_rec,beta,beta_rec,nll_rec
162-attributes,32.523035440174596,73.54306136444791,eu,1.1804386802873654,1.2278959037078858,1.5991973369739172,1.03237658766686,36.78522335986327
