subject,nll,bic,model,alpha,alpha_rec,beta,beta_rec,nll_rec
104-attributes,24.238392381431865,56.97377524696245,eu,0.5901279104480281,0.632334284567694,6.874567090434838,8.661209588320359,19.649681252718963
