subject,nll,bic,model,alpha,alpha_rec,beta,beta_rec,nll_rec
149-attributes,6.005051160745068,20.478315330684655,eu,0.1483218435803767,0.14322392456917193,23.668833945149828,23.07459536992302,6.253413074786712
