subject,nll,bic,model,alpha,alpha_rec,beta,beta_rec,nll_rec
77-attributes,19.321312646833793,47.1396157777663,eu,0.3039733794496222,0.2792371097175002,10.993390759394272,9.7054681334137,21.629561156193855
