subject,nll,bic,model,alpha,alpha_rec,beta,beta_rec,nll_rec
89-attributes,44.67803084592114,97.853052175941,eu,1.4904504368845537,1.7549351609874049,0.250554883573719,0.20556907884535863,41.792948905579536
