subject,nll,bic,model,alpha,alpha_rec,beta,beta_rec,nll_rec
96-alternatives,26.743385984105764,61.983762452310245,eu,0.7283694568436447,0.5824910848569138,5.25320302425557,4.925031255335301,31.091001969147378
