subject,nll,bic,model,alpha,alpha_rec,beta,beta_rec,nll_rec
100-attributes,34.421864522440174,77.34071952897906,eu,0.8115402978596639,0.8428922351623152,2.7452802033859465,2.72988216320667,33.79055733259035
