subject,nll,bic,model,alpha,alpha_rec,beta,beta_rec,nll_rec
8-alternatives,23.334595239982928,55.16618096406457,eu,0.5773263886471524,0.5374389401224838,7.57351504994983,6.568024835707132,26.737700817728538
