subject,nll,bic,model,alpha,alpha_rec,beta,beta_rec,nll_rec
106-alternatives,36.05772958393803,80.58367217707057,eu,2.0681873373278985,1.758868869699546,0.1699775352509054,0.3074917565759215,37.29749453662524
