subject,nll,bic,model,alpha,alpha_rec,beta,beta_rec,nll_rec
196-alternatives,30.166328898752894,68.8296482816045,eu,0.9872034854924902,0.9648480315899035,2.915950513434103,1.861956987297869,36.794911022895356
