subject,nll,bic,model,alpha,alpha_rec,beta,beta_rec,nll_rec
116-alternatives,19.757526541050634,48.012043566199985,eu,0.6302833658997921,0.6343849825354041,8.829892882431391,8.139858792291257,21.03780886358736
