subject,nll,bic,model,alpha,alpha_rec,beta,beta_rec,nll_rec
153-attributes,25.899483869545627,60.29595822318997,eu,1.1913554299158757,1.2629050049660184,2.593138635237874,2.2767816174640645,25.306317133271342
