subject,nll,bic,model,alpha,alpha_rec,beta,beta_rec,nll_rec
33-alternatives,26.01790176130595,60.53279400671062,eu,0.8918849432126928,0.9575785491742868,4.418496292506333,5.782302272324415,20.653870191798298
