subject,nll,bic,model,alpha,alpha_rec,beta,beta_rec,nll_rec
5-alternatives,16.958354519236078,42.41369952257087,eu,2.7634696254285718,2.6086209365147015,0.19433416522709518,0.3840168980918813,14.04372771894634
