subject,nll,bic,model,alpha,alpha_rec,beta,beta_rec,nll_rec
197-alternatives,4.377079594432939,17.2223721980604,eu,0.0,0.03301703204268605,28.952311531715935,25.90425007113243,5.4493894751169005
