subject,nll,bic,model,alpha,alpha_rec,beta,beta_rec,nll_rec
117-attributes,20.10564869730197,48.708287878702656,eu,0.49195121822017324,0.5222838867690578,9.471228087593332,9.2374490003338,20.134793558637387
