subject,nll,bic,model,alpha,alpha_rec,beta,beta_rec,nll_rec
159-attributes,22.460797571389858,53.389808151974236,eu,0.9008010875678271,1.0441601874114472,5.346363638915477,4.457837194291747,22.668450880116424
