subject,nll,bic,model,alpha,alpha_rec,beta,beta_rec,nll_rec
174-alternatives,23.63053461671764,55.758059717533996,eu,1.1921429836134168,1.06752284619704,3.1555159838893876,5.564584007103878,19.54904059749761
