subject,nll,bic,model,alpha,alpha_rec,beta,beta_rec,nll_rec
110-alternatives,4.380114677210106,17.257219838518928,eu,0.0,0.03907820004844221,29.004286309566176,20.563286965833402,8.455078242813482
