subject,nll,bic,model,alpha,alpha_rec,beta,beta_rec,nll_rec
141-alternatives,24.989753022462708,58.47649652902413,eu,0.3673624047703849,0.18996324527696248,8.38574562027897,8.859079653800356,24.282714236478284
