subject,nll,bic,model,alpha,alpha_rec,beta,beta_rec,nll_rec
59-attributes,35.00158251571653,78.47137804062757,eu,1.0444976804291928,1.1480927345082104,1.64567651773569,1.5651688310338137,32.995869055719645
