subject,nll,bic,model,alpha,alpha_rec,beta,beta_rec,nll_rec
132-alternatives,26.647224744583134,61.76266249836079,eu,1.0566870191974387,1.0577627624899248,3.266965535127247,4.826983351329265,21.470511869857642
