subject,nll,bic,model,alpha,alpha_rec,beta,beta_rec,nll_rec
132-attributes,24.08714848411561,56.671287452329935,eu,1.1243569952975414,1.130825338169341,3.4696413301353055,3.50944838509269,23.7779310613317
