subject,nll,bic,model,alpha,alpha_rec,beta,beta_rec,nll_rec
106-attributes,38.97838621389429,86.4537629118873,eu,2.0735106772972873,2.4357741131233,0.13417512628221787,0.10524554020640407,32.096221128069935
