subject,nll,bic,model,alpha,alpha_rec,beta,beta_rec,nll_rec
177-attributes,27.538986535313686,63.57496355472609,eu,0.8292778881932514,1.0704602591360515,4.234816769566908,2.4579621654873764,29.86878078525641
