subject,nll,bic,model,alpha,alpha_rec,beta,beta_rec,nll_rec
170-attributes,18.1677262258415,44.832442935781714,eu,0.5691425642006965,0.6255250420648503,10.120352035443863,15.819649693266413,11.871784376149302
