subject,nll,bic,model,alpha,alpha_rec,beta,beta_rec,nll_rec
192-alternatives,0.19942142638086816,8.895833336860456,eu,0.03611841197417714,0.03611841197417714,50.0,50.0,0.19942142638086816
