subject,nll,bic,model,alpha,alpha_rec,beta,beta_rec,nll_rec
30-alternatives,24.444722823339553,57.386436130777824,eu,0.6329094261945697,0.7028124872156977,6.713580743276049,6.794431529199533,22.74317739213883
