subject,nll,bic,model,alpha,alpha_rec,beta,beta_rec,nll_rec
184-alternatives,0.19942142638086738,8.895833336860454,eu,0.03611840841518637,0.03611840841518637,50.0,50.0,0.19942142638086738
