subject,nll,bic,model,alpha,alpha_rec,beta,beta_rec,nll_rec
151-alternatives,23.96616592550718,56.42932233511308,eu,0.47899979716621593,0.5440009083451068,8.053325913053206,10.911009726928661,17.65872533258278
