subject,nll,bic,model,alpha,alpha_rec,beta,beta_rec,nll_rec
127-alternatives,22.46973414569803,53.43645877549478,eu,0.7496789518581585,0.6731468193394498,6.504504738198502,5.229382897530258,28.062412888489458
