subject,nll,bic,model,alpha,alpha_rec,beta,beta_rec,nll_rec
195-alternatives,18.481599983395668,45.46019045089005,eu,0.5062927775346489,0.5516161012942714,10.605013623499762,10.258990038912987,18.539031521247445
