subject,nll,bic,model,alpha,alpha_rec,beta,beta_rec,nll_rec
136-attributes,15.859355690580186,40.21570186525909,eu,0.42334984713267504,0.45724746560295154,12.863428170717244,15.804757227510239,12.327339043395746
