subject,nll,bic,model,alpha,alpha_rec,beta,beta_rec,nll_rec
176-alternatives,33.577977444885015,75.65294537386875,eu,0.541144031309303,0.5017587472261364,4.482366208586141,3.2744781490881034,38.91849103440406
