subject,nll,bic,model,alpha,alpha_rec,beta,beta_rec,nll_rec
194-attributes,29.987181177133827,68.44257536346217,eu,0.7407825028565452,0.8699949121570094,3.9342559322851867,2.876147969451012,31.74751229269564
