subject,nll,bic,model,alpha,alpha_rec,beta,beta_rec,nll_rec
182-alternatives,36.136480308645595,80.7411736264857,eu,1.084282978000242,0.7952095560560221,1.5312150976185528,3.628520524330892,31.265940603673155
