subject,nll,bic,model,alpha,alpha_rec,beta,beta_rec,nll_rec
12-attributes,32.349240834490026,73.16669467817457,eu,0.5498693083261954,0.4850461760154078,4.542941134839217,4.123120675342506,35.135737839441006
