subject,nll,bic,model,alpha,alpha_rec,beta,beta_rec,nll_rec
120-attributes,18.066046587907636,44.62908365991399,eu,0.3953855599615058,0.4496637185109816,11.566500401113773,11.043787873705755,18.02382185750366
