subject,nll,bic,model,alpha,alpha_rec,beta,beta_rec,nll_rec
190-alternatives,25.0217245900873,58.540439664273315,eu,0.9347264091774117,0.893039078168705,4.4496873702308495,5.516614920299831,22.397600118798803
