subject,nll,bic,model,alpha,alpha_rec,beta,beta_rec,nll_rec
94-attributes,31.463762254762745,71.42451499362421,eu,1.0640524775831024,0.9939721207988061,2.2018682701775343,2.7628124834000136,30.15026600845698
