subject,nll,bic,model,alpha,alpha_rec,beta,beta_rec,nll_rec
105-alternatives,20.50209298635016,49.50117645679904,eu,0.8876718577994633,0.8390853759081832,6.2478298913648285,11.039772599306266,13.257070273070234
