subject,nll,bic,model,alpha,alpha_rec,beta,beta_rec,nll_rec
148-alternatives,20.89519411054091,50.28737870518054,eu,0.48959385269290645,0.42133614079274073,9.37526434360387,9.700509314547485,21.455909105415568
