subject,nll,bic,model,alpha,alpha_rec,beta,beta_rec,nll_rec
18-alternatives,25.54089737759563,59.57878523928998,eu,0.8867040827505129,0.7827533542974979,4.581233639201502,5.225620303419933,25.592901384826725
