subject,nll,bic,model,alpha,alpha_rec,beta,beta_rec,nll_rec
111-attributes,25.615618780351717,59.72822804480215,eu,1.6819328383841718,1.594378056235269,0.8007575798028788,1.221688361435937,22.067927643240466
