subject,nll,bic,model,alpha,alpha_rec,beta,beta_rec,nll_rec
178-attributes,28.87647521033039,66.2499409047595,eu,0.5121857194981467,0.44921379580271215,5.781784568311297,7.831515773325998,24.34001427074132
