subject,nll,bic,model,alpha,alpha_rec,beta,beta_rec,nll_rec
127-attributes,32.30109842051862,73.07040985023175,eu,0.9851207255371531,1.1643672172167812,2.280106284347034,2.8115672484443532,24.99016055143983
