subject,nll,bic,model,alpha,alpha_rec,beta,beta_rec,nll_rec
155-attributes,30.014237571481534,68.52546562706179,eu,0.22976569749820577,0.3294338365678055,6.49250199254509,6.282904424523507,30.048124305943123
