subject,nll,bic,model,alpha,alpha_rec,beta,beta_rec,nll_rec
144-alternatives,29.108883367331888,66.6859797438583,eu,1.0514560570944627,1.0804591208427543,2.737783111726915,3.4849433429003125,25.200506656867773
