subject,nll,bic,model,alpha,alpha_rec,beta,beta_rec,nll_rec
157-alternatives,0.1994214263808679,8.895833336860454,eu,0.036118422851880674,0.036118422851880674,50.0,50.0,0.1994214263808679
