subject,nll,bic,model,alpha,alpha_rec,beta,beta_rec,nll_rec
61-attributes,29.459551043489398,67.41609257107751,eu,0.7072076150123686,0.669020388725875,4.431701430578183,5.791103162391627,25.729822369937047
