subject,nll,bic,model,alpha,alpha_rec,beta,beta_rec,nll_rec
147-attributes,29.7762020772509,68.04939463860052,eu,0.6048424996893046,0.5423784759895236,4.946005131409031,7.435460242536767,23.660680299449243
