subject,nll,bic,model,alpha,alpha_rec,beta,beta_rec,nll_rec
146-alternatives,13.520280913166586,35.53755231043189,eu,0.4901616189060546,0.530026577431458,14.742807132224454,15.483859593412683,13.038591381636369
