subject,nll,bic,model,alpha,alpha_rec,beta,beta_rec,nll_rec
168-attributes,11.595440651500265,31.687871787099247,eu,0.22879089970334085,0.22762954222442086,16.34970236050347,24.24570107928485,6.500128208788635
