subject,nll,bic,model,alpha,alpha_rec,beta,beta_rec,nll_rec
21-alternatives,19.379819191958692,47.2566288680161,eu,1.04114185153978,0.9199985473470211,5.829184539873279,6.791317192390582,18.78918468071324
