subject,nll,bic,model,alpha,alpha_rec,beta,beta_rec,nll_rec
170-alternatives,18.864460795741355,46.22591207558143,eu,0.734772384070678,0.653131972909872,8.156110010860589,9.655614611954505,17.869016449718888
