subject,nll,bic,model,alpha,alpha_rec,beta,beta_rec,nll_rec
179-alternatives,25.64307145052858,59.78313338515588,eu,2.1607494260637408,2.250936592457886,0.30546755572275375,0.20044438334991949,29.1515068432311
