subject,nll,bic,model,alpha,alpha_rec,beta,beta_rec,nll_rec
34-alternatives,41.50070722839833,91.44042986714888,eu,1.69969917482229,2.452805019884921,0.21318896781077556,0.03928316170091265,41.31254850859945
