subject,nll,bic,model,alpha,alpha_rec,beta,beta_rec,nll_rec
112-alternatives,19.21978199586126,46.93655447582124,eu,0.5763528764609134,0.5837204368996186,9.641969622441376,12.118673667406574,15.808452639420704
