subject,nll,bic,model,alpha,alpha_rec,beta,beta_rec,nll_rec
71-attributes,28.055727214307034,64.60844491271278,eu,1.0625888239990144,1.073801317797363,2.8651534510877372,5.027927467983429,20.595254863343456
