subject,nll,bic,model,alpha,alpha_rec,beta,beta_rec,nll_rec
29-attributes,33.736991349722125,75.97097318354297,eu,0.5843234017657831,0.506770180627618,4.007574249014009,5.810554924322541,28.892323559113212
