subject,nll,bic,model,alpha,alpha_rec,beta,beta_rec,nll_rec
161-alternatives,11.409450764815638,31.315892013729993,eu,0.43371276601115644,0.5205518700458356,17.3804124600846,15.001381049040967,13.372567237359839
