subject,nll,bic,model,alpha,alpha_rec,beta,beta_rec,nll_rec
76-attributes,28.038568199891248,64.54534940897702,eu,0.4438349078982087,0.3930788324344998,6.260005099415244,8.155618300577343,23.840729839500778
