subject,nll,bic,model,alpha,alpha_rec,beta,beta_rec,nll_rec
33-attributes,38.5910805784171,85.67915164093291,eu,1.2272667415441167,1.3624103123262008,0.8861989591778968,0.4182718864725571,43.064551299680254
