subject,nll,bic,model,alpha,alpha_rec,beta,beta_rec,nll_rec
124-alternatives,17.205602503014536,42.90819549012779,eu,1.2096416668324441,1.213733436896994,5.104609421795851,5.324416490130281,16.63878751028288
