subject,nll,bic,model,alpha,alpha_rec,beta,beta_rec,nll_rec
125-attributes,15.640591780863755,39.778174045826226,eu,0.5232622689880819,0.47282624752555114,12.348335925225417,14.951550056966926,13.061632012756032
