subject,nll,bic,model,alpha,alpha_rec,beta,beta_rec,nll_rec
49-attributes,9.040699331582395,26.549611672359312,eu,0.27560245974812525,0.3111708418746769,20.9433442010481,23.59822866026869,8.697969652158449
