subject,nll,bic,model,alpha,alpha_rec,beta,beta_rec,nll_rec
40-alternatives,23.060241580841385,54.61747364578149,eu,0.9585365207171441,0.9610540758009734,4.912699657429439,6.377019346047708,19.19765104342743
