subject,nll,bic,model,alpha,alpha_rec,beta,beta_rec,nll_rec
16-alternatives,19.89764806234673,48.292286608792175,eu,0.5203835637559036,0.5388662815971054,9.664639632067756,8.227282284351501,22.49208357492371
