subject,nll,bic,model,alpha,alpha_rec,beta,beta_rec,nll_rec
54-attributes,27.197485629336853,62.89196174277242,eu,1.048400240317331,1.0927417143285831,3.1364373908418592,1.770996128509621,33.54384879255624
