subject,nll,bic,model,alpha,alpha_rec,beta,beta_rec,nll_rec
35-attributes,32.24751077138489,72.90440678155171,eu,0.46053289289458593,0.3442110665867239,4.537438177362244,3.6543798211449334,36.85515734861
