subject,nll,bic,model,alpha,alpha_rec,beta,beta_rec,nll_rec
164-attributes,26.55968683159062,61.61636414727996,eu,0.7562216880026326,0.742650506157913,4.952155016261451,5.422716243617442,25.3194630265013
