subject,nll,bic,model,alpha,alpha_rec,beta,beta_rec,nll_rec
113-attributes,28.486079485243238,65.46914945458519,eu,2.3570958319344184,2.0878686627757146,0.16056819782342097,0.26304744096503613,29.524677429043734
