subject,nll,bic,model,alpha,alpha_rec,beta,beta_rec,nll_rec
35-alternatives,27.92313954105115,64.34326956620102,eu,0.2829333606208913,0.33911287572430154,7.3914285271854405,7.016643022458125,28.657374855379565
