subject,nll,bic,model,alpha,alpha_rec,beta,beta_rec,nll_rec
145-alternatives,24.49470772710488,57.48640593830848,eu,0.7675575845763777,0.7609390793431305,5.6724315042314455,8.314365450714782,18.021156795197626
