subject,nll,bic,model,alpha,alpha_rec,beta,beta_rec,nll_rec
153-alternatives,31.909569857418642,72.31613019893601,eu,1.2545805273373396,1.230395734675888,1.4969257874930664,1.851447614761513,29.701215492988247
