subject,nll,bic,model,alpha,alpha_rec,beta,beta_rec,nll_rec
188-attributes,21.353418484239626,51.20382745257797,eu,1.2473740268093112,1.3692059421592997,3.2229889361868347,3.290238357761112,17.131382517867536
