subject,nll,bic,model,alpha,alpha_rec,beta,beta_rec,nll_rec
25-attributes,21.12796752327239,50.752925530643495,eu,1.0859426774884786,0.9873376436315364,4.725487493957706,4.299944081302191,24.180530455550546
