subject,nll,bic,model,alpha,alpha_rec,beta,beta_rec,nll_rec
19-attributes,16.97978400982516,42.45655850374904,eu,1.004421315190468,1.0700610840785563,7.231602125789682,5.773449339033135,18.960855920233698
