subject,nll,bic,model,alpha,alpha_rec,beta,beta_rec,nll_rec
124-attributes,21.986790246822963,52.47057097774464,eu,1.2423510827334456,1.3287724709942863,3.103803345238361,2.6504220709516213,21.003286975833376
