subject,nll,bic,model,alpha,alpha_rec,beta,beta_rec,nll_rec
55-alternatives,26.231384157170464,60.959758798439644,eu,1.1553825333410574,1.1848453396392964,2.8245061920278993,3.0564451429223465,24.281928416859323
