subject,nll,bic,model,alpha,alpha_rec,beta,beta_rec,nll_rec
145-attributes,16.93510807222558,42.36720662854988,eu,0.7387552902308944,0.7813532866051508,9.0159391643394,20.361937370738705,8.173603618092368
