subject,nll,bic,model,alpha,alpha_rec,beta,beta_rec,nll_rec
95-alternatives,37.020610595571526,82.53821167524177,eu,0.9290163910516941,0.9583251551345686,1.9537340186308185,1.945015837612242,36.395879126986365
