subject,nll,bic,model,alpha,alpha_rec,beta,beta_rec,nll_rec
66-attributes,29.587893147103255,67.67277677830523,eu,0.8719969155995464,0.963377115247944,3.489220098764851,3.116051549410795,29.19360091037039
