subject,nll,bic,model,alpha,alpha_rec,beta,beta_rec,nll_rec
4-attributes,38.4749052395444,85.44680096318751,eu,1.5821572925521392,2.033701456276732,0.4154803330672104,0.21823555527842686,33.96530220471464
