subject,nll,bic,model,alpha,alpha_rec,beta,beta_rec,nll_rec
161-attributes,15.640591780863755,39.778174045826226,eu,0.5232622802367461,0.5571122446079013,12.348335830597174,11.519825512180422,16.435476861551496
