subject,nll,bic,model,alpha,alpha_rec,beta,beta_rec,nll_rec
44-alternatives,14.61146424572949,37.7199189755577,eu,0.32026902320670975,0.34597637238192824,15.254687125023297,25.23368270513398,8.677034375397572
