subject,nll,bic,model,alpha,alpha_rec,beta,beta_rec,nll_rec
150-alternatives,35.57100630210991,79.61022561341433,eu,1.3258208618818867,1.1132161684999868,0.9326382664535238,1.9491854210448836,31.834039772579146
