subject,nll,bic,model,alpha,alpha_rec,beta,beta_rec,nll_rec
99-attributes,30.093423149262648,68.68383678262401,eu,0.7388075951686869,0.7361587009076697,4.0853285303901865,2.8458023518640454,35.59691134022967
