subject,nll,bic,model,alpha,alpha_rec,beta,beta_rec,nll_rec
5-attributes,21.0807712218221,50.65853292774292,eu,2.0813091489962554,1.7971112091059418,0.46140489614435015,0.9281963564092182,19.119366631550317
