subject,nll,bic,model,alpha,alpha_rec,beta,beta_rec,nll_rec
125-alternatives,16.640619600191613,41.77822968448194,eu,0.4746321586196586,0.41777376683222067,12.085558746691516,8.991220131984173,22.964240912178273
