subject,nll,bic,model,alpha,alpha_rec,beta,beta_rec,nll_rec
43-attributes,25.800586542380117,60.09816356885895,eu,0.3310624239140907,0.37837186497181907,7.825491173375099,8.912394029795358,22.94788338664754
