subject,nll,bic,model,alpha,alpha_rec,beta,beta_rec,nll_rec
138-attributes,-6.899996549434658e-05,8.468075009263531,eu,3.6432959390998088,3.6432959390998088,30.70578077832912,30.70578077832912,-6.899996549434658e-05
