subject,nll,bic,model,alpha,alpha_rec,beta,beta_rec,nll_rec
59-alternatives,35.59197575456007,79.68094199321885,eu,1.2042381570259981,1.0407787900470653,1.2700589602210095,2.5286954473863372,30.837959202617334
