subject,nll,bic,model,alpha,alpha_rec,beta,beta_rec,nll_rec
146-attributes,21.724149400760435,51.94528928561959,eu,0.5229591496367323,0.600358654233141,8.427166400111076,7.741958230235508,22.012139296878896
