subject,nll,bic,model,alpha,alpha_rec,beta,beta_rec,nll_rec
87-alternatives,26.40044535949352,61.29788120308576,eu,0.5132678722891709,0.48965524949525974,6.857173678200407,6.050545549387766,29.259852889415942
