subject,nll,bic,model,alpha,alpha_rec,beta,beta_rec,nll_rec
0-attributes,42.20113794170252,92.89926636750376,eu,0.6352052768267294,0.5757928268677914,1.9181136644438412,1.0341329519073843,46.581061022121276
