subject,nll,bic,model,alpha,alpha_rec,beta,beta_rec,nll_rec
197-attributes,0.09537220067896063,8.629759811710136,eu,0.0,0.0,50.0,27.13765289085885,4.329740632436219
