subject,nll,bic,model,alpha,alpha_rec,beta,beta_rec,nll_rec
110-attributes,9.032672194897284,26.562334873893285,eu,0.0,0.06420676683765861,19.11821859766465,12.30100252924026,16.894299314270047
