subject,nll,bic,model,alpha,alpha_rec,beta,beta_rec,nll_rec
36-attributes,71.114903903272,152.1130926517626,eu,0.39417637048576953,0.351301513303272,4.3951100521380875,6.050131369605381,61.119430386939
