subject,nll,bic,model,alpha,alpha_rec,beta,beta_rec,nll_rec
133-alternatives,19.44125152456373,47.35071605832198,eu,0.45710375817290694,0.48391143743738363,10.078391932733002,10.684200323775443,17.95490615732016
