subject,nll,bic,model,alpha,alpha_rec,beta,beta_rec,nll_rec
137-alternatives,13.159119486838536,34.81522945777579,eu,3.213472603253952,2.9941794188300412,0.09747147226569287,0.15478958319446404,13.473980047281508
