subject,nll,bic,model,alpha,alpha_rec,beta,beta_rec,nll_rec
38-attributes,32.54244921416866,73.58188891243604,eu,0.794382840500848,0.756764912763782,3.215390788435726,3.7479125141755434,31.05931382200828
