subject,nll,bic,model,alpha,alpha_rec,beta,beta_rec,nll_rec
68-attributes,31.293056987170143,71.08310445843901,eu,2.8905982615536803,4.491873734344519,0.0425653413850295,0.0011570835694158586,33.96276333630181
