subject,nll,bic,model,alpha,alpha_rec,beta,beta_rec,nll_rec
166-attributes,21.125466105647742,50.7479226953942,eu,2.0386847881343537,1.9791878027490224,0.49935068339926864,0.501743391162217,22.885725275421887
