subject,nll,bic,model,alpha,alpha_rec,beta,beta_rec,nll_rec
79-attributes,21.988557454108566,52.47410539231585,eu,0.33607378597153137,0.30926903587350074,9.53152416268203,11.478431659331017,18.563804968892768
