subject,nll,bic,model,alpha,alpha_rec,beta,beta_rec,nll_rec
83-alternatives,21.575128146900102,51.64724677789892,eu,0.5548106533457587,0.6000997878230573,8.536538546622827,9.204935109266135,19.6114183091723
