subject,nll,bic,model,alpha,alpha_rec,beta,beta_rec,nll_rec
50-alternatives,22.821594356873312,54.14017919784534,eu,2.248790880418672,2.6234754530664444,0.3112481450643641,0.14818434693269059,23.031700017643676
