subject,nll,bic,model,alpha,alpha_rec,beta,beta_rec,nll_rec
172-attributes,26.326237334090898,61.14946515228051,eu,2.4491745126871725,2.165091484055696,0.1546022898565204,0.23192461307436946,28.97401677862277
