subject,nll,bic,model,alpha,alpha_rec,beta,beta_rec,nll_rec
140-alternatives,17.368902843966385,43.23479617203149,eu,0.22619420491342854,0.177185989860167,12.335109098747898,11.302690407979687,19.01755942599274
