subject,nll,bic,model,alpha,alpha_rec,beta,beta_rec,nll_rec
135-attributes,42.96703188201463,94.43105424812798,eu,1.7554658040195765,1.8420904081359015,0.17854612782261553,0.20158177080049441,40.11374770992185
