subject,nll,bic,model,alpha,alpha_rec,beta,beta_rec,nll_rec
190-attributes,34.824276623635086,78.14554373136889,eu,1.299259328289154,1.3675113860348247,1.035229518936804,0.9152876290669605,34.464532996719164
