subject,nll,bic,model,alpha,alpha_rec,beta,beta_rec,nll_rec
41-alternatives,46.649768456140734,101.73855232263368,eu,0.6641699113940412,0.2150804449123964,0.47060839636287877,1.2093387759441694,45.930768986507914
