subject,nll,bic,model,alpha,alpha_rec,beta,beta_rec,nll_rec
141-attributes,18.39518336162436,45.28735720734743,eu,0.41717178459627235,0.4292494027338619,11.132692828114822,12.976657293413567,15.624329102636853
