subject,nll,bic,model,alpha,alpha_rec,beta,beta_rec,nll_rec
79-alternatives,28.608919876356182,65.71483023681108,eu,0.27569303006311446,0.2834111816001372,7.149759103204719,8.655691265587603,24.74319593790045
