subject,nll,bic,model,alpha,alpha_rec,beta,beta_rec,nll_rec
98-alternatives,32.041408380700965,72.57980724550065,eu,0.9123826309278563,0.8786045879084153,2.900487593511178,2.297513444608727,36.08830152502331
