subject,nll,bic,model,alpha,alpha_rec,beta,beta_rec,nll_rec
3-attributes,25.77375372405624,60.0444979322112,eu,0.45696209826288686,0.4747923309295413,7.21176870922979,8.334820633793559,22.709753220121037
