subject,nll,bic,model,alpha,alpha_rec,beta,beta_rec,nll_rec
189-attributes,19.650132526381118,47.768478061956756,eu,0.47677985185395155,0.5751719839291075,9.713298188915726,13.30359488715582,14.42689595971876
