subject,nll,bic,model,alpha,alpha_rec,beta,beta_rec,nll_rec
191-attributes,20.67158316435429,49.840156812807294,eu,1.0996395764802704,1.1539338878967453,4.791966771458516,2.8582355527605166,25.74276130525151
