subject,nll,bic,model,alpha,alpha_rec,beta,beta_rec,nll_rec
72-alternatives,29.149195912939888,66.76660483507429,eu,0.4080191161299757,0.32221054648118924,6.424605687739989,6.307023266882817,30.344242006377154
