subject,nll,bic,model,alpha,alpha_rec,beta,beta_rec,nll_rec
131-attributes,31.666808037936864,71.83060655997245,eu,0.967004431449762,0.9938667264572922,2.5875489411954633,2.5689860160654856,31.133191351167053
