subject,nll,bic,model,alpha,alpha_rec,beta,beta_rec,nll_rec
93-attributes,39.66958275771975,87.83615599953822,eu,0.9821442437088651,0.7775999398981484,1.3204745342767474,2.998972608948239,33.93379065897828
