subject,nll,bic,model,alpha,alpha_rec,beta,beta_rec,nll_rec
150-attributes,27.14833987409615,62.76489275738682,eu,1.0731374450479205,1.0068404199649317,2.8577573188948326,4.33744314540166,23.03405239278051
