subject,nll,bic,model,alpha,alpha_rec,beta,beta_rec,nll_rec
134-alternatives,26.67262772258517,61.842245929269055,eu,0.8634905250073877,0.8315478041081877,4.408559758683303,4.775154432981027,26.04715589015466
