subject,nll,bic,model,alpha,alpha_rec,beta,beta_rec,nll_rec
99-alternatives,33.911029429978576,76.31904934405587,eu,0.6584923940376856,0.7734608387944516,3.7696837775881833,2.473936412446573,37.458769818860674
