subject,nll,bic,model,alpha,alpha_rec,beta,beta_rec,nll_rec
58-alternatives,31.090774811767826,70.5608591075885,eu,0.5752157498859872,0.5557641051998202,4.595749900157513,4.93782116667332,30.28080347505056
