subject,nll,bic,model,alpha,alpha_rec,beta,beta_rec,nll_rec
154-attributes,13.540724708757221,35.57843990161316,eu,0.2380190577974345,0.2760461112811943,14.639349200031763,15.65303102656007,13.011062899523257
