subject,nll,bic,model,alpha,alpha_rec,beta,beta_rec,nll_rec
155-alternatives,24.690718076808967,57.87842663771665,eu,0.3233727964840712,0.3474736648420867,8.646457521358942,6.471072187828059,30.120271321948483
