subject,nll,bic,model,alpha,alpha_rec,beta,beta_rec,nll_rec
188-alternatives,21.221957929582295,50.94090634326331,eu,1.5416999784665377,1.5147997271241795,1.5034044210323394,2.981481041536485,13.706447108094054
