subject,nll,bic,model,alpha,alpha_rec,beta,beta_rec,nll_rec
168-alternatives,16.27461373580955,41.046217955717815,eu,0.31482546241553844,0.3242798811830154,13.68029968534519,15.036170484273638,14.857560925886778
