subject,nll,bic,model,alpha,alpha_rec,beta,beta_rec,nll_rec
12-alternatives,31.61183033195748,71.72065114801369,eu,0.5953334503385418,0.5683128776231371,4.705658241269711,5.555445595391082,29.225394441085193
