subject,nll,bic,model,alpha,alpha_rec,beta,beta_rec,nll_rec
76-alternatives,25.523190476832422,59.54337143776356,eu,0.604744082963872,0.6625852230978821,6.5248324027111515,5.321957272863738,27.983585969196138
