subject,nll,bic,model,alpha,alpha_rec,beta,beta_rec,nll_rec
70-attributes,21.345941525479923,51.18887353505856,eu,0.7283608106702311,0.7063971057147664,6.967240540015926,5.252839382871003,26.62837089726218
