subject,nll,bic,model,alpha,alpha_rec,beta,beta_rec,nll_rec
81-attributes,26.18343253044544,60.8638555449896,eu,1.0696393435633214,1.015610421812511,3.2649894111628983,4.698166434680349,22.477102194556714
