subject,nll,bic,model,alpha,alpha_rec,beta,beta_rec,nll_rec
56-attributes,4.05552119655903,16.60803287721678,eu,0.0,0.0,27.889417024607557,22.58833063007305,6.548075929183588
