subject,nll,bic,model,alpha,alpha_rec,beta,beta_rec,nll_rec
61-alternatives,28.229083201460934,64.95515688702059,eu,0.702222320477242,0.6873917668246533,4.99229531454135,4.9351753489719385,28.76254767037172
