subject,nll,bic,model,alpha,alpha_rec,beta,beta_rec,nll_rec
31-attributes,42.9858985129557,94.46878751001012,eu,1.3455248835425087,1.3288509651344367,0.4381342650401653,0.8921161069352899,35.906845685248896
