subject,nll,bic,model,alpha,alpha_rec,beta,beta_rec,nll_rec
66-alternatives,22.58148848229907,53.659967448696854,eu,0.5955329056641708,0.6574088326580428,7.7586876767968835,13.634518044267331,12.892834844309501
