subject,nll,bic,model,alpha,alpha_rec,beta,beta_rec,nll_rec
13-attributes,44.034724353932226,96.56643919196317,eu,0.9537043710516871,0.6275632849971543,0.8622528241848334,1.4214155203093246,44.65144362666285
