subject,nll,bic,model,alpha,alpha_rec,beta,beta_rec,nll_rec
117-alternatives,16.061323591565387,40.61963766722949,eu,0.4493785111841985,0.4074715962878396,12.749012238297434,13.760757301833708,15.48794128015343
