subject,nll,bic,model,alpha,alpha_rec,beta,beta_rec,nll_rec
6-alternatives,12.351065522693137,33.19912152948499,eu,0.5213246257881449,0.5524813501886889,16.363569095518947,12.857491275515665,15.293014023352626
