subject,nll,bic,model,alpha,alpha_rec,beta,beta_rec,nll_rec
142-alternatives,26.45967245343371,61.41633539096614,eu,0.7512723698116961,0.6915813875376897,5.181941464863385,5.580547279640627,26.502256845158726
