subject,nll,bic,model,alpha,alpha_rec,beta,beta_rec,nll_rec
78-attributes,19.869693696824605,48.23637787774793,eu,0.9372454266158932,0.8932799735360617,6.144253506118134,13.317018916789616,11.166812557060393
