subject,nll,bic,model,alpha,alpha_rec,beta,beta_rec,nll_rec
46-attributes,25.470786444272594,59.438563372643905,eu,0.6759125700592669,0.6642193089492702,5.8313548065279885,4.590789022442389,29.795333597027913
