subject,nll,bic,model,alpha,alpha_rec,beta,beta_rec,nll_rec
21-attributes,20.383543387030638,49.26407725815999,eu,0.7487163179169939,0.743759351019128,7.197585160964373,8.334607361560634,18.076981434667516
