subject,nll,bic,model,alpha,alpha_rec,beta,beta_rec,nll_rec
52-alternatives,8.968320937606176,26.43363235931107,eu,0.12084391905027708,0.21683661763815743,19.58232821420068,19.396308574496985,9.51436141104766
