subject,nll,bic,model,alpha,alpha_rec,beta,beta_rec,nll_rec
176-attributes,39.76480140402889,88.02659329215649,eu,0.46186769619363116,0.5904410671885209,3.042427168995917,4.744454112017794,30.796813740637067
