subject,nll,bic,model,alpha,alpha_rec,beta,beta_rec,nll_rec
160-attributes,32.155453645388754,72.77912029997202,eu,0.6458689656318428,0.6290250961147524,4.018191361350877,3.518746269437864,34.50295901820947
