subject,nll,bic,model,alpha,alpha_rec,beta,beta_rec,nll_rec
13-alternatives,37.355901360815544,83.2087932057298,eu,2.5388517209023065,4.150222363524488,0.056134348400624715,0.0017777009117367908,36.522462588750344
