subject,nll,bic,model,alpha,alpha_rec,beta,beta_rec,nll_rec
14-alternatives,18.942933636035598,46.38285775616991,eu,0.8185615251808567,0.8533108758536927,7.380190232574145,27.069937143801337,7.650719341742236
