subject,nll,bic,model,alpha,alpha_rec,beta,beta_rec,nll_rec
75-alternatives,30.719300059739574,69.93559060357786,eu,0.27295912213822787,0.4134836052749949,6.419563635141287,6.101141312455747,30.445421662632384
