subject,nll,bic,model,alpha,alpha_rec,beta,beta_rec,nll_rec
28-attributes,27.740187178429675,63.97736484095807,eu,0.8127968177487078,0.7029933950464561,4.276326620471871,5.059250061798814,27.33710354111282
