subject,nll,bic,model,alpha,alpha_rec,beta,beta_rec,nll_rec
10-alternatives,32.33803006675297,73.17305061760466,eu,0.7686382868712219,0.6632905398767627,3.5574055013394275,4.180581552405067,32.129146838652865
