subject,nll,bic,model,alpha,alpha_rec,beta,beta_rec,nll_rec
92-alternatives,38.25826583687671,85.01352215785214,eu,0.6266928340435184,0.7454884877090697,2.9252636012075652,2.8470579971971826,36.16938165751952
