subject,nll,bic,model,alpha,alpha_rec,beta,beta_rec,nll_rec
1-attributes,35.53232939488642,79.56164927387155,eu,0.8213452729069548,0.9512062367956411,2.490707484074902,2.617996184810858,31.87650084431623
