subject,nll,bic,model,alpha,alpha_rec,beta,beta_rec,nll_rec
93-alternatives,39.2574018213452,87.01179412678911,eu,0.8795233412781799,1.054369846593392,1.7765397299360433,0.6070975466708081,45.359397059339244
