subject,nll,bic,model,alpha,alpha_rec,beta,beta_rec,nll_rec
154-alternatives,8.824442952858304,26.145876389815328,eu,0.11460408765880695,0.1966354507107884,19.781063353592163,25.629656612959927,6.0369072842986835
