subject,nll,bic,model,alpha,alpha_rec,beta,beta_rec,nll_rec
192-attributes,0.09537187753870424,8.687734239176127,eu,0.0,0.0,50.0,50.0,0.09537187753870424
