subject,nll,bic,model,alpha,alpha_rec,beta,beta_rec,nll_rec
126-alternatives,24.14530571631296,56.78760191672464,eu,0.5490826251586157,0.5533672094532315,7.448909463293673,7.623370275381815,23.640013389861156
