subject,nll,bic,model,alpha,alpha_rec,beta,beta_rec,nll_rec
0-alternatives,31.056502919018094,70.6099963221349,eu,0.8356405562089909,0.9404585229976496,3.4938433994251423,3.0614985605154654,30.580652689212855
