subject,nll,bic,model,alpha,alpha_rec,beta,beta_rec,nll_rec
97-alternatives,25.770237774389877,60.03746603287847,eu,0.5967573746885722,0.596152245826858,6.493353433740695,7.9613079880360536,22.11861024907896
