subject,nll,bic,model,alpha,alpha_rec,beta,beta_rec,nll_rec
113-alternatives,32.31026139954919,73.0887358082929,eu,3.351423100753749,3.4133227449091526,0.013697546554904804,0.010637898104999231,33.666820760495284
