subject,nll,bic,model,alpha,alpha_rec,beta,beta_rec,nll_rec
46-alternatives,32.301736592406506,73.10046366891173,eu,0.7258574914987397,0.7715195708695874,3.7938586945893635,3.158588940142653,34.085916289319826
