subject,nll,bic,model,alpha,alpha_rec,beta,beta_rec,nll_rec
27-attributes,22.325123685020717,53.14723785414015,eu,1.0727461055117347,1.1040765641821948,4.386546985547612,5.363907470773838,19.214312955917134
