subject,nll,bic,model,alpha,alpha_rec,beta,beta_rec,nll_rec
134-attributes,27.03532501130781,62.56764050671433,eu,0.8395883029580574,0.8142270698699201,4.310787892331754,6.208422067140106,21.58309334290673
