subject,nll,bic,model,alpha,alpha_rec,beta,beta_rec,nll_rec
69-attributes,29.17260732464085,66.84220513338042,eu,0.5308365896380376,0.5930431513504711,5.5741067484663,3.689254221781491,34.85513692438457
