subject,nll,bic,model,alpha,alpha_rec,beta,beta_rec,nll_rec
177-alternatives,28.85658071718736,66.21015191847344,eu,0.9624931347242947,1.0506772759195002,3.3222005393183434,3.0221032763396307,28.11552863188659
