subject,nll,bic,model,alpha,alpha_rec,beta,beta_rec,nll_rec
56-alternatives,17.11061164536502,42.718213774828754,eu,0.2303780803453984,0.20207773272068213,12.514555588029907,12.562181702317996,16.885890594896207
