subject,nll,bic,model,alpha,alpha_rec,beta,beta_rec,nll_rec
136-alternatives,24.649210491061055,57.79541146622083,eu,0.5448736993311246,0.6282309859540322,7.280696875319044,10.253784927129107,17.449198579741452
