subject,nll,bic,model,alpha,alpha_rec,beta,beta_rec,nll_rec
100-alternatives,28.208492302387917,64.91397508887455,eu,0.5741511642341511,0.617289471273604,5.832352958299729,6.9829833300486746,24.049385418601442
