subject,nll,bic,model,alpha,alpha_rec,beta,beta_rec,nll_rec
78-alternatives,20.004828615936816,48.50664771597235,eu,1.0839546729522078,1.1742458259306567,5.238462294314253,5.311541231008896,17.69849193689204
