subject,nll,bic,model,alpha,alpha_rec,beta,beta_rec,nll_rec
103-attributes,24.733123144194156,57.96323677248703,eu,0.4869343416661401,0.45932161419742135,7.400168516599223,6.858070755206781,26.688367869689753
