subject,nll,bic,model,alpha,alpha_rec,beta,beta_rec,nll_rec
68-alternatives,3.8156263888529285,16.128243261804577,eu,5.0,5.0,0.034460094556846274,0.050818362551484864,2.499707270452864
