subject,nll,bic,model,alpha,alpha_rec,beta,beta_rec,nll_rec
147-alternatives,34.75923793626455,78.01546635662781,eu,0.49157318752509377,0.3794440463077023,4.416435167530232,3.788296254193514,38.499486614037835
