subject,nll,bic,model,alpha,alpha_rec,beta,beta_rec,nll_rec
11-alternatives,29.98580180816493,68.46859410042858,eu,1.2665965250910325,1.118472420545854,1.6688561822052532,2.3774542937193077,29.62335053938415
