subject,nll,bic,model,alpha,alpha_rec,beta,beta_rec,nll_rec
40-attributes,20.218321083457965,48.90485517611045,eu,0.924466159716532,1.0443770307166902,5.965800229696456,6.012007837393858,18.599239960677398
