subject,nll,bic,model,alpha,alpha_rec,beta,beta_rec,nll_rec
17-alternatives,36.21925474846136,80.87752490727493,eu,0.7849456670246419,0.8006401599955884,2.402690599904934,2.4310181930160297,35.723376043488685
