subject,nll,bic,model,alpha,alpha_rec,beta,beta_rec,nll_rec
6-attributes,15.401569725707894,39.300129935514505,eu,0.4950371310760885,0.5807856756786212,12.637478741028273,14.278083177529794,13.698760982580568
