subject,nll,bic,model,alpha,alpha_rec,beta,beta_rec,nll_rec
55-attributes,28.08265732137563,64.63352765194578,eu,1.0715952050837736,1.1025931197197096,2.7323451146164226,4.266798035200435,21.887172582342693
