subject,nll,bic,model,alpha,alpha_rec,beta,beta_rec,nll_rec
22-alternatives,30.31140576187452,69.11980200784777,eu,0.28846786469643504,0.29789843741352495,6.534037117968758,8.864812659260734,24.25414112637631
