subject,nll,bic,model,alpha,alpha_rec,beta,beta_rec,nll_rec
167-alternatives,22.424679751292967,52.789943329690175,eu,1.164375006468888,1.2033810390306061,2.1522043893070735,2.6422869879674096,19.251305035147602
