subject,nll,bic,model,alpha,alpha_rec,beta,beta_rec,nll_rec
74-alternatives,30.362413763900747,69.01109698058455,eu,0.3435851090513452,0.36082875768238604,4.993089592221107,4.481383903063191,31.823930905027474
