subject,nll,bic,model,alpha,alpha_rec,beta,beta_rec,nll_rec
80-alternatives,14.247077705996592,36.9911458960919,eu,1.17246423816414,1.140920341787977,7.299911281714329,8.577747854991475,13.180329754535615
