subject,nll,bic,model,alpha,alpha_rec,beta,beta_rec,nll_rec
107-alternatives,43.553380057567416,95.57497312432935,eu,0.06860382609410555,0.0,2.569409348300965,3.413287794631567,41.27610620498565
