subject,nll,bic,model,alpha,alpha_rec,beta,beta_rec,nll_rec
51-attributes,36.23510101576866,80.87958727031926,eu,1.7764369211627276,1.3844532810044827,0.3028338777968416,0.7586145215029421,35.4470357011314
