subject,nll,bic,model,alpha,alpha_rec,beta,beta_rec,nll_rec
101-alternatives,18.128625309253994,44.754241102606706,eu,0.041801922661204395,0.0,12.114777504298615,12.919855302945647,17.14722340826917
