subject,nll,bic,model,alpha,alpha_rec,beta,beta_rec,nll_rec
86-attributes,0.09537187753870427,8.687734239176127,eu,0.0,0.0,50.0,50.0,0.09537187753870427
