subject,nll,bic,model,alpha,alpha_rec,beta,beta_rec,nll_rec
74-attributes,33.68496128315263,75.6876887330246,eu,0.43127742515834255,0.6334703096750228,3.758717437239874,3.494029513903571,31.0661275348823
