subject,nll,bic,model,alpha,alpha_rec,beta,beta_rec,nll_rec
162-alternatives,25.195318390030067,58.88762726415885,eu,1.0962195527153618,1.2061164455045579,3.4442677560887374,3.8808889772687847,20.535286572824944
