subject,nll,bic,model,alpha,alpha_rec,beta,beta_rec,nll_rec
128-attributes,40.21518974267392,88.89859249454236,eu,0.5637795116650794,0.4118143292444779,2.5351735349237767,4.1706990118647616,36.05448771673403
