subject,nll,bic,model,alpha,alpha_rec,beta,beta_rec,nll_rec
23-attributes,22.418230936389,53.33345235687672,eu,0.4746634534711708,0.5342613976027617,8.466884668115686,7.460223829475262,23.73840549980001
