subject,nll,bic,model,alpha,alpha_rec,beta,beta_rec,nll_rec
34-attributes,39.24486149924597,86.80748916521128,eu,1.1904559920175442,1.4784791444222447,0.6156479288766513,0.2983974499747365,40.03054944950313
