subject,nll,bic,model,alpha,alpha_rec,beta,beta_rec,nll_rec
23-alternatives,21.742053638821204,51.981097761741125,eu,0.5540316560200007,0.5347231655535475,8.461997876210434,15.9305870335897,12.742450115885383
