subject,nll,bic,model,alpha,alpha_rec,beta,beta_rec,nll_rec
71-alternatives,19.537469877057475,47.57193023821367,eu,1.0691945454732616,1.0174146055120359,5.556652875187871,16.346582911626744,8.297628862366496
