subject,nll,bic,model,alpha,alpha_rec,beta,beta_rec,nll_rec
135-alternatives,36.59342953485494,81.6838495538086,eu,2.4266146767542365,2.529853847163099,0.07714894444843527,0.07817414846413226,33.677821694808884
