subject,nll,bic,model,alpha,alpha_rec,beta,beta_rec,nll_rec
185-alternatives,31.099195115182088,70.6953807144629,eu,1.1111794882191306,1.1833068477788777,2.1647743541238746,1.45770251760727,34.378773463849654
