subject,nll,bic,model,alpha,alpha_rec,beta,beta_rec,nll_rec
159-alternatives,26.07951244481576,60.656015373730234,eu,0.9761419864082415,0.8751759662086678,3.924585550467303,4.682392249114649,25.426494659269256
