subject,nll,bic,model,alpha,alpha_rec,beta,beta_rec,nll_rec
143-alternatives,32.73933932979655,73.97566914369182,eu,0.9668346022430018,1.02045881238952,2.5176937281062357,1.6572895241412873,36.93112207488618
