subject,nll,bic,model,alpha,alpha_rec,beta,beta_rec,nll_rec
26-attributes,9.614133222130622,27.72525692835996,eu,0.26352989657604026,0.24091978364945957,19.551279654864896,18.8841048691889,9.646896421475766
