subject,nll,bic,model,alpha,alpha_rec,beta,beta_rec,nll_rec
88-alternatives,19.314994335525228,47.12697915514917,eu,0.744070409777145,0.7354846050324536,7.850666206682148,9.464644208955155,16.432427628604312
