subject,nll,bic,model,alpha,alpha_rec,beta,beta_rec,nll_rec
163-attributes,47.42089995885054,103.3387904017998,eu,0.6016030937371984,0.019185925427655386,0.7335627250985324,1.4730009052184125,47.042580096428125
