subject,nll,bic,model,alpha,alpha_rec,beta,beta_rec,nll_rec
19-alternatives,21.568145795568057,51.604504600330635,eu,1.0806319730346643,0.9416652432794081,4.633608649804407,4.806276805734087,23.573132188892053
