subject,nll,bic,model,alpha,alpha_rec,beta,beta_rec,nll_rec
163-alternatives,36.9133980340066,82.29500907720771,eu,1.327624315797245,0.906289307988486,0.8288165550962869,1.4725288700627788,40.10918754860136
