subject,nll,bic,model,alpha,alpha_rec,beta,beta_rec,nll_rec
64-attributes,31.22904538590599,70.9550812559107,eu,0.4685510774474403,0.4528102378137253,5.318334130120899,5.315827043760543,31.513598669923546
