subject,nll,bic,model,alpha,alpha_rec,beta,beta_rec,nll_rec
175-attributes,24.757060916666493,57.98233484252751,eu,0.7956260144791254,0.7622036080064428,5.134383242394954,4.937326844208828,26.110373582671087
