subject,nll,bic,model,alpha,alpha_rec,beta,beta_rec,nll_rec
4-alternatives,44.09286153950013,96.68271356309897,eu,1.5811087404964672,3.8131489543301633,0.23581407267852816,0.0014883947193453126,44.62574746673766
