subject,nll,bic,model,alpha,alpha_rec,beta,beta_rec,nll_rec
22-attributes,23.569090479887002,55.63517144387272,eu,0.4200453027683529,0.4728626074165544,8.36911775159664,8.31998028941214,22.77662412713533
