subject,nll,bic,model,alpha,alpha_rec,beta,beta_rec,nll_rec
112-attributes,14.516176094015151,37.52934267212902,eu,0.6355294125089346,0.7227368873061869,12.354118923800064,6.959171735569972,21.481823967149744
