subject,nll,bic,model,alpha,alpha_rec,beta,beta_rec,nll_rec
57-attributes,26.042354609751715,60.58169970360215,eu,0.8834918511560506,0.7210286518431536,4.332419342043839,5.001604340173241,27.147429103154483
