subject,nll,bic,model,alpha,alpha_rec,beta,beta_rec,nll_rec
11-attributes,32.74695925431317,73.99090899272505,eu,1.2259060887665802,1.326012777989217,1.4245410591750267,0.9039312849538489,35.81822057174304
