subject,nll,bic,model,alpha,alpha_rec,beta,beta_rec,nll_rec
38-alternatives,25.045326839881273,58.58764416386126,eu,0.8864373019970594,0.8325050329343179,4.724218460203358,6.0049601151216505,22.11818438704465
