subject,nll,bic,model,alpha,alpha_rec,beta,beta_rec,nll_rec
2-alternatives,29.295116060427993,67.0872226049547,eu,0.5205543193116375,0.5600091717303267,5.840901832674235,4.21135915542994,34.22465448680977
