subject,nll,bic,model,alpha,alpha_rec,beta,beta_rec,nll_rec
75-attributes,15.08672707964037,38.67044464337946,eu,0.30709269217320934,0.2173171773935641,14.110328301083122,16.772314671089735,11.057898028580915
