subject,nll,bic,model,alpha,alpha_rec,beta,beta_rec,nll_rec
182-attributes,37.65813985504924,83.8132701941972,eu,1.0439530285575171,1.2965220961784951,1.3974803703301484,1.140782191916656,33.62578162908107
