subject,nll,bic,model,alpha,alpha_rec,beta,beta_rec,theta,theta_rec,nll_rec
113-attributes,28.48607948524324,69.71764469663457,eu_dur-weighted,2.357095826661346,2.6281021982440915,0.2656066125407042,0.18174624706010808,0.20906779030926473,0.3226849140825785,24.76253006016992
