subject,nll,bic,model,alpha,alpha_rec,beta,beta_rec,theta,theta_rec,nll_rec
42-alternatives,17.19724444068051,47.1399746075091,eu_dur-weighted,0.6381682526385672,0.832609071213778,10.293004049808884,23.87367458128973,1.0,1.0,8.09503360209209
