subject,nll,bic,model,alpha,alpha_rec,beta,beta_rec,theta,theta_rec,nll_rec
143-attributes,29.82056773547397,72.38662119709602,eu_dur-weighted,1.209674052480076,1.4497949553812446,3.6037593978649483,1.1035157437705823,0.02268026694500798,0.5927701214658035,32.46212927558134
