subject,nll,bic,model,alpha,alpha_rec,beta,beta_rec,theta,theta_rec,nll_rec
162-attributes,32.52303544017459,77.79155660649725,eu_dur-weighted,1.1804386813115015,1.1757155602409295,1.6885806274295352,2.4749163062477835,0.8941320475909132,0.5920836076902466,29.93418188878969
