subject,nll,bic,model,alpha,alpha_rec,beta,beta_rec,theta,theta_rec,nll_rec
185-attributes,27.461152782620793,67.66779129138966,eu_dur-weighted,0.806494726641674,0.8061683277198768,5.688201872175357,5.647434687454263,0.5429755710905383,0.4770950715379725,28.283341393945907
