subject,nll,bic,model,alpha,alpha_rec,beta,beta_rec,theta,theta_rec,nll_rec
98-attributes,29.296686029310774,71.33885778476963,eu_dur-weighted,0.790766869898865,0.8459607068323032,5.934096407338956,3.9359780025297493,0.3472074494624737,0.6323769972644214,31.393715790874445
