subject,nll,bic,model,alpha,alpha_rec,beta,beta_rec,theta,theta_rec,nll_rec
122-alternatives,25.154204871552107,63.053895469252296,eu_dur-weighted,0.939920290640378,1.0141381412750599,4.38233058292795,5.102891212750939,1.0,1.0,21.581046394392196
