subject,nll,bic,model,alpha,alpha_rec,beta,beta_rec,theta,theta_rec,nll_rec
50-attributes,13.236055351861323,39.217596429870724,eu_dur-weighted,2.327609194424863,2.2655550088552876,0.6381015601732347,1.1177919128314113,0.9601842544516654,0.4812856561652888,11.401107965531981
