subject,nll,bic,model,alpha,alpha_rec,beta,beta_rec,theta,theta_rec,nll_rec
163-alternatives,36.913398034006605,86.52911558180499,eu_dur-weighted,1.3276242652375918,1.2852453532273946,0.8288166154970961,1.4471508833456748,1.0,0.843244377239004,31.79045091207009
