subject,nll,bic,model,alpha,alpha_rec,beta,beta_rec,theta,theta_rec,nll_rec
96-alternatives,26.743385984105764,66.2322576943596,eu_dur-weighted,0.7283694635240039,0.6935425116472559,5.2532031317374095,3.8799910755327014,1.0,1.0,32.67203389645103
