subject,nll,bic,model,alpha,alpha_rec,beta,beta_rec,theta,theta_rec,nll_rec
124-attributes,21.98679024682296,56.719066219794,eu_dur-weighted,1.242351079447422,1.2696141316258944,5.315365578753338,7.369889331322441,0.1678607349857668,0.01570190390759556,18.859607937626492
