subject,nll,bic,model,alpha,alpha_rec,beta,beta_rec,theta,theta_rec,nll_rec
92-attributes,45.67322868493955,104.09194309602718,eu_dur-weighted,0.9928705590832696,1.2891460762436817,0.9647202555254262,0.4101558993027587,0.2549688087532738,0.7665299162545801,45.08797639731151
