subject,nll,bic,model,alpha,alpha_rec,beta,beta_rec,theta,theta_rec,nll_rec
101-alternatives,18.12862530925397,49.002736344656014,eu_dur-weighted,0.04180193201640909,0.0,12.114777069484905,15.784482475421516,1.0,1.0,13.1623981581203
