subject,nll,bic,model,alpha,alpha_rec,beta,beta_rec,theta,theta_rec,nll_rec
144-alternatives,29.108883367331888,70.92008624845556,eu_dur-weighted,1.0514560584763377,1.0846707959612278,2.737783113611391,3.5041341986737793,1.0,0.839411580672645,25.94788277701043
