subject,nll,bic,model,alpha,alpha_rec,beta,beta_rec,theta,theta_rec,nll_rec
76-attributes,28.03856819989124,68.77945591357425,eu_dur-weighted,0.4438349242890442,0.36943748128142345,10.746942049307041,12.961652412375754,0.16498352568596122,0.4348053884415869,21.664637028347297
