subject,nll,bic,model,alpha,alpha_rec,beta,beta_rec,theta,theta_rec,nll_rec
22-attributes,23.569090479886952,59.88366668592198,eu_dur-weighted,0.42004531837815395,0.45134365806380955,10.068709854388429,7.827488381634074,0.6624012403756806,0.9078650834373068,25.211395690744123
