subject,nll,bic,model,alpha,alpha_rec,beta,beta_rec,theta,theta_rec,nll_rec
192-attributes,-6.992174254544384e-05,12.745345882662988,eu_dur-weighted,1.8365840462664096e-05,1.8365840462664096e-05,199.9476617106418,199.9476617106418,0.9999229536531956,0.9999229536531956,-6.992174254544384e-05
