subject,nll,bic,model,alpha,alpha_rec,beta,beta_rec,theta,theta_rec,nll_rec
66-attributes,29.58789314710323,71.92127202035454,eu_dur-weighted,0.8719969260801608,0.9997950867084153,4.264372063718324,5.3625404926969376,0.6364518939866417,0.3154574370718431,26.68213040283736
