subject,nll,bic,model,alpha,alpha_rec,beta,beta_rec,theta,theta_rec,nll_rec
99-attributes,30.09342314926265,72.93233202467339,eu_dur-weighted,0.7388075971262166,0.6496892371339392,5.236563195194507,7.351865279551764,0.5603090772655156,0.16883909461165453,31.208190313200088
