subject,nll,bic,model,alpha,alpha_rec,beta,beta_rec,theta,theta_rec,nll_rec
199-attributes,32.06483839540116,76.8751625169504,eu_dur-weighted,1.5042144308750363,1.4158555538466977,0.8482814939980966,1.4494172630502133,0.8819431062398473,0.3197297693856091,32.35407733918663
