subject,nll,bic,model,alpha,alpha_rec,beta,beta_rec,theta,theta_rec,nll_rec
88-alternatives,19.23978897327534,51.22506367269875,eu_dur-weighted,0.7439544200871249,0.7832747491267746,8.252125672725503,7.952394623608811,0.9161283416340508,1.0,18.337458508045245
