subject,nll,bic,model,alpha,alpha_rec,beta,beta_rec,theta,theta_rec,nll_rec
117-alternatives,16.01891785483958,44.78332143582723,eu_dur-weighted,0.4497528699864201,0.4592798192255548,13.224037530693096,16.322489119562963,0.9343958972257846,1.0,12.122127705415437
