subject,nll,bic,model,alpha,alpha_rec,beta,beta_rec,theta,theta_rec,nll_rec
157-attributes,-6.991985765105942e-05,12.745345886432776,eu_dur-weighted,0.000765985645826639,0.000765985645826639,199.95425037227528,199.95425037227528,0.9998896834425922,0.9998896834425922,-6.991985765105942e-05
