subject,nll,bic,model,alpha,alpha_rec,beta,beta_rec,theta,theta_rec,nll_rec
29-attributes,33.7369913497221,80.21946842559228,eu_dur-weighted,0.5843234187379025,0.6528128296112379,7.560462894461141,7.149533198862235,0.06013986247531058,0.9526892181540053,22.83724879205596
