subject,nll,bic,model,alpha,alpha_rec,beta,beta_rec,theta,theta_rec,nll_rec
75-attributes,15.086727079640337,42.918939885428756,eu_dur-weighted,0.30709270109172415,0.31767479359564404,14.836024530896577,15.056628464954976,0.9021710643701277,0.8992829050476759,14.995603601339335
