subject,nll,bic,model,alpha,alpha_rec,beta,beta_rec,theta,theta_rec,nll_rec
40-attributes,20.218321083457877,53.13896168070753,eu_dur-weighted,0.924466193240077,0.9204466566005569,6.20527115244429,10.045864024414563,0.9228167959458137,0.4443588158780511,17.560174327553014
