subject,nll,bic,model,alpha,alpha_rec,beta,beta_rec,theta,theta_rec,nll_rec
143-alternatives,32.73933932979655,78.22416438574118,eu_dur-weighted,0.9668345856385546,0.8203370691906053,2.5176937567815756,2.4814168183252665,1.0,0.6750936999852127,38.40054071466527
