subject,nll,bic,model,alpha,alpha_rec,beta,beta_rec,theta,theta_rec,nll_rec
88-attributes,20.954681697165093,54.65484912047826,eu_dur-weighted,0.6322579502147753,0.7012605642993255,13.433597171829193,17.57376372502697,0.1893900233934243,0.18229688144066442,15.51388551624558
