subject,nll,bic,model,alpha,alpha_rec,beta,beta_rec,theta,theta_rec,nll_rec
84-attributes,31.180405606395254,75.10629693893858,eu_dur-weighted,0.9468388390632159,0.9109459760635504,2.8955291048849636,4.857568402162003,0.9166409274511924,0.15962852036097974,31.798601952935304
