subject,nll,bic,model,alpha,alpha_rec,beta,beta_rec,theta,theta_rec,nll_rec
131-alternatives,31.081061312725122,74.90760835159833,eu_dur-weighted,1.0982453549316313,1.181459936765915,2.602598709101638,2.465595640842266,0.5831509473751612,0.42634110686048404,29.787650606826634
