subject,nll,bic,model,alpha,alpha_rec,beta,beta_rec,theta,theta_rec,nll_rec
164-attributes,26.559686831590618,65.86485938932931,eu_dur-weighted,0.7562216742965172,0.6990902013256846,7.174827017241392,8.22308197043119,0.38042490541832574,0.15894782076143815,28.42884711176201
