subject,nll,bic,model,alpha,alpha_rec,beta,beta_rec,theta,theta_rec,nll_rec
31-alternatives,43.06905199385172,98.88358971385152,eu_dur-weighted,2.703276636117389,2.029464839990946,0.02132169440970013,0.12137782592017854,1.0,1.0,41.27810568251295
