subject,nll,bic,model,alpha,alpha_rec,beta,beta_rec,theta,theta_rec,nll_rec
161-attributes,15.64059178086374,44.02666928787556,eu_dur-weighted,0.5232622700157046,0.5452219344002572,12.466763923502626,26.3118735154172,0.9810010843427601,0.34463428907310834,11.624101477557218
