subject,nll,bic,model,alpha,alpha_rec,beta,beta_rec,theta,theta_rec,nll_rec
67-attributes,30.14458909961138,73.03466392537084,eu_dur-weighted,0.4661848136332833,0.5190854177811488,7.755426860535025,10.42181629731159,0.4600002083970126,0.22861462036426036,26.850070014920885
