subject,nll,bic,model,alpha,alpha_rec,beta,beta_rec,theta,theta_rec,nll_rec
146-attributes,21.72414940076039,56.19378452766885,eu_dur-weighted,0.522959163421569,0.5073968085079007,9.498692488026068,12.179667785817102,0.7743845789807224,0.20606517697254315,24.500461065144705
