subject,nll,bic,model,alpha,alpha_rec,beta,beta_rec,theta,theta_rec,nll_rec
176-alternatives,33.528043766908084,79.80157325996424,eu_dur-weighted,0.541720050735911,0.6572012897409174,4.737766491294072,3.02707470586372,0.8951450337768342,1.0,37.19421305251643
