subject,nll,bic,model,alpha,alpha_rec,beta,beta_rec,theta,theta_rec,nll_rec
81-alternatives,26.546227810692233,65.79477513517625,eu_dur-weighted,0.8348776100944048,0.828400853172982,4.430321162402392,5.927884321004584,1.0,1.0,21.734196510673776
