subject,nll,bic,model,alpha,alpha_rec,beta,beta_rec,theta,theta_rec,nll_rec
65-alternatives,11.872291266326261,36.490068258800605,eu_dur-weighted,0.5924101396320338,0.6893558883743028,18.090433368192777,14.512293078618676,0.8897445207649793,1.0,11.387729830710049
