subject,nll,bic,model,alpha,alpha_rec,beta,beta_rec,theta,theta_rec,nll_rec
2-attributes,28.144506642322817,69.03449901079371,eu_dur-weighted,0.5040299637857598,0.5305458651134095,11.855014955270972,13.702588055420232,0.023653299879999784,0.2643345593974869,21.130370690261266
