subject,nll,bic,model,alpha,alpha_rec,beta,beta_rec,theta,theta_rec,nll_rec
110-alternatives,4.380114677210106,21.50571508056829,eu_dur-weighted,0.0,0.068113483400916,29.00428655282105,200.0,1.0,1.0,-6.176772869492105e-05
