subject,nll,bic,model,alpha,alpha_rec,beta,beta_rec,theta,theta_rec,nll_rec
41-attributes,46.200361114641865,105.01480008745662,eu_dur-weighted,0.3274637472470683,0.0,0.6541679579747698,1.3461008693437744,0.47437368652246237,0.17940171920406875,46.021886941508654
