subject,nll,bic,model,alpha,alpha_rec,beta,beta_rec,theta,theta_rec,nll_rec
16-attributes,22.541794443738386,57.829074613624854,eu_dur-weighted,0.5285352044536934,0.44320553946212,12.43456834691099,12.714734741462122,0.288603831374217,0.05516945834055582,27.394659022100676
