subject,nll,bic,model,alpha,alpha_rec,beta,beta_rec,theta,theta_rec,nll_rec
123-attributes,20.30517002009113,53.35582576633034,eu_dur-weighted,1.2202523298921948,1.1547809346840565,6.019774583924693,5.710287380808074,0.25411793777680136,0.6008271176739306,19.9190262913535
