subject,nll,bic,model,alpha,alpha_rec,beta,beta_rec,theta,theta_rec,nll_rec
145-alternatives,24.494707727104878,61.73490118035784,eu_dur-weighted,0.767557585104767,0.6539235516850218,5.672431597290639,7.901083731152285,1.0,0.7879163392313662,23.237428088667706
