subject,nll,bic,model,alpha,alpha_rec,beta,beta_rec,theta,theta_rec,nll_rec
14-alternatives,18.942933636035594,50.63135299821927,eu_dur-weighted,0.8185615550568828,0.7392451543502774,7.380190439625499,9.170547041277059,1.0,1.0,16.856589412424622
