subject,nll,bic,model,alpha,alpha_rec,beta,beta_rec,theta,theta_rec,nll_rec
105-attributes,24.765976526041396,62.277438778230874,eu_dur-weighted,0.873645470516156,1.0763609042096156,6.623935319779921,3.0218848319521987,0.43710326507743597,0.8813118120889567,27.82644946148406
