subject,nll,bic,model,alpha,alpha_rec,beta,beta_rec,theta,theta_rec,nll_rec
6-attributes,15.401569725707885,43.54862517756385,eu_dur-weighted,0.4950371316442392,0.5109260235680145,17.939401513078405,23.687404881018587,0.40890748313704794,0.30328824268426,12.769848747355356
