subject,nll,bic,model,alpha,alpha_rec,beta,beta_rec,theta,theta_rec,nll_rec
13-attributes,44.03472435393222,100.81493443401251,eu_dur-weighted,0.9537043435141547,1.4627535859164214,1.471752800971997,0.36837192640908184,0.17173602743767893,0.561260280987737,44.192934721747136
