subject,nll,bic,model,alpha,alpha_rec,beta,beta_rec,theta,theta_rec,nll_rec
16-alternatives,19.64203373966583,52.02955320547974,eu_dur-weighted,0.5209619439001754,0.6106334262118364,10.727570229088506,7.635402581532762,0.8365847287937902,1.0,22.589849504352802
