subject,nll,bic,model,alpha,alpha_rec,beta,beta_rec,theta,theta_rec,nll_rec
75-alternatives,30.719300059739563,74.18408584562721,eu_dur-weighted,0.27295912334105527,0.0,6.419563859007408,6.2785025825922265,1.0,0.6653022678234254,35.90489158821838
