subject,nll,bic,model,alpha,alpha_rec,beta,beta_rec,theta,theta_rec,nll_rec
129-alternatives,28.95130969791524,70.64810512197856,eu_dur-weighted,1.0310864161679025,0.9680060681228371,3.2962512053901363,3.587920300017653,0.7279873369473641,0.9381397685616103,28.03853674145586
