subject,nll,bic,model,alpha,alpha_rec,beta,beta_rec,theta,theta_rec,nll_rec
117-attributes,20.105648697301937,52.95678312075195,eu_dur-weighted,0.49195121682787146,0.4861661276599797,10.25436044709926,11.283343971179134,0.8472587684622461,0.8372382968553619,18.61982483080463
