subject,nll,bic,model,alpha,alpha_rec,beta,beta_rec,theta,theta_rec,nll_rec
56-attributes,4.055521196559027,20.856528119266134,eu_dur-weighted,0.0,0.24358583776047948,35.206241533397716,190.4715806199905,0.5843449969369886,0.9135232363514174,2.2492665833577683
