subject,nll,bic,model,alpha,alpha_rec,beta,beta_rec,theta,theta_rec,nll_rec
113-alternatives,29.279897504651814,71.2621145230954,eu_dur-weighted,3.635341000673453,3.8381229853538663,0.018295588387882093,0.01244785413807984,0.0,0.21553606901523154,26.97703088277342
