subject,nll,bic,model,alpha,alpha_rec,beta,beta_rec,theta,theta_rec,nll_rec
112-attributes,14.516176094015144,41.77783791417836,eu_dur-weighted,0.6355294054866539,0.6086435148477262,13.387908875129067,32.87143182508332,0.8455635840052446,0.011869568224831146,11.75548609763996
