subject,nll,bic,model,alpha,alpha_rec,beta,beta_rec,theta,theta_rec,nll_rec
12-alternatives,31.61183033195746,75.969146390063,eu_dur-weighted,0.5953334114236842,0.6710023326051091,4.705658590536229,7.199462193572868,1.0,1.0,22.41478746017658
