subject,nll,bic,model,alpha,alpha_rec,beta,beta_rec,theta,theta_rec,nll_rec
43-alternatives,28.047317404640992,68.84012053543006,eu_dur-weighted,0.5327807681938881,0.48331962328431494,6.505566990231755,9.543077620786775,0.8938719686122193,1.0,20.67026536003641
