subject,nll,bic,model,alpha,alpha_rec,beta,beta_rec,theta,theta_rec,nll_rec
153-attributes,25.89948386954561,64.5444534652393,eu_dur-weighted,1.1913554128806574,1.2122659575089483,3.5942468294828918,8.767264881360532,0.4429386450388057,0.384230819437238,15.29982043549784
