subject,nll,bic,model,alpha,alpha_rec,beta,beta_rec,theta,theta_rec,nll_rec
41-alternatives,46.649768456140734,105.9580600278098,eu_dur-weighted,0.6641698696394103,0.34536650748025893,0.47060834088240433,1.6458306361403512,1.0,0.0,45.94978078384108
