subject,nll,bic,model,alpha,alpha_rec,beta,beta_rec,theta,theta_rec,nll_rec
8-attributes,18.36519123673968,49.47586819962744,eu_dur-weighted,0.3934251484613893,0.34596010499590224,21.050453478355234,42.554186180590726,0.08155910178631877,0.2795955302782224,7.849027870961632
