subject,nll,bic,model,alpha,alpha_rec,beta,beta_rec,theta,theta_rec,nll_rec
58-alternatives,29.78739936223591,72.14376295055109,eu_dur-weighted,0.5814259812310599,0.5307334688908888,6.230774267542416,5.624630033361343,0.5825552774706436,0.7545680579804318,30.755065193692083
