subject,nll,bic,model,alpha,alpha_rec,beta,beta_rec,theta,theta_rec,nll_rec
81-attributes,26.183432530445437,65.11235078703895,eu_dur-weighted,1.069639341016355,1.128998644130674,5.829718495267034,9.67288776720563,0.12011911767198921,0.31107197437658407,16.723508633162876
