subject,nll,bic,model,alpha,alpha_rec,beta,beta_rec,theta,theta_rec,nll_rec
105-alternatives,20.442330504697267,53.63014673554261,eu_dur-weighted,0.8868596171145969,0.8187293004076385,6.488641244397704,5.9812543324925525,0.9357931480836368,1.0,22.46026606607976
