subject,nll,bic,model,alpha,alpha_rec,beta,beta_rec,theta,theta_rec,nll_rec
135-attributes,42.967031882014595,98.67954949017727,eu_dur-weighted,1.7554658729078392,2.3452605022975375,0.2256601168229818,0.18224606090774798,0.5824337615258073,0.010822189651354614,36.38597963595695
