subject,nll,bic,model,alpha,alpha_rec,beta,beta_rec,theta,theta_rec,nll_rec
189-alternatives,20.001318725306938,52.70495696440565,eu_dur-weighted,0.5806306791313733,0.5492967763177519,11.194303967047388,25.93062697856867,0.6221651407959766,0.3518355765920434,13.072966035952966
