subject,nll,bic,model,alpha,alpha_rec,beta,beta_rec,theta,theta_rec,nll_rec
197-alternatives,4.2428706956989215,21.188060905189623,eu_dur-weighted,0.0,0.0,33.094043566500694,34.92168304459265,0.8163499534378167,1.0,2.797244062854214
