subject,nll,bic,model,alpha,alpha_rec,beta,beta_rec,theta,theta_rec,nll_rec
154-attributes,13.540724708757189,39.82693514366245,eu_dur-weighted,0.23801906266372533,0.3094646318814409,25.93020422572622,21.76295376343835,0.12913496462895208,0.09039449933768458,17.97960664170463
