subject,nll,bic,model,alpha,alpha_rec,beta,beta_rec,theta,theta_rec,nll_rec
51-alternatives,36.74263473878091,86.23075520370989,eu_dur-weighted,1.6474628894877916,1.2774733278505404,0.5597470674992431,1.0571806194368085,0.5148366810997059,0.5301110788954266,38.60972072190232
