subject,nll,bic,model,alpha,alpha_rec,beta,beta_rec,theta,theta_rec,nll_rec
69-attributes,29.17260732464082,71.09070037542972,eu_dur-weighted,0.5308365904481414,0.41128851424615803,8.817864935340978,6.5909576725309,0.264275899975544,0.2440403319645099,36.40572263231411
