subject,nll,bic,model,alpha,alpha_rec,beta,beta_rec,theta,theta_rec,nll_rec
34-attributes,39.24486149924597,90.96637224857096,eu_dur-weighted,1.1904560109464655,1.551131022339727,1.0906258839245688,0.43661857893504846,0.12898091334042938,0.43155853892597423,38.62156091368642
