subject,nll,bic,model,alpha,alpha_rec,beta,beta_rec,theta,theta_rec,nll_rec
149-alternatives,4.164626045655312,20.94332994948352,eu_dur-weighted,0.0,0.06811331117115701,37.79906091222441,200.0,0.6885740874360384,1.0,-5.876773019359071e-05
