subject,nll,bic,model,alpha,alpha_rec,beta,beta_rec,theta,theta_rec,nll_rec
57-attributes,26.042354609751705,64.83019494565148,eu_dur-weighted,0.8834918604324249,0.9687586830012739,5.827743503940082,4.786633509995165,0.4868256501544036,0.6641628577926554,25.61065368109197
