subject,nll,bic,model,alpha,alpha_rec,beta,beta_rec,theta,theta_rec,nll_rec
192-alternatives,-6.176719119812486e-05,12.745362191765683,eu_dur-weighted,0.06821685045318687,0.06821685045318687,199.99917061743596,199.99917061743596,1.0,1.0,-6.176719119812486e-05
