subject,nll,bic,model,alpha,alpha_rec,beta,beta_rec,theta,theta_rec,nll_rec
106-alternatives,35.427340481438385,83.55700047666855,eu_dur-weighted,2.0753882169498232,3.1747382747355077,0.2364598532756337,0.029927367084200764,0.45483226321059655,0.14512903281962716,33.73012616023184
