subject,nll,bic,model,alpha,alpha_rec,beta,beta_rec,theta,theta_rec,nll_rec
164-alternatives,9.926397376640843,32.59828047942976,eu_dur-weighted,0.631893703763657,0.6020986714657096,20.317511857066826,26.722825550298904,0.8749728101953459,0.8609119755024858,8.474945973000986
