subject,nll,bic,model,alpha,alpha_rec,beta,beta_rec,theta,theta_rec,nll_rec
19-attributes,16.97978400982505,46.70505374579818,eu_dur-weighted,1.0044212960502068,1.0951124182728567,12.752520642065045,10.634429418271235,0.1341446831570308,0.00940052039577602,19.388948099205408
