subject,nll,bic,model,alpha,alpha_rec,beta,beta_rec,theta,theta_rec,nll_rec
184-alternatives,-6.176690467046216e-05,12.745362192338739,eu_dur-weighted,0.06788582564732279,0.06788582564732279,199.99933118801135,199.99933118801135,1.0,1.0,-6.176690467046216e-05
