subject,nll,bic,model,alpha,alpha_rec,beta,beta_rec,theta,theta_rec,nll_rec
70-attributes,21.345941525479905,55.43736877710789,eu_dur-weighted,0.7283608029774021,0.8229711251342835,13.884089726580497,8.472823106981716,0.003629411834813993,0.18113964273363273,24.973411794968662
