subject,nll,bic,model,alpha,alpha_rec,beta,beta_rec,theta,theta_rec,nll_rec
30-attributes,11.898248895343048,36.498817304477875,eu_dur-weighted,0.4192288755007964,0.3833233297857439,25.28708750989094,73.71801796040825,0.3230150359949919,0.06230480982734501,3.3068937914368353
