subject,nll,bic,model,alpha,alpha_rec,beta,beta_rec,theta,theta_rec,nll_rec
71-alternatives,19.514770813219,51.77502735258608,eu_dur-weighted,1.0689211058882253,1.0644682035460598,5.644550745307494,5.617659741544963,0.9712493018327055,0.9496503434575855,19.769060482533057
