subject,nll,bic,model,alpha,alpha_rec,beta,beta_rec,theta,theta_rec,nll_rec
35-alternatives,27.89154621246941,68.5285781510869,eu_dur-weighted,0.2829045473855284,0.3816678413117285,7.717376207949798,9.817491070551432,0.9180508298986848,1.0,21.837160179930084
