subject,nll,bic,model,alpha,alpha_rec,beta,beta_rec,theta,theta_rec,nll_rec
195-attributes,19.363280227317944,51.47204618078396,eu_dur-weighted,0.35226356738098624,0.45239209976387335,16.702061480528407,13.772458281014117,0.315102849943365,0.6927473231907361,17.064872206318256
