subject,nll,bic,model,alpha,alpha_rec,beta,beta_rec,theta,theta_rec,nll_rec
74-alternatives,30.362413763900715,73.15423170697602,eu_dur-weighted,0.3435850782952583,0.15490097108117107,4.9930894402796,11.90067740380339,1.0,1.0,15.574785328222275
