subject,nll,bic,model,alpha,alpha_rec,beta,beta_rec,theta,theta_rec,nll_rec
27-alternatives,29.422266258774563,71.5900182436972,eu_dur-weighted,0.9706357998369726,0.9369778778400932,3.465392200963369,3.463936889921041,0.7951009827156692,1.0,28.822446220997257
