subject,nll,bic,model,alpha,alpha_rec,beta,beta_rec,theta,theta_rec,nll_rec
174-attributes,24.236248422386137,61.217982570920356,eu_dur-weighted,0.9745309768970121,0.9084909625485353,8.151194112652211,9.163327839031354,0.06830287261887764,0.27506434190716,20.99550793994961
