subject,nll,bic,model,alpha,alpha_rec,beta,beta_rec,theta,theta_rec,nll_rec
97-attributes,22.301284130454455,57.348053987056986,eu_dur-weighted,0.5361289933811301,0.5093838511212866,12.043972746464473,12.62359676522663,0.33945183095901166,0.2486288375456599,23.15589595224662
