subject,nll,bic,model,alpha,alpha_rec,beta,beta_rec,theta,theta_rec,nll_rec
160-attributes,32.15545364538874,77.01322680456926,eu_dur-weighted,0.6458689665349098,0.685609937796274,4.3963104549694245,7.616212102554629,0.8279834206103757,0.5164184604222745,25.389591456968315
