subject,nll,bic,model,alpha,alpha_rec,beta,beta_rec,theta,theta_rec,nll_rec
102-alternatives,26.18125482790078,65.10799538194964,eu_dur-weighted,0.7723295000109245,0.6785066079802976,5.121786210762526,7.139039932139899,1.0,1.0,22.401783156255608
