subject,nll,bic,model,alpha,alpha_rec,beta,beta_rec,theta,theta_rec,nll_rec
65-attributes,18.970620903908348,50.68672753396477,eu_dur-weighted,0.6572792135818146,0.6391047934506177,12.322641939317554,10.50122278072234,0.4254318343805579,0.5323848349891258,20.715631093351483
