subject,nll,bic,model,alpha,alpha_rec,beta,beta_rec,theta,theta_rec,nll_rec
103-alternatives,25.634477468067978,64.01444066228403,eu_dur-weighted,0.4970967844766417,0.4359860846518364,7.255276948985546,12.424800664601554,1.0,0.8997645797388926,17.63176221060109
