subject,nll,bic,model,alpha,alpha_rec,beta,beta_rec,theta,theta_rec,nll_rec
11-attributes,32.74695925431317,78.23940423477441,eu_dur-weighted,1.225906128436952,1.2224098989332257,1.9954819064488174,2.276856710077488,0.4277664030707609,0.08782084240222093,34.66138719220982
