subject,nll,bic,model,alpha,alpha_rec,beta,beta_rec,theta,theta_rec,nll_rec
68-attributes,31.293056987170218,75.33159970048851,eu_dur-weighted,2.8905984350474014,3.3456454184450006,0.06557552346619407,0.02774750866655909,0.2982077456621791,0.4104759860914093,28.92159955316927
