subject,nll,bic,model,alpha,alpha_rec,beta,beta_rec,theta,theta_rec,nll_rec
184-attributes,8.341381381888034,29.428248489924147,eu_dur-weighted,0.07189093791068256,0.25734403534452666,30.245401913429625,189.08588875418118,0.29044691678232415,1.0,2.7725147272470227
