subject,nll,bic,model,alpha,alpha_rec,beta,beta_rec,theta,theta_rec,nll_rec
70-alternatives,25.31730385811868,63.380093442385444,eu_dur-weighted,1.0894733787072797,1.1876942192143631,3.6425126760812097,4.337414150943388,0.879543664285219,0.7982174855664315,20.664125691816526
