subject,nll,bic,model,alpha,alpha_rec,beta,beta_rec,theta,theta_rec,nll_rec
176-attributes,39.76480140402887,92.27508853420582,eu_dur-weighted,0.46186770611974365,0.6100811879067162,4.969492647203741,3.6876193432400255,0.22444169570608682,0.35901389648576454,39.78449356536038
