subject,nll,bic,model,alpha,alpha_rec,beta,beta_rec,theta,theta_rec,nll_rec
17-attributes,39.36846247282242,91.39544806117317,eu_dur-weighted,0.5715396243143758,0.6145779078945038,4.392294421730266,4.595669455374369,0.15363712291330855,0.06820077412899461,39.043372389086656
