subject,nll,bic,model,alpha,alpha_rec,beta,beta_rec,theta,theta_rec,nll_rec
122-attributes,29.45757068640068,71.66062709894943,eu_dur-weighted,0.7546441506460912,0.7417222629854738,7.454002050704619,4.197650190145762,0.11605642254102723,0.8065082044312775,31.211360043931673
