subject,nll,bic,model,alpha,alpha_rec,beta,beta_rec,theta,theta_rec,nll_rec
97-alternatives,25.770237774389884,64.28596127492784,eu_dur-weighted,0.5967573671513127,0.5669689970377872,6.493353600342098,12.548505461844881,1.0,0.8225779625667607,16.858839830159088
