subject,nll,bic,model,alpha,alpha_rec,beta,beta_rec,theta,theta_rec,nll_rec
94-alternatives,25.189309718953773,63.12410516405562,eu_dur-weighted,0.9605747009770685,1.1054656252147934,4.255265782007729,5.412644514447314,1.0,0.9980334713056136,19.167468945168622
