subject,nll,bic,model,alpha,alpha_rec,beta,beta_rec,theta,theta_rec,nll_rec
36-attributes,71.11490390327198,157.05473507437188,eu_dur-weighted,0.3941763762495783,0.31772231975945003,7.684950557025394,6.4906920851350955,0.14382261370189117,0.31081431272982407,73.72703907475685
