subject,nll,bic,model,alpha,alpha_rec,beta,beta_rec,theta,theta_rec,nll_rec
73-alternatives,19.788143555092518,52.27860662397681,eu_dur-weighted,0.5363687023822551,0.4760306001606691,9.554784765850542,14.683646120557626,1.0,0.8585158592430846,14.747996532166242
