subject,nll,bic,model,alpha,alpha_rec,beta,beta_rec,theta,theta_rec,nll_rec
1-alternatives,32.09079484025854,76.92707540666515,eu_dur-weighted,0.7865468807933124,0.8206828616405579,3.5193970961179417,3.5518117036261083,1.0,0.9038766555334193,31.89497888202715
