subject,nll,bic,model,alpha,alpha_rec,beta,beta_rec,theta,theta_rec,nll_rec
60-alternatives,27.020193254586452,66.78587223532098,eu_dur-weighted,0.4140877588711451,0.44685004041357307,7.3107859385366245,8.082542735759922,1.0,1.0,24.505582542922536
