subject,nll,bic,model,alpha,alpha_rec,beta,beta_rec,theta,theta_rec,nll_rec
72-attributes,24.119868440638392,60.94205639506856,eu_dur-weighted,0.311093609235837,0.3265961668051044,13.634331544774419,11.852204721727347,0.23513219650722972,0.15507556391102983,28.03220927614812
