subject,nll,bic,model,alpha,alpha_rec,beta,beta_rec,theta,theta_rec,nll_rec
138-alternatives,-6.999996499426464e-05,12.74534572621809,eu_dur-weighted,4.588075128224888,4.588075128224888,46.43340186569149,46.43340186569149,0.45424205122329725,0.45424205122329725,-6.999996499426464e-05
