subject,nll,bic,model,alpha,alpha_rec,beta,beta_rec,theta,theta_rec,nll_rec
89-alternatives,40.58317971613769,93.91184515842346,eu_dur-weighted,1.360719888974889,1.545704199718514,0.5896495547900644,0.3526092845747083,1.0,1.0,41.57987152636377
