subject,nll,bic,model,alpha,alpha_rec,beta,beta_rec,theta,theta_rec,nll_rec
21-attributes,20.38354338703062,53.512572500209316,eu_dur-weighted,0.7487163118742425,0.8058282423755554,11.183356326101276,11.209086344016608,0.28719585083117305,0.584355069491624,16.153598335298447
