subject,nll,bic,model,alpha,alpha_rec,beta,beta_rec,theta,theta_rec,nll_rec
115-attributes,8.400801486837926,29.54708869982393,eu_dur-weighted,0.9158963462431933,0.930807019873176,22.89835414067921,28.037704188597232,0.6022500637054771,0.2092679966172533,8.613903426705203
