subject,nll,bic,model,alpha,alpha_rec,beta,beta_rec,theta,theta_rec,nll_rec
19-alternatives,21.568145795568057,55.83861110492789,eu_dur-weighted,1.0806319762628354,1.073616156624218,4.633608310231602,5.5067280628609785,1.0,1.0,19.532447263497186
