subject,nll,bic,model,alpha,alpha_rec,beta,beta_rec,theta,theta_rec,nll_rec
150-alternatives,35.57100630210991,83.8443321180116,eu_dur-weighted,1.3258208469165154,1.1086998922488573,0.932638274509855,1.4119189018384433,1.0,0.5796843120626323,38.36714384223654
