subject,nll,bic,model,alpha,alpha_rec,beta,beta_rec,theta,theta_rec,nll_rec
166-alternatives,26.875948511591627,66.49738274933134,eu_dur-weighted,1.9919257261706187,2.1085622893814637,0.3980273302836331,0.47783282692359585,1.0,0.8083495096814359,21.79794206134887
