subject,nll,bic,model,alpha,alpha_rec,beta,beta_rec,theta,theta_rec,nll_rec
55-attributes,28.082657321375617,68.867634156543,eu_dur-weighted,1.0715952296489353,1.1610158302166993,4.647779350557436,4.40800437646819,0.17576361462570855,0.2834501535654311,25.431510471525325
