subject,nll,bic,model,alpha,alpha_rec,beta,beta_rec,theta,theta_rec,nll_rec
128-alternatives,30.041334226886395,72.78498796756458,eu_dur-weighted,0.7433841700521796,0.7437299515827439,4.131287420372655,4.3633775878614305,1.0,1.0,29.140265898476873
