subject,nll,bic,model,alpha,alpha_rec,beta,beta_rec,theta,theta_rec,nll_rec
155-attributes,30.01423757148153,72.77396086911114,eu_dur-weighted,0.2297657060724028,0.21220412959478097,7.911414992759964,6.000764226190764,0.6412997663488109,0.8567891742018968,33.10717356523906
