subject,nll,bic,model,alpha,alpha_rec,beta,beta_rec,theta,theta_rec,nll_rec
139-attributes,27.80315883932075,68.30863719243328,eu_dur-weighted,1.051809858256254,0.9309450884483353,3.391521456700591,4.303103579026866,0.6661887410600401,0.6942231201956052,27.040139778335885
