subject,nll,bic,model,alpha,alpha_rec,beta,beta_rec,theta,theta_rec,nll_rec
49-attributes,9.040699331582358,30.783718176956494,eu_dur-weighted,0.27560246137196176,0.22694206105868303,40.13464142467358,35.75227655497045,0.043654145697903886,0.33537145634199234,6.64486638454723
