subject,nll,bic,model,alpha,alpha_rec,beta,beta_rec,theta,theta_rec,nll_rec
10-alternatives,32.33803006675297,77.42154585965402,eu_dur-weighted,0.7686382786609409,0.6305903523306614,3.5574056812442367,5.695922403219649,1.0,0.7127078990948679,30.16294453299467
