subject,nll,bic,model,alpha,alpha_rec,beta,beta_rec,theta,theta_rec,nll_rec
84-alternatives,36.44585198933577,85.63718970481962,eu_dur-weighted,0.8144350336874667,1.02592334856988,2.4950266310459783,1.7558675940148847,1.0,0.6970316843707248,37.835346711879296
