subject,nll,bic,model,alpha,alpha_rec,beta,beta_rec,theta,theta_rec,nll_rec
62-attributes,23.739538151393706,60.224562028935495,eu_dur-weighted,0.5010086084380951,0.35382011356615783,10.952567682636587,15.907611614410696,0.4055131389304508,0.19913518808819902,21.894263109633442
