subject,nll,bic,model,alpha,alpha_rec,beta,beta_rec,theta,theta_rec,nll_rec
33-alternatives,25.50066274753074,63.746811221209555,eu_dur-weighted,0.8881954860539326,0.8507927516847892,5.083257109156559,5.5499868440031275,0.7939110207284455,0.5660079629190459,26.67680496283013
