subject,nll,bic,model,alpha,alpha_rec,beta,beta_rec,theta,theta_rec,nll_rec
168-alternatives,16.257038891769692,45.25956350968747,eu_dur-weighted,0.31468654345248165,0.3125819670133827,13.981323872450035,15.59353457614313,0.9583903144055319,0.5769411754411713,17.77217635567698
