subject,nll,bic,model,alpha,alpha_rec,beta,beta_rec,theta,theta_rec,nll_rec
77-attributes,19.321312646833793,51.38811101981567,eu_dur-weighted,0.3039733832887424,0.20680959993272666,18.09896007791476,24.58856037652901,0.21480911471026576,0.524145892762246,9.301020036361516
