subject,nll,bic,model,alpha,alpha_rec,beta,beta_rec,theta,theta_rec,nll_rec
172-alternatives,19.822810673923698,52.39110707399547,eu_dur-weighted,2.2209266316150815,2.4571322945847625,0.44127426560259614,0.22086437276326448,0.8272054980066758,0.680747866149379,24.065234759276056
