subject,nll,bic,model,alpha,alpha_rec,beta,beta_rec,theta,theta_rec,nll_rec
159-alternatives,25.64785194020216,64.0411896065524,eu_dur-weighted,0.9707645616411313,0.9431190775832353,4.418203431912331,5.49530440863541,0.8208559849263789,0.631789344724451,24.040829382166443
