subject,nll,bic,model,alpha,alpha_rec,beta,beta_rec,theta,theta_rec,nll_rec
25-alternatives,23.40370000997699,59.55288574610206,eu_dur-weighted,1.167571452977015,1.2346227637969527,3.593734300426794,1.971932577534871,0.8721334505747969,0.6080136463776747,30.96072419948002
