subject,nll,bic,model,alpha,alpha_rec,beta,beta_rec,theta,theta_rec,nll_rec
107-attributes,41.630242861093016,95.96280523597781,eu_dur-weighted,0.15121498411905984,0.2338470315988413,5.6982753558039665,9.032972765010594,0.07567793412397171,0.23546953425372505,32.45066337593751
