subject,nll,bic,model,alpha,alpha_rec,beta,beta_rec,theta,theta_rec,nll_rec
83-attributes,23.10875074002586,58.9629872061998,eu_dur-weighted,0.5420825229816352,0.5834119776161655,14.954000986117627,14.739397611873953,0.025653901555723748,0.06188551410266528,22.09969500764506
