subject,nll,bic,model,alpha,alpha_rec,beta,beta_rec,theta,theta_rec,nll_rec
144-attributes,30.70121496705121,74.1479156602505,eu_dur-weighted,1.1159182683640994,0.830187673103752,2.589323829595685,4.857831507401142,0.6277587507600073,0.23880287091400645,32.70133740174629
