subject,nll,bic,model,alpha,alpha_rec,beta,beta_rec,theta,theta_rec,nll_rec
147-attributes,29.776202077250897,72.29788988064988,eu_dur-weighted,0.6048424905043086,0.7345615755370456,9.86558518457655,6.217716237315472,0.002678497796121489,0.5108475700840981,27.908023498578977
