subject,nll,bic,model,alpha,alpha_rec,beta,beta_rec,theta,theta_rec,nll_rec
68-alternatives,3.8156263888529285,20.376738503853936,eu_dur-weighted,5.0,4.987909272290885,0.03446009602661448,0.05107618671434985,1.0,0.0,5.15958576787431
