subject,nll,bic,model,alpha,alpha_rec,beta,beta_rec,theta,theta_rec,nll_rec
13-alternatives,37.11790401340266,86.98129375295339,eu_dur-weighted,2.4407401440860617,5.0,0.09141624165231778,0.000297895323243591,0.5473150109076247,1.0,36.196488806394605
