subject,nll,bic,model,alpha,alpha_rec,beta,beta_rec,theta,theta_rec,nll_rec
150-attributes,27.14833987409614,66.99899926198407,eu_dur-weighted,1.0731374517821435,0.9839975413024543,4.033701203048936,15.204138690016302,0.4169404902456332,0.00737589008471573,15.793427847425775
