subject,nll,bic,model,alpha,alpha_rec,beta,beta_rec,theta,theta_rec,nll_rec
172-attributes,26.326237334090894,65.39796039432987,eu_dur-weighted,2.4491745350190115,2.5071121271702057,0.286587505695203,0.1802839873725737,0.07891850810312874,0.7006685500639207,24.8237703896237
