subject,nll,bic,model,alpha,alpha_rec,beta,beta_rec,theta,theta_rec,nll_rec
137-alternatives,12.47924693481559,37.70397959577926,eu_dur-weighted,3.526781861588746,3.5058314815618066,0.08330618275264379,0.04846691145016661,0.5118505390185891,0.8078975453037536,15.577406775473584
