subject,nll,bic,model,alpha,alpha_rec,beta,beta_rec,theta,theta_rec,nll_rec
140-alternatives,17.368902843966463,47.48329141408101,eu_dur-weighted,0.22619424098271224,0.2420298792451704,12.335109186467497,20.417082919274492,1.0,0.875297594855139,10.001466733128428
