subject,nll,bic,model,alpha,alpha_rec,beta,beta_rec,theta,theta_rec,nll_rec
48-alternatives,27.483978188194786,67.71344210253766,eu_dur-weighted,1.2534039764204765,1.2242384915511682,2.1711702200338157,3.582158325250412,0.8823147198703368,1.0,20.958489038711924
