subject,nll,bic,model,alpha,alpha_rec,beta,beta_rec,theta,theta_rec,nll_rec
175-alternatives,17.425096060653722,47.59567784745552,eu_dur-weighted,1.0961896126719786,1.0040708543930619,6.34481638508615,6.649981225909883,1.0,1.0,18.13173423721717
