subject,nll,bic,model,alpha,alpha_rec,beta,beta_rec,theta,theta_rec,nll_rec
26-attributes,9.614133222130475,31.97375217040903,eu_dur-weighted,0.2635298563135651,0.3111713445738153,29.99724878419524,28.310552173500934,0.303538121329391,0.6671171845731277,8.697977346385299
