subject,nll,bic,model,alpha,alpha_rec,beta,beta_rec,theta,theta_rec,nll_rec
194-alternatives,35.36874640648763,83.48297853912334,eu_dur-weighted,1.0893048279201296,1.0053951193991375,1.6392159698247575,1.790378389160914,1.0,1.0,36.32745480224055
