subject,nll,bic,model,alpha,alpha_rec,beta,beta_rec,theta,theta_rec,nll_rec
62-alternatives,29.18632312335255,71.11813197285318,eu_dur-weighted,0.546411628467101,0.6939191199467507,5.708003459377627,4.588089674446666,1.0,0.9828424311235961,30.022915991281593
