subject,nll,bic,model,alpha,alpha_rec,beta,beta_rec,theta,theta_rec,nll_rec
196-alternatives,30.05590761204524,72.85730095023855,eu_dur-weighted,0.9888945826592676,0.876210958500238,3.09485903510886,3.0362131422288803,0.8853190958739177,1.0,32.230895292110475
