subject,nll,bic,model,alpha,alpha_rec,beta,beta_rec,theta,theta_rec,nll_rec
148-alternatives,20.895194110540906,54.53587394722989,eu_dur-weighted,0.48959384095267866,0.4352034804327632,9.375264118728738,6.450680013227732,1.0,1.0,29.064079158376668
