subject,nll,bic,model,alpha,alpha_rec,beta,beta_rec,theta,theta_rec,nll_rec
170-attributes,18.16772622584146,49.080938177831,eu_dur-weighted,0.5691425501806128,0.6429787586654323,13.063207924121793,10.531375201866608,0.5494435329456754,0.617850342251498,19.722556958163434
