subject,nll,bic,model,alpha,alpha_rec,beta,beta_rec,theta,theta_rec,nll_rec
180-alternatives,31.671281888830922,76.08804950380993,eu_dur-weighted,0.4318586072148056,0.39573353328809857,5.615669759563368,4.109532734489172,1.0,1.0,37.20714838131478
