subject,nll,bic,model,alpha,alpha_rec,beta,beta_rec,theta,theta_rec,nll_rec
129-attributes,33.28279525032581,79.3110762267997,eu_dur-weighted,1.0126078811304247,0.930148850400276,3.6037131263554265,4.39942843139018,0.17103232756554596,0.03368663113924494,34.258993631300726
