subject,nll,bic,model,alpha,alpha_rec,beta,beta_rec,theta,theta_rec,nll_rec
47-attributes,-6.99194043139178e-05,12.74534588733945,eu_dur-weighted,4.7854688974169335e-05,4.7854688974169335e-05,199.64002669268365,199.64002669268365,0.9998451807735763,0.9998451807735763,-6.99194043139178e-05
