subject,nll,bic,model,alpha,alpha_rec,beta,beta_rec,theta,theta_rec,nll_rec
194-attributes,29.987181177133817,72.6766818680594,eu_dur-weighted,0.7407824940808467,0.8196358250404345,7.496836796585094,6.30816319960957,0.049577621874131415,0.15211232192857538,29.44920297646293
