subject,nll,bic,model,alpha,alpha_rec,beta,beta_rec,theta,theta_rec,nll_rec
4-alternatives,43.90932202889427,100.56412978393662,eu_dur-weighted,1.636669936411974,1.6988291330100638,0.27331157711569787,0.227138442387152,0.5286931360034491,0.6589342645203634,43.73643057017196
