subject,nll,bic,model,alpha,alpha_rec,beta,beta_rec,theta,theta_rec,nll_rec
111-alternatives,28.59991782377581,69.9453213736997,eu_dur-weighted,1.3556239550669502,1.4884372471529643,1.599822349536765,1.6517880120907507,0.8480250612861552,0.38897266172065664,26.418712346396497
