subject,nll,bic,model,alpha,alpha_rec,beta,beta_rec,theta,theta_rec,nll_rec
167-attributes,36.558206642979926,85.49781644109513,eu_dur-weighted,1.9439340892530723,2.2517042688169826,0.16561429051974644,0.12495228708961571,0.6838687935298786,0.23263337827365765,35.76533871364999
