subject,nll,bic,model,alpha,alpha_rec,beta,beta_rec,theta,theta_rec,nll_rec
151-attributes,17.02362656935352,46.792738864855124,eu_dur-weighted,0.6127014772986686,0.6945482551362911,16.65697060382241,13.228499505598784,0.26677213041762776,0.35238226012102386,17.92946084994221
