subject,nll,bic,model,alpha,alpha_rec,beta,beta_rec,theta,theta_rec,nll_rec
78-attributes,19.869693696824562,52.4848731197972,eu_dur-weighted,0.937245428535772,1.0386970997557528,11.485994035464392,6.612649497298999,0.06986889939089605,0.15461144648423686,24.80988397474888
