subject,nll,bic,model,alpha,alpha_rec,beta,beta_rec,theta,theta_rec,nll_rec
48-attributes,27.032150939794562,66.8097876057372,eu_dur-weighted,1.2377611263234616,1.0753275448975945,4.2577550236269,13.668786304730592,0.0,0.06059195257871207,16.184141785229784
