subject,nll,bic,model,alpha,alpha_rec,beta,beta_rec,theta,theta_rec,nll_rec
89-attributes,44.67803084592114,102.10154741799036,eu_dur-weighted,1.4904503976041026,0.38127681090536103,0.2731363829369159,0.6621957766649857,0.8346504499777444,0.5148955704523793,48.213336346469085
