subject,nll,bic,model,alpha,alpha_rec,beta,beta_rec,theta,theta_rec,nll_rec
10-attributes,30.321120378230447,73.38772648260897,eu_dur-weighted,0.4859364031457313,0.5870475294033198,7.5864017572413225,5.576358288289972,0.448420375290018,0.5344616169759842,32.614809606000264
