subject,nll,bic,model,alpha,alpha_rec,beta,beta_rec,theta,theta_rec,nll_rec
188-alternatives,21.221957929582302,55.18940158531268,eu_dur-weighted,1.5416999554628343,1.5481597547299997,1.5034044880821857,1.8909865688357035,1.0,1.0,17.701106487153094
