subject,nll,bic,model,alpha,alpha_rec,beta,beta_rec,theta,theta_rec,nll_rec
155-alternatives,24.690718076808917,62.126921879765916,eu_dur-weighted,0.32337277925175906,0.4967376960334905,8.646457949665693,9.311732921970991,1.0,0.7159980037692025,23.931122630800708
