subject,nll,bic,model,alpha,alpha_rec,beta,beta_rec,theta,theta_rec,nll_rec
114-attributes,20.60664471803384,53.95877516221576,eu_dur-weighted,0.6904711797808245,0.7540868286255737,15.00343979825466,10.236868895537988,0.016497654554238492,0.20415692550731396,22.89822247768912
