subject,nll,bic,model,alpha,alpha_rec,beta,beta_rec,theta,theta_rec,nll_rec
168-attributes,11.595440651500132,35.93636702914834,eu_dur-weighted,0.22879092648361646,0.2952112647717342,21.31655084473706,36.14823039594725,0.5339915503116268,0.1752443431672363,9.38038902681062
