subject,nll,bic,model,alpha,alpha_rec,beta,beta_rec,theta,theta_rec,nll_rec
134-alternatives,26.672627722585162,66.0907411713184,eu_dur-weighted,0.8634905046513842,0.8546647930173978,4.408560015143969,6.401727912803415,1.0,1.0,20.64765462519225
