subject,nll,bic,model,alpha,alpha_rec,beta,beta_rec,theta,theta_rec,nll_rec
199-alternatives,39.20749076827529,91.16046726269866,eu_dur-weighted,1.4549904483607725,1.4033574729452847,0.7169149880477537,1.3238344016716097,0.4394601450118763,0.39352588020338325,32.64437753126784
