subject,nll,bic,model,alpha,alpha_rec,beta,beta_rec,theta,theta_rec,nll_rec
156-alternatives,23.9889969622361,60.72347965062028,eu_dur-weighted,0.9307198800468552,0.9713546063788627,4.7785445637252435,5.3269113348958586,1.0,0.9695051216193099,21.869037377667446
