subject,nll,bic,model,alpha,alpha_rec,beta,beta_rec,theta,theta_rec,nll_rec
182-attributes,37.65813985504924,88.06176543624656,eu_dur-weighted,1.0439530496876293,0.9791023966181323,2.5177412023409684,1.6352501513355722,0.11010640363646361,0.38985053993230223,41.28096943744451
