subject,nll,bic,model,alpha,alpha_rec,beta,beta_rec,theta,theta_rec,nll_rec
140-attributes,21.126056553634804,54.99759883341768,eu_dur-weighted,0.3812009773138327,0.3449275528003572,18.286096624286607,11.126373262071565,0.07403960615227978,0.3793287043923072,26.091421868427368
