subject,nll,bic,model,alpha,alpha_rec,beta,beta_rec,theta,theta_rec,nll_rec
128-attributes,40.21518974267392,93.13269899913962,eu_dur-weighted,0.5637794979960579,0.5630481814039335,4.144329123374203,2.222447688020014,0.22344223035442928,0.2974730112860428,44.710722710110716
