subject,nll,bic,model,alpha,alpha_rec,beta,beta_rec,theta,theta_rec,nll_rec
20-attributes,20.129336304481125,53.00415833511033,eu_dur-weighted,0.4744262307918834,0.5024673485021686,12.431089357450881,14.65389799739608,0.5438891769997857,0.5473312535838095,16.997053585223917
