subject,nll,bic,model,alpha,alpha_rec,beta,beta_rec,theta,theta_rec,nll_rec
195-alternatives,18.481599983395665,49.70868569293941,eu_dur-weighted,0.5062927581866006,0.42009655566640985,10.605013907332703,8.842480900425532,1.0,1.0,23.24522267100397
