subject,nll,bic,model,alpha,alpha_rec,beta,beta_rec,theta,theta_rec,nll_rec
126-alternatives,23.4135503898241,59.57258650579628,eu_dur-weighted,0.5536386975724948,0.5322982327933671,9.038415493628792,8.968779760200707,0.7232344986297096,0.9220344846603462,21.767775865946692
