subject,nll,bic,model,alpha,alpha_rec,beta,beta_rec,theta,theta_rec,nll_rec
136-alternatives,24.64921049106105,62.043906708270185,eu_dur-weighted,0.5448737009311958,0.5857051446058243,7.280696799672437,9.98678114306836,1.0,0.8898734211931232,19.468397473442163
