subject,nll,bic,model,alpha,alpha_rec,beta,beta_rec,theta,theta_rec,nll_rec
177-attributes,27.538986535313683,67.82345879677544,eu_dur-weighted,0.8292778790814967,0.739910204181562,4.770776666328161,9.387285751551683,0.7753154567505856,0.24270801142851628,24.135685046655766
