subject,nll,bic,model,alpha,alpha_rec,beta,beta_rec,theta,theta_rec,nll_rec
59-alternatives,35.591975754560075,83.92943723526822,eu_dur-weighted,1.2042381808738365,1.3546410696441598,1.2700588488602989,0.5863378508804107,1.0,1.0,40.77126320661628
