subject,nll,bic,model,alpha,alpha_rec,beta,beta_rec,theta,theta_rec,nll_rec
44-attributes,12.93893834525942,38.62336241666692,eu_dur-weighted,0.37460277306120476,0.3614845571194753,19.53628337886278,28.821568433881126,0.6848688814124039,0.26533342534680265,11.785931996905516
