subject,nll,bic,model,alpha,alpha_rec,beta,beta_rec,theta,theta_rec,nll_rec
153-alternatives,31.909569857418642,76.56462544098537,eu_dur-weighted,1.2545805457118213,1.046548078156062,1.496925763512398,1.5219784700565162,1.0,1.0,37.35104630219133
