subject,nll,bic,model,alpha,alpha_rec,beta,beta_rec,theta,theta_rec,nll_rec
55-alternatives,26.22758832769208,65.20066238153224,eu_dur-weighted,1.15565152055143,1.2467257812274957,2.8488501417200105,5.269185049215201,0.9819758515479644,1.0,15.928753624741859
