subject,nll,bic,model,alpha,alpha_rec,beta,beta_rec,theta,theta_rec,nll_rec
98-alternatives,32.013608176527626,76.77270207920333,eu_dur-weighted,0.9116145650575097,0.7360769014402655,3.007197426008208,3.969945817426883,0.9332979216525744,0.9447271380166251,31.78507353647367
