subject,nll,bic,model,alpha,alpha_rec,beta,beta_rec,theta,theta_rec,nll_rec
47-alternatives,-6.07675640276043e-05,12.702197978663722,eu_dur-weighted,0.06812020808720493,0.06812020808720493,199.99969056527402,199.99969056527402,1.0,1.0,-6.07675640276043e-05
