subject,nll,bic,model,alpha,alpha_rec,beta,beta_rec,theta,theta_rec,nll_rec
77-alternatives,23.1822677320276,59.110021190203284,eu_dur-weighted,0.37339231052211513,0.36061973639655126,9.18736632517163,12.270887514229567,1.0,0.9431389247004887,18.551514145861223
