subject,nll,bic,model,alpha,alpha_rec,beta,beta_rec,theta,theta_rec,nll_rec
79-attributes,21.98855745410828,56.72260063436464,eu_dur-weighted,0.33607377675087624,0.35826460606520866,10.237957443886012,18.361078328707304,0.8619975261126533,0.10863344934323153,20.679481009740122
