subject,nll,bic,model,alpha,alpha_rec,beta,beta_rec,theta,theta_rec,nll_rec
170-alternatives,18.86446079574136,50.47440731763079,eu_dur-weighted,0.7347723804914266,0.6364131727680318,8.156109852066026,10.142997239025831,1.0,0.9336272531466302,17.988612919493953
