subject,nll,bic,model,alpha,alpha_rec,beta,beta_rec,theta,theta_rec,nll_rec
103-attributes,24.733123144194153,62.21173201453638,eu_dur-weighted,0.4869343441913056,0.5918504332056431,8.671592809482089,11.865500684413595,0.706761024884347,0.5833655679429981,19.016953196290068
