subject,nll,bic,model,alpha,alpha_rec,beta,beta_rec,theta,theta_rec,nll_rec
30-alternatives,24.444722823339553,61.63493137282718,eu_dur-weighted,0.6329094299048494,0.6022448593547243,6.713580639034597,5.272008323522176,1.0,1.0,29.45433252389463
