subject,nll,bic,model,alpha,alpha_rec,beta,beta_rec,theta,theta_rec,nll_rec
141-alternatives,24.9897530224627,62.724991771073476,eu_dur-weighted,0.3673623987292422,0.3220308446049552,8.385745828237468,8.444249839755877,1.0,1.0,25.158823797060016
