subject,nll,bic,model,alpha,alpha_rec,beta,beta_rec,theta,theta_rec,nll_rec
3-attributes,25.773753724056203,64.29299317426049,eu_dur-weighted,0.4569621077571458,0.5263792666309544,12.153279625147881,9.279467032077692,0.18680202362002532,0.5739837057405898,24.26647928131417
