subject,nll,bic,model,alpha,alpha_rec,beta,beta_rec,theta,theta_rec,nll_rec
79-alternatives,28.60891987635617,69.96332547886041,eu_dur-weighted,0.2756930446548657,0.3932908942129564,7.149759087974799,5.335510187031907,1.0,0.8250068434091042,34.58770543613872
