subject,nll,bic,model,alpha,alpha_rec,beta,beta_rec,theta,theta_rec,nll_rec
85-alternatives,16.173891054369722,45.09326783488753,eu_dur-weighted,0.04485185142943195,0.0,18.958118379519004,46.378317756551844,0.45686901261846036,0.06920605053901707,11.907623866249384
