subject,nll,bic,model,alpha,alpha_rec,beta,beta_rec,theta,theta_rec,nll_rec
93-attributes,39.669582757719766,92.08465124158761,eu_dur-weighted,0.9821442361382986,0.8164363163644935,1.9241603706384238,3.4465229975690828,0.37252029324619407,0.049105256832682964,39.61970747079199
