subject,nll,bic,model,alpha,alpha_rec,beta,beta_rec,theta,theta_rec,nll_rec
125-alternatives,15.963190989016253,44.671867704180585,eu_dur-weighted,0.47557806718032647,0.47062729577578755,14.554535257066249,18.436154949218295,0.760198390176046,0.5095823871524041,15.857761132755973
