subject,nll,bic,model,alpha,alpha_rec,beta,beta_rec,theta,theta_rec,nll_rec
112-alternatives,19.04316373721722,50.831813200582516,eu_dur-weighted,0.5759366868506905,0.5957876636145873,10.484793012223133,8.263892608542841,0.8667375334823145,0.8768633719679293,22.620783487707985
