subject,nll,bic,model,alpha,alpha_rec,beta,beta_rec,theta,theta_rec,nll_rec
66-alternatives,22.3495011710189,57.444488068185876,eu_dur-weighted,0.5961944925525303,0.6424674060076856,8.570958805993893,7.299805608546703,0.8400867686437402,1.0,22.76438636375368
