subject,nll,bic,model,alpha,alpha_rec,beta,beta_rec,theta,theta_rec,nll_rec
125-attributes,15.640591780863733,44.02666928787555,eu_dur-weighted,0.523262272330895,0.5527541580365668,17.815588130756876,15.062711939117914,0.38623953014843004,0.326631428467318,18.52659708625947
