subject,nll,bic,model,alpha,alpha_rec,beta,beta_rec,theta,theta_rec,nll_rec
2-alternatives,29.295116060427958,71.33571784700399,eu_dur-weighted,0.520554335071734,0.5536782082037641,5.8409015186154525,5.706091192026039,1.0,1.0,29.040535836005006
