subject,nll,bic,model,alpha,alpha_rec,beta,beta_rec,theta,theta_rec,nll_rec
115-alternatives,13.941210313232519,40.62790635261312,eu_dur-weighted,0.8914239658314046,0.824639059163996,10.029267400815872,10.525913650315594,1.0,0.9726298700303155,14.039526088688296
