subject,nll,bic,model,alpha,alpha_rec,beta,beta_rec,theta,theta_rec,nll_rec
135-alternatives,36.49012877831238,85.72574328277284,eu_dur-weighted,2.4303706406270758,2.2581307977071,0.09075499096938654,0.20101298697249342,0.6941092026971238,0.32960241361012577,33.94797337758628
