subject,nll,bic,model,alpha,alpha_rec,beta,beta_rec,theta,theta_rec,nll_rec
74-attributes,33.68496128315262,79.84657181638426,eu_dur-weighted,0.43127742124146745,0.6726979857668927,7.45936710439464,2.763104635454154,0.007784512266535511,0.3401707586928395,37.93684427892205
