subject,nll,bic,model,alpha,alpha_rec,beta,beta_rec,theta,theta_rec,nll_rec
61-attributes,29.459551043489387,71.66458781312686,eu_dur-weighted,0.7072076190768098,0.6385590303777152,7.367993109137332,6.22095123545336,0.20296021369750677,0.8350033304493331,26.591451029145723
