subject,nll,bic,model,alpha,alpha_rec,beta,beta_rec,theta,theta_rec,nll_rec
21-alternatives,19.379819191958692,51.505124110065466,eu_dur-weighted,1.0411418465190085,1.0684857785133821,5.829184195554484,8.015138022253813,1.0,0.9891998937376112,15.210266895962512
