subject,nll,bic,model,alpha,alpha_rec,beta,beta_rec,theta,theta_rec,nll_rec
38-alternatives,24.586823298816757,61.9191323237816,eu_dur-weighted,0.8795715482708716,0.9400584011625449,5.404925115483536,7.597361581844627,0.8087957393582074,0.7123361233291794,19.034145244530475
