subject,nll,bic,model,alpha,alpha_rec,beta,beta_rec,theta,theta_rec,nll_rec
4-attributes,38.47490523954439,89.69529620523686,eu_dur-weighted,1.5821573027814104,1.2691007693505343,0.5944336228532686,1.3611966152679444,0.3979031210710337,0.37538207784175265,36.91019279535699
