subject,nll,bic,model,alpha,alpha_rec,beta,beta_rec,theta,theta_rec,nll_rec
18-attributes,18.49485949753463,49.73520472121734,eu_dur-weighted,0.9775884300523938,0.9209663797892358,8.149828694110818,8.885155117158744,0.6111892243907476,0.04487131267743779,24.263653662361726
