subject,nll,bic,model,alpha,alpha_rec,beta,beta_rec,theta,theta_rec,nll_rec
191-attributes,20.67158316435428,54.08865205485664,eu_dur-weighted,1.0996395839894364,1.0311922879590256,6.69660574105394,9.723551865266982,0.4311627879909776,0.0,21.764611111450122
