subject,nll,bic,model,alpha,alpha_rec,beta,beta_rec,theta,theta_rec,nll_rec
56-alternatives,16.238307560123108,45.2221008463943,eu_dur-weighted,0.22749736230734668,0.30774488270691475,15.616239580389493,11.51013707970261,0.6838096092835982,0.8192753398244578,20.966678936769533
