subject,nll,bic,model,alpha,alpha_rec,beta,beta_rec,theta,theta_rec,nll_rec
87-attributes,24.028766695285743,60.80301911671957,eu_dur-weighted,0.3655216872865885,0.3514631858053249,11.870512383489286,23.860292418822727,0.42741005157273787,0.2212674086498126,14.847466616428601
