subject,nll,bic,model,alpha,alpha_rec,beta,beta_rec,theta,theta_rec,nll_rec
138-attributes,-6.899996549434658e-05,12.70218151386079,eu_dur-weighted,2.949660829247412,2.949660829247412,49.29627894295062,49.29627894295062,0.38840394883544405,0.38840394883544405,-6.899996549434658e-05
