subject,nll,bic,model,alpha,alpha_rec,beta,beta_rec,theta,theta_rec,nll_rec
127-alternatives,21.970354744341343,56.68619521483076,eu_dur-weighted,0.7490531576853493,0.93478287015065,7.556500613456172,6.326069743592603,0.7911236517268259,0.7008013050432396,21.79097933993598
