subject,nll,bic,model,alpha,alpha_rec,beta,beta_rec,theta,theta_rec,nll_rec
45-alternatives,23.247277282760585,59.240040291669246,eu_dur-weighted,2.7891911932539872,2.642174225321977,0.10606395659954249,0.13013184315301488,0.9485636213407019,1.0,24.139986313984405
