subject,nll,bic,model,alpha,alpha_rec,beta,beta_rec,theta,theta_rec,nll_rec
133-attributes,20.275774756874267,53.25386902754031,eu_dur-weighted,0.35342510390809245,0.40866300899557734,13.748011185529126,31.602307072112378,0.5137072324044828,0.16840636267412384,10.698121380532708
