subject,nll,bic,model,alpha,alpha_rec,beta,beta_rec,theta,theta_rec,nll_rec
51-attributes,36.23510101576867,85.08427988971025,eu_dur-weighted,1.7764369538947502,2.045640380673517,0.5653555577741948,0.3238819768148535,0.07130404880856522,0.11660855293641127,35.380255105993754
