subject,nll,bic,model,alpha,alpha_rec,beta,beta_rec,theta,theta_rec,nll_rec
20-alternatives,20.150740469232677,53.046966664613436,eu_dur-weighted,0.48136277675380085,0.5765257506822564,9.83353287613616,8.433930433108465,1.0,0.993508097775714,21.501930020917186
