subject,nll,bic,model,alpha,alpha_rec,beta,beta_rec,theta,theta_rec,nll_rec
85-attributes,15.56967820918083,43.841675932153436,eu_dur-weighted,0.12482404188489299,0.0,22.674312712245836,18.710566530045377,0.13026141978235573,0.24807040986921974,18.517517637587794
