,TwoStageBetween,TwoStageWithin
count,178.0,178.0
mean,184.58640955056177,186.96194494382024
std,107.66029064945359,106.70540631080091
min,-102.8938,-77.2408
25%,112.2553,117.884275
50%,182.9,178.30285
75%,250.452275,251.134925
max,659.4725,653.459
