,TwoStageBetween,TwoStageWithin,TwoStageMixtureNoScaling
count,178.0,178.0,178.0
mean,184.58640955056177,186.96194494382024,195.66825674157303
std,107.66029064945359,106.70540631080091,107.10905420546767
min,-102.8938,-77.2408,-86.6295
25%,112.2553,117.884275,125.08795
50%,182.9,178.30285,184.8527
75%,250.452275,251.13492499999998,259.62865
max,659.4725,653.459,661.4614
