subject,nll,bic,model,alpha,alpha_rec,gamma,gamma_rec,beta,beta_rec,nll_rec
7,95.72201088311226,206.26894903405244,pt,0.07775129485482073,0.005872561790374278,1.0,0.28,0.9396030901098748,10.208007648297684,95.61492985673377
