subject,nll,bic,model,alpha,alpha_rec,gamma,gamma_rec,beta,beta_rec,nll_rec
2,32.831907259538575,80.44557557454877,pt,0.42641772307503895,0.4206561746067448,0.6894201431300334,0.6893806572433903,22.072440210955943,27.227063870449438,27.424561450600116
