subject,nll,bic,model,alpha,alpha_rec,gamma,gamma_rec,beta,beta_rec,nll_rec
9,71.06300160301878,156.92942500542964,pt,1.0894311848638134,1.0510679293243177,0.9657168083142441,0.8757351004168428,1.5369359962690448,2.049625881977303,66.03350994879217
