subject,nll,bic,model,alpha,alpha_rec,gamma,gamma_rec,beta,beta_rec,nll_rec
14,55.52336297917955,125.85014775775117,pt,1.036845190075083,0.8182643508154932,0.9449210843298893,0.6909599632900646,3.1483261770832542,10.33383273654199,39.28599323682112
