subject,nll,bic,model,alpha,alpha_rec,gamma,gamma_rec,beta,beta_rec,nll_rec
6,78.91189721313182,172.64872169409156,pt,0.7885212571098341,0.5525295936554492,1.0,0.5094289693818557,1.9882504683831443,7.986185201213051,69.82710268069326
