subject,nll,bic,model,alpha,alpha_rec,gamma,gamma_rec,beta,beta_rec,nll_rec
19,26.082187796606966,66.98930286104185,pt,0.31166904813337587,0.26381465223075196,0.988256444546176,0.643518434539123,16.881980447258638,45.76547946617463,25.08577763467735
