subject,nll,bic,model,alpha,alpha_rec,gamma,gamma_rec,beta,beta_rec,nll_rec
0,66.6996700139945,148.22426729581693,pt,1.248229305740226,0.8930515767966247,0.7328079531734527,0.6318876246787675,1.2865784952728383,3.260177504854819,66.12934713790699
