subject,nll,bic,model,alpha,alpha_rec,gamma,gamma_rec,beta,beta_rec,nll_rec
15,52.53538266678888,119.87418713296982,pt,0.39078022118577144,0.40055848559625706,0.6721645338498414,0.7495415603350227,13.548686628119325,12.109230558399641,49.96335079549554
