subject,nll,bic,model,alpha,alpha_rec,gamma,gamma_rec,beta,beta_rec,nll_rec
16,87.31852209119975,189.30809156706476,pt,0.5274504189698337,0.2827330254647673,0.5865141924989692,0.3406688577913928,2.3644612619829597,13.460323053134207,84.90692112842308
