subject,nll,bic,model,wp,wp_rec,beta,beta_rec,b_last,b_last_rec,b_longer,b_longer_rec,nll_rec
184,8.89168497724389,37.549939644925,wa_b-last_b-longer,1.0,0.9931006948103505,34.63243718965355,199.99271083259393,-0.021322237300983572,-0.06860794983742437,-0.04717793828105385,-0.012858660091373403,2.9240673524621483
