subject,nll,bic,model,wp,wp_rec,beta,beta_rec,b_last,b_last_rec,b_longer,b_longer_rec,nll_rec
185,65.42776444836323,150.6220985871637,wa_b-last_b-longer,0.9199032261332558,0.915783661682448,9.88333577311299,11.088394098538805,0.024001287988404986,-0.018366245189000444,-0.00974042913873408,-0.004649579629450104,61.85290498717876
