subject,nll,bic,model,wp,wp_rec,beta,beta_rec,b_last,b_last_rec,b_longer,b_longer_rec,nll_rec
111,55.80162914160172,131.36982797364067,wa_b-last_b-longer,0.8713784835724134,0.8598129565024885,9.324641813093786,8.807382590053976,0.004864235512704995,0.024169859076417985,0.036183164965190556,-0.013058030958378888,54.77882354300772
