subject,nll,bic,model,wp,wp_rec,beta,beta_rec,b_last,b_last_rec,b_longer,b_longer_rec,nll_rec
61,60.251481848914054,140.26953338826533,wa_b-last_b-longer,0.9373098480472564,0.9349910742360261,13.352866088183148,13.25671835898932,0.01030978542637995,-0.001056526211789368,-0.011676542922449202,0.015735415147444896,60.333799665184905
