subject,nll,bic,model,wp,wp_rec,beta,beta_rec,b_last,b_last_rec,b_longer,b_longer_rec,nll_rec
131,48.618105436084726,117.00278056260666,wa_b-last_b-longer,0.9167285654743582,0.9239569914124999,17.084562936589208,19.25338704308325,-0.017403945828042163,-0.04951740081773242,0.0037698119558333197,-0.022782421983753742,44.394961315644366
