subject,nll,bic,model,wp,wp_rec,beta,beta_rec,b_last,b_last_rec,b_longer,b_longer_rec,nll_rec
8,36.756054919916245,93.2786795302697,wa_b-last_b-longer,0.9496566222789586,0.9490824837927899,28.85377574922495,31.176802517950076,-0.00573012708345053,-0.0027633836994206914,-0.024043295749179266,-0.026588364983008407,34.56838272820737
