subject,nll,bic,model,wp,wp_rec,beta,beta_rec,b_last,b_last_rec,b_longer,b_longer_rec,nll_rec
77,51.808265890461215,123.38310147135965,wa_b-last_b-longer,0.9784325601633599,0.9932447620395513,10.999320086935152,8.256274834840088,0.01665134274663465,0.03740482194090673,0.006202774715346711,3.185766469738887e-08,55.47390750602713
