subject,nll,bic,model,wp,wp_rec,beta,beta_rec,b_last,b_last_rec,b_longer,b_longer_rec,nll_rec
6,40.510259647650194,100.7870889857376,wa_b-last_b-longer,0.9509963661599812,0.9484253720270153,25.346616641522065,27.33536152623374,0.003562985023469622,0.0033240047314221323,-0.003117116853746646,0.01501376640763713,38.856943150415944
