subject,nll,bic,model,wp,wp_rec,beta,beta_rec,b_last,b_last_rec,b_longer,b_longer_rec,nll_rec
70,50.65101654033644,121.06860277111011,wa_b-last_b-longer,0.9254732939016732,0.9302191542279838,16.203216679591844,17.01499858419796,0.027471381750914306,0.03005233113076636,0.011477932385491383,3.8076666188409076e-08,50.13133668667125
