subject,nll,bic,model,wp,wp_rec,beta,beta_rec,b_last,b_last_rec,b_longer,b_longer_rec,nll_rec
149,10.532845744654672,40.71631103225356,wa_b-last_b-longer,1.0,0.9931184267377473,25.9573030314923,26.657598044488562,0.025748615933428764,-0.03829403653102725,0.017434795159374353,0.01181342258436353,14.901081778114136
