subject,nll,bic,model,wp,wp_rec,beta,beta_rec,b_last,b_last_rec,b_longer,b_longer_rec,nll_rec
148,43.26968327384532,106.27726228021339,wa_b-last_b-longer,0.950191439602215,0.9538298939375301,23.012881862890286,24.799083777097838,-0.011349038705249776,-0.015248397412418738,-0.013203692760345378,-0.04407471307181401,37.98596497417731
