subject,nll,bic,model,wp,wp_rec,beta,beta_rec,b_last,b_last_rec,b_longer,b_longer_rec,nll_rec
104,62.95708861429148,145.56479677152717,wa_b-last_b-longer,0.9414407351904668,0.9384804927421765,11.750835696827565,16.234653007581297,-0.005929924987311591,0.014278604979623044,-0.007522776235551126,-0.0064644431743376895,52.57821194090887
