subject,nll,bic,model,wp,wp_rec,beta,beta_rec,b_last,b_last_rec,b_longer,b_longer_rec,nll_rec
99,58.18865411060493,136.14387791164708,wa_b-last_b-longer,0.9363594087180561,0.9320725911250896,14.347123634758933,9.953692073080923,-0.001445342627134836,-0.003084723812623077,-0.011323715324493283,-0.05127351769789049,67.20241533428363
