subject,nll,bic,model,wp,wp_rec,beta,beta_rec,b_last,b_last_rec,b_longer,b_longer_rec,nll_rec
172,39.79500009454787,99.35656987953297,wa_b-last_b-longer,0.817871709238307,0.8218382488603116,10.753622132605146,13.006947626418016,0.02412507341489792,0.04786029473258896,0.03681252335371011,0.020475864266023425,35.45535206502629
