subject,nll,bic,model,wp,wp_rec,beta,beta_rec,b_last,b_last_rec,b_longer,b_longer_rec,nll_rec
126,65.05586829146141,149.87830627336004,wa_b-last_b-longer,0.9510539497863455,0.9492110576087869,11.239410885094333,11.117275675165875,0.0053246278821314046,0.00940893069538029,5.291681218219819e-08,-0.004316707964058732,65.58522167494385
