subject,nll,bic,model,wp,wp_rec,beta,beta_rec,b_last,b_last_rec,b_longer,b_longer_rec,nll_rec
26,27.641935937642124,75.05044156572146,wa_b-last_b-longer,0.9773262117085505,0.9756276057359392,21.244239748959604,22.781682009063108,-0.021016063341870107,0.0025355204775861554,-0.01950668923982859,0.006434455443218364,25.257983332182317
