subject,nll,bic,model,wp,wp_rec,beta,beta_rec,b_last,b_last_rec,b_longer,b_longer_rec,nll_rec
102,58.062209419782846,135.89098853000291,wa_b-last_b-longer,0.9341730515104484,0.9295457694459596,13.974145175946164,11.675942944960852,0.017356445216985202,0.012094711639848895,4.716103394080388e-09,-0.030057322824401028,62.372842178941255
