subject,nll,bic,model,wp,wp_rec,beta,beta_rec,b_last,b_last_rec,b_longer,b_longer_rec,nll_rec
90,36.591009566630426,92.94858882369806,wa_b-last_b-longer,0.9540542101901968,0.9522762709185612,27.251887412676258,26.026066379377628,-0.006050562790861788,-0.01841580390796648,-0.006561802465082428,-0.019150609345631005,38.87994106109373
