subject,nll,bic,model,wp,wp_rec,beta,beta_rec,b_last,b_last_rec,b_longer,b_longer_rec,nll_rec
147,60.620996782482436,141.0085632554021,wa_b-last_b-longer,0.944334416454307,0.9465035092759456,13.184425390733624,12.287901774222398,0.018198015977894944,-0.007661082479239584,0.01557980768934755,0.008073551486790214,63.561073769456115
