subject,nll,bic,model,wp,wp_rec,beta,beta_rec,b_last,b_last_rec,b_longer,b_longer_rec,nll_rec
179,52.11906803613759,124.0047057627124,wa_b-last_b-longer,0.8220885195499885,0.82313177853291,7.2928382830857075,6.5888777120443285,-0.007908930428834594,0.028353089257018856,0.033985299822982394,0.08119927766172896,53.55924980890618
