subject,nll,bic,model,wp,wp_rec,beta,beta_rec,b_last,b_last_rec,b_longer,b_longer_rec,nll_rec
19,57.92964656059009,135.59718885370296,wa_b-last_b-longer,0.9123285170370071,0.9223468259130189,12.095505006712807,16.954950317183165,-0.019073834070194303,-0.025218955498558942,-0.004507421168972904,-0.03049156737580005,48.68317406849662
