subject,nll,bic,model,wp,wp_rec,beta,beta_rec,b_last,b_last_rec,b_longer,b_longer_rec,nll_rec
0,64.7928248633439,149.352219417125,wa_b-last_b-longer,0.9284119266592472,0.9221782090019793,11.065863756346864,12.223920070655897,3.700408677963111e-05,0.03263110379306114,-0.004406547425990899,0.017505796560136344,58.53950732839768
