subject,nll,bic,model,wp,wp_rec,beta,beta_rec,b_last,b_last_rec,b_longer,b_longer_rec,nll_rec
192,-0.00013641518652176727,19.766296860064173,wa_b-last_b-longer,1.0,1.0,199.99823775178268,199.99823775178268,0.016756561086974115,0.016756561086974115,-4.737820067803957e-05,-4.737820067803957e-05,-0.00013641518652176727
