subject,nll,bic,model,wp,wp_rec,beta,beta_rec,b_last,b_last_rec,b_longer,b_longer_rec,nll_rec
42,30.44063464278967,80.64783897601656,wa_b-last_b-longer,0.945447842809443,0.9474119275269614,36.43121150399365,34.520886822525,-0.002870069070508079,0.00013037767318203533,0.002981372194927839,-0.011587801040026479,32.346374189852554
