subject,nll,bic,model,wp,wp_rec,beta,beta_rec,b_last,b_last_rec,b_longer,b_longer_rec,nll_rec
28,40.450982204665124,100.66853409976747,wa_b-last_b-longer,0.9317611418698231,0.9260311156752162,23.82181409037614,26.77185184573738,0.0037129179387269833,0.0163080011641371,-0.003346998877129808,-0.009738871661426863,36.33481901211499
