subject,nll,bic,model,wp,wp_rec,beta,beta_rec,b_last,b_last_rec,b_longer,b_longer_rec,nll_rec
129,50.18213389016107,120.13083747075936,wa_b-last_b-longer,0.9186970039616421,0.920160242471905,16.1356084985027,19.38587186288637,0.008820205314654562,-0.00282523217758443,0.015369530772155852,-0.0035294279828518896,45.559368099175835
