subject,nll,bic,model,wp,wp_rec,beta,beta_rec,b_last,b_last_rec,b_longer,b_longer_rec,nll_rec
47,-0.00013541585831374945,19.73762490080614,wa_b-last_b-longer,1.0,1.0,200.0,200.0,0.01679043126044975,0.01679043126044975,3.766955533633572e-07,3.766955533633572e-07,-0.00013541585831374945
