subject,nll,bic,model,wp,wp_rec,beta,beta_rec,b_last,b_last_rec,b_longer,b_longer_rec,nll_rec
58,61.83980927989725,143.30071767354823,wa_b-last_b-longer,0.94225814504939,0.9402005592856127,12.23348780265958,13.704284397004468,6.520079494886848e-05,-0.012211176087455793,0.011275198528859939,0.014916974964961754,58.459101148378494
