subject,nll,bic,model,wp,wp_rec,beta,beta_rec,b_last,b_last_rec,b_longer,b_longer_rec,nll_rec
196,67.01650991721793,153.79958952487308,wa_b-last_b-longer,0.9174802708106183,0.9054196895719824,8.870568188226473,9.09057920109745,0.046893756334438985,0.026879215715268766,-1.6922751189728937e-08,0.027039426535575284,64.09017190837929
