subject,nll,bic,model,wp,wp_rec,beta,beta_rec,b_last,b_last_rec,b_longer,b_longer_rec,nll_rec
45,29.259019682616028,78.28460905566928,wa_b-last_b-longer,0.7648965657447936,0.8026986201714914,10.477728848011125,13.571308580948244,0.00241547109284309,-0.04472969584322974,2.3312947057786558e-07,0.015497834640420597,31.084658901808393
