subject,nll,bic,model,wp,wp_rec,beta,beta_rec,b_last,b_last_rec,b_longer,b_longer_rec,nll_rec
12,59.48788212389732,138.7136599803174,wa_b-last_b-longer,0.9435429156581115,0.9471324582395688,13.595364936809998,10.911374014879517,0.025090545362306156,0.022319930397565035,2.10034277719981e-05,0.030741278908865834,65.01183971941714
