subject,nll,bic,model,wp,wp_rec,beta,beta_rec,b_last,b_last_rec,b_longer,b_longer_rec,nll_rec
20,48.205720158348186,116.1780100071336,wa_b-last_b-longer,0.9533122156678205,0.9541086825348368,19.10867908871388,18.09339865328964,-0.02241657028219292,-0.03661393696641394,-0.010506107808292496,2.470650820912804e-09,49.39039319770785
