subject,nll,bic,model,wp,wp_rec,beta,beta_rec,b_last,b_last_rec,b_longer,b_longer_rec,nll_rec
168,30.425750523232075,80.61807073690136,wa_b-last_b-longer,0.9713273937805251,0.9634267881736163,21.455746635898397,35.420722700438446,0.0022676173311270776,0.004932624355706411,-0.011011470915164787,0.024421083337523974,21.158058908623726
