subject,nll,bic,model,wp,wp_rec,beta,beta_rec,b_last,b_last_rec,b_longer,b_longer_rec,nll_rec
68,44.163969012405296,108.0945077152478,wa_b-last_b-longer,0.0,0.0,1.0185511371927287,1.1040520258762547,0.3315600851544859,0.0973506925951883,-5.820504512686726e-06,-5.713186695908473e-07,42.08784094617276
