subject,nll,bic,model,wp,wp_rec,beta,beta_rec,b_last,b_last_rec,b_longer,b_longer_rec,nll_rec
127,60.75840711788793,141.2547099682986,wa_b-last_b-longer,0.9261172521254676,0.9258352849534731,11.857606045426499,8.47572023824157,0.017928773285403155,0.06615711596646125,-0.002255210779252607,0.0032014398465911604,67.9439221094429
