subject,nll,bic,model,wp,wp_rec,beta,beta_rec,b_last,b_last_rec,b_longer,b_longer_rec,nll_rec
1,58.971419557129074,137.70940880469536,wa_b-last_b-longer,0.9270829769190401,0.9320256286342506,12.3887212822194,10.021852227225077,0.04004508504291385,0.060758096345197216,0.004286838604933386,-0.04351788948367526,63.816557372660654
