subject,nll,bic,model,wp,wp_rec,beta,beta_rec,b_last,b_last_rec,b_longer,b_longer_rec,nll_rec
153,56.19588767177311,132.15834503398344,wa_b-last_b-longer,0.8981585543001461,0.8905865134041303,11.10126117478528,8.446028760994672,0.032154480878670774,-0.00993056458939347,1.3698815187317477e-07,-0.02959773231393041,63.783610219162455
