subject,nll,bic,model,wp,wp_rec,beta,beta_rec,b_last,b_last_rec,b_longer,b_longer_rec,nll_rec
151,50.68885439774985,121.14427848593692,wa_b-last_b-longer,0.9488888574778854,0.9514662205991365,18.47351186771525,19.82429407248203,0.007850120175933197,-0.012017438824930546,-7.355834232153979e-09,0.006716235682482625,47.98047635222834
