subject,nll,bic,model,wp,wp_rec,beta,beta_rec,b_last,b_last_rec,b_longer,b_longer_rec,nll_rec
48,77.86656913966328,175.4997079697638,wa_b-last_b-longer,0.8678219129342023,0.8994562173769957,4.147792857129955,5.813351484854395,0.04878609847947345,0.050430450770717304,-0.010032534367367882,-0.021784743520517114,75.38181892546015
