subject,nll,bic,model,wp,wp_rec,beta,beta_rec,b_last,b_last_rec,b_longer,b_longer_rec,nll_rec
55,52.078290320777114,123.89447637407699,wa_b-last_b-longer,0.9037072610137449,0.9111843397601002,13.3809372377365,14.506802763105108,0.027506400947235846,0.0015039685699197098,0.00011566020544145692,-0.02449687914327973,51.67798974910613
