subject,nll,bic,model,wp,wp_rec,beta,beta_rec,b_last,b_last_rec,b_longer,b_longer_rec,nll_rec
174,63.34019835815735,146.44696640675193,wa_b-last_b-longer,0.9075954149719553,0.8984149011335654,9.932038937446595,10.607095519589944,-0.019217154670241248,-0.03982476034600529,-0.005081185901711356,4.524110552924784e-08,58.82432345747411
