subject,nll,bic,model,wp,wp_rec,beta,beta_rec,b_last,b_last_rec,b_longer,b_longer_rec,nll_rec
72,59.44214318670204,138.5933011140329,wa_b-last_b-longer,0.9691376214902713,0.9841412863697744,10.350891565410645,8.708242529521092,-0.005268315333694371,0.0695687955237459,0.004414500560352832,0.055161957366987764,54.87330956528544
