subject,nll,bic,model,wp,wp_rec,beta,beta_rec,b_last,b_last_rec,b_longer,b_longer_rec,nll_rec
180,53.483376332920585,126.73332235627839,wa_b-last_b-longer,0.9476858276381138,0.9536656884775435,16.68066333594787,21.000282784996017,0.01536601480178616,0.03159011556964924,-0.014002576564600131,-0.02425279528373893,43.30786690005629
