subject,nll,bic,model,wp,wp_rec,beta,beta_rec,b_last,b_last_rec,b_longer,b_longer_rec,nll_rec
36,130.42852004578174,283.367524546326,wa_b-last_b-longer,0.9486854013024513,0.9481397092525843,11.04997591179985,10.14837317814211,0.012717093902901265,0.005606165386725621,-0.0034315187636777367,-0.014914880177743292,135.64385292620813
