subject,nll,bic,model,wp,wp_rec,beta,beta_rec,b_last,b_last_rec,b_longer,b_longer_rec,nll_rec
18,52.81310092630392,125.39277154304506,wa_b-last_b-longer,0.9250517211248342,0.9156272423339312,15.660808254706616,10.795121710510001,-0.005981999060834435,-0.01837061384504459,0.007649616313701182,-0.009435300946119067,62.64581257513253
