subject,nll,bic,model,wp,wp_rec,beta,beta_rec,b_last,b_last_rec,b_longer,b_longer_rec,nll_rec
161,39.77197243660213,99.31051456364148,wa_b-last_b-longer,0.9530138795755635,0.9568783352283963,24.75224227918232,27.37796105000037,0.01664343569779414,0.01807166742484858,-0.009769239567189626,-0.017754721292173974,33.912501816547426
