subject,nll,bic,model,wp,wp_rec,beta,beta_rec,b_last,b_last_rec,b_longer,b_longer_rec,nll_rec
13,67.21819268858684,154.2029550676109,wa_b-last_b-longer,0.8869733162062554,0.8918149128215411,6.13890252914192,9.870628755359649,0.10615610737680005,0.05318119548695543,0.0537425074928182,0.04489579312820204,56.218108498614654
