subject,nll,bic,model,wp,wp_rec,beta,beta_rec,b_last,b_last_rec,b_longer,b_longer_rec,nll_rec
141,24.666741287014474,69.10005226446617,wa_b-last_b-longer,0.9508953500303106,0.9499849450872093,45.614499093801655,53.552671390484434,-0.017018510741776405,-0.010757762175250277,-0.005783934344049454,-0.00544799475623399,21.93746398201921
