subject,nll,bic,model,wp,wp_rec,beta,beta_rec,b_last,b_last_rec,b_longer,b_longer_rec,nll_rec
186,71.12093350526902,162.00843670097527,wa_b-last_b-longer,0.8926030038274663,0.8922831078775871,5.085198325206154,5.608525511732179,0.15400544240481792,0.23677655280435636,0.04400415122266012,-0.0574199310451067,60.08149458406122
