subject,nll,bic,model,wp,wp_rec,beta,beta_rec,b_last,b_last_rec,b_longer,b_longer_rec,nll_rec
80,55.53538780239653,130.83734529523028,wa_b-last_b-longer,0.9123233298868494,0.9017965180929514,12.830472470212595,11.957991894313663,0.019431608047739843,0.0027716603224511465,-0.008755801203911848,-0.023357519028530453,55.60996231354608
