subject,nll,bic,model,wp,wp_rec,beta,beta_rec,b_last,b_last_rec,b_longer,b_longer_rec,nll_rec
49,29.91249213274778,79.56287999801833,wa_b-last_b-longer,0.9732094501337089,0.9647538617994299,21.12127143223906,23.319213271955586,-0.008380846201785837,0.010168226685739482,0.011596657239303537,-0.009109685970460987,32.544760513193786
