subject,nll,bic,model,wp,wp_rec,beta,beta_rec,b_last,b_last_rec,b_longer,b_longer_rec,nll_rec
162,75.23053462403588,170.227638938509,wa_b-last_b-longer,0.8985742713032326,0.887020240158237,5.937458037576111,5.888284624455803,0.03598645658424277,-0.01143817988319442,0.021419699899359986,2.081220824701228e-08,74.21445091438395
