subject,nll,bic,model,wp,wp_rec,beta,beta_rec,b_last,b_last_rec,b_longer,b_longer_rec,nll_rec
88,29.012479112875063,77.79152791618733,wa_b-last_b-longer,0.9398787312494332,0.9401544202748391,36.13717172197353,57.06480935551746,-0.01964594112675585,-0.023296705998630693,2.415907773615601e-07,-3.485171200084258e-07,17.477753574068878
