subject,nll,bic,model,wp,wp_rec,beta,beta_rec,b_last,b_last_rec,b_longer,b_longer_rec,nll_rec
103,58.79364885534613,137.35386740112946,wa_b-last_b-longer,0.9532956965335655,0.9600436173645832,13.654946146461393,11.291488824747278,-0.004215700670339907,-0.019796456725567478,0.007926799716891609,-0.004679203622683103,62.258427946219435
