subject,nll,bic,model,wp,wp_rec,beta,beta_rec,b_last,b_last_rec,b_longer,b_longer_rec,nll_rec
2,48.053596562191274,115.87376281481977,wa_b-last_b-longer,0.946310284340739,0.9446837340328992,19.981189610379563,16.253296339254515,0.01700759017525128,0.04770910421895326,0.016323617305985635,0.02579686279738606,51.61301739754623
