subject,nll,bic,model,wp,wp_rec,beta,beta_rec,b_last,b_last_rec,b_longer,b_longer_rec,nll_rec
73,43.55289158872925,106.81479791808732,wa_b-last_b-longer,0.9470710543482634,0.9490589924326981,22.860405295089507,27.41915323001969,0.016346075106978386,0.00041655195017037107,-0.021847525888551638,7.94603317208095e-05,38.766404230008334
