subject,nll,bic,model,wp,wp_rec,beta,beta_rec,b_last,b_last_rec,b_longer,b_longer_rec,nll_rec
60,55.58209207735139,130.93075384514,wa_b-last_b-longer,0.9482370741620073,0.9516066889266434,15.814137081810179,17.703739327625872,0.005469071867099313,0.022105602838084295,-0.0035705266303133346,0.0035222541044515675,50.46433203358775
