subject,nll,bic,model,wp,wp_rec,beta,beta_rec,b_last,b_last_rec,b_longer,b_longer_rec,nll_rec
112,17.857180851210146,55.48093139285751,wa_b-last_b-longer,0.9453122908359123,0.9464923102434816,59.39441012046412,77.17542319231325,0.006527933614229015,0.002988503072588125,9.2620739331259e-08,-0.0029876405416520385,14.470358316757558
