subject,nll,bic,model,wp,wp_rec,beta,beta_rec,b_last,b_last_rec,b_longer,b_longer_rec,nll_rec
188,66.02305652088262,151.81268273220246,wa_b-last_b-longer,0.8530958906998022,0.7991501002643838,5.498604119618547,3.440236263615063,0.04221981682144387,0.0036625321074238663,-0.06193133863302251,-0.0280271304666971,69.96229329702103
