subject,nll,bic,model,wp,wp_rec,beta,beta_rec,b_last,b_last_rec,b_longer,b_longer_rec,nll_rec
34,66.8485717710536,153.22835123245267,wa_b-last_b-longer,0.9084513877078886,0.9074531242799951,7.104009445858608,8.484023529114323,0.06489375247569576,0.11010944652295736,-0.013281586485052971,0.030668607498447197,57.363355674631734
