subject,nll,bic,model,wp,wp_rec,beta,beta_rec,b_last,b_last_rec,b_longer,b_longer_rec,nll_rec
120,50.55401771344269,120.8746051173226,wa_b-last_b-longer,0.9522296093061788,0.9533879613373478,17.86322343330718,19.376246207806663,0.00838659039419059,0.011544767831442882,-0.007008187048059869,0.024345249277897794,46.91118375013087
