subject,nll,bic,model,wp,wp_rec,beta,beta_rec,b_last,b_last_rec,b_longer,b_longer_rec,nll_rec
123,50.702806083926504,121.17218185829023,wa_b-last_b-longer,0.8985368595103292,0.8892574323258449,14.259296402118018,13.636965380035708,-0.006847318034382246,-0.007238505011018686,0.008489825590482244,0.008997596577435768,50.06565234114613
