subject,nll,bic,model,wp,wp_rec,beta,beta_rec,b_last,b_last_rec,b_longer,b_longer_rec,nll_rec
75,45.915590483012,111.59775065646122,wa_b-last_b-longer,0.9690559001817617,0.9633316826184128,14.461648068846761,17.65193791016157,0.043109502902569194,0.023333818159298872,-0.010035841249489825,0.030258306555587786,43.18355045694089
