subject,nll,bic,model,wp,wp_rec,beta,beta_rec,b_last,b_last_rec,b_longer,b_longer_rec,nll_rec
44,38.97322506564829,97.71301982173381,wa_b-last_b-longer,0.9696700455217796,0.9696404584244688,17.638439695343806,21.48603845236302,0.00803046652366048,0.006976591753574906,0.02535221467532404,0.02598151362020248,31.802948330995132
