subject,nll,bic,model,wp,wp_rec,beta,beta_rec,b_last,b_last_rec,b_longer,b_longer_rec,nll_rec
97,47.41095701106454,114.5884837125663,wa_b-last_b-longer,0.9450671902296741,0.9423575396139879,20.782553424699103,18.3771012677232,0.01027614430696633,0.017699095341069435,0.0032084226241129465,-0.013495921794584304,50.601388816546674
