subject,nll,bic,model,wp,wp_rec,beta,beta_rec,b_last,b_last_rec,b_longer,b_longer_rec,nll_rec
50,44.78596795032564,109.3385055910885,wa_b-last_b-longer,0.8126627838692658,0.7964213399894481,8.464808067295603,5.619764160754404,0.03756400450931506,0.06693146939911804,0.03353023911331983,0.04423707362739837,52.43286492474927
