subject,nll,bic,model,wp,wp_rec,beta,beta_rec,b_last,b_last_rec,b_longer,b_longer_rec,nll_rec
195,40.95657884193939,101.679727374316,wa_b-last_b-longer,0.9538575856890196,0.9528989942179187,23.847295045297592,23.029251699451923,-0.009138604310121055,-0.01222321484834333,-0.0033248667976554453,-0.013170003023367441,42.51234132967493
