subject,nll,bic,model,wp,wp_rec,beta,beta_rec,b_last,b_last_rec,b_longer,b_longer_rec,nll_rec
176,54.521575532787764,128.80972075601275,wa_b-last_b-longer,0.939928449020747,0.9441920870901676,15.485232647423983,17.012905413489328,0.037437609055997696,0.015084679689278895,3.87442925913674e-09,-0.020757500327927902,52.942826213635044
