subject,nll,bic,model,wp,wp_rec,beta,beta_rec,b_last,b_last_rec,b_longer,b_longer_rec,nll_rec
128,78.0906010843762,175.89021690938122,wa_b-last_b-longer,0.9391205393257637,0.9538129405818399,6.967073910951401,6.952469146085852,-0.011463908389705211,0.017257259375400607,-0.008108221020092352,0.040503024392630545,75.70065250600621
