subject,nll,bic,model,wp,wp_rec,beta,beta_rec,b_last,b_last_rec,b_longer,b_longer_rec,nll_rec
117,51.05834362283029,121.88325693609781,wa_b-last_b-longer,0.9560206696348827,0.9589463972833968,16.82653146816258,14.815134326206769,-0.016105567669804078,-0.039924787003442375,8.4424825700829e-08,-0.008381429058898866,53.59136279874893
