subject,nll,bic,model,wp,wp_rec,beta,beta_rec,b_last,b_last_rec,b_longer,b_longer_rec,nll_rec
39,60.96301669437453,141.69260307918628,wa_b-last_b-longer,0.9044400203459293,0.8948336975186119,10.08132140900422,8.094561524822053,0.024261081395944246,-0.025782113405077113,-0.010231614175446822,-0.0059838090757352285,66.66897414610281
