subject,nll,bic,model,wp,wp_rec,beta,beta_rec,b_last,b_last_rec,b_longer,b_longer_rec,nll_rec
125,34.72695999835513,89.22048968714748,wa_b-last_b-longer,0.9499245606979163,0.9472805201800079,31.381506191260712,31.836879793593983,0.00020904534475766275,-0.002737778093487937,0.005900486682548719,0.014643952074806824,34.589007744992685
