subject,nll,bic,model,wp,wp_rec,beta,beta_rec,b_last,b_last_rec,b_longer,b_longer_rec,nll_rec
178,71.0827265250927,161.9320227406226,wa_b-last_b-longer,0.9523079750343472,0.9603875370361941,8.86326040878787,9.15374247212664,0.009512662985645041,0.019808173994162168,-0.02018366099123394,0.010458909012561825,67.53710097871203
