subject,nll,bic,model,wp,wp_rec,beta,beta_rec,b_last,b_last_rec,b_longer,b_longer_rec,nll_rec
66,54.773134672479415,129.31283903539605,wa_b-last_b-longer,0.9364804202480411,0.937977582288283,16.05834380885751,17.72122944131635,-0.019504413636650036,-0.02621716626328899,5.225087948363249e-07,0.028080030850315633,51.096918007083985
