subject,nll,bic,model,wp,wp_rec,beta,beta_rec,b_last,b_last_rec,b_longer,b_longer_rec,nll_rec
89,84.92653421677777,189.61963812399276,wa_b-last_b-longer,0.8316701029833878,0.8608617744346844,1.9715207011074283,3.371285900323929,0.1987518358632096,0.2756464330937048,0.01952831201804843,0.10883567273222698,70.57846769995763
