subject,nll,bic,model,wp,wp_rec,beta,beta_rec,b_last,b_last_rec,b_longer,b_longer_rec,nll_rec
175,50.73431975428231,121.20653524108738,wa_b-last_b-longer,0.9211297393772339,0.9174006820286018,15.462117142015114,21.6223641353391,0.027401564278970898,0.03210568762245102,0.0029883740403143563,-0.04029724568306897,38.503000461715466
