subject,nll,bic,model,wp,wp_rec,beta,beta_rec,b_last,b_last_rec,b_longer,b_longer_rec,nll_rec
170,44.38864214956013,108.54385398955748,wa_b-last_b-longer,0.9427992363146558,0.9434712531901749,22.680919032349056,18.111492634683636,0.0005729353212545709,0.028420380215557157,-0.019016938551208996,-0.034380296935307336,49.53605983548683
