subject,nll,bic,model,wp,wp_rec,beta,beta_rec,b_last,b_last_rec,b_longer,b_longer_rec,nll_rec
101,38.49547960841613,96.75752890726949,wa_b-last_b-longer,1.0,1.0,11.525998042307547,11.46313150000909,0.004120925035071666,0.027577288798289107,-0.018656216066012598,0.018434055694701468,38.0655508760493
