subject,nll,bic,model,wp,wp_rec,beta,beta_rec,b_last,b_last_rec,b_longer,b_longer_rec,nll_rec
41,91.55599633132036,202.73309177639445,wa_b-last_b-longer,0.9323027646278502,0.9302028047295784,1.6310759717709422,1.3423063213477557,-0.13966097966838156,-0.1171358546259617,-0.06712275307814734,-0.1574288440426337,91.80670429944385
