subject,nll,bic,model,wp,wp_rec,beta,beta_rec,b_last,b_last_rec,b_longer,b_longer_rec,nll_rec
5,28.925642244346626,77.61785417913046,wa_b-last_b-longer,0.8227626537024448,0.8226066521524505,17.603389440305488,21.46200621795595,0.03117978254477003,0.02992520359409174,0.030998718090493867,0.02986816904324734,24.764103197526445
