subject,nll,bic,model,wp,wp_rec,beta,beta_rec,b_last,b_last_rec,b_longer,b_longer_rec,nll_rec
138,-0.00013899993048861127,19.73761773266179,wa_b-last_b-longer,0.41776171292588893,0.41776171292588893,146.88640577543384,146.88640577543384,0.0438710081313296,0.0438710081313296,0.0676462637011106,0.0676462637011106,-0.00013899993048861127
