subject,nll,bic,model,wp,wp_rec,beta,beta_rec,b_last,b_last_rec,b_longer,b_longer_rec,nll_rec
106,70.07526418657459,159.88842410567193,wa_b-last_b-longer,0.8435880937061185,0.8332160552099871,4.128890450596039,4.125226717880942,0.09814417512187068,0.11051561522800177,0.06995482091386811,0.026094142147547406,67.9931930873718
