subject,nll,bic,model,wp,wp_rec,beta,beta_rec,b_last,b_last_rec,b_longer,b_longer_rec,nll_rec
23,61.757462267012514,143.28149422446225,wa_b-last_b-longer,0.9557353442751568,0.9581451787968663,11.869172448717247,13.969856064538712,0.005136191054107638,-0.00825201852344019,-0.017406010763499357,0.0083107367617503,55.940530140777796
