subject,nll,bic,model,wp,wp_rec,beta,beta_rec,b_last,b_last_rec,b_longer,b_longer_rec,nll_rec
22,52.68492803374487,125.13642575792696,wa_b-last_b-longer,0.9589746348749046,0.9565177042336664,14.772971827415413,17.25332296644942,0.0032742876272747914,0.0020048551986668606,0.0330916400597475,0.0378891238014157,48.68229609055707
