subject,nll,bic,model,wp,wp_rec,beta,beta_rec,b_last,b_last_rec,b_longer,b_longer_rec,nll_rec
146,42.305378889088885,104.377327468615,wa_b-last_b-longer,0.9503641537832017,0.9452592986189646,23.903916885137168,25.81223964506621,0.0036907801889172914,-0.017711469298117826,-0.015707851139507067,-4.145438841695146e-08,40.90061187566022
