subject,nll,bic,model,wp,wp_rec,beta,beta_rec,b_last,b_last_rec,b_longer,b_longer_rec,nll_rec
143,69.600443761669,158.96745721377522,wa_b-last_b-longer,0.9086297150157223,0.9105285877642593,6.6751808349285415,6.343115212818401,0.08267602560568862,0.04554141685625755,-0.08041772176433988,-0.03977232532976937,75.13722131593367
