subject,nll,bic,model,wp,wp_rec,beta,beta_rec,b_last,b_last_rec,b_longer,b_longer_rec,nll_rec
113,60.24534452508256,140.22858478268788,wa_b-last_b-longer,0.7289266359879442,0.7979278994728058,2.9327873996604064,6.555636071307782,0.06342623069900379,0.00449659808622225,0.16271820367011247,0.07440131313713669,48.37113891739327
