subject,nll,bic,model,wp,wp_rec,beta,beta_rec,b_last,b_last_rec,b_longer,b_longer_rec,nll_rec
69,67.25270906009115,154.27198781061952,wa_b-last_b-longer,0.9412065467366967,0.9476865569453357,10.627349573035882,8.547495800400219,0.009528670716010235,0.014412363207839047,-0.0175099798834793,-0.005080312392258131,72.81749512532738
