subject,nll,bic,model,wp,wp_rec,beta,beta_rec,b_last,b_last_rec,b_longer,b_longer_rec,nll_rec
98,59.6841230218925,139.13481573422223,wa_b-last_b-longer,0.9291911923226789,0.9303648674435451,12.855362230204372,15.058360513669987,0.01474144600073875,0.024386868571725,0.008192910014494792,0.023077246383095936,54.04556190806647
