subject,nll,bic,model,wp,wp_rec,beta,beta_rec,b_last,b_last_rec,b_longer,b_longer_rec,nll_rec
10,61.55581180568744,142.8781933018121,wa_b-last_b-longer,0.940981293960552,0.9476140782516388,13.199177000316562,19.387643598223118,-0.004487371982956926,-0.015019785843006147,-1.0541603020018522e-07,-0.0032968595906563655,49.72145761623388
