subject,nll,bic,model,wp,wp_rec,beta,beta_rec,b_last,b_last_rec,b_longer,b_longer_rec,nll_rec
87,54.951218358354474,129.66900640714616,wa_b-last_b-longer,0.9556098770498206,0.9564452836756828,14.546267998579209,13.27380011371553,0.01834564562928694,0.03213535617302616,-0.011913628559081488,-0.016866540889782455,56.55108081897555
