subject,nll,bic,model,wp,wp_rec,beta,beta_rec,b_last,b_last_rec,b_longer,b_longer_rec,nll_rec
105,54.556821794183435,128.8802132788041,wa_b-last_b-longer,0.9269220368280597,0.9218080078954315,14.88257109132006,17.158436774681633,0.005600142408314446,-0.002606966436005781,-0.015520884196114451,-0.014872402066962291,49.11486850464074
