subject,nll,bic,model,wp,wp_rec,beta,beta_rec,b_last,b_last_rec,b_longer,b_longer_rec,nll_rec
53,44.46385443966077,108.69427856975875,wa_b-last_b-longer,0.9455512950922592,0.9430819312739539,23.055394220201187,26.123701240339614,-0.0025048638225547894,-0.02107878997363461,0.003112989326956794,1.643002231465066e-08,40.19098809703534
