subject,nll,bic,model,wp,wp_rec,beta,beta_rec,b_last,b_last_rec,b_longer,b_longer_rec,nll_rec
110,4.498753763471199,28.764077217379615,wa_b-last_b-longer,0.9732360649548071,0.9766673469554613,198.75782052846833,200.0,-2.170288906887626e-08,0.011416843111696206,-0.0055268106476953245,-0.02558724539091862,1.4343496617679656
