subject,nll,bic,model,wp,wp_rec,beta,beta_rec,b_last,b_last_rec,b_longer,b_longer_rec,nll_rec
65,40.43850370643435,100.64357710330592,wa_b-last_b-longer,0.9449878424277288,0.9413543562390894,26.112602499371924,26.65612905700574,0.0033850183097167094,0.02218465904251389,0.0030485556706880434,-0.0031269765900597954,38.708931729001016
