subject,nll,bic,model,wp,wp_rec,beta,beta_rec,b_last,b_last_rec,b_longer,b_longer_rec,nll_rec
199,66.17247224541448,152.1115141812662,wa_b-last_b-longer,0.8709574592470631,0.8859201422660897,6.722401489217557,6.848989969202058,-0.0022122073131536054,-0.026650897417721284,0.007246225928702554,0.0272869067015315,69.42793724344274
