subject,nll,bic,model,wp,wp_rec,beta,beta_rec,b_last,b_last_rec,b_longer,b_longer_rec,nll_rec
115,57.48005626665021,134.72668222373764,wa_b-last_b-longer,0.9276006892494916,0.9276441916050957,13.693209665517923,17.875436740148245,0.01010710289215537,0.00459199683562849,-7.322380875312154e-08,-0.018122569672872235,48.71785756663305
