subject,nll,bic,model,wp,wp_rec,beta,beta_rec,b_last,b_last_rec,b_longer,b_longer_rec,nll_rec
27,65.21340419526635,150.19337808096992,wa_b-last_b-longer,0.9106420607996062,0.9040031675257508,9.49862648161509,9.982090620049526,0.0007732712269234005,0.024480878573080726,0.010251042994341037,0.005150048992910216,61.20017428489449
