subject,nll,bic,model,wp,wp_rec,beta,beta_rec,b_last,b_last_rec,b_longer,b_longer_rec,nll_rec
4,74.16982350836093,168.1062167071591,wa_b-last_b-longer,0.8834529619613662,0.8941149193490718,5.584032537894327,6.048046857755414,0.01764638747561939,0.035242551102416676,0.015553797572961542,-0.014316494383246206,73.78831001764769
