subject,nll,bic,model,wp,wp_rec,beta,beta_rec,b_last,b_last_rec,b_longer,b_longer_rec,nll_rec
145,40.67762637894819,101.1218224483336,wa_b-last_b-longer,0.9361682033169328,0.9420999535453357,24.027835184678658,19.74945558938572,0.023338830613030142,0.00736537708802872,-0.0032947977974577144,-0.006574596251361281,48.81472590376485
