subject,nll,bic,model,wp,wp_rec,beta,beta_rec,b_last,b_last_rec,b_longer,b_longer_rec,nll_rec
116,48.22551927502193,116.21760824048107,wa_b-last_b-longer,0.9435828123833545,0.9418627601585087,20.37454439418633,26.687549134805614,-0.002353695496609492,-0.015136308367646595,0.0032347167283666533,0.015608456268474872,39.12547394400266
