subject,nll,bic,model,wp,wp_rec,beta,beta_rec,b_last,b_last_rec,b_longer,b_longer_rec,nll_rec
85,31.231491259105553,82.20087825073387,wa_b-last_b-longer,0.9854916123282474,0.9843508536822991,17.224039402298633,25.542221087505382,-0.03273269528086128,-0.014839975528643768,0.030243482216184336,0.08632743058312835,22.25826637760848
