subject,nll,bic,model,wp,wp_rec,beta,beta_rec,b_last,b_last_rec,b_longer,b_longer_rec,nll_rec
190,47.92592496708602,115.61841962460926,wa_b-last_b-longer,0.9165310257482272,0.909846945081663,17.148580303644703,29.134419361248206,-0.02506088769213592,-0.016745993243128254,-0.01907881284779236,1.2015844742073468e-07,36.39551663860273
