subject,nll,bic,model,wp,wp_rec,beta,beta_rec,b_last,b_last_rec,b_longer,b_longer_rec,nll_rec
96,61.91196428593354,143.56182430438986,wa_b-last_b-longer,0.934999219886798,0.9288447842936702,12.407495671041412,10.893842342009602,-0.002512676952864489,0.00643897718810059,0.006043101028179951,0.006812953464626438,64.48575291552433
