subject,nll,bic,model,wp,wp_rec,beta,beta_rec,b_last,b_last_rec,b_longer,b_longer_rec,nll_rec
30,52.20890672939517,124.1557091913131,wa_b-last_b-longer,0.9515269802694208,0.9489606023872056,17.256159065202333,27.004586599620204,-0.0017532861936138471,0.00035580200307569986,-0.0035193174867913348,-0.00602441792197404,39.32805933417075
