subject,nll,bic,model,wp,wp_rec,beta,beta_rec,b_last,b_last_rec,b_longer,b_longer_rec,nll_rec
133,36.75648212727396,93.22197899517674,wa_b-last_b-longer,0.9538323330507975,0.95441459918337,26.56373263481808,28.83688094767661,-0.01426707090293996,-0.011660234589223788,0.017829416385893346,-0.0055602793944757095,34.00459368169852
