subject,nll,bic,model,alpha,alpha_rec,beta,beta_rec,b_longer,b_longer_rec,b_last,b_last_rec,nll_rec
99-attributes,29.813535334067698,76.62105163633284,eu_b-last_b-longer,0.7371196611952178,0.8966134142221299,4.080312369208447,1.7911007187872732,-5.763672172767861e-08,0.19213634378447228,0.05857397177688834,0.227795319955259,36.14642845379298
