subject,nll,bic,model,alpha,alpha_rec,beta,beta_rec,b_longer,b_longer_rec,b_last,b_last_rec,nll_rec
67-alternatives,20.53921261402296,58.072406196243364,eu_b-last_b-longer,0.3228136122646427,0.4166143607976039,10.839084427614017,11.543016649887688,-0.08003080582718179,-0.048576933517737696,-0.03641778425704284,-0.0717934053316285,18.903524810136695
