subject,nll,bic,model,alpha,alpha_rec,beta,beta_rec,b_longer,b_longer_rec,b_last,b_last_rec,nll_rec
102-attributes,22.209475465423807,61.41293189904505,eu_b-last_b-longer,0.8382485921303997,0.9115096122544806,5.747132299236504,4.916773815229944,0.07445281739654905,0.10898303865727033,0.026111139139457822,0.001671110103135307,23.224657161799463
