subject,nll,bic,model,alpha,alpha_rec,beta,beta_rec,b_longer,b_longer_rec,b_last,b_last_rec,nll_rec
67-attributes,29.520889678940964,76.03576032607937,eu_b-last_b-longer,0.4692719748238464,0.39501735457459863,5.923523193512826,9.86693087511322,1.7069531259241058e-07,0.0162042920521746,-0.06238797726373617,-0.012590284765872435,20.933965548855504
