subject,nll,bic,model,alpha,alpha_rec,beta,beta_rec,b_longer,b_longer_rec,b_last,b_last_rec,nll_rec
196-alternatives,29.866167745442223,76.72631645908189,eu_b-last_b-longer,0.9862753261847306,0.8922935181543251,2.8969874835319125,3.6104536016132776,3.0971680054524457e-07,0.15377871405953944,0.08486395000194356,0.10214382660196947,27.955335362754152
