subject,nll,bic,model,alpha,alpha_rec,beta,beta_rec,b_longer,b_longer_rec,b_last,b_last_rec,nll_rec
71-alternatives,19.224433436044418,55.44284784028628,eu_b-last_b-longer,1.0691451702719348,1.1175170446454,5.670989636746108,6.252211428581676,-1.5279440766178473e-07,0.08932102258039791,-0.05633632728147065,-0.08893276315946108,16.750605201945884
