subject,nll,bic,model,alpha,alpha_rec,beta,beta_rec,b_longer,b_longer_rec,b_last,b_last_rec,nll_rec
151-alternatives,23.751788289295277,64.49755754678799,eu_b-last_b-longer,0.47772686887225296,0.4886265926661701,8.059454627504827,9.692652108445554,-0.017597080860596796,0.06950552243393726,0.024414309675407895,-0.061190881328323316,20.51955372329333
