subject,nll,bic,model,alpha,alpha_rec,beta,beta_rec,b_longer,b_longer_rec,b_last,b_last_rec,nll_rec
170-alternatives,17.95566224914318,52.905305466483796,eu_b-last_b-longer,0.7342527719173924,0.736767599118715,8.558754079665693,7.494942110043982,-0.06415803955923005,-1.4567659645177505e-06,0.022765624728785967,-0.03991218132178703,20.368605165083707
