subject,nll,bic,model,alpha,alpha_rec,beta,beta_rec,b_longer,b_longer_rec,b_last,b_last_rec,nll_rec
104-alternatives,33.00570410846666,82.77002718503903,eu_b-last_b-longer,0.680751589709717,0.8434558448739444,3.431553262523766,2.603066190458825,-0.09415797948476425,-0.24071309136447452,-0.061640332519987726,-0.22399058478872652,32.25937363046314
