subject,nll,bic,model,alpha,alpha_rec,beta,beta_rec,b_longer,b_longer_rec,b_last,b_last_rec,nll_rec
19-attributes,15.004653247001768,47.00328746220097,eu_b-last_b-longer,1.0035302083781632,1.0375427976585712,8.277652408802073,6.770054628727024,0.05113896090697593,0.026914448027618047,-0.1015133663826997,-0.08000365080718087,17.264002590225918
