subject,nll,bic,model,alpha,alpha_rec,beta,beta_rec,b_longer,b_longer_rec,b_last,b_last_rec,nll_rec
148-attributes,19.612901819726723,56.16222965784249,eu_b-last_b-longer,0.45420794663971326,0.4184835727642909,9.997055411278748,9.508900871401408,-0.03610340412096985,-0.018441190864653092,-0.09408670676951827,-0.12216774619588185,21.264421509965764
