subject,nll,bic,model,alpha,alpha_rec,beta,beta_rec,b_longer,b_longer_rec,b_last,b_last_rec,nll_rec
92-attributes,45.367748591909276,107.72947815201599,eu_b-last_b-longer,1.0119740376497592,0.8023308728856918,0.5472052992179363,0.9586278631418228,-0.12969833143994955,-0.3782331645083873,0.3408023804444967,0.1812753361398248,43.90071115369612
