subject,nll,bic,model,alpha,alpha_rec,beta,beta_rec,b_longer,b_longer_rec,b_last,b_last_rec,nll_rec
149-attributes,6.003237151997464,28.942900322383966,eu_b-last_b-longer,0.14774249425474362,0.1437444650469131,23.639336955995432,23.956885606260048,1.915528668919557e-06,1.7068594777900748e-06,0.0020301732573475132,0.002045158088469532,5.840572233987934
