subject,nll,bic,model,alpha,alpha_rec,beta,beta_rec,b_longer,b_longer_rec,b_last,b_last_rec,nll_rec
155-attributes,29.715345667653462,76.42467230350437,eu_b-last_b-longer,0.21832643564132304,0.07103487006793519,6.459169895394187,9.490068352683924,0.01797441953373505,0.017946751695438808,0.03526563058596653,0.0012807657416041307,22.639152501628608
