subject,nll,bic,model,alpha,alpha_rec,beta,beta_rec,b_longer,b_longer_rec,b_last,b_last_rec,nll_rec
114-attributes,20.29046416942588,57.5749093070492,eu_b-last_b-longer,0.6905712940891252,0.6851772123096628,7.749207505156478,6.564515768835348,0.04106963127068812,0.021163801076803067,0.0010596625980743746,0.0647267221640762,22.94301811931679
