subject,nll,bic,model,alpha,alpha_rec,beta,beta_rec,b_longer,b_longer_rec,b_last,b_last_rec,nll_rec
197-attributes,-6.79225782839412e-05,16.87789497554786,eu_b-last_b-longer,0.00014936245772201318,0.00014936245772201318,199.9621754677942,199.9621754677942,0.0004215946126882031,0.0004215946126882031,0.0005470424617002312,0.0005470424617002312,-6.79225782839412e-05
