subject,nll,bic,model,alpha,alpha_rec,beta,beta_rec,b_longer,b_longer_rec,b_last,b_last_rec,nll_rec
30-alternatives,24.438081779822827,65.8701445278431,eu_b-last_b-longer,0.6327066772506873,0.6161578582287932,6.704408022319594,7.42703912983598,3.724182450500007e-07,0.09785640975868552,0.006194766333707058,-0.05177334836894861,22.737610208615873
