subject,nll,bic,model,alpha,alpha_rec,beta,beta_rec,b_longer,b_longer_rec,b_last,b_last_rec,nll_rec
120-alternatives,22.559886013589015,62.113752995375464,eu_b-last_b-longer,0.5760079849852804,0.5389267711254385,7.86463117085283,7.272297810366546,-0.074873448021817,-0.07520601794111381,-0.030872746754283323,-0.06323964617902762,24.84085853619355
