subject,nll,bic,model,alpha,alpha_rec,beta,beta_rec,b_longer,b_longer_rec,b_last,b_last_rec,nll_rec
0-attributes,42.04800301515984,101.08998699851712,eu_b-last_b-longer,0.6351598705209153,0.6769279957215906,1.9274826153233588,1.6619177185457954,0.07940974671895687,0.2280118907770751,-0.003284204370658539,0.002154377003973116,42.112260247095975
