subject,nll,bic,model,alpha,alpha_rec,beta,beta_rec,b_longer,b_longer_rec,b_last,b_last_rec,nll_rec
125-alternatives,15.872691907171744,48.739364782540925,eu_b-last_b-longer,0.4743565153554763,0.4683011507359419,12.827604018345992,19.006192963331358,0.03384480245547716,-6.664527341868248e-08,-0.03031538987240662,-0.03491126029214024,10.436259484527772
