subject,nll,bic,model,alpha,alpha_rec,beta,beta_rec,b_longer,b_longer_rec,b_last,b_last_rec,nll_rec
8-attributes,16.489953100998466,49.973887170194374,eu_b-last_b-longer,0.39439542578104275,0.39303162067220127,12.811089461784938,25.714156197167828,-0.06353199309465095,-0.09567803082115492,-0.02967722814691957,3.323723505084199e-05,9.512826288668379
