subject,nll,bic,model,alpha,alpha_rec,beta,beta_rec,b_longer,b_longer_rec,b_last,b_last_rec,nll_rec
189-attributes,19.330182890758937,55.59679179990691,eu_b-last_b-longer,0.4763385521417495,0.4368666374809268,9.907684307567276,19.673562988769685,-0.033543774975977575,3.5715742962394534e-05,0.0011615407709140047,0.03752747903796652,9.82127056310036
