subject,nll,bic,model,alpha,alpha_rec,beta,beta_rec,b_longer,b_longer_rec,b_last,b_last_rec,nll_rec
141-alternatives,24.598227050668896,66.19043506953523,eu_b-last_b-longer,0.36864015752488044,0.29430263446785804,8.614906522695879,15.805375942129443,-0.03282374703055475,-0.04887297459035604,-0.020229313076211723,0.03503765107628587,13.571881034181235
