subject,nll,bic,model,alpha,alpha_rec,beta,beta_rec,b_longer,b_longer_rec,b_last,b_last_rec,nll_rec
26-attributes,8.016376845099284,33.02673465839601,eu_b-last_b-longer,0.2600003493913884,0.11044625965575554,23.79391238543791,62.71948147449429,-0.038498856473993016,-0.06848358445895217,-0.03733910662071605,-0.0639072954404804,2.6782723853497337
