subject,nll,bic,model,alpha,alpha_rec,beta,beta_rec,b_longer,b_longer_rec,b_last,b_last_rec,nll_rec
60-attributes,29.58023881368306,76.15445859556355,eu_b-last_b-longer,0.5583651744429132,0.4811655390451162,5.244136678571992,5.878532005674951,0.06239460221779574,0.0573419370748581,-0.01110981404628792,0.008954395830490448,28.938429918912348
