subject,nll,bic,model,alpha,alpha_rec,beta,beta_rec,b_longer,b_longer_rec,b_last,b_last_rec,nll_rec
28-attributes,27.60343177562766,72.20084451945276,eu_b-last_b-longer,0.8121914770886229,0.8125514018580265,4.280370758492874,4.189741010262965,-0.026544008574996916,0.05360161469291757,0.03119643902991915,0.031874951414051764,27.86377851339948
