subject,nll,bic,model,alpha,alpha_rec,beta,beta_rec,b_longer,b_longer_rec,b_last,b_last_rec,nll_rec
21-attributes,20.231275158521733,57.4565312852409,eu_b-last_b-longer,0.748798559758996,0.7565702927519627,7.2676303008147,12.507791798656253,0.02204058949515464,-0.06412495428748635,-0.020968194434672422,0.02158180448724186,12.135538895327269
