subject,nll,bic,model,alpha,alpha_rec,beta,beta_rec,b_longer,b_longer_rec,b_last,b_last_rec,nll_rec
94-attributes,30.67962899512411,78.35323895844566,eu_b-last_b-longer,1.0628380474633605,1.1309202141703074,2.3047159369150583,2.9338354475785557,-0.13149050181840535,0.12216764131293548,-0.11300385697179241,-0.1162583317933763,25.67058127263999
