subject,nll,bic,model,alpha,alpha_rec,beta,beta_rec,b_longer,b_longer_rec,b_last,b_last_rec,nll_rec
150-attributes,25.560887094226967,68.05820020684297,eu_b-last_b-longer,1.0752501780210604,1.0302403879888165,2.9614842821572607,5.049418801293919,-0.1039567301431843,-0.276871399810654,0.1830390322698514,0.16090131055356588,18.13026423688622
