subject,nll,bic,model,alpha,alpha_rec,beta,beta_rec,b_longer,b_longer_rec,b_last,b_last_rec,nll_rec
47-attributes,-6.992260173084049e-05,16.993841122993977,eu_b-last_b-longer,0.000284288052237347,0.000284288052237347,199.98114405280023,199.98114405280023,0.00044997381912348366,0.00044997381912348366,0.0011054270054118298,0.0011054270054118298,-6.992260173084049e-05
