subject,nll,bic,model,alpha,alpha_rec,beta,beta_rec,b_longer,b_longer_rec,b_last,b_last_rec,nll_rec
190-alternatives,24.76569279110137,66.52536655040018,eu_b-last_b-longer,0.934209013572202,0.9090055537392929,4.496377720413135,3.835269675238001,-0.056741374593213455,-0.12092197079844119,0.004788066944652545,-0.10710628381490338,27.581308986690463
