subject,nll,bic,model,alpha,alpha_rec,beta,beta_rec,b_longer,b_longer_rec,b_last,b_last_rec,nll_rec
147-alternatives,33.92025233856328,84.834485645324,eu_b-last_b-longer,0.48865914385381726,0.3940715971306001,4.493751942537196,6.471563696024672,0.08618358270968224,0.12593295994004305,0.024711392111827633,0.016442631307428675,28.49689157404113
