subject,nll,bic,model,alpha,alpha_rec,beta,beta_rec,b_longer,b_longer_rec,b_last,b_last_rec,nll_rec
127-alternatives,21.670825866262444,60.33563270072233,eu_b-last_b-longer,0.7483400024540856,0.8611408156601706,6.689632247397052,5.965101699272387,-0.02237525988815615,5.007112676726612e-07,0.06925723318503843,-0.04641214361350226,21.75322036097079
