subject,nll,bic,model,alpha,alpha_rec,beta,beta_rec,b_longer,b_longer_rec,b_last,b_last_rec,nll_rec
163-attributes,45.36098186121199,107.71594469062141,eu_b-last_b-longer,0.6307776845109241,0.6572820705989515,0.8304944462458785,2.1115840254256732,0.5974279366334716,0.30628145019864633,-0.26729655248233397,-0.08458209846488939,39.1826787660438
