subject,nll,bic,model,alpha,alpha_rec,beta,beta_rec,b_longer,b_longer_rec,b_last,b_last_rec,nll_rec
198-alternatives,24.394749504986173,65.78347997816978,eu_b-last_b-longer,0.663594432322371,0.7162172515536673,6.461063855509042,9.003264566219588,0.041491918683235256,-0.020866649031137472,0.0059771098633193635,0.0015151267214269148,17.610723943563578
