subject,nll,bic,model,alpha,alpha_rec,beta,beta_rec,b_longer,b_longer_rec,b_last,b_last_rec,nll_rec
196-attributes,26.88502372562374,70.76402841944491,eu_b-last_b-longer,1.0139413896925222,0.9634101779301462,3.0652813748802363,8.900012040037815,2.0638901240397598e-07,0.05074885695675596,0.21978122192474317,0.14919809685848925,14.113710202110783
