subject,nll,bic,model,alpha,alpha_rec,beta,beta_rec,b_longer,b_longer_rec,b_last,b_last_rec,nll_rec
139-alternatives,31.117424005530452,78.93239709064345,eu_b-last_b-longer,0.764758589252146,0.6865850175651196,3.082179256507788,3.835385511521322,-0.04221037563423592,-0.12017175537955352,0.06246720091075338,0.04797110329468597,29.09070744279943
