subject,nll,bic,model,alpha,alpha_rec,beta,beta_rec,b_longer,b_longer_rec,b_last,b_last_rec,nll_rec
100-attributes,33.89022368938234,84.77442834696211,eu_b-last_b-longer,0.8102414960805334,0.8891992092521322,2.752180989004194,3.2427106357901114,-0.10017570559822138,-0.06366908165540926,0.0527786541368291,-0.05240707051095919,30.259227560068943
