subject,nll,bic,model,alpha,alpha_rec,beta,beta_rec,b_longer,b_longer_rec,b_last,b_last_rec,nll_rec
16-alternatives,18.2371631678113,53.46830730382004,eu_b-last_b-longer,0.5165387211143403,0.45997602124333226,10.374830444295062,11.242014686218218,0.052272264342657075,0.08414395363833907,0.05429170877941305,0.05260455982131595,17.61635040071719
