subject,nll,bic,model,alpha,alpha_rec,beta,beta_rec,b_longer,b_longer_rec,b_last,b_last_rec,nll_rec
2-attributes,26.553718738943697,70.10141844608484,eu_b-last_b-longer,0.5014452002352136,0.6133166178173204,6.4129919255983285,3.9263522940294697,0.09450593520472127,0.14796616166889429,0.024949093321131762,0.01605991912320074,32.444954918456546
