subject,nll,bic,model,alpha,alpha_rec,beta,beta_rec,b_longer,b_longer_rec,b_last,b_last_rec,nll_rec
19-alternatives,20.845560017499178,58.62754605338739,eu_b-last_b-longer,1.080365780427469,1.1266016332170317,4.811953835599822,4.791513074626078,-0.09210358957011874,-0.30878608972238814,-0.029781002137376233,-0.11091332720456765,17.639630949440015
