subject,nll,bic,model,alpha,alpha_rec,beta,beta_rec,b_longer,b_longer_rec,b_last,b_last_rec,nll_rec
149-alternatives,2.8821978889388093,22.583166255441483,eu_b-last_b-longer,0.0,0.0,43.53832760774693,52.37626148716051,0.039790337258831104,0.0424419131554101,0.0443657975280013,0.045938296396262665,2.4086711928177937
