subject,nll,bic,model,alpha,alpha_rec,beta,beta_rec,b_longer,b_longer_rec,b_last,b_last_rec,nll_rec
59-alternatives,32.21583326977898,81.4256475077554,eu_b-last_b-longer,1.220047349886801,1.4624603100465834,1.292302577353989,1.6109084668024496,-0.5906054030591661,-1.0,0.21667913437521705,0.7286092644942042,18.935548748009005
