subject,nll,bic,model,alpha,alpha_rec,beta,beta_rec,b_longer,b_longer_rec,b_last,b_last_rec,nll_rec
42-attributes,19.472951241705893,55.93988345160922,eu_b-last_b-longer,0.5240233261952613,0.44016585090168553,9.473038454678436,10.407715482998979,0.035175070570647206,0.11887598549387231,0.036301843163793236,0.11947927872022211,17.92232109981665
