subject,nll,bic,model,alpha,alpha_rec,beta,beta_rec,b_longer,b_longer_rec,b_last,b_last_rec,nll_rec
198-attributes,23.230877786606822,63.455736541411085,eu_b-last_b-longer,0.6019361619320487,0.7778823643257871,7.150680310094451,5.905579662262312,0.0580970440080815,-0.04689038049925312,-0.01644079048127312,0.001841362389748059,23.069738909559124
