subject,nll,bic,model,alpha,alpha_rec,beta,beta_rec,b_longer,b_longer_rec,b_last,b_last_rec,nll_rec
87-alternatives,23.740483932830873,64.47494883385919,eu_b-last_b-longer,0.506487996114708,0.6178208869218933,7.416943606493662,11.251097016194787,7.03811810277168e-08,-1.5236598350662393e-08,0.11390538946669113,0.10883909501954317,15.45914995228304
