subject,nll,bic,model,alpha,alpha_rec,beta,beta_rec,b_longer,b_longer_rec,b_last,b_last_rec,nll_rec
162-attributes,30.76343221626412,78.52084540072568,eu_b-last_b-longer,1.183281636223284,1.036414146599999,1.6627803251150166,1.9860042121019763,0.35639469605338053,0.4972664259627481,0.02703790067089093,0.18278169008895961,29.55520956379489
