subject,nll,bic,model,alpha,alpha_rec,beta,beta_rec,b_longer,b_longer_rec,b_last,b_last_rec,nll_rec
86-attributes,-6.992187344939867e-05,16.99384112445054,eu_b-last_b-longer,3.5845860573147093e-06,3.5845860573147093e-06,199.94300597432814,199.94300597432814,0.0004047665247080001,0.0004047665247080001,0.0019280131587720017,0.0019280131587720017,-6.992187344939867e-05
