subject,nll,bic,model,alpha,alpha_rec,beta,beta_rec,b_longer,b_longer_rec,b_last,b_last_rec,nll_rec
64-attributes,29.549458773105467,76.09289851440838,eu_b-last_b-longer,0.4645971302519784,0.4250917225407751,5.550196720428225,12.119068033553582,-0.09760556143714728,-0.06503437603269384,0.048698726676521836,0.06563581495371049,16.554985018448015
