subject,nll,bic,model,alpha,alpha_rec,beta,beta_rec,b_longer,b_longer_rec,b_last,b_last_rec,nll_rec
185-alternatives,30.78945659827119,78.57289416473982,eu_b-last_b-longer,1.112415544316654,0.9972101651966447,2.1335383525138525,3.4935621031971733,-2.794878866843966e-06,-0.09905241303729828,0.1149244629409488,0.04072886015581992,26.93123299809465
