subject,nll,bic,model,alpha,alpha_rec,beta,beta_rec,b_longer,b_longer_rec,b_last,b_last_rec,nll_rec
23-alternatives,21.101213678118203,59.19640832443385,eu_b-last_b-longer,0.5552122180685629,0.5653644769045,8.855643904608964,6.833822695491432,-0.018055152831431134,-3.2037858776339307e-07,-0.04752712866115697,-0.046432951192310154,25.674217203547208
