subject,nll,bic,model,alpha,alpha_rec,beta,beta_rec,b_longer,b_longer_rec,b_last,b_last_rec,nll_rec
18-attributes,18.32221008272351,53.638401133644464,eu_b-last_b-longer,0.9774509128076152,0.9193994726812194,6.628944302130907,9.677106456118779,0.0259740416809802,0.1440226699766911,0.026139001129970328,3.151838003446617e-05,13.413875165123265
