subject,nll,bic,model,alpha,alpha_rec,beta,beta_rec,b_longer,b_longer_rec,b_last,b_last_rec,nll_rec
188-attributes,16.720483204754508,50.43494737770645,eu_b-last_b-longer,1.2485682696245888,1.5616820593618328,4.088885553262151,2.203348026618634,-0.3033080174678427,-1.0,0.13846895976520454,0.7024275794796403,12.886962521986561
