subject,nll,bic,model,alpha,alpha_rec,beta,beta_rec,b_longer,b_longer_rec,b_last,b_last_rec,nll_rec
43-alternatives,27.729679967943312,72.45334090408406,eu_b-last_b-longer,0.531087098696093,0.5758820850066124,6.122925349688881,4.628615858813114,-1.6269509723423547e-07,-0.02247506229382423,0.04833184671572568,0.10208094262540884,31.12851332777311
