subject,nll,bic,model,alpha,alpha_rec,beta,beta_rec,b_longer,b_longer_rec,b_last,b_last_rec,nll_rec
139-attributes,27.785262857619905,72.50695173362885,eu_b-last_b-longer,1.0535526029609554,0.8676410751986141,2.822517024046752,4.895309247622772,-0.019314839361441745,-0.0054293957816310785,-0.011763934782806842,-0.0031265134573463652,23.932292971488252
