subject,nll,bic,model,alpha,alpha_rec,beta,beta_rec,b_longer,b_longer_rec,b_last,b_last_rec,nll_rec
70-attributes,21.345675826348792,59.685332620895025,eu_b-last_b-longer,0.7283514261988617,0.7243849127181861,6.966506555683208,9.146198550817319,-1.5312450282301592e-07,-0.02105355560955252,0.0012813402261492898,0.02135971550195606,16.95637868443331
