subject,nll,bic,model,alpha,alpha_rec,beta,beta_rec,b_longer,b_longer_rec,b_last,b_last_rec,nll_rec
156-alternatives,23.27455373181945,63.54308843183634,eu_b-last_b-longer,0.9284180165940653,1.1200381966458872,4.89047299806585,4.2406455451786185,-0.027717261318247238,-0.13849894097502646,0.08513856849037925,0.13955148928792452,20.819653649158074
