subject,nll,bic,model,alpha,alpha_rec,beta,beta_rec,b_longer,b_longer_rec,b_last,b_last_rec,nll_rec
36-alternatives,66.50967961643985,152.72837397350852,eu_b-last_b-longer,0.5129124971994354,0.36670341724338906,4.392988769106338,5.390675936439995,-0.0396536666934963,-0.05517556948205287,0.06065359690211657,0.08262502346617305,62.927152191831105
