subject,nll,bic,model,alpha,alpha_rec,beta,beta_rec,b_longer,b_longer_rec,b_last,b_last_rec,nll_rec
42-alternatives,16.272936336906042,49.53985364200952,eu_b-last_b-longer,0.6395672127197147,0.6925587852469375,10.98441360017835,10.405406602912791,-0.01852084262296578,-0.08052347923368607,-0.053198737136656106,-0.09786995718102075,15.922088931770865
