subject,nll,bic,model,alpha,alpha_rec,beta,beta_rec,b_longer,b_longer_rec,b_last,b_last_rec,nll_rec
27-alternatives,29.2619008018536,75.51778257190463,eu_b-last_b-longer,0.9682158221278164,0.9637524102984972,3.203355888191193,4.049528704194898,0.0678223905701407,0.19050517858255908,-0.08495664735478058,-0.178672483835322,24.685910789662636
