subject,nll,bic,model,alpha,alpha_rec,beta,beta_rec,b_longer,b_longer_rec,b_last,b_last_rec,nll_rec
16-attributes,21.785847572605103,60.56567611340765,eu_b-last_b-longer,0.5271875827385271,0.5706231913521306,8.26333472518941,8.47347170964979,0.054048596134834086,0.03660179546205875,0.020285323790991447,-0.03431092668526693,20.935115142392927
