subject,nll,bic,model,alpha,alpha_rec,beta,beta_rec,b_longer,b_longer_rec,b_last,b_last_rec,nll_rec
184-attributes,6.190553290665635,29.375087549528708,eu_b-last_b-longer,0.05053454062240031,0.1925054046925364,28.834647792613776,200.0,-0.055160768178090215,-0.06405157118261755,-0.04204163873151918,-0.06405153741449021,0.6528541922726867
