subject,nll,bic,model,alpha,alpha_rec,beta,beta_rec,b_longer,b_longer_rec,b_last,b_last_rec,nll_rec
69-alternatives,27.6786298997242,72.35124076764583,eu_b-last_b-longer,0.8681151380091998,0.7651856324653171,4.009144564118712,7.723230014043056,-0.056973868182284365,-0.0451142873499486,0.06475232933340395,0.1349431498030882,18.571517987525883
