subject,nll,bic,model,alpha,alpha_rec,beta,beta_rec,b_longer,b_longer_rec,b_last,b_last_rec,nll_rec
12-alternatives,29.890446321424385,76.7748736110462,eu_b-last_b-longer,0.5877758304716905,0.47002432378156067,4.822174064290736,11.854046710041793,0.022394846652671514,0.06756840639065537,0.1206360441625402,0.03578883830177255,16.775201598418224
