subject,nll,bic,model,alpha,alpha_rec,beta,beta_rec,b_longer,b_longer_rec,b_last,b_last_rec,nll_rec
160-alternatives,26.829767660857932,70.6535162899133,eu_b-last_b-longer,0.9052434288695944,0.7339762920637792,3.8402460917394348,6.132244970738741,-0.030421452142116164,0.06748513900299315,0.15490365643709722,0.0708685097786463,23.328505546749113
