subject,nll,bic,model,alpha,alpha_rec,beta,beta_rec,b_longer,b_longer_rec,b_last,b_last_rec,nll_rec
153-attributes,24.280547201589414,65.55507537137626,eu_b-last_b-longer,1.1939667326554275,1.1759085116150523,2.7078266841708007,2.1787441196523964,0.04666001218456785,0.20381580621536932,0.2298669069504586,0.2109849388546101,27.313578458473003
