subject,nll,bic,model,alpha,alpha_rec,beta,beta_rec,b_longer,b_longer_rec,b_last,b_last_rec,nll_rec
74-attributes,32.917208649885346,82.46994963320938,eu_b-last_b-longer,0.41300538635692075,0.3505656781011886,3.787558222546732,4.636837917245478,0.005482812716823307,-0.09490919662836438,0.09884072270093766,-0.06306458325971832,31.431554727042574
