subject,nll,bic,model,alpha,alpha_rec,beta,beta_rec,b_longer,b_longer_rec,b_last,b_last_rec,nll_rec
86-alternatives,10.500023203605599,37.994027375408635,eu_b-last_b-longer,0.12687708959653096,0.0,19.16762746216197,31.03084334892209,0.045711336334045165,4.504264038506924e-08,-0.027961452831844563,-0.060524214674000855,7.152264532637662
