subject,nll,bic,model,alpha,alpha_rec,beta,beta_rec,b_longer,b_longer_rec,b_last,b_last_rec,nll_rec
79-attributes,19.58748600734192,56.16895298288128,eu_b-last_b-longer,0.33648668451215397,0.3968356198134223,10.983505280815104,7.908778401816975,-0.06378867830387115,-0.051153069363420685,-0.05777427294979848,-0.07444163731239285,25.179644624117177
