subject,nll,bic,model,alpha,alpha_rec,beta,beta_rec,b_longer,b_longer_rec,b_last,b_last_rec,nll_rec
126-attributes,27.815204877008153,72.62439072221375,eu_b-last_b-longer,0.5502141514417274,0.4318863692815153,5.84091864890253,6.562568045573854,-0.03978245431131079,-0.07295868239749763,0.0067459296374945115,0.07829913792759817,26.855206179857205
