subject,nll,bic,model,alpha,alpha_rec,beta,beta_rec,b_longer,b_longer_rec,b_last,b_last_rec,nll_rec
154-alternatives,8.775832004941057,34.54564497807955,eu_b-last_b-longer,0.1050076813465036,0.0467978981683993,19.66608960072215,24.619528510406305,9.237520437388311e-07,0.059218635202501584,0.010610049448859122,0.008536698106619077,7.430726329669209
