subject,nll,bic,model,alpha,alpha_rec,beta,beta_rec,b_longer,b_longer_rec,b_last,b_last_rec,nll_rec
25-attributes,18.002604839046707,52.999190646290856,eu_b-last_b-longer,1.0847172773861222,0.9607830060609983,5.5946416955459055,7.93655012402589,0.06183701522086296,-0.02733661221568957,0.1792214982107428,0.2308197378448117,14.750194339980467
