subject,nll,bic,model,alpha,alpha_rec,beta,beta_rec,b_longer,b_longer_rec,b_last,b_last_rec,nll_rec
172-attributes,25.742716237047254,68.47941344229194,eu_b-last_b-longer,2.3916145526287553,2.355360184184906,0.17701439547066883,0.1801585092645409,1.0,1.0,1.0,0.5708377710067096,26.664854041704483
