subject,nll,bic,model,alpha,alpha_rec,beta,beta_rec,b_longer,b_longer_rec,b_last,b_last_rec,nll_rec
54-alternatives,22.060191309927575,61.11436358805258,eu_b-last_b-longer,0.9761178507930253,0.9860640508774037,5.128627593171338,10.183412376682064,-0.055704953651182616,-0.23376322876994943,-0.025379659077204245,-0.13539571977567527,11.3952070048929
