subject,nll,bic,model,alpha,alpha_rec,beta,beta_rec,b_longer,b_longer_rec,b_last,b_last_rec,nll_rec
140-alternatives,16.988768593832546,50.971518155862526,eu_b-last_b-longer,0.21768286101502113,0.2146112778712832,12.376638400684667,17.408265415026595,-0.01785076265817427,-0.020358154844850235,0.026769356599374988,-0.011759860489679448,11.36394685533603
