subject,nll,bic,model,alpha,alpha_rec,beta,beta_rec,b_longer,b_longer_rec,b_last,b_last_rec,nll_rec
56-alternatives,15.806182190124916,48.60634534844727,eu_b-last_b-longer,0.2162803221694245,0.2658868519550544,13.335826037040757,18.299423917226903,0.05408942968463247,0.08687542230021177,0.02533760589537912,0.018626703445973978,11.802247517188356
