subject,nll,bic,model,alpha,alpha_rec,beta,beta_rec,b_longer,b_longer_rec,b_last,b_last_rec,nll_rec
47-alternatives,-6.64664399224135e-05,16.936293085509195,eu_b-last_b-longer,0.0,0.0,199.99863294420092,199.99863294420092,-3.682916715352672e-05,-3.682916715352672e-05,0.01857283846650061,0.01857283846650061,-6.64664399224135e-05
