subject,nll,bic,model,alpha,alpha_rec,beta,beta_rec,b_longer,b_longer_rec,b_last,b_last_rec,nll_rec
39-attributes,28.92257507738926,74.83913112297596,eu_b-last_b-longer,1.048584618110706,1.191168208567069,2.7440890360874466,2.280607163111892,-0.03905000887634953,8.071027959142056e-08,-0.10548052507518099,-0.3310591158550386,26.78884858144351
