subject,nll,bic,model,alpha,alpha_rec,beta,beta_rec,b_longer,b_longer_rec,b_last,b_last_rec,nll_rec
163-alternatives,36.02157691759485,88.97957985357874,eu_b-last_b-longer,1.317964521507285,1.1352813591966642,0.8644582319887384,1.7165124561609015,-0.46454296406754464,-0.31819416822213353,0.0026160652895115613,-0.08207728290371182,32.07794776301299
