subject,nll,bic,model,alpha,alpha_rec,beta,beta_rec,b_longer,b_longer_rec,b_last,b_last_rec,nll_rec
31-alternatives,42.84830560490572,102.69059217800887,eu_b-last_b-longer,2.0753875608797636,4.756538982121583,0.08866199024653507,0.0006697030900716922,-1.6826919486056425e-05,-0.9462811447552638,1.0,0.9223249629026748,32.93268282816476
