subject,nll,bic,model,alpha,alpha_rec,beta,beta_rec,b_longer,b_longer_rec,b_last,b_last_rec,nll_rec
161-alternatives,9.652774652056854,36.299530272311145,eu_b-last_b-longer,0.4314723818640684,0.4422097418841648,21.054868388197004,26.64206389878545,-0.016432902475182344,0.016024952762181344,0.05537313099334967,0.06086972482537373,7.671687973307594
