subject,nll,bic,model,alpha,alpha_rec,beta,beta_rec,b_longer,b_longer_rec,b_last,b_last_rec,nll_rec
179-alternatives,24.77216364463138,66.5383082574602,eu_b-last_b-longer,2.1244660068033667,1.9362388762324059,0.34983135386743175,0.5761375346618461,1.0,-0.2605362881657846,-0.7939300846686882,0.3720713699511117,22.33497439135601
