subject,nll,bic,model,alpha,alpha_rec,beta,beta_rec,b_longer,b_longer_rec,b_last,b_last_rec,nll_rec
131-attributes,30.83203557290669,78.65805211401081,eu_b-last_b-longer,0.9663621857324622,1.0710854305673936,2.731307342709485,3.4889461676081512,-0.0744569323934821,-0.18230484939180447,-0.13071410297407055,-0.17724827391595863,24.105628732116184
