subject,nll,bic,model,alpha,alpha_rec,beta,beta_rec,b_longer,b_longer_rec,b_last,b_last_rec,nll_rec
75-attributes,11.737948530920223,40.46987803003788,eu_b-last_b-longer,0.2967302986133162,0.2630771411801317,17.782999961381545,49.89686116831431,-0.01569731836969204,0.019190526320056977,0.08154979941825753,0.11189001243512434,5.742476574823168
