subject,nll,bic,model,alpha,alpha_rec,beta,beta_rec,b_longer,b_longer_rec,b_last,b_last_rec,nll_rec
81-alternatives,24.464608165143158,65.86564234867535,eu_b-last_b-longer,0.8253083728486436,0.7589665128526156,4.836531271140052,9.899097405865767,-0.14731520165519957,-0.08419134160469009,0.04976529269274559,0.08451313950594468,14.670372796134243
