subject,nll,bic,model,alpha,alpha_rec,beta,beta_rec,b_longer,b_longer_rec,b_last,b_last_rec,nll_rec
81-attributes,25.60475590779653,68.2034927837905,eu_b-last_b-longer,1.069277547882344,0.9844612264470632,3.3517297101890864,2.9849660667390747,0.10663431084610171,0.2632168849263351,-0.0320581765671144,-0.2129437109921342,27.513926855092556
