subject,nll,bic,model,alpha,alpha_rec,beta,beta_rec,b_longer,b_longer_rec,b_last,b_last_rec,nll_rec
113-alternatives,32.22774894644904,81.39192391128712,eu_b-last_b-longer,3.238991489861517,3.309972280247894,0.017631977670264757,0.010563179692625064,1.0,1.0,-0.17826698951483916,1.0,36.2560186035665
