subject,nll,bic,model,alpha,alpha_rec,beta,beta_rec,b_longer,b_longer_rec,b_last,b_last_rec,nll_rec
61-alternatives,26.164039354661078,69.32205967751959,eu_b-last_b-longer,0.6973972172341597,0.5712071010084049,5.2934957268059675,5.85918108476415,-0.09189972280570533,-0.06097893629296757,0.0976417649068907,0.06920072004236086,27.334033543698556
