subject,nll,bic,model,alpha,alpha_rec,beta,beta_rec,b_longer,b_longer_rec,b_last,b_last_rec,nll_rec
76-alternatives,25.513368767663586,68.0207185035246,eu_b-last_b-longer,0.6044562189957313,0.6325439237202989,6.512952959070616,6.826457105193641,-5.193854996124555e-08,0.05999038910216177,0.007581005717263164,0.005942106701997303,23.962718990296224
