subject,nll,bic,model,alpha,alpha_rec,beta,beta_rec,b_longer,b_longer_rec,b_last,b_last_rec,nll_rec
22-attributes,20.63857408706601,58.27112914232946,eu_b-last_b-longer,0.420216179512182,0.49387769934505865,9.691474449370599,13.193015022277695,0.09937253337140528,0.10170664040293438,-0.029442737582208067,-0.03335991793184539,14.604097792469389
