subject,nll,bic,model,alpha,alpha_rec,beta,beta_rec,b_longer,b_longer_rec,b_last,b_last_rec,nll_rec
122-attributes,28.94549635851741,74.88497368523225,eu_b-last_b-longer,0.7544976843666973,1.0099606354459825,4.253753760021072,4.045342842586736,-0.07673161418095742,-0.031056248106454167,-0.017906327188390376,0.03287673494678778,24.50872269952815
