subject,nll,bic,model,alpha,alpha_rec,beta,beta_rec,b_longer,b_longer_rec,b_last,b_last_rec,nll_rec
7-attributes,30.430182986844784,77.854346941887,eu_b-last_b-longer,0.9903442462870322,1.3364870707867418,2.7267910955705186,0.976758808478375,0.037263661841253216,-0.18894360617700887,-0.025436007119908278,0.16248825549088725,34.064972337030966
