subject,nll,bic,model,alpha,alpha_rec,beta,beta_rec,b_longer,b_longer_rec,b_last,b_last_rec,nll_rec
96-alternatives,26.574329482096516,70.14263993239047,eu_b-last_b-longer,0.727468116447006,0.6778277071299762,5.252860106672646,7.169886840641502,-0.02316841453110528,-0.12509211664002798,0.030359772585153075,-0.0770006815125014,21.984018778570196
