subject,nll,bic,model,alpha,alpha_rec,beta,beta_rec,b_longer,b_longer_rec,b_last,b_last_rec,nll_rec
54-attributes,25.05626275031802,67.10650646883347,eu_b-last_b-longer,1.0467272746140397,1.0493833407225266,3.3544661941704845,3.830798947236939,-5.087938851486357e-08,-0.139074061224014,0.21375105674516565,0.20547830429992395,22.891230975894352
