subject,nll,bic,model,alpha,alpha_rec,beta,beta_rec,b_longer,b_longer_rec,b_last,b_last_rec,nll_rec
197-alternatives,2.4087100086170468,21.753846035623134,eu_b-last_b-longer,0.0,0.1581368777382041,52.387703283922924,200.0,0.04245338451455912,0.03848459986171302,0.045931409876415086,0.03848466526086839,0.001850219684253919
