subject,nll,bic,model,alpha,alpha_rec,beta,beta_rec,b_longer,b_longer_rec,b_last,b_last_rec,nll_rec
71-attributes,27.396486898684117,71.78695476556567,eu_b-last_b-longer,1.0620679966741373,1.0436350062262958,2.9773567870039424,2.564696710519655,0.0756529342772962,0.17432414902549315,-0.10530949916702423,-0.3123834976651698,28.59027849095161
