subject,nll,bic,model,alpha,alpha_rec,beta,beta_rec,b_longer,b_longer_rec,b_last,b_last_rec,nll_rec
23-attributes,20.992184762158033,58.9783504925135,eu_b-last_b-longer,0.47283434034635075,0.47932988951245453,8.964970344622277,7.563687917173198,-0.05199336658319496,-0.07146677867809569,0.053714781236751295,0.021888345799309164,24.1021241912014
