subject,nll,bic,model,alpha,alpha_rec,beta,beta_rec,b_longer,b_longer_rec,b_last,b_last_rec,nll_rec
4-attributes,37.91869652046614,92.83137400912972,eu_b-last_b-longer,1.624575290715967,1.4332038804733127,0.3660068586509263,0.7929342721295645,0.2323141120933646,0.3553201115058893,0.7766856676812895,0.3223745031072467,33.5552872575566
