subject,nll,bic,model,alpha,alpha_rec,beta,beta_rec,b_longer,b_longer_rec,b_last,b_last_rec,nll_rec
45-attributes,9.135595619812202,35.26517220782184,eu_b-last_b-longer,2.7891484964801703,2.7494916657582857,0.41363556542901814,0.5256409014120008,-0.8731947575396679,-3.863234015271218e-06,-0.8188175484686713,0.015132450140578846,8.428625089651819
