subject,nll,bic,model,alpha,alpha_rec,beta,beta_rec,b_longer,b_longer_rec,b_last,b_last_rec,nll_rec
110-attributes,8.340353728951458,33.67468842610035,eu_b-last_b-longer,0.0,0.0,20.196074049379007,24.906471571948035,-0.025350304582383194,6.710702559981706e-08,0.031295541624143906,0.09825955312633777,8.409868106209636
