subject,nll,bic,model,alpha,alpha_rec,beta,beta_rec,b_longer,b_longer_rec,b_last,b_last_rec,nll_rec
127-attributes,32.213998740655285,81.36442349969961,eu_b-last_b-longer,0.9833457899588566,1.3560340913650546,2.276104283668279,2.4577301880432376,0.02969074710507591,0.02480184881461859,0.048203418893026796,0.027702828676051144,20.291361469310516
