subject,nll,bic,model,alpha,alpha_rec,beta,beta_rec,b_longer,b_longer_rec,b_last,b_last_rec,nll_rec
46-alternatives,29.19647611734356,75.38693320288456,eu_b-last_b-longer,0.7170828094109011,0.5976538683517901,4.026105174645709,5.400355066507774,-0.05386900720970007,-0.04457348316745608,0.19132612041213434,0.17731768425873054,26.624601187799055
