subject,nll,bic,model,alpha,alpha_rec,beta,beta_rec,b_longer,b_longer_rec,b_last,b_last_rec,nll_rec
2-alternatives,28.0882413489351,73.17046366606763,eu_b-last_b-longer,0.5149364574171361,0.6044894887017391,5.941847111742964,4.81865602609299,7.178235776301728e-08,0.0669791276404348,0.08674173520076368,0.07884882975104973,30.015075342341845
