subject,nll,bic,model,alpha,alpha_rec,beta,beta_rec,b_longer,b_longer_rec,b_last,b_last_rec,nll_rec
12-attributes,32.17098082289964,81.27838766418832,eu_b-last_b-longer,0.5479273978302199,0.5662333162473782,4.5225648863379515,4.8861889526714135,-0.021886304920216162,0.02210497476203654,0.03462283090743284,0.1147742938133823,29.522620437007962
