subject,nll,bic,model,alpha,alpha_rec,beta,beta_rec,b_longer,b_longer_rec,b_last,b_last_rec,nll_rec
62-attributes,23.62800553254473,64.2499920332869,eu_b-last_b-longer,0.5013159790770478,0.4535872121800994,7.761139040926154,8.837430289174124,-0.017952723495011397,-0.03417769710922228,-0.013838742700605155,-0.013479582756291858,22.00932667770114
