subject,nll,bic,model,alpha,alpha_rec,beta,beta_rec,b_longer,b_longer_rec,b_last,b_last_rec,nll_rec
115-attributes,8.400801486837613,33.795583941872664,eu_b-last_b-longer,0.9158963653737537,0.9020200048797468,18.344436765454617,23.134079443025353,-4.6333768722978026e-08,-2.835940411111691e-08,8.943784586430686e-09,-0.07657021464758193,6.67239809843005
