subject,nll,bic,model,alpha,alpha_rec,beta,beta_rec,b_longer,b_longer_rec,b_last,b_last_rec,nll_rec
157-alternatives,-6.746648509241413e-05,16.993846035227254,eu_b-last_b-longer,0.0,0.0,199.99888675439607,199.99888675439607,-5.606456827150865e-05,-5.606456827150865e-05,0.018558813589029215,0.018558813589029215,-6.746648509241413e-05
