subject,nll,bic,model,alpha,alpha_rec,beta,beta_rec,b_longer,b_longer_rec,b_last,b_last_rec,nll_rec
141-attributes,16.970384294134817,50.93474955646707,eu_b-last_b-longer,0.4184562308938717,0.43470444771995986,12.337586861385509,32.822449644171904,4.202449499738079e-08,-0.011315255439180008,-0.06252145065623771,-0.09267935642886554,8.06887331876997
