subject,nll,bic,model,alpha,alpha_rec,beta,beta_rec,b_longer,b_longer_rec,b_last,b_last_rec,nll_rec
176-alternatives,32.770283142073346,82.53454725234413,eu_b-last_b-longer,0.5354846973079884,0.391421150840042,4.471245789691219,3.723810507572315,0.022229035264028797,0.07260404891024583,0.08363845058004492,0.1484461123417499,36.216234083571905
