subject,nll,bic,model,alpha,alpha_rec,beta,beta_rec,b_longer,b_longer_rec,b_last,b_last_rec,nll_rec
190-attributes,32.67281022359887,82.33960141539518,eu_b-last_b-longer,1.2832173382475371,1.0762085661014773,1.2164920258628418,2.6194028451672597,-0.24554676343607823,2.6001391222560374e-07,-0.4757599430425632,-0.39912629731066046,27.12687180969192
