subject,nll,bic,model,alpha,alpha_rec,beta,beta_rec,b_longer,b_longer_rec,b_last,b_last_rec,nll_rec
46-attributes,25.36498439604546,67.72394976028836,eu_b-last_b-longer,0.6762083918132032,0.5777788298357913,5.8747857949843985,9.916755569805042,0.0214976311311491,0.05501777324886078,-0.017601951156508446,-0.08835832341268705,18.052890868972348
