subject,nll,bic,model,alpha,alpha_rec,beta,beta_rec,b_longer,b_longer_rec,b_last,b_last_rec,nll_rec
3-attributes,25.083279941630316,67.16054085145807,eu_b-last_b-longer,0.45575238440866883,0.5038856982859006,7.373690786853503,4.891658544376948,0.05304961615854895,0.04172623661493047,0.02251045021592732,0.05266004208255346,31.461106913882944
