subject,nll,bic,model,alpha,alpha_rec,beta,beta_rec,b_longer,b_longer_rec,b_last,b_last_rec,nll_rec
43-attributes,25.189414620129355,67.37281020845614,eu_b-last_b-longer,0.3305698441555143,0.302142028362568,8.050704370124457,10.060755688493815,-0.04994876648993073,-0.11406877722514534,-0.008022010658975027,0.005208814522854044,20.55433913402021
