subject,nll,bic,model,alpha,alpha_rec,beta,beta_rec,b_longer,b_longer_rec,b_last,b_last_rec,nll_rec
60-alternatives,25.548255614001263,68.09049219619996,eu_b-last_b-longer,0.4105873768698736,0.4015117593515728,7.613786341652715,5.810099744364415,-0.06877186232568352,-0.13128895882245645,0.043519726949161945,-0.015318546626064399,30.59010500956183
