subject,nll,bic,model,alpha,alpha_rec,beta,beta_rec,b_longer,b_longer_rec,b_last,b_last_rec,nll_rec
156-attributes,13.915883861142763,44.82574869048297,eu_b-last_b-longer,0.7914057147537327,0.7914059792723027,200.0,200.0,0.018431867130427708,0.01843128374215502,0.018430638548154663,0.0184312859259065,0.1003723019107137
