subject,nll,bic,model,alpha,alpha_rec,beta,beta_rec,b_longer,b_longer_rec,b_last,b_last_rec,nll_rec
96-attributes,24.692288722396636,66.32100346318231,eu_b-last_b-longer,0.8269197349140188,0.7096240949515173,4.895387463360022,6.435300689839768,0.05659003505964708,0.02579359418355617,-0.0528350773707273,-0.1297552676873658,22.471365515436926
