subject,nll,bic,model,alpha,alpha_rec,beta,beta_rec,b_longer,b_longer_rec,b_last,b_last_rec,nll_rec
180-attributes,32.26540100069537,81.52478296958817,eu_b-last_b-longer,0.45089593717898624,0.4413766248062061,5.052000736489059,8.607843941575533,-0.060015405112151525,-0.11968713431385158,-0.004267903742164761,-0.013058871131728525,22.190923074488378
