subject,nll,bic,model,alpha,alpha_rec,beta,beta_rec,b_longer,b_longer_rec,b_last,b_last_rec,nll_rec
13-alternatives,35.62468525903643,88.2433514862703,eu_b-last_b-longer,1.8087595215967835,1.5920907844034071,0.30181398878992827,0.6929889397727322,1.0,-0.15678394631433235,1.0,1.0,29.694158690036712
