subject,nll,bic,model,alpha,alpha_rec,beta,beta_rec,b_longer,b_longer_rec,b_last,b_last_rec,nll_rec
123-attributes,20.15570863115627,57.30539823050998,eu_b-last_b-longer,1.2201414344740151,1.4147618347112383,3.8092041433491155,2.378525303469738,-0.04015049867797308,0.13603043170687118,-0.039345959915427726,0.0027576778699895024,19.186121224017125
