subject,nll,bic,model,alpha,alpha_rec,beta,beta_rec,b_longer,b_longer_rec,b_last,b_last_rec,nll_rec
125-attributes,15.211440104577324,47.41686117735209,eu_b-last_b-longer,0.5222159059602297,0.5886480946705552,12.645666421630354,12.922387738925748,-6.335451776978534e-08,0.01708514188738772,0.03382665242581227,0.05068614208289257,14.456046680892554
