subject,nll,bic,model,alpha,alpha_rec,beta,beta_rec,b_longer,b_longer_rec,b_last,b_last_rec,nll_rec
194-alternatives,33.27667697324435,83.54733491468613,eu_b-last_b-longer,1.0953340024947489,1.1497974522612693,1.589208392343778,0.9210308685857567,-1.102505243635598e-06,0.270807754389067,0.37979416701154417,0.4752279796564688,38.53395182581012
