subject,nll,bic,model,alpha,alpha_rec,beta,beta_rec,b_longer,b_longer_rec,b_last,b_last_rec,nll_rec
1-alternatives,29.182818310940977,75.3596175900794,eu_b-last_b-longer,0.7780072402686186,0.7846807075313325,3.7172380618865977,3.6270275753012684,0.02907268295331816,0.029578521974224885,0.2052339380897476,0.20895478354560199,29.3864145290853
