subject,nll,bic,model,alpha,alpha_rec,beta,beta_rec,b_longer,b_longer_rec,b_last,b_last_rec,nll_rec
27-attributes,22.04152771655706,61.07703640131156,eu_b-last_b-longer,1.0726055268332364,1.0712476554214116,4.435146541123487,4.972759701844332,3.655287496095118e-07,-0.030340475569257418,0.06332376197861111,0.09056673207697732,20.477586227839534
