subject,nll,bic,model,alpha,alpha_rec,beta,beta_rec,b_longer,b_longer_rec,b_last,b_last_rec,nll_rec
107-attributes,41.38742005376487,99.71126612591878,eu_b-last_b-longer,0.12657844540012883,0.24071292694648463,3.0285823428411005,4.546352594632379,-0.035451898666062714,-0.032498640220395274,0.05291864957814531,0.19571180798173826,31.910648447664258
