subject,nll,bic,model,alpha,alpha_rec,beta,beta_rec,b_longer,b_longer_rec,b_last,b_last_rec,nll_rec
97-attributes,21.62910296196295,60.25218689212333,eu_b-last_b-longer,0.5366329097987311,0.6099668512808614,8.414147350979402,11.967639011671722,0.018096869522034726,2.677298923703383e-07,-0.0506707394146795,0.00025300127707832056,15.386489904356377
