subject,nll,bic,model,alpha,alpha_rec,beta,beta_rec,b_longer,b_longer_rec,b_last,b_last_rec,nll_rec
14-attributes,25.79251724612993,68.5790154604573,eu_b-last_b-longer,0.6842265069302849,0.7787108171122606,5.565090363944131,5.102702717756605,0.044136065526351624,0.024493186710777663,0.04731798474529113,0.07547691491601709,25.218559106357816
