subject,nll,bic,model,alpha,alpha_rec,beta,beta_rec,b_longer,b_longer_rec,b_last,b_last_rec,nll_rec
128-alternatives,29.08212608320621,75.10067818480145,eu_b-last_b-longer,0.744941495545196,0.7321361734667693,4.131888779832602,5.081460813024621,-0.08544824565543381,0.019619666544666185,0.07120611710965959,0.08082075229732051,26.186524933235102
