subject,nll,bic,model,alpha,alpha_rec,beta,beta_rec,b_longer,b_longer_rec,b_last,b_last_rec,nll_rec
155-alternatives,22.871075770070735,62.73613250833891,eu_b-last_b-longer,0.31274275694857806,0.33390472883601435,9.018951899569727,10.960837521839764,-0.03300098640005482,-0.031739838579197904,0.07278179882078789,0.03710767747596812,19.7044309140022
