subject,nll,bic,model,alpha,alpha_rec,beta,beta_rec,b_longer,b_longer_rec,b_last,b_last_rec,nll_rec
93-alternatives,38.839839372708305,94.67365971361404,eu_b-last_b-longer,0.8791347434992398,0.7294735710464476,1.7357272380379358,2.668767664918317,-0.09506926754156322,0.06506958359535099,0.1131397216165948,0.00983025789545562,37.232061919784094
