subject,nll,bic,model,alpha,alpha_rec,beta,beta_rec,b_longer,b_longer_rec,b_last,b_last_rec,nll_rec
61-attributes,29.257028763097242,75.50803849439193,eu_b-last_b-longer,0.7079514176502917,0.6013821957879016,4.503831147847633,5.237627941758454,0.024188222059866586,0.08764345633647014,-0.03952830593571176,-0.11690077177939948,28.562340019302756
