subject,nll,bic,model,alpha,alpha_rec,beta,beta_rec,b_longer,b_longer_rec,b_last,b_last_rec,nll_rec
0-alternatives,30.470274111761206,77.93452919171985,eu_b-last_b-longer,0.8338148546125836,0.775879645730619,3.5289144988141494,5.649400172512222,-0.0883406689700821,-0.19390257952499276,0.043970897121248666,0.1022191906003892,22.62507959042957
