subject,nll,bic,model,alpha,alpha_rec,beta,beta_rec,b_longer,b_longer_rec,b_last,b_last_rec,nll_rec
122-alternatives,21.740139214830666,60.47425939785877,eu_b-last_b-longer,0.936580493987564,0.816467417941408,5.202744862023455,6.521535787165873,-0.16710624492296325,-0.0955260114851751,-0.1081768905982454,-0.0445802355608202,20.895332732254616
