subject,nll,bic,model,alpha,alpha_rec,beta,beta_rec,b_longer,b_longer_rec,b_last,b_last_rec,nll_rec
124-attributes,21.986679357437815,60.967339683073064,eu_b-last_b-longer,1.2423606498458575,1.111651597917727,3.1034903781894845,3.1048708235600495,-2.0654211129405792e-07,-0.07839520638330984,0.00179114629784853,0.1571620788974401,25.0463710697557
