subject,nll,bic,model,alpha,alpha_rec,beta,beta_rec,b_longer,b_longer_rec,b_last,b_last_rec,nll_rec
144-alternatives,28.864914446876455,74.66625491214195,eu_b-last_b-longer,1.0511298456535696,1.0313090149796975,2.747185993600779,3.6467367466263307,-0.08292615140513786,-0.20579926902280699,0.009134028915789258,0.0016530607137364957,24.481163320914575
