subject,nll,bic,model,alpha,alpha_rec,beta,beta_rec,b_longer,b_longer_rec,b_last,b_last_rec,nll_rec
105-attributes,23.65423685867263,64.3024546855427,eu_b-last_b-longer,0.872141248819559,0.7817646878500326,4.9956602427365855,3.167794463874174,-0.10571902471153524,-0.154793824002458,0.028439314717906637,0.13555333984119575,31.336331763958935
