subject,nll,bic,model,alpha,alpha_rec,beta,beta_rec,b_longer,b_longer_rec,b_last,b_last_rec,nll_rec
10-alternatives,31.749050524571558,80.49208201734055,eu_b-last_b-longer,0.766432212473644,0.6974478142326986,3.5837203794518246,4.36792845416015,-0.0840084892970318,-0.09867632154834004,0.04549904692009079,0.08534736374910067,29.51969439005827
