subject,nll,bic,model,alpha,alpha_rec,beta,beta_rec,b_longer,b_longer_rec,b_last,b_last_rec,nll_rec
117-alternatives,14.285630045633091,45.56524105946362,eu_b-last_b-longer,0.44915813811587135,0.5195953634122975,14.882524773977254,12.053440155291442,0.016388905018792907,-0.035056980080249364,-0.06317670193003398,-0.09667207152147715,16.49859565288336
