subject,nll,bic,model,alpha,alpha_rec,beta,beta_rec,b_longer,b_longer_rec,b_last,b_last_rec,nll_rec
78-attributes,18.379332600005554,53.75264616820854,eu_b-last_b-longer,0.9357696959539598,0.944427840803033,6.666758768011202,7.385115807766239,-0.07717306490140048,-0.07593497035782593,0.07734360103134952,0.07601537987764462,16.919318631729677
