subject,nll,bic,model,alpha,alpha_rec,beta,beta_rec,b_longer,b_longer_rec,b_last,b_last_rec,nll_rec
166-alternatives,25.32218635643345,67.63835368106433,eu_b-last_b-longer,1.947119828695955,2.2829169140687617,0.45268034310199384,0.24929839288318473,0.5779572772284334,1.0,1.0,1.0,24.520363007582176
