subject,nll,bic,model,alpha,alpha_rec,beta,beta_rec,b_longer,b_longer_rec,b_last,b_last_rec,nll_rec
185-attributes,26.959504702475357,70.91299037314815,eu_b-last_b-longer,0.8054023642274334,0.8857710129138373,4.443511115546076,3.3516047991046687,-0.0522582313244323,0.09374389100701658,0.05602344174928193,0.039184296178683735,29.495665441071843
