subject,nll,bic,model,alpha,alpha_rec,beta,beta_rec,b_longer,b_longer_rec,b_last,b_last_rec,nll_rec
40-attributes,19.58514907808744,56.10672417456392,eu_b-last_b-longer,0.923702311393067,0.9572137903272739,6.164585982837826,9.588143592816634,-0.05322672280723926,-0.07366631615615084,0.050423010347341174,0.07297991790785158,13.547588293140825
