subject,nll,bic,model,alpha,alpha_rec,beta,beta_rec,b_longer,b_longer_rec,b_last,b_last_rec,nll_rec
97-alternatives,23.16645189141896,63.32688475103535,eu_b-last_b-longer,0.5907846898089227,0.7591573958981825,7.035602090332437,3.86205885035238,8.359147839289352e-08,0.11348667327352888,0.11997909135069983,0.2021586098145593,28.600938639422132
