subject,nll,bic,model,alpha,alpha_rec,beta,beta_rec,b_longer,b_longer_rec,b_last,b_last_rec,nll_rec
94-alternatives,23.988421971065907,64.97082491032926,eu_b-last_b-longer,0.9578212901684957,0.9593604692739333,4.434325587973553,5.3445623434993825,-0.08796574328376122,-0.02747155530125177,0.09098788576573132,0.08326972673611345,21.44838182326373
