subject,nll,bic,model,alpha,alpha_rec,beta,beta_rec,b_longer,b_longer_rec,b_last,b_last_rec,nll_rec
38-attributes,31.95773395830946,80.90944888481636,eu_b-last_b-longer,0.7956004086196883,0.7625540132156494,3.360434269009449,2.8375315572249415,1.2817913764272606e-06,4.7721884278387845e-08,-0.10028705794743967,-0.15733784728381178,35.099686028132595
