subject,nll,bic,model,alpha,alpha_rec,beta,beta_rec,b_longer,b_longer_rec,b_last,b_last_rec,nll_rec
1-attributes,35.207961268078996,87.40990350435543,eu_b-last_b-longer,0.8199513649621754,0.7551920106551496,2.4535025859868216,3.052497032495305,1.282999000868781e-07,0.18640794877957786,0.09533821484385385,0.10997304950077498,32.387696089877565
