subject,nll,bic,model,alpha,alpha_rec,beta,beta_rec,b_longer,b_longer_rec,b_last,b_last_rec,nll_rec
115-alternatives,13.476347086712035,43.94667514162151,eu_b-last_b-longer,0.8916471045618156,0.9309083530095134,10.333872258104272,11.148436277554326,2.7017912671499167e-06,-0.07006608767616698,0.0454642017211881,0.02361086372377693,12.243968197883873
