subject,nll,bic,model,alpha,alpha_rec,beta,beta_rec,b_longer,b_longer_rec,b_last,b_last_rec,nll_rec
78-alternatives,19.2097254247405,55.41343181767844,eu_b-last_b-longer,1.0836362068831311,1.009433168561466,5.4591849650508415,9.687846710940876,0.08840882890224525,0.0996809397886397,0.03031589936790322,-0.04999672784391431,13.198962202742228
