subject,nll,bic,model,alpha,alpha_rec,beta,beta_rec,b_longer,b_longer_rec,b_last,b_last_rec,nll_rec
174-attributes,22.564414709773487,62.12281038774441,eu_b-last_b-longer,0.9731061800735185,1.0250715324897617,4.762582003821363,3.334690317847628,-0.029273516206301968,-0.07179457199434307,-0.14126115457495939,-0.20128032520625974,26.226053141783083
