subject,nll,bic,model,alpha,alpha_rec,beta,beta_rec,b_longer,b_longer_rec,b_last,b_last_rec,nll_rec
179-attributes,24.72931431727108,66.4526096027396,eu_b-last_b-longer,1.5656698047708313,1.71207022184416,1.0940577252524761,0.7260718491015837,0.11820103482743229,-0.6930112735390063,0.1462423799303605,0.2399219736782452,25.558060679162953
