subject,nll,bic,model,alpha,alpha_rec,beta,beta_rec,b_longer,b_longer_rec,b_last,b_last_rec,nll_rec
159-attributes,21.881494970556073,60.69941595950118,eu_b-last_b-longer,0.8999152016702319,0.8964152066685603,5.484517681573551,7.471290013560678,-0.05242490480723386,-0.025752239349444483,0.05324144180262008,0.17397891274945324,16.73144978272721
