subject,nll,bic,model,alpha,alpha_rec,beta,beta_rec,b_longer,b_longer_rec,b_last,b_last_rec,nll_rec
111-alternatives,27.730874711471046,72.45573039113953,eu_b-last_b-longer,1.3602170543840282,1.3883339801221293,1.5231059186676454,1.473203194410882,0.3021606560517963,0.41022580543419646,-0.11388864404682521,-0.3565699046942669,26.94131893892419
