subject,nll,bic,model,alpha,alpha_rec,beta,beta_rec,b_longer,b_longer_rec,b_last,b_last_rec,nll_rec
106-attributes,37.056763259021245,91.10750748623992,eu_b-last_b-longer,1.6554600183255914,1.57549585075534,0.3559169070188311,0.540662841765327,0.48790276415647904,0.5095021211791432,1.0,0.022398859278059253,35.057504618105284
