subject,nll,bic,model,alpha,alpha_rec,beta,beta_rec,b_longer,b_longer_rec,b_last,b_last_rec,nll_rec
150-alternatives,33.163194615046464,83.26281524848197,eu_b-last_b-longer,1.3480935266262082,1.3561095993406096,0.8650338316953698,1.2497996103777034,0.38182057672152575,0.13308761088597762,0.6722269556402194,0.7485657150347067,27.089829281238117
