subject,nll,bic,model,alpha,alpha_rec,beta,beta_rec,b_longer,b_longer_rec,b_last,b_last_rec,nll_rec
56-attributes,2.4853829073439093,21.964746782885257,eu_b-last_b-longer,0.0,0.0,58.02638955498876,79.43524670853522,-0.05567962879447121,-0.015108154193560139,-0.033819276442936495,-0.08418032567766214,3.9654188935153565
