subject,nll,bic,model,alpha,alpha_rec,beta,beta_rec,b_longer,b_longer_rec,b_last,b_last_rec,nll_rec
84-alternatives,35.774995920403605,88.54397280900464,eu_b-last_b-longer,0.8165780502896518,0.8820058670432687,2.6477767479772605,2.0054679890083236,-0.03463621279931106,-0.23576642914874887,-0.12454924815942416,-0.3885050027615955,36.20070388320122
