subject,nll,bic,model,alpha,alpha_rec,beta,beta_rec,b_longer,b_longer_rec,b_last,b_last_rec,nll_rec
44-attributes,11.870012194232915,40.73400535666327,eu_b-last_b-longer,0.3757163122682022,0.3251981881812296,18.125340396724134,24.39080897643455,0.03145018101080423,0.045529152438576574,-0.030796223989358523,-0.0760027533968344,8.9982665031587
