subject,nll,bic,model,alpha,alpha_rec,beta,beta_rec,b_longer,b_longer_rec,b_last,b_last_rec,nll_rec
5-attributes,20.864833558204772,58.72364808460698,eu_b-last_b-longer,2.0849617101312425,2.0697363866409892,0.4582876112177943,0.6948357917597044,0.3422119193462739,-0.30525072188931274,0.4438641672504153,1.0,15.21849342664417
