subject,nll,bic,model,alpha,alpha_rec,beta,beta_rec,b_longer,b_longer_rec,b_last,b_last_rec,nll_rec
167-alternatives,21.717615212496423,59.316398079201335,eu_b-last_b-longer,1.174533072952769,1.2401359634939204,2.1835255776972837,1.6091513695264497,0.12404838917920359,0.11139013138424324,-0.18341214968597172,0.35523803294522627,22.202244797059553
