subject,nll,bic,model,alpha,alpha_rec,beta,beta_rec,b_longer,b_longer_rec,b_last,b_last_rec,nll_rec
53-attributes,19.298866871513976,55.59171471122539,eu_b-last_b-longer,0.5817617390293921,0.5079420764417645,9.301461315072826,7.264640486740451,-6.311146138326364e-07,0.018270576334693516,0.0010750961477656467,-0.013420344543638552,24.744129495398827
