subject,nll,bic,model,alpha,alpha_rec,beta,beta_rec,b_longer,b_longer_rec,b_last,b_last_rec,nll_rec
186-attributes,42.344251921332756,101.68248481086295,eu_b-last_b-longer,0.7372204440379515,0.0,0.7084264566265548,0.8823469314647112,0.10885313283572808,0.17636926885556262,1.0,0.8693936610889194,42.959903642040565
