subject,nll,bic,model,alpha,alpha_rec,beta,beta_rec,b_longer,b_longer_rec,b_last,b_last_rec,nll_rec
184-alternatives,-6.746623386804581e-05,16.9938460357297,eu_b-last_b-longer,0.0,0.0,199.9971356555782,199.9971356555782,3.719217206546412e-05,3.719217206546412e-05,0.018550172271669246,0.018550172271669246,-6.746623386804581e-05
