subject,nll,bic,model,alpha,alpha_rec,beta,beta_rec,b_longer,b_longer_rec,b_last,b_last_rec,nll_rec
138-attributes,-6.899996549434658e-05,16.93628801845805,eu_b-last_b-longer,4.890953068311843,4.890953068311843,3.5900813759689925,3.5900813759689925,0.2022821166341271,0.2022821166341271,0.02423616853677313,0.02423616853677313,-6.899996549434658e-05
