subject,nll,bic,model,alpha,alpha_rec,beta,beta_rec,b_longer,b_longer_rec,b_last,b_last_rec,nll_rec
48-alternatives,27.288538120502373,71.57105720920218,eu_b-last_b-longer,1.255371886268789,1.4036433312377565,2.0283793297733332,2.285970554058166,0.11283265410880651,0.20408839044793756,0.07258548648396947,-0.061207477829910956,20.182594443195594
