subject,nll,bic,model,alpha,alpha_rec,beta,beta_rec,b_longer,b_longer_rec,b_last,b_last_rec,nll_rec
74-alternatives,30.29168521826574,77.15590934209762,eu_b-last_b-longer,0.34321480909952423,0.27028993587151756,4.937471304274563,6.165166904530822,0.004808442936406071,0.001050682594117205,0.024056462922271617,0.035268103652081564,27.001898250848054
