subject,nll,bic,model,alpha,alpha_rec,beta,beta_rec,b_longer,b_longer_rec,b_last,b_last_rec,nll_rec
55-attributes,27.51169283752441,71.95981169343786,eu_b-last_b-longer,1.072460636312279,0.9812243327035032,2.7538147380993037,5.374685452882517,0.04385985817846699,-0.19758024627824824,0.11993672246654401,-0.08778799326894161,19.7774286102071
