subject,nll,bic,model,alpha,alpha_rec,beta,beta_rec,b_longer,b_longer_rec,b_last,b_last_rec,nll_rec
101-alternatives,17.967764120966038,52.92950921012951,eu_b-last_b-longer,0.01717087860042139,0.027152558685174143,12.149266666577926,14.752559731259424,1.4873089007517924e-06,-0.020997436277949335,0.021040584644696318,0.017647884524418823,14.05679928957834
