subject,nll,bic,model,alpha,alpha_rec,beta,beta_rec,b_longer,b_longer_rec,b_last,b_last_rec,nll_rec
164-attributes,26.022867142847662,69.03971525389277,eu_b-last_b-longer,0.7569266269334288,0.7265377744876537,5.119757983500575,5.433191820464389,0.02401172992866429,0.07109171357450975,-0.06666922745353346,-0.15507932018651113,25.180657146483924
