subject,nll,bic,model,alpha,alpha_rec,beta,beta_rec,b_longer,b_longer_rec,b_last,b_last_rec,nll_rec
104-attributes,23.96914127454631,64.93226351729005,eu_b-last_b-longer,0.5898418308425236,0.5987110472925764,6.949338536723412,5.966846668124309,0.038651558338431216,1.0937137373268511e-07,0.0031443752423432193,0.004976236595507005,26.569265672170136
