subject,nll,bic,model,alpha,alpha_rec,beta,beta_rec,b_longer,b_longer_rec,b_last,b_last_rec,nll_rec
20-alternatives,19.446933833979326,55.88784863615609,eu_b-last_b-longer,0.482396983837156,0.42339058162929144,10.377998456691966,13.636028980874192,-0.017123517225913275,0.032938378287310686,-0.04488424519868136,-0.02879302869208405,15.649012308851233
