subject,nll,bic,model,alpha,alpha_rec,beta,beta_rec,b_longer,b_longer_rec,b_last,b_last_rec,nll_rec
146-alternatives,12.979261670912152,42.95250431002174,eu_b-last_b-longer,0.4879166890287336,0.40395155056494675,15.242949969361776,32.972729187171645,9.51930914912198e-09,-2.0862397356367902e-07,0.03475035499462434,0.04975280165232734,5.998377356418141
