subject,nll,bic,model,alpha,alpha_rec,beta,beta_rec,b_longer,b_longer_rec,b_last,b_last_rec,nll_rec
133-attributes,19.465903000770812,55.86823201993066,eu_b-last_b-longer,0.3533397517212441,0.3371083637880388,10.885092123507087,10.653501059834223,0.04740630812679184,0.015878974618017547,-0.01242367534593364,-0.0270806165728985,20.06470562647604
