subject,nll,bic,model,alpha,alpha_rec,beta,beta_rec,b_longer,b_longer_rec,b_last,b_last_rec,nll_rec
160-attributes,30.04943441166957,77.03529484172817,eu_b-last_b-longer,0.6321374519299956,0.49600193016365923,4.158301584540488,6.518780919994362,-0.0029577584301497327,-0.06144552656028275,0.15549546443282522,0.06581385336246716,25.635476280134515
