subject,nll,bic,model,alpha,alpha_rec,beta,beta_rec,b_longer,b_longer_rec,b_last,b_last_rec,nll_rec
49-alternatives,11.411453485020077,39.81688793823759,eu_b-last_b-longer,0.34125836860314274,0.35698016840588925,19.707263686002975,18.200759938889895,-0.015359885485393594,-0.030192654475684075,-0.013240086635617173,-0.08447687994981698,13.015356880638029
