subject,nll,bic,model,alpha,alpha_rec,beta,beta_rec,b_longer,b_longer_rec,b_last,b_last_rec,nll_rec
112-attributes,14.293871914538627,45.58172479727469,eu_b-last_b-longer,0.6358214441112559,0.5881376450902817,12.556781784153127,23.425123407527497,-0.018022820790230747,0.015091524323502765,-0.017832347395586715,-0.04443464991192454,8.99272708070413
