subject,nll,bic,model,alpha,alpha_rec,beta,beta_rec,b_longer,b_longer_rec,b_last,b_last_rec,nll_rec
170-attributes,17.270713043209025,51.53540705461549,eu_b-last_b-longer,0.5688073959815182,0.6535846632980373,10.64348579218082,30.932338104120582,-0.05221209009548802,-0.06182684318373199,-0.01676691508331537,0.016430279257579294,6.21523320766843
