subject,nll,bic,model,alpha,alpha_rec,beta,beta_rec,b_longer,b_longer_rec,b_last,b_last_rec,nll_rec
33-attributes,34.46860046951258,85.9311819072226,eu_b-last_b-longer,1.2608322137024672,1.046956853842091,0.8162689088688443,2.3307235494187384,-0.4480899757767842,3.601488161663007e-08,0.9284387146848927,-0.06779403822599205,31.225656354222743
