subject,nll,bic,model,alpha,alpha_rec,beta,beta_rec,b_longer,b_longer_rec,b_last,b_last_rec,nll_rec
95-attributes,25.258085476888752,67.51015192197494,eu_b-last_b-longer,0.9785177910960562,1.0585914535851,3.7370223801310343,2.3257469710929266,0.16065074560372314,0.13104667521106264,0.10019296442336743,0.14152900555331913,30.012376244959125
