subject,nll,bic,model,alpha,alpha_rec,beta,beta_rec,b_longer,b_longer_rec,b_last,b_last_rec,nll_rec
73-alternatives,17.46761328855864,51.87165259550632,eu_b-last_b-longer,0.5320051255028283,0.4906566025457095,10.747994502120793,12.363781346887347,-0.08668344088832397,-0.06776762587430954,0.02016376329111817,0.0024162220210203864,16.017638192216804
