subject,nll,bic,model,alpha,alpha_rec,beta,beta_rec,b_longer,b_longer_rec,b_last,b_last_rec,nll_rec
34-alternatives,40.198387819408595,97.27480645952161,eu_b-last_b-longer,1.4674113899308827,1.268790719661646,0.3540693281070038,0.3996457578000469,-0.5117772354359871,1.0,1.0,1.0,41.190244382746386
