subject,nll,bic,model,alpha,alpha_rec,beta,beta_rec,b_longer,b_longer_rec,b_last,b_last_rec,nll_rec
62-alternatives,29.123932205827273,75.24184537985198,eu_b-last_b-longer,0.5466566387348489,0.38321339059166926,5.733001740951246,6.49576711791902,-0.019959838053645637,-0.07108913135593647,-0.005926738668541109,-0.016171581836390832,29.52754813108228
