subject,nll,bic,model,alpha,alpha_rec,beta,beta_rec,b_longer,b_longer_rec,b_last,b_last_rec,nll_rec
116-attributes,18.46846349763219,53.93090796346182,eu_b-last_b-longer,0.6514928870461493,0.6654282440285193,9.11322350700633,10.207854110951605,-0.03846576151612159,-0.019303643974278424,-0.03750085633558835,0.01959452845277447,16.482417980251828
