subject,nll,bic,model,alpha,alpha_rec,beta,beta_rec,b_longer,b_longer_rec,b_last,b_last_rec,nll_rec
176-attributes,36.87304280492336,90.74006657804415,eu_b-last_b-longer,0.43100678852273067,0.3692278909866697,3.0586321323488996,5.782100115999025,-0.028493408139705384,-0.038583185424063506,0.21825354041711317,0.13873166075927904,28.87496647503327
