subject,nll,bic,model,alpha,alpha_rec,beta,beta_rec,b_longer,b_longer_rec,b_last,b_last_rec,nll_rec
117-attributes,19.95958450757411,56.91314998334566,eu_b-last_b-longer,0.4921017264587413,0.5496297055275084,9.572236765343137,8.475292908463032,-0.01730206142477274,0.03611124661027431,-0.01510414212859614,0.00198042807302822,21.168240733048354
