subject,nll,bic,model,alpha,alpha_rec,beta,beta_rec,b_longer,b_longer_rec,b_last,b_last_rec,nll_rec
116-alternatives,18.888250558178015,54.770482084553464,eu_b-last_b-longer,0.6301932852069797,0.5860255710255188,9.183688225894164,9.23079499253408,0.05627486498779578,0.1504608781282728,0.020939162161466053,0.07956332491659411,18.259116003812352
