subject,nll,bic,model,alpha,alpha_rec,beta,beta_rec,b_longer,b_longer_rec,b_last,b_last_rec,nll_rec
98-attributes,28.67876469678166,74.35151036176076,eu_b-last_b-longer,0.7887821710563384,0.7120237531414013,4.034151704972566,4.881450235118709,0.026965284800640726,0.07151696037396872,0.08572846072510901,0.0984904564965106,26.883359961969973
