subject,nll,bic,model,alpha,alpha_rec,beta,beta_rec,b_longer,b_longer_rec,b_last,b_last_rec,nll_rec
192-alternatives,-6.746622830840814e-05,16.99384603574082,eu_b-last_b-longer,0.0,0.0,199.9971390179852,199.9971390179852,3.9105823962697624e-05,3.9105823962697624e-05,0.018551578659316267,0.018551578659316267,-6.746622830840814e-05
