subject,nll,bic,model,alpha,alpha_rec,beta,beta_rec,b_longer,b_longer_rec,b_last,b_last_rec,nll_rec
101-attributes,20.00357402960374,57.001129027404914,eu_b-last_b-longer,0.0,0.0,11.208146981355375,9.206614704654752,-0.03671864954057478,5.848454938496656e-07,-0.013813462272803598,-0.008481078877733387,24.217352851148515
