subject,nll,bic,model,alpha,alpha_rec,beta,beta_rec,b_longer,b_longer_rec,b_last,b_last_rec,nll_rec
22-alternatives,29.496746516210308,75.98747400061805,eu_b-last_b-longer,0.2752180596784133,0.19418912344090508,6.557048030697358,9.773692622595952,0.035566482909787346,-0.01736205106931981,0.053754209801862504,0.04720329971548009,21.583668535021804
