subject,nll,bic,model,alpha,alpha_rec,beta,beta_rec,b_longer,b_longer_rec,b_last,b_last_rec,nll_rec
90-alternatives,15.141706901063026,47.27739477032349,eu_b-last_b-longer,0.4904319953791959,0.46228421371687106,13.31398764166831,21.36645425255904,0.033798817809987815,-0.019156150312325298,-0.030941747470803613,-0.018400606051996175,8.842787848749591
