subject,nll,bic,model,alpha,alpha_rec,beta,beta_rec,b_longer,b_longer_rec,b_last,b_last_rec,nll_rec
18-alternatives,24.995470151060587,66.98492127031861,eu_b-last_b-longer,0.887331425214098,0.8817626959388128,4.75102895347744,4.873635996253833,0.027162890366730506,-0.026841650193930467,-0.07388636244144227,-0.07329272878958107,24.692773042457574
