subject,nll,bic,model,alpha,alpha_rec,beta,beta_rec,b_longer,b_longer_rec,b_last,b_last_rec,nll_rec
103-alternatives,25.229407619337696,67.45279620687283,eu_b-last_b-longer,0.4979873497916106,0.5435282713064472,7.449993874538206,6.908017266531864,-0.03618608055329474,0.03789874766509734,-0.025566163993587236,-0.04504947828744348,25.844441995466564
