subject,nll,bic,model,alpha,alpha_rec,beta,beta_rec,b_longer,b_longer_rec,b_last,b_last_rec,nll_rec
154-attributes,12.351354185972536,41.69668934014251,eu_b-last_b-longer,0.22809361922167498,0.14252274829008077,15.741015032333532,23.04422930437406,0.03683875212896298,-4.6354694830987317e-07,0.038475770963237566,0.002306921538470026,6.251209567879743
