subject,nll,bic,model,alpha,alpha_rec,beta,beta_rec,b_longer,b_longer_rec,b_last,b_last_rec,nll_rec
142-alternatives,25.890244302198017,68.77446957259347,eu_b-last_b-longer,0.7496390543922992,0.7508484051935158,5.2475026274896726,4.813179384008579,-0.04732608775765218,8.97918977366362e-08,0.05316048455343701,0.009260434738616615,27.708987198947717
