subject,nll,bic,model,alpha,alpha_rec,beta,beta_rec,b_longer,b_longer_rec,b_last,b_last_rec,nll_rec
188-alternatives,21.219071719669884,59.4321244075372,eu_b-last_b-longer,1.5420706055100275,1.4636693951567001,1.500408322857843,1.4941788055228817,3.7040394806058086e-06,0.0919659873258701,0.019533491415659205,0.46230734294827486,23.195590634503564
