subject,nll,bic,model,alpha,alpha_rec,beta,beta_rec,b_longer,b_longer_rec,b_last,b_last_rec,nll_rec
64-alternatives,26.966705974494843,70.92739291718712,eu_b-last_b-longer,0.5914616535932661,0.5986106487001678,5.902965466060663,8.346554514183586,0.020469954289632213,-0.01876810931032484,0.06854069903613919,0.058496516317730056,20.81404567527495
