subject,nll,bic,model,alpha,alpha_rec,beta,beta_rec,b_longer,b_longer_rec,b_last,b_last_rec,nll_rec
102-alternatives,24.95351726648443,66.9010155011663,eu_b-last_b-longer,0.7697013471016225,0.8440245748114058,5.320290797448145,15.149730962129537,-0.07220925881749045,-0.05969902462759216,0.0767110484967736,0.020930845569615275,9.932372711682982
