subject,nll,bic,model,alpha,alpha_rec,beta,beta_rec,b_longer,b_longer_rec,b_last,b_last_rec,nll_rec
168-attributes,11.315771391570108,39.62552375133765,eu_b-last_b-longer,0.22975643163464057,0.2687200979623439,16.90729728614206,13.825063579008049,-0.01946674426287099,0.034104127923952045,-0.01639024601940812,0.0027658065769828066,14.975592563191894
