subject,nll,bic,model,alpha,alpha_rec,beta,beta_rec,b_longer,b_longer_rec,b_last,b_last_rec,nll_rec
103-attributes,23.64476306623809,64.28350710067362,eu_b-last_b-longer,0.48583459994176675,0.5020045941557744,7.751394861065575,9.788553249753484,0.07135233395345399,0.1052001118820301,0.0039911242874620416,0.05416919850635849,18.774016019010876
