subject,nll,bic,model,alpha,alpha_rec,beta,beta_rec,b_longer,b_longer_rec,b_last,b_last_rec,nll_rec
59-attributes,34.294631209728045,85.52568843784513,eu_b-last_b-longer,1.0579103701338357,1.0472086042581825,1.5704801687872285,2.5575768934768,-0.142068288860142,-0.013936299465053049,0.1781055333091678,0.024133873796372534,29.211135183480067
