subject,nll,bic,model,alpha,alpha_rec,beta,beta_rec,b_longer,b_longer_rec,b_last,b_last_rec,nll_rec
35-attributes,30.707421681589317,78.23361384074249,eu_b-last_b-longer,0.45044359119407634,0.22682190999804436,4.618864624612961,3.8532455193922925,-0.002714413755770722,0.1221566756892576,0.1187904289316223,0.10329462103957372,34.968614490079695
