subject,nll,bic,model,alpha,alpha_rec,beta,beta_rec,b_longer,b_longer_rec,b_last,b_last_rec,nll_rec
124-alternatives,16.27865211295679,49.55128519411102,eu_b-last_b-longer,1.2090700126112064,1.1971554472406782,5.3954045399071475,6.790347005831579,0.03551042605723357,-1.5462199560852504e-07,0.10519300098229149,0.06368336017679398,14.365884787708858
