subject,nll,bic,model,alpha,alpha_rec,beta,beta_rec,b_longer,b_longer_rec,b_last,b_last_rec,nll_rec
80-alternatives,13.098220664130864,43.19042229645916,eu_b-last_b-longer,1.1714205562353655,1.1701174646092065,7.979801713548135,14.549108811725665,-0.030309303482403124,-0.08287883222968163,0.08976838737930548,0.08287882675045173,7.80096931160237
