subject,nll,bic,model,alpha,alpha_rec,beta,beta_rec,b_longer,b_longer_rec,b_last,b_last_rec,nll_rec
7-alternatives,34.37696211487231,85.74790519794206,eu_b-last_b-longer,0.7792597106477042,0.8755504649502268,3.0531769997677216,2.121950354157432,-0.09365065615473313,-0.17692317997391213,-0.11680371435425847,-0.33379885096894146,36.18621987994899
