subject,nll,bic,model,alpha,alpha_rec,beta,beta_rec,b_longer,b_longer_rec,b_last,b_last_rec,nll_rec
92-alternatives,35.95762499422974,88.90923095665691,eu_b-last_b-longer,0.6172743555817346,0.5528203647307055,2.9685412042136554,6.299425241043258,0.14924724370488432,0.07841522989916383,0.15096684705678123,0.047696136763778735,26.492616980219612
