subject,nll,bic,model,alpha,alpha_rec,beta,beta_rec,b_longer,b_longer_rec,b_last,b_last_rec,nll_rec
107-alternatives,42.93428265519742,102.80499132878388,eu_b-last_b-longer,0.013704609813185154,0.14854417285761884,2.553352931849046,3.2655526057904822,0.04399212121414683,0.085476307413641,0.10693934739910656,-0.01159001621772241,40.76799026402626
