subject,nll,bic,model,alpha,alpha_rec,theta,theta_rec,beta,beta_rec,b_last,b_last_rec,nll_rec
12-alternatives,19.407821350481402,55.75206871935184,twostagewithin,0.8534715116977895,0.8145523183335104,0.9925771322234087,0.904379747647802,45.267726460631415,44.77521477048891,0.023625625379140505,0.0423022727514824,18.311890813916623
