subject,nll,bic,model,alpha,alpha_rec,theta,theta_rec,beta,beta_rec,b_last,b_last_rec,nll_rec
14-attributes,32.45636388038997,81.90670872897738,twostagewithin,1.1539747104391704,1.4119778407653891,0.6062870604665661,0.08977263201985432,30.179430541586918,49.24218616985201,0.020643962599307033,-0.03794384042105947,31.287036538046074
