subject,nll,bic,model,alpha,alpha_rec,theta,theta_rec,beta,beta_rec,b_last,b_last_rec,nll_rec
6-attributes,41.35510476026358,99.70419048872459,twostagewithin,0.724728293682659,0.562618862780754,0.21186463007261092,0.13516187273807026,15.81473185592752,12.278002957642077,0.01795021808323427,0.033673326280940795,43.202000248867215
