subject,nll,bic,model,alpha,alpha_rec,theta,theta_rec,beta,beta_rec,b_last,b_last_rec,nll_rec
18-attributes,33.68968415025025,84.37334926869794,twostagewithin,0.5441782682556761,0.4388435146235775,0.7966912739163847,0.840685397935458,16.480039875576914,13.666047136665407,-0.016061585366798182,0.009316581595015873,34.2848597426307
