subject,nll,bic,model,alpha,alpha_rec,theta,theta_rec,beta,beta_rec,b_last,b_last_rec,nll_rec
7-attributes,48.17122283359649,113.33642663539041,twostagewithin,0.0,0.0,0.49391539335317797,0.8940798440596341,0.9518603521615323,0.5049236373675478,-0.06545646068388139,-0.013775693604431805,48.36142055471706
