subject,nll,bic,model,alpha,alpha_rec,theta,theta_rec,beta,beta_rec,b_last,b_last_rec,nll_rec
15-alternatives,18.561168248260138,54.05876251490932,twostagewithin,0.6127664385334703,0.6131052790525204,0.7690734070188276,0.8802180869135645,44.992370279576924,35.032327216792844,-0.0035933922459455733,-0.016574216613989678,21.392385827898604
