subject,nll,bic,model,alpha,alpha_rec,theta,theta_rec,beta,beta_rec,b_last,b_last_rec,nll_rec
5-alternatives,24.83356516259148,66.6611112933804,twostagewithin,0.4801784432240089,0.4544378602648549,0.8777095746381358,1.0,24.480395371281997,23.57073785200142,0.007923525640383816,0.0027930375073569164,23.82938365830949
