subject,nll,bic,model,alpha,alpha_rec,theta,theta_rec,beta,beta_rec,b_last,b_last_rec,nll_rec
9-attributes,37.46701466202776,91.92801029225295,twostagewithin,1.3108078885606482,1.2984610273562613,0.49538183551093173,0.594103045038569,22.36273432089376,13.141476745961473,0.007339814716256821,0.052025693339451486,42.29499815081914
