subject,nll,bic,model,alpha,alpha_rec,theta,theta_rec,beta,beta_rec,b_last,b_last_rec,nll_rec
10-alternatives,21.424624218025592,59.84322940424862,twostagewithin,2.9325835575397505,2.9072298910330834,0.7050910416195391,0.8382195086417952,87.97830413796201,96.37588176901895,0.00020023858600977382,-0.0033760898168515505,19.89446658190332
