subject,nll,bic,model,alpha,alpha_rec,theta,theta_rec,beta,beta_rec,b_last,b_last_rec,nll_rec
1-alternatives,20.15168772554975,57.29735641929693,twostagewithin,0.40229929927085273,0.4794350565004577,1.0,0.875111861548065,27.048982644310072,35.88847756356773,-0.009864672471775726,0.021588669919803443,17.546407132349437
