subject,nll,bic,model,alpha,alpha_rec,theta,theta_rec,beta,beta_rec,b_last,b_last_rec,nll_rec
19-alternatives,3.550509702066424,24.095000372330286,twostagewithin,0.3629352934701258,0.3213997749802731,1.0,1.0,100.0,100.0,0.023514402082833823,0.03185427117318447,1.2924739523446738
