subject,nll,bic,model,alpha,alpha_rec,theta,theta_rec,beta,beta_rec,b_last,b_last_rec,nll_rec
11-alternatives,36.568810803043576,90.0740476244762,twostagewithin,1.561884089754588,2.1399464277279225,0.2791179307599443,0.003117811740229189,25.5800932238014,43.32896400907922,0.004573790762743359,-0.002925064057749343,33.33091266260617
