subject,nll,bic,model,alpha,alpha_rec,theta,theta_rec,beta,beta_rec,b_last,b_last_rec,nll_rec
8-alternatives,27.67407066593034,72.34212230005812,twostagewithin,0.6523684996998906,0.750383260690328,1.0,1.0,23.400710323716556,23.856539950032193,0.021320055877112654,0.02425042217142371,28.66567701487783
