subject,nll,bic,model,alpha,alpha_rec,theta,theta_rec,beta,beta_rec,b_last,b_last_rec,nll_rec
0-attributes,36.146438104852365,89.28685717790216,twostagewithin,1.6960188526592503,1.4183604054436345,0.7758730442325776,0.676269838015119,21.81037631546072,18.268486772507657,-0.07728439902408141,0.03261888434196016,38.67456572807823
