subject,nll,bic,model,alpha,alpha_rec,theta,theta_rec,beta,beta_rec,b_last,b_last_rec,nll_rec
15-attributes,31.674060987267712,80.34210294273286,twostagewithin,0.5276174990200206,0.6106757051526933,0.4136022653210027,0.6390885105513828,23.179712411347978,20.58578968398171,-0.0024052087077135464,-0.011111853391940464,32.67459266523051
