subject,nll,bic,model,alpha,alpha_rec,theta,theta_rec,beta,beta_rec,b_last,b_last_rec,nll_rec
13-alternatives,25.381266108395717,67.75651318498888,twostagewithin,0.6174049922096295,0.6108768822858069,0.9847354458391108,1.0,27.384738121581638,32.76239247673231,-0.01199145210978129,-0.02131005543607973,21.890044386508556
