subject,nll,bic,model,alpha,alpha_rec,theta,theta_rec,beta,beta_rec,b_last,b_last_rec,nll_rec
9-alternatives,32.44283081298276,81.82208764435457,twostagewithin,1.0152865484897367,1.17042579878151,0.9253428696023801,0.7238548894977106,24.391903954851344,38.41270408898061,-0.002130027424459378,-0.005269682067439051,27.978877839114652
