subject,nll,bic,model,alpha,alpha_rec,theta,theta_rec,beta,beta_rec,b_last,b_last_rec,nll_rec
18-alternatives,23.059444139465423,63.11286924712829,twostagewithin,0.5556562924878191,0.33612045247681227,1.0,1.0,25.925950209224695,17.415008644139107,0.037913831180819355,0.08021805541049017,22.953398091086168
