subject,nll,bic,model,alpha,alpha_rec,theta,theta_rec,beta,beta_rec,b_last,b_last_rec,nll_rec
8-attributes,26.257352315580565,69.50868559935857,twostagewithin,0.8154962774752949,0.7546631197502438,0.2747319614892418,0.11737747206996632,47.91509392947664,56.244977694655184,0.05593486691717207,-0.0032033785106829193,24.73711695059753
