subject,nll,bic,model,alpha,alpha_rec,theta,theta_rec,beta,beta_rec,b_last,b_last_rec,nll_rec
12-attributes,22.84861770560119,62.69121637939982,twostagewithin,0.8660541904250905,0.7387344416700283,0.7728827903095357,0.5622860244016321,44.90575924357423,51.780307212707115,0.06952998894854186,-0.0036845193768444864,20.1618305313162
