subject,nll,bic,model,alpha,alpha_rec,theta,theta_rec,beta,beta_rec,b_last,b_last_rec,nll_rec
5-attributes,21.281884856067823,59.557750680333086,twostagewithin,0.5589530655663747,0.4966578611814554,0.8965307750939612,0.00391145966027423,32.04484301703727,78.5637359448904,0.06959572256297164,0.02860633916911859,15.476785489596951
