subject,nll,bic,model,alpha,alpha_rec,theta,theta_rec,beta,beta_rec,b_last,b_last_rec,nll_rec
10-attributes,26.104970987377072,69.20392294295158,twostagewithin,2.38129305439326,2.1399333027157788,0.3567394696454266,0.771858671934321,64.01531147363318,93.68863144750291,-0.02245251491359436,-0.014395833816573812,16.130460649934214
