subject,nll,bic,model,alpha,alpha_rec,theta,theta_rec,beta,beta_rec,b_last,b_last_rec,nll_rec
0-alternatives,30.317974363302095,77.62992969480163,twostagewithin,1.5606343375982188,1.949778191540243,0.9412911262235489,0.8621044258427675,30.158136899258675,44.54957946409379,0.0061229941345870495,0.0132608693722893,24.52953391784632
