subject,nll,bic,model,alpha,alpha_rec,theta,theta_rec,beta,beta_rec,b_last,b_last_rec,nll_rec
6-alternatives,36.083970681458325,89.16192233111408,twostagewithin,0.8522869566881056,0.5289759548809887,1.0,1.0,15.764169070710498,11.468837795512648,0.021706519693903435,0.038954711376148414,36.4714435827131
