subject,nll,bic,model,alpha,alpha_rec,theta,theta_rec,beta,beta_rec,b_last,b_last_rec,nll_rec
19-attributes,15.468770090732415,47.93152114966227,twostagewithin,0.21024024108392406,0.28774168576846276,0.3808555253291724,0.017028592752147804,30.551092187995465,53.73792887375782,-0.0739748726963489,-0.06962557755619916,14.86320550607731
