subject,nll,bic,model,alpha,alpha_rec,gamma,gamma_rec,beta,beta_rec,b_last,b_last_rec,nll_rec
17,37.817265290724094,95.40110027188541,pt_b-last,0.8767600543287739,0.8612093851039462,0.7398765406140821,0.7143859943752794,9.618321760933616,14.907556634269595,-0.016513541674148924,2.0026538756781376e-05,30.62071813924563
