subject,nll,bic,model,alpha,alpha_rec,gamma,gamma_rec,beta,beta_rec,b_last,b_last_rec,nll_rec
13,53.19865978761332,126.16388926566387,pt_b-last,0.6082105117223393,0.5536278642405165,1.0,0.997005774847036,6.00283478604171,8.414570924215296,0.006937554251347141,-0.005334065668116129,43.33488248163887
