subject,nll,bic,model,alpha,alpha_rec,gamma,gamma_rec,beta,beta_rec,b_last,b_last_rec,nll_rec
2,32.680040761462934,85.06909626355468,pt_b-last,0.42775628581201863,0.4218376396739925,0.6910224552650956,0.6908399720113351,22.129308197761937,23.489024241833764,-0.007890006954600532,-0.0034043665543357516,31.323114458162237
