subject,nll,bic,model,alpha,alpha_rec,gamma,gamma_rec,beta,beta_rec,b_last,b_last_rec,nll_rec
14,55.21167488076388,130.16124549405052,pt_b-last,1.036907791890841,1.065638923411747,0.9448720618645098,0.9065036896029907,3.140027352603993,2.635934248395259,0.05867312782387684,-0.007942562895985297,58.75698259559222
