subject,nll,bic,model,alpha,alpha_rec,gamma,gamma_rec,beta,beta_rec,b_last,b_last_rec,nll_rec
6,78.44613157776861,176.65883284597444,pt_b-last,0.7873246548612293,0.6362509709162586,1.0,0.7701321647805229,1.9414466582123968,3.664449530899904,0.09656709192698183,0.024561354000742015,75.17820771318402
