subject,nll,bic,model,alpha,alpha_rec,gamma,gamma_rec,beta,beta_rec,b_last,b_last_rec,nll_rec
12,43.46622632578179,106.67034838408634,pt_b-last,0.8617403945263916,0.9119858419032439,1.0,1.0,5.636314276082248,6.182434170113159,0.0987593995145603,0.1385415330655168,38.5458033240335
