subject,nll,bic,model,alpha,alpha_rec,gamma,gamma_rec,beta,beta_rec,b_last,b_last_rec,nll_rec
1,51.81017576213944,123.3869212147161,pt_b-last,0.2680408126836649,0.30376119499873805,0.5820188341257942,0.6290850027331659,20.825775191410226,27.682302582416796,0.007778745938638647,0.006443657758801811,38.349864443552754
