subject,nll,bic,model,alpha,alpha_rec,gamma,gamma_rec,beta,beta_rec,b_last,b_last_rec,nll_rec
5,38.59218233837727,96.95093436719176,pt_b-last,0.2683155265954923,0.2780047085888748,0.4966590946044643,0.4859150459482518,49.59601504787802,62.01718321505446,0.0018458081852474378,-0.009533831157563491,31.97206114206399
