subject,nll,bic,model,alpha,alpha_rec,gamma,gamma_rec,beta,beta_rec,b_last,b_last_rec,nll_rec
10,37.418189328849124,94.60294834813547,pt_b-last,1.0753997890725253,0.9912432805387825,0.3191688289823287,0.36929198308816014,8.910295943691349,9.460813817397982,-0.00045063875839038966,0.013223618800345577,38.551332698698715
