subject,nll,bic,model,alpha,alpha_rec,gamma,gamma_rec,beta,beta_rec,b_last,b_last_rec,nll_rec
8,54.13173407779638,128.03003784602998,pt_b-last,0.7293590244027697,0.7882779041277969,1.0,1.0,4.885651622790102,4.72293739672956,0.08845692060917469,0.14270332314407624,51.76948839037366
