subject,nll,bic,model,alpha,alpha_rec,gamma,gamma_rec,beta,beta_rec,b_last,b_last_rec,nll_rec
11,74.39831706926776,168.53452987105828,pt_b-last,0.8575829235316653,0.6686105769047652,0.6103471796676999,0.5276274864167299,2.5888467375221498,5.204747832857299,0.019878097854092107,0.0387105248207694,70.63530400753172
