subject,nll,bic,model,wp,wp_rec,eta,eta_rec,beta,beta_rec,b_last,b_last_rec,nll_rec
19,20.40995543215989,60.586480554756996,twostagebetween,0.7417964017410859,0.7323325122627004,0.4706424227695438,0.2810648667464438,46.924789566672885,54.3225850904189,-0.014287575024179792,-0.016940938353066225,22.078029246460165
