subject,nll,bic,model,wp,wp_rec,eta,eta_rec,beta,beta_rec,b_last,b_last_rec,nll_rec
8,48.13414866332868,116.03486701709457,twostagebetween,0.5785369170428192,0.5791061626065954,0.370900628963729,0.27908643061031696,42.214962454130976,42.01833404342262,0.009608316455632916,0.021602307780597678,49.558868247470855
