subject,nll,bic,model,wp,wp_rec,eta,eta_rec,beta,beta_rec,b_last,b_last_rec,nll_rec
17,42.40704807819573,104.58066584682868,twostagebetween,0.455657732560996,0.45542243098933954,0.7415373720519521,0.7624999623172868,46.92565033934029,49.92805634053939,-0.0061228202489975545,1.6674407370085815e-05,40.87553988729218
