subject,nll,bic,model,wp,wp_rec,eta,eta_rec,beta,beta_rec,b_last,b_last_rec,nll_rec
4,58.15503514721644,136.0766399848701,twostagebetween,0.4624816258087693,0.451056215571687,0.8188523054674841,1.0,23.84647053874728,21.01460936644003,-0.025489667281518115,-0.023652948771737948,58.71323719078764
