subject,nll,bic,model,wp,wp_rec,eta,eta_rec,beta,beta_rec,b_last,b_last_rec,nll_rec
16,84.28314523960645,188.12768699209994,twostagebetween,0.5334454497362169,0.5425490792648194,1.0,0.7502634970933991,5.367534027603142,8.82704348123721,0.06862587247639636,0.0554474240749757,78.87818700105328
