subject,nll,bic,model,wp,wp_rec,eta,eta_rec,beta,beta_rec,b_last,b_last_rec,nll_rec
2,32.47349129665768,84.65599733394417,twostagebetween,0.5921759316161568,0.6076993912124978,1.0,1.0,44.35188832413827,32.68759525929584,0.013889020801629067,0.009627338095470922,41.51568659714549
