subject,nll,bic,model,wp,wp_rec,eta,eta_rec,beta,beta_rec,b_last,b_last_rec,nll_rec
0,64.65268851799132,149.07194672641987,twostagebetween,0.3996256587848854,0.3815306640355181,0.32068225952473917,0.1750493845930316,22.897974307232726,31.467094905680863,-0.0023836961298164174,-0.002551007093296085,57.57241732639781
