subject,nll,bic,model,wp,wp_rec,eta,eta_rec,beta,beta_rec,b_last,b_last_rec,nll_rec
14,55.76880770490643,131.27551114233563,twostagebetween,0.4777583601840465,0.5160083895785907,0.7366412962715224,0.5232306208594669,28.112409549723107,32.09321681735564,0.0081058331710325,0.02103341302250071,55.279792991666646
