subject,nll,bic,model,wp,wp_rec,eta,eta_rec,beta,beta_rec,b_last,b_last_rec,nll_rec
3,21.69391312704647,63.15439594453016,twostagebetween,0.7295414683938353,0.7474747663814608,1.0,0.012376986699326449,34.79450380709894,67.4281616283269,0.028042799196547133,0.008996568749689153,21.126649413223127
