subject,nll,bic,model,wp,wp_rec,eta,eta_rec,beta,beta_rec,b_last,b_last_rec,nll_rec
1,54.60645194208648,128.97947357461018,twostagebetween,0.66554793580017,0.6418163397878041,1.0,1.0,18.356161099014937,18.30789652296783,0.026626428288436473,0.018949231854451104,58.10888624357415
