subject,nll,bic,model,wp,wp_rec,eta,eta_rec,beta,beta_rec,b_last,b_last_rec,nll_rec
11,72.6587627585019,165.05542124952655,twostagebetween,0.39919750919077956,0.34327780209367337,1.0,1.0,11.02229027196284,12.47865027883448,-0.0013797826415583888,-0.017222620264058953,65.08022828104791
