subject,nll,bic,model,wp,wp_rec,eta,eta_rec,beta,beta_rec,b_last,b_last_rec,nll_rec
15,48.00720400420326,115.75230374092928,twostagebetween,0.6042022645127493,0.5958597237208724,1.0,1.0,26.748234409509262,26.817780478714617,0.03917960530582333,0.05841973875022611,47.2109893553005
