subject,nll,bic,model,wp,wp_rec,eta,eta_rec,beta,beta_rec,b_last,b_last_rec,nll_rec
10,37.45635134152392,94.67927237348505,twostagebetween,0.21695250212648529,0.2476457353391361,0.9865392094389891,1.0,19.287709680806554,17.88910085033848,0.0022769019310054338,-0.013788590246089059,44.19262448240892
