subject,nll,bic,model,m_min,m_min_rec,epsilon,epsilon_rec,b_last,b_last_rec,nll_rec
3,30.66427305074295,76.15347336931382,mcutoff_b-last,8.84820878581288,9.44591027876936,0.057141970443867304,0.07142771497495809,-0.0016366835400940527,0.04493814086847192,36.024329676416414
