subject,nll,bic,model,m_min,m_min_rec,epsilon,epsilon_rec,b_last,b_last_rec,nll_rec
2,73.51444392550674,161.81064890648508,mcutoff_b-last,8.871736975257889,9.071939263193979,0.22463712953579232,0.21739073579223525,0.10332036017611124,0.09751022723697256,72.25463857268984
