subject,nll,bic,model,m_min,m_min_rec,epsilon,epsilon_rec,b_last,b_last_rec,nll_rec
19,33.40378863020576,81.63250452823944,mcutoff_b-last,9.734035686746742,8.709093109482087,0.0642848422200533,0.09285632907894886,0.05199724026543828,-0.010525017216571064,43.273557538341514
