subject,nll,bic,model,m_min,m_min_rec,epsilon,epsilon_rec,b_last,b_last_rec,nll_rec
4,85.52072228796507,185.86637184375806,mcutoff_b-last,3.156627572934968,0.21861459061612898,0.2999995963863381,0.3571425688374492,-0.2581824829856204,-0.9296164362121587,91.24563856445143
