subject,nll,bic,model,m_min,m_min_rec,epsilon,epsilon_rec,b_last,b_last_rec,nll_rec
11,85.98256734970869,186.76855649880946,mcutoff_b-last,1.984420410171258,0.8757152735703713,0.309352129403683,0.33812916813326765,0.18172067765970445,-0.9565627460895212,88.93011233655967
