subject,nll,bic,model,m_min,m_min_rec,epsilon,epsilon_rec,b_last,b_last_rec,nll_rec
12,85.16250982271454,185.12844144482116,mcutoff_b-last,8.255355934070245,8.293788626381964,0.30215787076101025,0.32374064986418305,0.12168413451599758,0.12732682470823242,87.52207713239939
