subject,nll,bic,model,m_min,m_min_rec,epsilon,epsilon_rec,b_last,b_last_rec,nll_rec
17,85.52072228796507,185.86637184375806,mcutoff_b-last,7.387340287806029,7.608243688747207,0.2999995961764957,0.30714247301344494,0.20969611917483366,0.20938744360440453,86.35108927593126
