subject,nll,bic,model,m_min,m_min_rec,epsilon,epsilon_rec,b_last,b_last_rec,nll_rec
16,84.4231872551953,183.51742189505586,mcutoff_b-last,7.8700412463479195,7.846364123819986,0.3308267273778578,0.26315741558904027,0.11251287672647692,-0.053896418171461846,76.65217299191372
