subject,nll,bic,model,m_min,m_min_rec,epsilon,epsilon_rec,b_last,b_last_rec,nll_rec
0,79.80632387045986,174.43757500874764,mcutoff_b-last,5.890682592007213,5.553172524364017,0.2571423696685188,0.3071424650100581,0.09888914584264019,0.09361772863797824,86.35108927593127
