subject,nll,bic,model,m_min,m_min_rec,epsilon,epsilon_rec,b_last,b_last_rec,nll_rec
10,43.273557538341514,101.37204234451094,mcutoff_b-last,1.0328525140884226,2.7244172798116146,0.09285633071541205,0.07142771354373138,0.19129341618266982,-0.6374721964545009,36.024329676416414
