subject,nll,bic,model,m_min,m_min_rec,epsilon,epsilon_rec,b_last,b_last_rec,nll_rec
15,71.18717939867061,157.1777805967333,mcutoff_b-last,9.861770451360595,9.733815530360971,0.20863250978754225,0.21582676516651184,0.1165980124452266,0.11372226690356624,72.4987580926028
