subject,nll,bic,model,m_min,m_min_rec,epsilon,epsilon_rec,b_last,b_last_rec,nll_rec
185,85.52072228796506,185.86637184375803,mcutoff_b-last,6.954366748577399,7.829894722865137,0.29999959881046834,0.38571405659268915,0.11190725875542262,0.1302009018446153,93.35065317331009
