subject,nll,bic,model,m_min,m_min_rec,epsilon,epsilon_rec,b_last,b_last_rec,nll_rec
33,90.64224946512853,196.10942619808498,mcutoff_b-last,8.214494546042035,8.284768419129307,0.3499997002181452,0.31428533610055426,0.5995132324883405,0.40878193453766176,87.14788889226682
