subject,nll,bic,model,m_min,m_min_rec,epsilon,epsilon_rec,b_last,b_last_rec,nll_rec
61,77.60885735275397,170.04264197333586,mcutoff_b-last,8.241095934625392,8.286088434525452,0.2428566285123055,0.23571375517841955,0.09448409971585248,0.09026713563404987,76.45222434976476
