subject,nll,bic,model,m_min,m_min_rec,epsilon,epsilon_rec,b_last,b_last_rec,nll_rec
137,27.791854068702143,70.4086354052322,mcutoff_b-last,0.7162075262307459,0.35090374345965714,0.04999910056686377,0.014284742559409525,-0.5980699889155041,0.46988519840753273,10.482356252768449
