subject,nll,bic,model,m_min,m_min_rec,epsilon,epsilon_rec,b_last,b_last_rec,nll_rec
141,64.13990506889358,143.10473740561508,mcutoff_b-last,9.021079545454842,9.967891334557525,0.17142791285629727,0.2071422680769626,0.0468506557785604,0.04995234568341611,71.42022775030574
