subject,nll,bic,model,m_min,m_min_rec,epsilon,epsilon_rec,b_last,b_last_rec,nll_rec
41,91.24636912776154,197.20856259083837,mcutoff_b-last,6.127638657916586,7.292951957983476,0.4074072172133436,0.37777753288037486,-0.103440908783752,-0.10031182615612966,89.50010671767899
