subject,nll,bic,model,m_min,m_min_rec,epsilon,epsilon_rec,b_last,b_last_rec,nll_rec
177,83.75746240221599,182.3398520722599,mcutoff_b-last,7.694335876010335,7.587016522981026,0.2857138538537148,0.3071424699198491,0.10977252859204034,0.0979706351344718,86.35108927593126
