subject,nll,bic,model,m_min,m_min_rec,epsilon,epsilon_rec,b_last,b_last_rec,nll_rec
198,76.45222434976478,167.72937596735747,mcutoff_b-last,8.236458157223385,8.23691097250071,0.23571375352442758,0.23571375235141728,0.10245874435866109,0.0907452562888511,76.45222434976478
