subject,nll,bic,model,m_min,m_min_rec,epsilon,epsilon_rec,b_last,b_last_rec,nll_rec
12,72.4987580926028,159.80093798459768,mcutoff_b-last,8.282592885939863,8.227734531662664,0.21582676692297859,0.15827269294012375,0.10136915505078292,0.11942169940015179,60.714314360223725
