subject,nll,bic,model,m_min,m_min_rec,epsilon,epsilon_rec,b_last,b_last_rec,nll_rec
163,80.54040898261218,175.88423976461644,mcutoff_b-last,6.839271694713812,6.831267538384541,0.2661865797592165,0.28057509742279485,0.21675286445678954,0.21657835798464897,82.4956759075788
