subject,nll,bic,model,m_min,m_min_rec,epsilon,epsilon_rec,b_last,b_last_rec,nll_rec
85,35.94994761284798,86.70331702508803,mcutoff_b-last,9.852029605699078,8.894369181494923,0.07194159085747637,0.05755307394175151,0.06998895275425165,-0.00320523971849207,30.6052170326546
