subject,nll,bic,model,m_min,m_min_rec,epsilon,epsilon_rec,b_last,b_last_rec,nll_rec
75,49.753325474721514,114.33157821727094,mcutoff_b-last,9.508894611755252,8.386411274493124,0.11428494420404177,0.14285642763425913,0.11293691877544787,0.11504988609203526,57.41600456065724
