subject,nll,bic,model,m_min,m_min_rec,epsilon,epsilon_rec,b_last,b_last_rec,nll_rec
151,70.05605929562628,154.93704585908048,mcutoff_b-last,9.064098369466878,8.561577391387914,0.1999993971276481,0.1571421665429949,0.119821603789656,0.11535707130162165,60.88593950475119
