subject,nll,bic,model,m_min,m_min_rec,epsilon,epsilon_rec,b_last,b_last_rec,nll_rec
88,79.80632387045986,174.43757500874764,mcutoff_b-last,9.39313377602754,9.488005748677182,0.25714237069327983,0.23571375278186146,0.11106460998930268,0.11917343755336107,76.45222434976478
