subject,nll,bic,model,m_min,m_min_rec,epsilon,epsilon_rec,b_last,b_last_rec,nll_rec
113,69.83202007486935,154.46746194913078,mcutoff_b-last,3.063473959349325,3.072157536394079,0.20143824798095858,0.1654669551483853,-0.111673346688276,-0.3365983558720893,62.35876957073539
