subject,nll,bic,model,m_min,m_min_rec,epsilon,epsilon_rec,b_last,b_last_rec,nll_rec
42,71.42022775030574,157.6653827684394,mcutoff_b-last,9.156669432941886,8.996404383916254,0.2071422695024652,0.18571365130613793,0.11089739620583039,0.1291875277831378,67.19252606005156
