subject,nll,bic,model,m_min,m_min_rec,epsilon,epsilon_rec,b_last,b_last_rec,nll_rec
125,60.88593950475119,136.5968062773303,mcutoff_b-last,8.800179515407988,9.731514137905762,0.15714216857540877,0.14999929670731796,0.1131838545515298,0.11162158309535686,59.17899229311871
