subject,nll,bic,model,m_min,m_min_rec,epsilon,epsilon_rec,b_last,b_last_rec,nll_rec
180,75.25593774657561,165.33680276097914,mcutoff_b-last,8.20741782279787,8.268740274476485,0.22857088821993457,0.22142801372706203,0.037727326947282425,-0.029508649424410338,74.01913666356637
