subject,nll,bic,model,m_min,m_min_rec,epsilon,epsilon_rec,b_last,b_last_rec,nll_rec
109,80.56570548105636,175.86937561932086,mcutoff_b-last,5.026977854945509,5.135859796547777,0.2794113222404496,0.28676427640388163,0.10791820857315026,-0.09873405516652967,81.49492334649071
