subject,nll,bic,model,m_min,m_min_rec,epsilon,epsilon_rec,b_last,b_last_rec,nll_rec
196,85.52072228796507,185.86637184375806,mcutoff_b-last,7.7652884077885105,7.3514709123754285,0.29999960269885345,0.2499994952134106,0.18346461096393774,0.12298564508257437,78.72664024691315
