subject,nll,bic,model,m_min,m_min_rec,epsilon,epsilon_rec,b_last,b_last_rec,nll_rec
95,90.0074615534921,194.83985037481213,mcutoff_b-last,7.224549163017903,7.668433216647048,0.3428568226695826,0.3571425711842578,-0.13996812295191796,-0.19311801313486465,91.24563856445141
