subject,nll,bic,model,m_min,m_min_rec,epsilon,epsilon_rec,b_last,b_last_rec,nll_rec
174,86.35108927593126,187.52710581969043,mcutoff_b-last,3.0058009254906546,3.652227526109004,0.3071424669421899,0.34999969659347513,0.12467480670859499,0.26475122113694893,90.64224946512851
