subject,nll,bic,model,m_min,m_min_rec,epsilon,epsilon_rec,b_last,b_last_rec,nll_rec
175,84.30833106085146,183.420083921095,mcutoff_b-last,7.320035030005134,7.191693928314791,0.29496361994193654,0.2589923190348625,0.3743727566942443,0.35769488780407954,79.5078311333717
