subject,nll,bic,model,m_min,m_min_rec,epsilon,epsilon_rec,b_last,b_last_rec,nll_rec
104,76.47730766842992,167.69257999406798,mcutoff_b-last,8.983684338531276,9.27421157740584,0.24999949511198621,0.2573524533401164,-0.059911328119315876,-0.05019246989634518,77.55643810727837
