subject,nll,bic,model,m_min,m_min_rec,epsilon,epsilon_rec,b_last,b_last_rec,nll_rec
140,49.75332547472151,114.33157821727093,mcutoff_b-last,9.332170431558506,9.626392980648202,0.11428494241797976,0.14999929662257985,0.10336036884741429,-0.012490790757809456,59.17899229311871
