subject,nll,bic,model,m_min,m_min_rec,epsilon,epsilon_rec,b_last,b_last_rec,nll_rec
189,68.21528482418425,151.2123307038401,mcutoff_b-last,9.466562653649934,9.19318232155538,0.1956515672997913,0.13043403983158514,0.06313126790951795,-0.05564124967721862,53.43503177599375
