subject,nll,bic,model,m_min,m_min_rec,epsilon,epsilon_rec,b_last,b_last_rec,nll_rec
126,72.74089747855213,160.30672222493217,mcutoff_b-last,8.329847115197978,8.307627890763648,0.21428513965604773,0.19999940048242265,0.09850896271498577,0.06732683108995907,70.05605929562627
