subject,nll,bic,model,m_min,m_min_rec,epsilon,epsilon_rec,b_last,b_last_rec,nll_rec
21,88.64244539370384,192.1098180552356,mcutoff_b-last,8.269995620928569,9.913487454333147,0.32857108380955463,0.35714256712820674,0.10710610260223419,0.1256354831399431,91.24563856445141
