subject,nll,bic,model,m_min,m_min_rec,epsilon,epsilon_rec,b_last,b_last_rec,nll_rec
26,24.768569156792132,64.36206558141218,mcutoff_b-last,8.474406174410303,9.49052548017019,0.042856229063236405,0.04999910054734407,0.024103250690982847,0.009143253213133029,27.79185406870214
