subject,nll,bic,model,m_min,m_min_rec,epsilon,epsilon_rec,b_last,b_last_rec,nll_rec
20,59.17899229311871,133.18291185406534,mcutoff_b-last,8.413479292660725,8.568794127959467,0.14999929835121384,0.13571355440869162,0.07033541240821495,0.0803854893458158,55.59466254421456
