subject,nll,bic,model,m_min,m_min_rec,epsilon,epsilon_rec,b_last,b_last_rec,nll_rec
184,10.482356252768447,35.789639773364804,mcutoff_b-last,9.670487960269675,9.890274340584021,0.014284742995416759,0.014284742741305144,-0.04584175302889282,-0.013467700134561666,10.482356252768447
