subject,nll,bic,model,m_min,m_min_rec,epsilon,epsilon_rec,b_last,b_last_rec,nll_rec
46,81.85415814098427,178.53324354979645,mcutoff_b-last,8.668561154370837,9.118732041527139,0.27142810909613374,0.2285708810333698,0.11433782909288737,0.11666838034987914,75.2559377465756
