subject,nll,bic,model,m_min,m_min_rec,epsilon,epsilon_rec,b_last,b_last_rec,nll_rec
195,60.88593950475119,136.5968062773303,mcutoff_b-last,8.988670744594348,8.731118853607622,0.15714216880912818,0.19285652926308422,-0.1130979620890491,-0.1111002621565843,68.64724026897122
