subject,nll,bic,model,m_min,m_min_rec,epsilon,epsilon_rec,b_last,b_last_rec,nll_rec
52,18.163417260999957,51.15176178982782,mcutoff_b-last,9.752144209248337,8.422598031124881,0.02857048628433768,0.04285622911343438,-0.04877106940818732,0.07546880247853416,24.768569156792132
