subject,nll,bic,model,m_min,m_min_rec,epsilon,epsilon_rec,b_last,b_last_rec,nll_rec
66,86.35108927593126,187.52710581969043,mcutoff_b-last,8.98256495288185,9.548185811996614,0.3071424692194281,0.3285710814779994,-0.11265074695844945,-0.11564995484299145,88.64244539370385
