subject,nll,bic,model,m_min,m_min_rec,epsilon,epsilon_rec,b_last,b_last_rec,nll_rec
186,76.45222434976478,167.72937596735747,mcutoff_b-last,7.262845771478236,7.377046843197896,0.23571375518898685,0.24999949860252027,0.20460617329704833,0.20688963470899835,78.72664024691315
