subject,nll,bic,model,m_min,m_min_rec,epsilon,epsilon_rec,b_last,b_last_rec,nll_rec
168,36.024329676416414,86.87358662066075,mcutoff_b-last,9.19969709559478,8.420619816697931,0.07142771515567252,0.08571345758984711,-0.04100282244750397,-0.01763642651214814,40.95090558641558
