subject,nll,bic,model,m_min,m_min_rec,epsilon,epsilon_rec,b_last,b_last_rec,nll_rec
192,-0.00013999985025239144,14.824647268127407,mcutoff_b-last,9.55723927587021,9.55723927587021,5.696554339351678e-13,5.696554339351678e-13,0.07632074478509243,0.07632074478509243,-0.00013999985025239144
