subject,nll,bic,model,m_min,m_min_rec,epsilon,epsilon_rec,b_last,b_last_rec,nll_rec
110,18.163417260999953,51.151761789827816,mcutoff_b-last,9.845309964635351,9.302224413927465,0.028570486094034727,0.02857048624310381,0.017958134110702018,0.030662216697847855,18.163417260999953
