subject,nll,bic,model,m_min,m_min_rec,epsilon,epsilon_rec,b_last,b_last_rec,nll_rec
53,71.42022775030574,157.6653827684394,mcutoff_b-last,9.434211469392322,9.600608147286179,0.20714227390729348,0.2285708802894429,0.112386025067998,0.1185434916459931,75.2559377465756
