subject,nll,bic,model,m_min,m_min_rec,epsilon,epsilon_rec,b_last,b_last_rec,nll_rec
115,81.85415814098428,178.53324354979648,mcutoff_b-last,9.319244275149995,8.708111505912123,0.2714281102191601,0.34285682316085264,0.116870182886611,0.09284455655809887,90.0074615534921
