subject,nll,bic,model,m_min,m_min_rec,epsilon,epsilon_rec,b_last,b_last_rec,nll_rec
144,83.41955537756228,181.64253255451663,mcutoff_b-last,7.577381197277541,7.726544722638652,0.2877693562811284,0.3093521353005522,-0.09690852686371076,-0.10840018765642001,85.98256734970866
