subject,nll,bic,model,m_min,m_min_rec,epsilon,epsilon_rec,b_last,b_last_rec,nll_rec
79,55.59466254421456,126.01425235625703,mcutoff_b-last,8.497307790458391,8.649269402268947,0.13571355321464995,0.12142781602152113,0.007026316821848511,0.05586358601043284,51.76635660581957
