subject,nll,bic,model,m_min,m_min_rec,epsilon,epsilon_rec,b_last,b_last_rec,nll_rec
120,64.13990506889358,143.10473740561508,mcutoff_b-last,9.50263476205,9.394233754999792,0.17142791243381478,0.15714217059210883,0.11977336957315932,0.11493025614178909,60.88593950475119
