subject,nll,bic,model,m_min,m_min_rec,epsilon,epsilon_rec,b_last,b_last_rec,nll_rec
105,82.82358276555917,180.47209279894625,mcutoff_b-last,7.6491282680785435,6.874343995820718,0.27857098103257943,0.26428523862008474,0.118004649561811,0.09323551005144659,80.84861061009379
