subject,nll,bic,model,m_min,m_min_rec,epsilon,epsilon_rec,b_last,b_last_rec,nll_rec
70,80.8486106100938,176.52214848801552,mcutoff_b-last,7.34486318321064,7.421748102045878,0.26428524073957793,0.2428566261549037,0.11357730650855524,0.11180081255418739,77.60885735275397
