subject,nll,bic,model,m_min,m_min_rec,epsilon,epsilon_rec,b_last,b_last_rec,nll_rec
3,67.19252606005156,149.20997938793104,mcutoff_b-last,8.915067761824462,8.658806730521214,0.18571365383333222,0.19999940140705136,-0.051780452412146905,-0.05944459364236676,70.05605929562628
