subject,nll,bic,model,m_min,m_min_rec,epsilon,epsilon_rec,b_last,b_last_rec,nll_rec
97,76.45222434976475,167.7293759673574,mcutoff_b-last,9.329965395849651,8.532229310236591,0.2357137569681838,0.257142368222592,0.15500846687446534,0.1411331413277781,79.80632387045986
