subject,nll,bic,model,m_min,m_min_rec,epsilon,epsilon_rec,b_last,b_last_rec,nll_rec
171,76.18230520117118,167.16803220173443,mcutoff_b-last,7.829442283194727,6.90486903210034,0.23740954241204928,0.2302152854845926,0.018385299020657442,-0.01665048999834773,74.99536452842892
