subject,nll,bic,model,m_min,m_min_rec,epsilon,epsilon_rec,b_last,b_last_rec,nll_rec
38,90.0074615534921,194.83985037481213,mcutoff_b-last,8.40637403576281,8.655774962876578,0.34285682967961584,0.29285672558976783,0.07044943573821305,0.09324946232828424,84.65633926738155
