subject,nll,bic,model,m_min,m_min_rec,epsilon,epsilon_rec,b_last,b_last_rec,nll_rec
159,85.98256734970866,186.7685564988094,mcutoff_b-last,9.323651619366927,9.628003569554702,0.30935213303669096,0.28776935874673076,0.11234649967928667,0.11616687404987336,83.41955537756228
