subject,nll,bic,model,m_min,m_min_rec,epsilon,epsilon_rec,b_last,b_last_rec,nll_rec
106,80.54040898261218,175.88423976461644,mcutoff_b-last,7.722916169886441,7.140840748298779,0.2661865788377756,0.24460380300767195,0.7186660077907301,0.8246548329218797,77.3295041019547
