subject,nll,bic,model,m_min,m_min_rec,epsilon,epsilon_rec,b_last,b_last_rec,nll_rec
80,87.14788889226679,189.1207050523615,mcutoff_b-last,7.2016741772918325,5.937185995808533,0.31428533864935343,0.3357139566408499,0.2090117342747655,0.18370873504661067,89.34096902195702
