subject,nll,bic,model,m_min,m_min_rec,epsilon,epsilon_rec,b_last,b_last_rec,nll_rec
98,78.72664024691315,172.27820776165422,mcutoff_b-last,8.20991059499525,8.28878366745568,0.24999949715857045,0.21428514200414178,0.10474112296481697,0.10761604864514829,72.74089747855214
