subject,nll,bic,model,m_min,m_min_rec,epsilon,epsilon_rec,b_last,b_last_rec,nll_rec
100,80.84861061009379,176.5221484880155,mcutoff_b-last,8.24660748168601,8.284726174366757,0.2642852415494917,0.2499994969893416,0.09315303537696917,0.11432385468283224,78.72664024691315
