subject,nll,bic,model,m_min,m_min_rec,epsilon,epsilon_rec,b_last,b_last_rec,nll_rec
17,74.20059006008105,163.13914477737026,mcutoff_b-last,6.924322336272258,7.397205291496734,0.23529358234204134,0.22794062890534664,0.015738648402994437,0.10715368010262405,73.00135235479557
