subject,nll,bic,model,m_min,m_min_rec,epsilon,epsilon_rec,b_last,b_last_rec,nll_rec
54,80.84861061009379,176.5221484880155,mcutoff_b-last,7.248648577500312,7.516421390612722,0.26428524031260486,0.26428523885200594,0.10597312880578258,0.10662624544775068,80.8486106100938
