subject,nll,bic,model,m_min,m_min_rec,epsilon,epsilon_rec,b_last,b_last_rec,nll_rec
148,71.18717939867061,157.1777805967333,mcutoff_b-last,9.299595465643964,9.335159373374326,0.20863251017744805,0.21582676642828852,-0.11558595887981515,-0.11783305175002334,72.4987580926028
