subject,nll,bic,model,m_min,m_min_rec,epsilon,epsilon_rec,b_last,b_last_rec,nll_rec
50,60.88593950475119,136.5968062773303,mcutoff_b-last,3.044928072975879,3.0856616545298805,0.15714217310379017,0.1571421707494352,0.9922947526725927,0.8163335446049798,60.88593950475119
