subject,nll,bic,model,m_min,m_min_rec,epsilon,epsilon_rec,b_last,b_last_rec,nll_rec
64,74.01913666356637,162.86320059496066,mcutoff_b-last,9.949518238555012,9.726804372950042,0.22142801379939142,0.23571375483192575,0.10417434885565835,0.0983127207081036,76.45222434976476
