subject,nll,bic,model,m_min,m_min_rec,epsilon,epsilon_rec,b_last,b_last_rec,nll_rec
132,82.4956759075788,179.79477361454968,mcutoff_b-last,7.4297559728724005,7.457956403927279,0.2805750996784393,0.33812917378028745,0.20038806601343895,0.09235146831793117,88.93011233655967
