subject,nll,bic,model,m_min,m_min_rec,epsilon,epsilon_rec,b_last,b_last_rec,nll_rec
124,78.72664024691315,172.27820776165422,mcutoff_b-last,3.018848989639058,3.0359859995594096,0.24999949645809683,0.3142853420324061,0.047184277694706456,0.11724895425629489,87.14788889226682
