subject,nll,bic,model,m_min,m_min_rec,epsilon,epsilon_rec,b_last,b_last_rec,nll_rec
81,85.16250982271454,185.12844144482116,mcutoff_b-last,8.210672140363783,8.263200483803885,0.30215787461587645,0.3093521316143975,0.12181631772956969,0.12795515013883763,85.98256734970866
