subject,nll,bic,model,m_min,m_min_rec,epsilon,epsilon_rec,b_last,b_last_rec,nll_rec
170,75.2559377465756,165.3368027609791,mcutoff_b-last,8.754025495812915,9.943359643426387,0.22857088243515072,0.18571365309174676,0.1281095188274286,0.12015036283705682,67.19252606005156
