subject,nll,bic,model,m_min,m_min_rec,epsilon,epsilon_rec,b_last,b_last_rec,nll_rec
146,62.53894182787468,139.90281092357728,mcutoff_b-last,9.761153607277985,8.627315089862785,0.164285039835851,0.14999929841615472,0.11901236700353546,0.11195207853952804,59.17899229311871
