subject,nll,bic,model,m_min,m_min_rec,epsilon,epsilon_rec,b_last,b_last_rec,nll_rec
99,78.72664024691315,172.27820776165422,mcutoff_b-last,8.23499313103499,8.229572716865924,0.2499994979709277,0.2928567257456285,0.15138424399805395,0.1481681070707368,84.65633926738155
