subject,nll,bic,model,m_min,m_min_rec,epsilon,epsilon_rec,b_last,b_last_rec,nll_rec
172,55.59466254421454,126.014252356257,mcutoff_b-last,3.0410262060788584,3.1157646494033386,0.13571355445928582,0.149999301409988,0.9221792629102552,0.46273542151520775,59.17899229311871
