subject,nll,bic,model,m_min,m_min_rec,epsilon,epsilon_rec,b_last,b_last_rec,nll_rec
2,62.53894182787468,139.90281092357728,mcutoff_b-last,8.246320001610222,8.254232224922955,0.1642850400148995,0.18571365451152655,0.10467478681270626,0.10030268832693179,67.19252606005156
