subject,nll,bic,model,m_min,m_min_rec,epsilon,epsilon_rec,b_last,b_last_rec,nll_rec
167,54.662284036431494,123.55936445795274,mcutoff_b-last,5.930103824142021,6.117158996872192,0.1826080591294578,0.19999939908464015,-0.07150186786200508,-0.03007070598636752,57.546048707121585
