subject,nll,bic,model,m_min,m_min_rec,epsilon,epsilon_rec,b_last,b_last_rec,nll_rec
116,71.42022775030574,157.6653827684394,mcutoff_b-last,9.786340418724707,8.50684568620199,0.2071422674660604,0.21428513652473669,0.11563848628879247,0.11457407971064826,72.74089747855214
