subject,nll,bic,model,m_min,m_min_rec,epsilon,epsilon_rec,b_last,b_last_rec,nll_rec
35,69.37846739084472,153.51687755917382,mcutoff_b-last,8.937725895856328,9.678016641446327,0.20437896715947607,0.18978039753509282,0.05276195801508998,-0.08065519815652733,66.56875050449948
