subject,nll,bic,model,m_min,m_min_rec,epsilon,epsilon_rec,b_last,b_last_rec,nll_rec
56,24.768569156792132,64.36206558141218,mcutoff_b-last,8.544194628417955,8.517627135376081,0.042856229226219844,0.028570486196251944,0.04352121299490097,-0.020583604595627136,18.163417260999953
