subject,nll,bic,model,m_min,m_min_rec,epsilon,epsilon_rec,b_last,b_last_rec,nll_rec
18,85.52072228796507,185.86637184375806,mcutoff_b-last,7.227361047544443,7.728818809544026,0.2999995971718084,0.32857108267980095,0.20570329045835534,0.5307730799128549,88.64244539370385
