subject,nll,bic,model,m_min,m_min_rec,epsilon,epsilon_rec,b_last,b_last_rec,nll_rec
19,88.93011233655967,192.66364647251143,mcutoff_b-last,7.639381639998348,7.13469810164519,0.3381291714009594,0.4244602756375007,0.10410779493804356,0.09629557622359375,94.75475874109614
