subject,nll,bic,model,m_min,m_min_rec,epsilon,epsilon_rec,b_last,b_last_rec,nll_rec
111,81.85415814098428,178.53324354979648,mcutoff_b-last,3.0443752421139685,3.007868403655362,0.27142810794734,0.19285652518423563,0.2634196203765695,0.1995762004971655,68.6472402689712
