subject,nll,bic,model,m_min,m_min_rec,epsilon,epsilon_rec,b_last,b_last_rec,nll_rec
153,77.60885735275397,170.04264197333586,mcutoff_b-last,5.962733737575809,5.305229331264295,0.24285662509535683,0.22142801051058306,0.09980969697961828,-0.008985158174415697,74.01913666356637
