subject,nll,bic,model,m_min,m_min_rec,epsilon,epsilon_rec,b_last,b_last_rec,nll_rec
76,72.49875809260281,159.8009379845977,mcutoff_b-last,8.236713575575973,8.18302051467146,0.21582676956988892,0.22302102409468164,0.0947703362144483,0.046558138676697336,73.76782283698887
