subject,nll,bic,model,m_min,m_min_rec,epsilon,epsilon_rec,b_last,b_last_rec,nll_rec
90,57.41600456065725,129.6569363891424,mcutoff_b-last,8.655677076256625,9.719149378148002,0.14285642632462228,0.13571355451312297,0.019550694648919897,0.0052249724981840995,55.59466254421455
