subject,nll,bic,model,m_min,m_min_rec,epsilon,epsilon_rec,b_last,b_last_rec,nll_rec
143,87.91154242386682,190.64801211556156,mcutoff_b-last,8.431158019588134,9.5824816848427,0.3214282106528591,0.32142821024079204,0.4754391516464267,0.9048921207768019,87.91154242386682
