subject,nll,bic,model,m_min,m_min_rec,epsilon,epsilon_rec,b_last,b_last_rec,nll_rec
135,79.80632387045986,174.43757500874764,mcutoff_b-last,3.1438817347514014,1.319794336474077,0.2571423708458323,0.21428513970330101,0.4314226877641514,-0.7722993373053648,72.74089747855214
