subject,nll,bic,model,m_min,m_min_rec,epsilon,epsilon_rec,b_last,b_last_rec,nll_rec
5,51.76635660581957,118.35764047946705,mcutoff_b-last,3.1757175082234106,3.0802353243406593,0.12142781055325141,0.1071420688175361,0.31813710295121544,0.2589521473700491,47.669688986261804
