subject,nll,bic,model,m_min,m_min_rec,epsilon,epsilon_rec,b_last,b_last_rec,nll_rec
39,85.52072228796506,185.86637184375803,mcutoff_b-last,7.580281653153147,7.299030868032071,0.2999995964665459,0.3357139547820876,0.28158842590792843,0.3906866239790663,89.34096902195701
