subject,nll,bic,model,m_min,m_min_rec,epsilon,epsilon_rec,b_last,b_last_rec,nll_rec
127,86.76895011098927,188.34132202137062,mcutoff_b-last,7.1649161366984035,8.126640563071598,0.31654639425995074,0.302157873724266,-0.0933498403827634,-0.04244401881619453,85.16250982271454
