subject,nll,bic,model,m_min,m_min_rec,epsilon,epsilon_rec,b_last,b_last_rec,nll_rec
96,82.49567590757879,179.79477361454965,mcutoff_b-last,8.436858114772692,9.69168731735314,0.28057509683302745,0.30215787567599733,0.09094559396883461,-0.12550788884313424,85.16250982271453
