subject,nll,bic,model,m_min,m_min_rec,epsilon,epsilon_rec,b_last,b_last_rec,nll_rec
62,70.05605929562628,154.93704585908048,mcutoff_b-last,8.867530800544031,8.729278456638752,0.1999993953446309,0.15714216796768543,0.026285910230012588,0.04002354350250936,60.8859395047512
