subject,nll,bic,model,m_min,m_min_rec,epsilon,epsilon_rec,b_last,b_last_rec,nll_rec
162,87.91154242386682,190.64801211556156,mcutoff_b-last,3.10640248805955,3.199020809213433,0.3214282106631248,0.307142468679244,-0.07138169525182492,-0.08814446300700363,86.35108927593126
