subject,nll,bic,model,m_min,m_min_rec,epsilon,epsilon_rec,b_last,b_last_rec,nll_rec
34,66.87615763300809,148.40072103377528,mcutoff_b-last,6.8440672052056435,8.033564159214507,0.20454485971639974,0.21969640588827472,0.2687303976008617,0.34986549667546485,69.5009249244047
