subject,nll,bic,model,m_min,m_min_rec,epsilon,epsilon_rec,b_last,b_last_rec,nll_rec
164,79.80632387045986,174.43757500874764,mcutoff_b-last,8.842535832704751,9.812175825550652,0.25714237178802135,0.23571375516576623,0.09997584519783986,0.11654551467145913,76.45222434976476
