subject,nll,bic,model,m_min,m_min_rec,epsilon,epsilon_rec,b_last,b_last_rec,nll_rec
11,85.52072228796506,185.86637184375803,mcutoff_b-last,6.027951979436159,5.660011257694619,0.2999995961832727,0.20714226962461849,0.09931337253797001,0.09005773212309132,71.42022775030574
