subject,nll,bic,model,m_min,m_min_rec,epsilon,epsilon_rec,b_last,b_last_rec,nll_rec
179,70.05605929562628,154.93704585908048,mcutoff_b-last,1.8011194616667305,2.085543111411713,0.19999939876405032,0.1928565264992333,-0.024137512994429233,-0.3026017870715453,68.6472402689712
