subject,nll,bic,model,m_min,m_min_rec,epsilon,epsilon_rec,b_last,b_last_rec,nll_rec
136,64.1399050688936,143.1047374056151,mcutoff_b-last,8.55019978799763,8.716131724230326,0.17142791349960962,0.2142851401999249,0.09458538077151091,0.09953316583576921,72.74089747855213
