subject,nll,bic,model,m_min,m_min_rec,epsilon,epsilon_rec,b_last,b_last_rec,nll_rec
83,74.01913666356639,162.8632005949607,mcutoff_b-last,9.614017734869478,9.988601847724043,0.22142801259163175,0.27857098320889867,0.11149732598373108,0.17636780066494318,82.82358276555917
