subject,nll,bic,model,m_min,m_min_rec,epsilon,epsilon_rec,b_last,b_last_rec,nll_rec
131,75.2559377465756,165.3368027609791,mcutoff_b-last,6.109934149175301,6.0954668566822825,0.22857088308060597,0.21428514199878998,-0.09377255991841504,-0.09292042685621227,72.74089747855214
