subject,nll,bic,model,m_min,m_min_rec,epsilon,epsilon_rec,b_last,b_last_rec,nll_rec
133,57.10530139394197,128.99236384335555,mcutoff_b-last,8.913551123097033,9.721429915110875,0.14492682204418442,0.09420208671167174,-0.029106537873346605,0.0313972535961875,43.077173742182616
