subject,nll,bic,model,m_min,m_min_rec,epsilon,epsilon_rec,b_last,b_last_rec,nll_rec
93,87.14788889226682,189.12070505236156,mcutoff_b-last,8.262042997825667,7.925877575697359,0.3142853391390818,0.2999995963199423,0.36997533746616695,0.28701159555697764,85.52072228796506
