subject,nll,bic,model,m_min,m_min_rec,epsilon,epsilon_rec,b_last,b_last_rec,nll_rec
101,30.664273050742946,76.1534733693138,mcutoff_b-last,9.778159870610088,8.421021867232282,0.0571419721895044,0.0857134571710832,0.04274302466237789,-0.010846864206128681,40.95090558641559
