subject,nll,bic,model,m_min,m_min_rec,epsilon,epsilon_rec,b_last,b_last_rec,nll_rec
16,67.19252606005158,149.20997938793107,mcutoff_b-last,9.69358007032644,8.70415725116727,0.18571365156126687,0.20714227236810887,0.11449409558015144,0.11502023738502642,71.42022775030574
