subject,nll,bic,model,m_min,m_min_rec,epsilon,epsilon_rec,b_last,b_last_rec,nll_rec
77,43.273557538341514,101.37204234451094,mcutoff_b-last,9.878051135261174,9.251837177084386,0.09285632944460934,0.07857058680125176,0.08835244864300451,0.031104017903562653,38.53701100214481
