subject,nll,bic,model,m_min,m_min_rec,epsilon,epsilon_rec,b_last,b_last_rec,nll_rec
182,73.76782283698887,162.33906747336982,mcutoff_b-last,7.427190231454017,7.734805680307958,0.2230210264863024,0.1942439974067598,0.2629381887028974,0.3702778610110036,68.43212973827667
