subject,nll,bic,model,m_min,m_min_rec,epsilon,epsilon_rec,b_last,b_last_rec,nll_rec
47,-0.00013899992058121301,14.803143799550911,mcutoff_b-last,8.395034019999361,8.395034019999361,7.133182933216631e-14,7.133182933216631e-14,0.08294293568269984,0.08294293568269984,-0.00013899992058121301
