subject,nll,bic,model,m_min,m_min_rec,epsilon,epsilon_rec,b_last,b_last_rec,nll_rec
10,74.01913666356639,162.8632005949607,mcutoff_b-last,7.093110302891156,7.830383246823435,0.22142801263468093,0.22142801247978786,-0.09690965876856006,-0.11218423374288045,74.01913666356639
