subject,nll,bic,model,m_min,m_min_rec,epsilon,epsilon_rec,b_last,b_last_rec,nll_rec
30,62.35876957073539,139.52096094086286,mcutoff_b-last,8.671559608360724,9.931999062336343,0.16546695612502,0.14388418019004148,0.02576799321417922,-0.04359690922351467,57.261257554092325
