subject,nll,bic,model,m_min,m_min_rec,epsilon,epsilon_rec,b_last,b_last_rec,nll_rec
49,30.6052170326546,76.01385586470127,mcutoff_b-last,9.828731706450831,9.815223094845198,0.057553072652444276,0.05035881390920587,0.024051369268736744,0.0332135087366221,27.74037388065599
