subject,nll,bic,model,m_min,m_min_rec,epsilon,epsilon_rec,b_last,b_last_rec,nll_rec
199,79.80632387045986,174.43757500874764,mcutoff_b-last,4.947892814216127,4.3239306520275465,0.25714237294277426,0.221428011417547,0.24222911332691477,0.12803162477385932,74.01913666356639
