subject,nll,bic,model,m_min,m_min_rec,epsilon,epsilon_rec,b_last,b_last_rec,nll_rec
138,-0.00013899990406888242,14.803143799583937,mcutoff_b-last,0.41152636387815544,0.41152636387815544,1.9012569296705806e-13,1.9012569296705806e-13,0.07592192428966626,0.07592192428966626,-0.00013899990406888242
