subject,nll,bic,model,m_min,m_min_rec,epsilon,epsilon_rec,b_last,b_last_rec,nll_rec
60,71.42022775030574,157.6653827684394,mcutoff_b-last,9.312290683042736,9.350687156214898,0.20714226909594405,0.1999993957410524,0.11576840581595471,0.11347335968952699,70.05605929562628
