subject,nll,bic,model,m_min,m_min_rec,epsilon,epsilon_rec,b_last,b_last_rec,nll_rec
57,81.85415814098428,178.53324354979648,mcutoff_b-last,7.187367951932647,7.85568362209939,0.2714281130846868,0.21428514222424494,-0.09353654824719815,-0.09503144261564667,72.74089747855214
