subject,nll,bic,model,m_min,m_min_rec,epsilon,epsilon_rec,b_last,b_last_rec,nll_rec
25,78.72664024691315,172.27820776165422,mcutoff_b-last,7.164576144771456,7.896734157731155,0.2499994965436977,0.3214282096412367,0.20441646647694456,-0.09931565411514787,87.91154242386682
