subject,nll,bic,model,m_min,m_min_rec,epsilon,epsilon_rec,b_last,b_last_rec,nll_rec
6,62.53894182787468,139.90281092357728,mcutoff_b-last,9.569514792226846,8.668690183098292,0.1642850395523346,0.15714216790022723,0.11292852632199923,0.11780546633927647,60.88593950475119
