subject,nll,bic,model,m_min,m_min_rec,epsilon,epsilon_rec,b_last,b_last_rec,nll_rec
156,80.8486106100938,176.52214848801552,mcutoff_b-last,9.355931851403351,8.998734641627557,0.26428524044391694,0.299999596340411,0.11194806052255757,-0.06122339549289424,85.52072228796507
