subject,nll,bic,model,m_min,m_min_rec,epsilon,epsilon_rec,b_last,b_last_rec,nll_rec
44,38.53701100214481,91.89894927211753,mcutoff_b-last,8.448677507110474,8.922316549065926,0.07857058576020971,0.07857058623950934,-0.0027643133996936298,0.08194303945877324,38.537011002144816
