subject,nll,bic,model,m_min,m_min_rec,epsilon,epsilon_rec,b_last,b_last_rec,nll_rec
145,78.72664024691315,172.27820776165422,mcutoff_b-last,8.229589487435556,8.29684297479388,0.24999949647283304,0.2714281145426008,0.11864193919765964,0.09527512066379673,81.85415814098427
