subject,nll,bic,model,m_min,m_min_rec,epsilon,epsilon_rec,b_last,b_last_rec,nll_rec
147,75.2559377465756,165.3368027609791,mcutoff_b-last,9.645740145713386,9.208541098634853,0.22857088333062772,0.22857088200841363,0.11307352593973641,0.11428542813850284,75.2559377465756
