subject,nll,bic,model,m_min,m_min_rec,epsilon,epsilon_rec,b_last,b_last_rec,nll_rec
51,84.43668416877425,183.63331111503288,mcutoff_b-last,1.4988994161401905,0.875253626407078,0.30656895425366765,0.3357660914108718,0.8104421385320375,-0.24394793411618299,87.43139350719537
