subject,nll,bic,model,m_min,m_min_rec,epsilon,epsilon_rec,b_last,b_last_rec,nll_rec
122,89.34096902195702,193.50686531174196,mcutoff_b-last,8.762602472375864,9.392783269297663,0.3357139590023738,0.39285692557588636,0.10291554405384962,-0.029486087303423836,93.80097717611979
