subject,nll,bic,model,m_min,m_min_rec,epsilon,epsilon_rec,b_last,b_last_rec,nll_rec
72,58.851410988440875,132.48458303235336,mcutoff_b-last,8.616777176650963,9.302111464821646,0.15217321517941534,0.17391238617519617,0.04611863126847271,-0.06545950115575283,63.76081750664706
