subject,nll,bic,model,m_min,m_min_rec,epsilon,epsilon_rec,b_last,b_last_rec,nll_rec
161,51.76635660581955,118.35764047946702,mcutoff_b-last,9.295418273647815,8.918493107867643,0.12142781180751078,0.12142781346022348,0.09178763291402303,0.10616625905425536,51.76635660581956
