subject,nll,bic,model,m_min,m_min_rec,epsilon,epsilon_rec,b_last,b_last_rec,nll_rec
155,62.53894182787468,139.90281092357728,mcutoff_b-last,9.589002139007572,8.395518243445872,0.16428504053152576,0.15714217011659387,0.15833486631163773,0.13416729153471896,60.8859395047512
