subject,nll,bic,model,alpha,alpha_rec,gamma,gamma_rec,beta,beta_rec,b_last,b_last_rec,b_longer,b_longer_rec,nll_rec
105-attributes,23.531491059540265,68.30545832932732,pt_b-last_b-longer,0.6678886218961573,0.6418732938418537,0.7702896532399812,0.6597969112830541,8.4782738828595,15.303382700730166,0.01703983976502879,0.023917351571304063,-0.06310057071337692,-0.06982420604730226,17.50751261323968
