subject,nll,bic,model,alpha,alpha_rec,gamma,gamma_rec,beta,beta_rec,b_last,b_last_rec,b_longer,b_longer_rec,nll_rec
68-attributes,29.768624528693724,80.77972526763425,pt_b-last_b-longer,1.7799097353585558,2.2964213270893197,0.5010409756075033,0.28,0.4417688968916603,0.3561037710055906,1.0,1.0,-7.093317068221757e-07,1.0,26.59001886175815
