subject,nll,bic,model,alpha,alpha_rec,gamma,gamma_rec,beta,beta_rec,b_last,b_last_rec,b_longer,b_longer_rec,nll_rec
85-attributes,15.177731868646331,51.52599626027896,pt_b-last_b-longer,0.13639249652043095,0.018174176077589834,1.0,1.0,13.433688242343909,17.496076544309528,-0.027508665434470024,0.009454732522671792,-0.019298107018391943,-0.023816253233869246,10.400187303514398
