subject,nll,bic,model,alpha,alpha_rec,gamma,gamma_rec,beta,beta_rec,b_last,b_last_rec,b_longer,b_longer_rec,nll_rec
153-attributes,22.32858373103964,65.89964367232608,pt_b-last_b-longer,0.8109383013764588,1.3995634299025475,0.6616073198588498,1.0,7.918778367308677,2.041231063521157,0.08547252116450356,0.43534971789832494,0.01745179816615461,-0.14986972777580523,20.553266123119954
