subject,nll,bic,model,alpha,alpha_rec,gamma,gamma_rec,beta,beta_rec,b_last,b_last_rec,b_longer,b_longer_rec,nll_rec
60-alternatives,20.81914594077131,62.88076809178942,pt_b-last_b-longer,0.23678834148361178,0.2942702737256975,0.4629115472002103,0.46058587683492014,52.42840421299642,54.95783394793175,0.006125810185773245,0.00033528361893863084,-0.011263505642072076,-0.02731794176213243,17.289515335041173
