subject,nll,bic,model,alpha,alpha_rec,gamma,gamma_rec,beta,beta_rec,b_last,b_last_rec,b_longer,b_longer_rec,nll_rec
136-attributes,14.966490652241362,51.175457514729516,pt_b-last_b-longer,0.4231530976059259,0.43180012956867714,1.0,1.0,13.61052027055975,41.43481768225577,0.03338372075261693,0.09556241562456019,-0.0328366125003471,-0.009800291125671394,7.3673994200929664
