subject,nll,bic,model,alpha,alpha_rec,gamma,gamma_rec,beta,beta_rec,b_last,b_last_rec,b_longer,b_longer_rec,nll_rec
114-attributes,14.25086961750603,49.74421544525886,pt_b-last_b-longer,0.2780904541825561,0.29767838804107527,0.45037488818921345,0.5118103030988729,76.39355746386035,56.06410663908259,1.8608111542087387e-05,0.011781029299206887,0.006065408949266515,0.011764851503855176,14.609750523761697
