subject,nll,bic,model,alpha,alpha_rec,gamma,gamma_rec,beta,beta_rec,b_last,b_last_rec,b_longer,b_longer_rec,nll_rec
94-alternatives,23.988421971065954,69.2193201523787,pt_b-last_b-longer,0.9578212793932842,0.802483056397683,1.0,1.0,4.434325660628878,4.869018671054045,0.09098787560470921,0.1059198681611189,-0.08796576584379702,-0.05100797400935556,25.59013098532073
