subject,nll,bic,model,alpha,alpha_rec,gamma,gamma_rec,beta,beta_rec,b_last,b_last_rec,b_longer,b_longer_rec,nll_rec
162-alternatives,24.022167083014693,69.28681037627618,pt_b-last_b-longer,1.0959353052547782,0.9105417920965604,1.0,0.8054620296898399,3.566999944358944,6.026610531558524,0.11062349429854924,0.04573267759355178,-0.10743387904220233,-1.5180706045233434e-07,23.14944847020193
