subject,nll,bic,model,alpha,alpha_rec,gamma,gamma_rec,beta,beta_rec,b_last,b_last_rec,b_longer,b_longer_rec,nll_rec
188-alternatives,20.816488999336343,62.87545420891948,pt_b-last_b-longer,1.2871261749833294,1.269999348437155,0.8045652172614799,1.0,2.6004876341014245,2.983521426231711,0.00956446930952431,0.10212454152098664,6.062454933578211e-07,0.19538490115140067,21.05828576171357
