subject,nll,bic,model,alpha,alpha_rec,gamma,gamma_rec,beta,beta_rec,b_last,b_last_rec,b_longer,b_longer_rec,nll_rec
27-attributes,22.041527716557216,65.32553164336123,pt_b-last_b-longer,1.0726055005423756,1.1350957835015993,1.0,0.9759119130153691,4.4351468045764415,3.235007378771548,0.0633237260700787,0.04088956870729485,3.9530904073481984e-07,-0.03842895301894494,24.567613698063848
