subject,nll,bic,model,alpha,alpha_rec,gamma,gamma_rec,beta,beta_rec,b_last,b_last_rec,b_longer,b_longer_rec,nll_rec
109-alternatives,33.095350013217214,87.28823855231497,pt_b-last_b-longer,0.7179566911578908,0.7681282976059084,0.6853641068848676,0.6963123802206648,4.075267077284611,4.152456799742758,0.0645144857316752,0.06136436200372158,0.08825717640408189,0.11670699935303006,30.921899634165456
