subject,nll,bic,model,alpha,alpha_rec,gamma,gamma_rec,beta,beta_rec,b_last,b_last_rec,b_longer,b_longer_rec,nll_rec
56-attributes,1.5015182258061148,24.245512661859024,pt_b-last_b-longer,0.07412073936326098,0.08919537965075962,0.4513851195038654,0.8505788619755174,200.0,75.61936230105292,-0.010767516246473844,-0.05272940224647937,-0.011706300665351008,-0.06159957016030222,2.6163493926528423
