subject,nll,bic,model,alpha,alpha_rec,gamma,gamma_rec,beta,beta_rec,b_last,b_last_rec,b_longer,b_longer_rec,nll_rec
111-alternatives,27.372569218762905,75.9876146477726,pt_b-last_b-longer,1.0982768588252965,1.3149661763841516,0.7763271141813406,1.0,2.7631433356456028,1.5409639290885817,-0.0653053795399961,-0.16579485658149418,0.16817591296272544,0.07059461299005065,29.628842824557406
