subject,nll,bic,model,alpha,alpha_rec,gamma,gamma_rec,beta,beta_rec,b_last,b_last_rec,b_longer,b_longer_rec,nll_rec
195-attributes,19.22057786204528,59.683631934337356,pt_b-last_b-longer,0.3526319954505739,0.39964582773793594,1.0,1.0,11.113564505151556,12.17080589489996,-0.012450909508790417,-0.02992326241249704,0.01574467266378765,2.732029607352968e-08,17.29082382504523
