subject,nll,bic,model,alpha,alpha_rec,gamma,gamma_rec,beta,beta_rec,b_last,b_last_rec,b_longer,b_longer_rec,nll_rec
199-attributes,30.202747338453715,81.64797088715423,pt_b-last_b-longer,0.8762543223893492,0.7168356420299251,0.5288585258304587,0.36797576872895793,4.409422162317233,8.375663664694397,-0.009372964358922136,-0.08794713121438562,-0.024116784056633266,-2.3975176487724127e-07,32.16514364284697
