subject,nll,bic,model,alpha,alpha_rec,gamma,gamma_rec,beta,beta_rec,b_last,b_last_rec,b_longer,b_longer_rec,nll_rec
163-alternatives,35.07175180208937,91.31403612716505,pt_b-last_b-longer,0.5766749351860114,0.4477915215801909,0.5053796199449896,0.3682547602143461,7.002574351062254,11.703399651780027,-0.002884520548590048,-0.016549750836312598,-0.0584063175068594,-0.03170447304224965,38.90624787785757
