subject,nll,bic,model,alpha,alpha_rec,gamma,gamma_rec,beta,beta_rec,b_last,b_last_rec,b_longer,b_longer_rec,nll_rec
80-alternatives,13.098220664130945,47.43891753850869,pt_b-last_b-longer,1.1714205575697614,1.2431043481886865,1.0,1.0,7.979801817656454,7.5563579762385125,0.08976836933971674,0.1330972221619704,-0.030309320427606812,-0.0698697816861233,11.897213003317155
