subject,nll,bic,model,alpha,alpha_rec,gamma,gamma_rec,beta,beta_rec,b_last,b_last_rec,b_longer,b_longer_rec,nll_rec
177-attributes,23.93306571071752,69.10860763168183,pt_b-last_b-longer,0.4234837560865787,0.4972392847711168,0.5409327629546059,0.6112176232429227,19.12206455529462,18.407823751016146,0.034520431640939826,0.06174397201049627,0.006904929373926113,-0.009011007320767855,19.26763806110169
