subject,nll,bic,model,alpha,alpha_rec,gamma,gamma_rec,beta,beta_rec,b_last,b_last_rec,b_longer,b_longer_rec,nll_rec
19-alternatives,20.845560017499164,62.86165255798463,pt_b-last_b-longer,1.0803657774202946,1.0112689882412174,1.0,0.9156604343976406,4.811953706671504,5.8511263578724515,-0.029781012302304538,0.03287552755017725,-0.09210358101173653,-0.30465954859085315,17.109724608211618
