subject,nll,bic,model,alpha,alpha_rec,gamma,gamma_rec,beta,beta_rec,b_last,b_last_rec,b_longer,b_longer_rec,nll_rec
185-alternatives,29.599380476169898,80.44123716258659,pt_b-last_b-longer,0.6976919063560801,0.5023569094173518,0.6206166234158832,0.4722158129121642,6.696537781815405,26.58891946010535,0.037756463718948155,0.019267319383342262,-8.332740551392581e-07,0.018811491388643815,19.06764740066894
