subject,nll,bic,model,alpha,alpha_rec,gamma,gamma_rec,beta,beta_rec,b_last,b_last_rec,b_longer,b_longer_rec,nll_rec
42-alternatives,9.65338614830373,40.549248506854255,pt_b-last_b-longer,0.263137610474299,0.25185399163712174,0.46846848125854706,0.45304214971318546,134.9071490701619,131.39762222599046,-0.007622945710887035,-0.010726048621669487,-0.002485382125262507,0.0021774116876936184,11.026135318100353
