subject,nll,bic,model,alpha,alpha_rec,gamma,gamma_rec,beta,beta_rec,b_last,b_last_rec,b_longer,b_longer_rec,nll_rec
156-attributes,6.162718046499306,33.56791230324541,pt_b-last_b-longer,0.25980551591099305,0.26149293149018515,0.4712570073733886,0.47075735999858365,199.9933471885261,199.98464925804277,0.004667576410504919,0.002596344503226221,0.004667610578213467,0.0025963382283126445,5.609373101052926
