subject,nll,bic,model,alpha,alpha_rec,gamma,gamma_rec,beta,beta_rec,b_last,b_last_rec,b_longer,b_longer_rec,nll_rec
0-attributes,39.07310394514726,99.38868410054131,pt_b-last_b-longer,0.2469255924836978,0.14240038850618014,0.3401439872932233,0.28,26.038462036170504,26.77862037242896,-0.0012947643488417258,0.0029559855937171006,0.006359297696500236,-0.008264151364739075,44.38869477512387
