subject,nll,bic,model,alpha,alpha_rec,gamma,gamma_rec,beta,beta_rec,b_last,b_last_rec,b_longer,b_longer_rec,nll_rec
125-alternatives,14.946016436209856,51.13450908266651,pt_b-last_b-longer,0.3097845589284464,0.19619491778159176,0.627676299824861,0.4916315287504208,39.62846182169099,58.86861495081166,-0.010332459370642038,-0.006423974737619417,0.01073281281427343,0.010681358532616366,15.734447308352685
