subject,nll,bic,model,alpha,alpha_rec,gamma,gamma_rec,beta,beta_rec,b_last,b_last_rec,b_longer,b_longer_rec,nll_rec
33-attributes,32.12334602519116,85.48916826062911,pt_b-last_b-longer,0.5265309251013864,0.7669403189656939,0.37905962591719744,0.5885138786672581,11.10145400750383,2.7460985187702374,0.07398492146759565,0.3343774767744249,-0.03587957695334732,-0.10189729708530171,34.27155019105418
