subject,nll,bic,model,alpha,alpha_rec,gamma,gamma_rec,beta,beta_rec,b_last,b_last_rec,b_longer,b_longer_rec,nll_rec
115-alternatives,12.984093123131217,47.210662456509226,pt_b-last_b-longer,0.6652955371113997,0.4567201680889192,0.7588623551563004,0.5671321226192642,18.210894026376607,37.791657798680355,0.02706901127643697,0.03377969056354302,6.369952779027778e-07,-0.006893372914038661,12.473732846213924
