subject,nll,bic,model,alpha,alpha_rec,gamma,gamma_rec,beta,beta_rec,b_last,b_last_rec,b_longer,b_longer_rec,nll_rec
186-attributes,39.12649140209329,99.49545901443338,pt_b-last_b-longer,0.41485761133112287,0.5947388777337702,0.28,0.4506359514162683,11.445359425314642,3.8386278664146873,0.07733036681850414,0.2994538456607445,0.007372236682292213,0.09921155321919199,34.42536594606719
