subject,nll,bic,model,alpha,alpha_rec,gamma,gamma_rec,beta,beta_rec,b_last,b_last_rec,b_longer,b_longer_rec,nll_rec
188-attributes,16.72048320475485,54.68344261975649,pt_b-last_b-longer,1.2485682582024298,1.050877249871568,1.0,0.8416617179446404,4.08888498513984,18.034000136037736,0.13846891837053865,0.12775629636605704,-0.3033079645074292,-0.16060811881873413,7.415191231869591
