subject,nll,bic,model,alpha,alpha_rec,gamma,gamma_rec,beta,beta_rec,b_last,b_last_rec,b_longer,b_longer_rec,nll_rec
141-alternatives,16.527171646041914,54.29681950233062,pt_b-last_b-longer,0.2114731298685451,0.2182853300525242,0.4246744084018772,0.4618254350795004,96.8193274951229,52.47816617683065,-0.003746522915513632,-0.005035407839282951,-0.0039491621297687435,-0.011439299624136695,20.924423968002895
