subject,nll,bic,model,alpha,alpha_rec,gamma,gamma_rec,beta,beta_rec,b_last,b_last_rec,b_longer,b_longer_rec,nll_rec
21-attributes,20.231275158522056,61.70502652729091,pt_b-last_b-longer,0.7487985596576883,0.8219651982538282,1.0,1.0,7.2676293009472355,6.425851332122396,-0.02096822737744931,-0.022846748516971077,0.022040611714284102,0.023922123800439545,20.881319794554273
