subject,nll,bic,model,alpha,alpha_rec,gamma,gamma_rec,beta,beta_rec,b_last,b_last_rec,b_longer,b_longer_rec,nll_rec
53-alternatives,19.944590838187192,61.131657886621184,pt_b-last_b-longer,0.5305413250846961,0.40781370654330834,0.8837261352709316,0.7612992087642234,11.281996234349783,27.037443168840905,-0.011943726937998443,0.019179777929652,0.014631571134378294,0.037180266836597295,12.495651403889951
