subject,nll,bic,model,alpha,alpha_rec,gamma,gamma_rec,beta,beta_rec,b_last,b_last_rec,b_longer,b_longer_rec,nll_rec
74-attributes,32.91720864988523,86.62883271656882,pt_b-last_b-longer,0.4130053665815039,0.28065230600019214,1.0,0.5425054617106657,3.787558195301127,14.343490759856104,0.09884075662800695,0.01874610023891539,0.005482841047539212,0.030510971901135747,29.181189875738184
