subject,nll,bic,model,alpha,alpha_rec,gamma,gamma_rec,beta,beta_rec,b_last,b_last_rec,b_longer,b_longer_rec,nll_rec
137-attributes,6.19171739535944e-05,21.242600044594703,pt_b-last_b-longer,1.3681707895033346,1.3681707895033346,0.4395992922013875,0.4395992922013875,199.99966183494882,199.99966183494882,-0.05172390621701342,-0.05172390621701342,0.22928698751912052,0.22928698751912052,6.19171739535944e-05
