subject,nll,bic,model,alpha,alpha_rec,gamma,gamma_rec,beta,beta_rec,b_last,b_last_rec,b_longer,b_longer_rec,nll_rec
127-attributes,28.703863856900103,78.5782602367865,pt_b-last_b-longer,0.4077790467569034,0.36871874832946716,0.4126613588211274,0.3783635677380674,21.124373532804345,35.262032777986114,0.00445142790802559,0.0020115194187695874,0.002298743092619577,-0.006129500103491163,24.261540412947973
