subject,nll,bic,model,alpha,alpha_rec,gamma,gamma_rec,beta,beta_rec,b_last,b_last_rec,b_longer,b_longer_rec,nll_rec
194-alternatives,33.27667697324495,87.7958301567367,pt_b-last_b-longer,1.0953341425170997,1.436818914489702,1.0,1.0,1.58920790397985,0.9741951313922746,0.3797944262478485,0.6919702089392782,-9.734094522440652e-07,0.32945319291262654,29.706299670308077
