subject,nll,bic,model,alpha,alpha_rec,gamma,gamma_rec,beta,beta_rec,b_last,b_last_rec,b_longer,b_longer_rec,nll_rec
180-attributes,30.264724517143893,81.77192524453459,pt_b-last_b-longer,0.25381429510310427,0.22614665938272036,0.4773548094646098,0.36293110425893477,24.222888839948087,50.50723985846405,-0.002255633548430271,-0.0012123774643409537,-0.012815555903437048,0.0021257668223285705,29.23296045323574
