subject,nll,bic,model,alpha,alpha_rec,gamma,gamma_rec,beta,beta_rec,b_last,b_last_rec,b_longer,b_longer_rec,nll_rec
84-alternatives,35.611430079217065,92.46533636868092,pt_b-last_b-longer,0.6412829795713954,0.7706881689887874,0.7849964977038174,0.8282759547959142,4.3502334513844,2.769270504410105,-0.07776021817481024,-0.04925396658304233,-0.02113197818064463,-0.03092476986409347,37.78142043282897
