subject,nll,bic,model,alpha,alpha_rec,gamma,gamma_rec,beta,beta_rec,b_last,b_last_rec,b_longer,b_longer_rec,nll_rec
71-alternatives,19.045454039648924,59.33338428954464,pt_b-last_b-longer,0.962245018450354,0.969767053121189,0.8875145963696843,0.9775424604695367,7.270974104939168,7.041740005714688,-0.04426841765552078,0.05059647555733195,-2.1265079716287808e-07,0.05023298244766451,17.87767826947932
