subject,nll,bic,model,alpha,alpha_rec,gamma,gamma_rec,beta,beta_rec,b_last,b_last_rec,b_longer,b_longer_rec,nll_rec
76-alternatives,25.51336876766362,72.26921374557404,pt_b-last_b-longer,0.604456252736653,0.709354366836778,1.0,1.0,6.5129515464280425,5.823152423645042,0.0075810126592760685,0.0712829615836942,-5.197969541755233e-08,0.04458942217674208,24.801115446182212
