subject,nll,bic,model,alpha,alpha_rec,gamma,gamma_rec,beta,beta_rec,b_last,b_last_rec,b_longer,b_longer_rec,nll_rec
34-attributes,35.204038093890915,91.20249160458019,pt_b-last_b-longer,0.38413527916680773,0.725625647640983,0.3593859397527437,0.955231131276691,13.3256460058378,0.9590578932674996,0.04148569219128533,1.0,0.002386508155077065,0.30462007973158267,35.0705867252817
