subject,nll,bic,model,alpha,alpha_rec,gamma,gamma_rec,beta,beta_rec,b_last,b_last_rec,b_longer,b_longer_rec,nll_rec
178-alternatives,29.39112710847405,80.0247304271949,pt_b-last_b-longer,0.5719457170055527,0.7314824481553529,1.0,1.0,4.899161093064955,5.014500551482,0.060113731440773005,0.07890234452837545,-0.17617871870600085,-0.11958748426950969,26.400756534251258
