subject,nll,bic,model,alpha,alpha_rec,gamma,gamma_rec,beta,beta_rec,b_last,b_last_rec,b_longer,b_longer_rec,nll_rec
13-alternatives,31.79261713267682,84.82771047560044,pt_b-last_b-longer,1.7933023656945606,1.4768023647092936,0.28,0.4425166017550569,0.6971775332699597,0.6559305816465164,1.0,1.0,0.7916157749587207,1.0,33.717694593598125
