subject,nll,bic,model,alpha,alpha_rec,gamma,gamma_rec,beta,beta_rec,b_last,b_last_rec,b_longer,b_longer_rec,nll_rec
128-alternatives,29.08212608320627,79.33478468939884,pt_b-last_b-longer,0.744941457714928,0.5273149272122982,1.0,0.8232061935228895,4.1318888999591685,10.42086887472811,0.07120610851265911,0.0036516568077194222,-0.08544820758408177,-0.0005780497982538096,22.6259774449233
