subject,nll,bic,model,alpha,alpha_rec,gamma,gamma_rec,beta,beta_rec,b_last,b_last_rec,b_longer,b_longer_rec,nll_rec
99-alternatives,33.139430775796164,87.52133776183912,pt_b-last_b-longer,0.5204565469860059,0.45280374038046173,0.7815171805689355,0.6805407725687065,6.23501624549222,15.58384638397563,-0.03223958419810541,0.02087725674891803,-0.0473364015595513,-0.058071480659919586,21.369917151969716
