subject,nll,bic,model,alpha,alpha_rec,gamma,gamma_rec,beta,beta_rec,b_last,b_last_rec,b_longer,b_longer_rec,nll_rec
43-alternatives,27.729679967943934,76.70183614613467,pt_b-last_b-longer,0.5310871282993243,0.5232149671640083,1.0,1.0,6.122925826184241,6.168180127496633,0.048331892018281315,0.1447789934695492,-1.713400481471244e-07,0.10069622990473104,25.799191402214973
