subject,nll,bic,model,alpha,alpha_rec,gamma,gamma_rec,beta,beta_rec,b_last,b_last_rec,b_longer,b_longer_rec,nll_rec
174-attributes,20.66109945490896,62.56467512006472,pt_b-last_b-longer,0.5933341367494022,0.6731595345888325,0.6175176448152774,0.7002035887237295,14.754195727893563,19.77963945100811,-0.050749440381529724,-0.024747149874900818,-0.010500379085941022,-0.02477331148757368,13.195452096182095
