subject,nll,bic,model,alpha,alpha_rec,gamma,gamma_rec,beta,beta_rec,b_last,b_last_rec,b_longer,b_longer_rec,nll_rec
48-attributes,26.417736140709316,74.07794849166542,pt_b-last_b-longer,1.1889470042055315,1.3258007389318693,0.9516557594972987,1.0,2.397139213298344,1.4178507248724834,0.05569899368920505,0.10218904365293364,-0.1448190379765099,-0.3762695002523205,28.799554406742313
