subject,nll,bic,model,alpha,alpha_rec,gamma,gamma_rec,beta,beta_rec,b_last,b_last_rec,b_longer,b_longer_rec,nll_rec
155-alternatives,21.20258723007134,63.64765067038948,pt_b-last_b-longer,0.19763781691678253,0.1911148482209166,0.44925315153821815,0.41635363473077236,50.21686087833286,92.22285823234456,0.012342585711446684,0.010756220022108636,-0.005989414562230566,0.0021800648146171405,15.901251535766216
