subject,nll,bic,model,alpha,alpha_rec,gamma,gamma_rec,beta,beta_rec,b_last,b_last_rec,b_longer,b_longer_rec,nll_rec
131-attributes,27.77687320018476,76.79622261061631,pt_b-last_b-longer,0.39206921043291204,0.6886203291121232,0.45073716175594275,0.7240392474044378,22.009738980660604,6.979179541518322,-0.01871404400526473,-0.07806335940379538,-0.010545828107981901,-0.05020838224403099,27.069157313211043
