subject,nll,bic,model,alpha,alpha_rec,gamma,gamma_rec,beta,beta_rec,b_last,b_last_rec,b_longer,b_longer_rec,nll_rec
149-alternatives,1.264314888011259,23.552092872977347,pt_b-last_b-longer,0.0,0.051211681626687315,0.5640464784488585,0.7151371852773301,200.0,200.0,0.027049082272545086,0.04010509926139667,0.025288058657814062,0.04007608971264502,1.002603322126211
