subject,nll,bic,model,alpha,alpha_rec,gamma,gamma_rec,beta,beta_rec,b_last,b_last_rec,b_longer,b_longer_rec,nll_rec
44-alternatives,12.176910134773024,45.59629647979284,pt_b-last_b-longer,0.31472060539943314,0.29059524163255046,1.0,1.0,17.672400586039338,25.519017131129374,0.048414071899361595,0.015707663796046337,0.04714416122244123,0.08503280216830507,8.60020054451239
