subject,nll,bic,model,alpha,alpha_rec,gamma,gamma_rec,beta,beta_rec,b_last,b_last_rec,b_longer,b_longer_rec,nll_rec
16-alternatives,18.23716316781128,57.716802545869356,pt_b-last_b-longer,0.5165387138802291,0.4753096935508477,1.0,1.0,10.374830124418141,15.960719722885518,0.05429171953431831,0.0841614953324419,0.052272267326699255,0.049291569854399885,12.325579003817195
