subject,nll,bic,model,alpha,alpha_rec,gamma,gamma_rec,beta,beta_rec,b_last,b_last_rec,b_longer,b_longer_rec,nll_rec
174-alternatives,23.629739582646653,68.5019553755401,pt_b-last_b-longer,1.1921723696847406,0.9893506610417951,1.0,0.823044252489939,3.153969944680103,2.984376394100412,0.004551353991626717,-0.11799715941268374,1.1605795343011026e-07,0.14131138082327596,30.120857285051095
