subject,nll,bic,model,alpha,alpha_rec,gamma,gamma_rec,beta,beta_rec,b_last,b_last_rec,b_longer,b_longer_rec,nll_rec
98-alternatives,31.973687129994744,85.18985047023628,pt_b-last_b-longer,0.9119680081731916,0.8895502531024244,1.0,0.9486120520640703,2.892905717426998,3.9962120462431407,0.020283548869693375,-0.07349801763074944,0.03424212062731606,0.1135455503943347,27.948853806994077
