subject,nll,bic,model,alpha,alpha_rec,gamma,gamma_rec,beta,beta_rec,b_last,b_last_rec,b_longer,b_longer_rec,nll_rec
125-attributes,13.470562169942767,48.183600550132326,pt_b-last_b-longer,0.3084474301325113,0.32342158948509797,0.6040399954352292,0.5865892386799026,49.464336663674494,71.95039215962237,0.009404780540938542,0.013901793533919812,-1.7405740410969848e-08,0.004675046763161821,9.554121523427025
