subject,nll,bic,model,alpha,alpha_rec,gamma,gamma_rec,beta,beta_rec,b_last,b_last_rec,b_longer,b_longer_rec,nll_rec
17-alternatives,34.277220262156455,89.65197905019345,pt_b-last_b-longer,0.3482602011167046,0.2559521691459025,0.4567001748609127,0.299742291358503,15.258379626273827,44.54093217762026,0.012520510326264488,0.007492546493803337,0.000595291533432796,-0.007025082592331396,33.18457181218961
