subject,nll,bic,model,alpha,alpha_rec,gamma,gamma_rec,beta,beta_rec,b_last,b_last_rec,b_longer,b_longer_rec,nll_rec
26-attributes,5.542550116019667,32.32757644228613,pt_b-last_b-longer,0.23372537116734105,0.15813648897256857,0.5794047076731418,1.0,136.54816554168198,200.0,-0.008615154143852732,-0.03848462847434842,-0.008615200352802057,-0.03848465057951774,0.001849222780327369
