subject,nll,bic,model,alpha,alpha_rec,gamma,gamma_rec,beta,beta_rec,b_last,b_last_rec,b_longer,b_longer_rec,nll_rec
143-attributes,26.91583766362219,75.07415153749118,pt_b-last_b-longer,1.2189987914087557,1.1366560245420132,1.0,0.8344512971178553,1.9386684121430393,1.614760776923859,0.24416639465766996,-0.12689196519760637,-0.3455159302187909,-0.17633496589757136,33.5030486660705
