subject,nll,bic,model,alpha,alpha_rec,gamma,gamma_rec,beta,beta_rec,b_last,b_last_rec,b_longer,b_longer_rec,nll_rec
117-attributes,19.95958450757412,61.161645225395034,pt_b-last_b-longer,0.4921017224935311,0.33316349941303586,1.0,0.7708406072011889,9.572236973012421,15.024642208088787,-0.015104143611509909,0.0015217885067566295,-0.017302060698776947,-2.5439310206007287e-08,21.28400630273105
