subject,nll,bic,model,alpha,alpha_rec,gamma,gamma_rec,beta,beta_rec,b_last,b_last_rec,b_longer,b_longer_rec,nll_rec
140-alternatives,16.71913374644101,54.68074370312881,pt_b-last_b-longer,0.1925559400090233,0.20592346390129365,0.691653021637086,1.0,21.34853579613252,15.345315839991406,0.013811797158305066,0.0078043460967878505,-0.0101867593392069,0.05755753207931292,13.540449609477632
