subject,nll,bic,model,alpha,alpha_rec,gamma,gamma_rec,beta,beta_rec,b_last,b_last_rec,b_longer,b_longer_rec,nll_rec
182-alternatives,34.87727608253256,90.92508468805141,pt_b-last_b-longer,0.9883823145340378,0.8746571959225897,0.919979179546443,0.7857011460182199,1.8508739988835885,3.429473905984595,0.2280183737916722,0.07147748225254025,0.09735984653156421,-0.05766176891417875,31.535308320753213
