subject,nll,bic,model,alpha,alpha_rec,gamma,gamma_rec,beta,beta_rec,b_last,b_last_rec,b_longer,b_longer_rec,nll_rec
18-alternatives,24.995470151061014,71.23341651236882,pt_b-last_b-longer,0.8873313845361984,0.9677122409311119,1.0,1.0,4.751029558503466,5.111022824356946,-0.07388639947713625,0.002375898325877844,0.027162867106570735,0.05544583755462954,22.22042775259385
