subject,nll,bic,model,alpha,alpha_rec,gamma,gamma_rec,beta,beta_rec,b_last,b_last_rec,b_longer,b_longer_rec,nll_rec
92-alternatives,33.35382544404496,87.95012709833671,pt_b-last_b-longer,0.2755227710892463,0.20531142959791582,0.4081191641256303,0.41599566429083384,23.595533903961567,43.838216316584024,0.01924053712624858,0.012886044360250273,0.02005320710582162,0.022678987159171608,24.51958609291316
