subject,nll,bic,model,alpha,alpha_rec,gamma,gamma_rec,beta,beta_rec,b_last,b_last_rec,b_longer,b_longer_rec,nll_rec
126-alternatives,23.85799049498281,68.95845720021242,pt_b-last_b-longer,0.5484656791409865,0.7291598080088609,1.0,1.0,7.52420319879599,7.231561145117046,0.006721946182907805,0.06685049011143206,0.037053725005401314,0.021681662874438973,20.752152821904804
