subject,nll,bic,model,alpha,alpha_rec,gamma,gamma_rec,beta,beta_rec,b_last,b_last_rec,b_longer,b_longer_rec,nll_rec
1-alternatives,27.523201669269106,76.288879548785,pt_b-last_b-longer,0.4091187761159873,0.4064913453935247,0.5280141670267383,0.41177361060520434,15.929290723747888,28.12306183744892,0.050802158978699746,0.039089539541762176,0.00724332948231823,0.020107430714895708,22.633197069924908
