subject,nll,bic,model,alpha,alpha_rec,gamma,gamma_rec,beta,beta_rec,b_last,b_last_rec,b_longer,b_longer_rec,nll_rec
60-attributes,27.704404547091244,76.65128530442928,pt_b-last_b-longer,0.3174467707109453,0.2969087733389889,0.536518722690702,0.4962671522154606,20.56151175583174,19.183452991655855,-0.0039864618593491614,0.017946348203308163,0.01662206894826502,0.026397636880059076,30.464308607830684
