subject,nll,bic,model,alpha,alpha_rec,gamma,gamma_rec,beta,beta_rec,b_last,b_last_rec,b_longer,b_longer_rec,nll_rec
189-attributes,19.33018289075895,59.8308983045042,pt_b-last_b-longer,0.4763385200662761,0.4574378746810786,1.0,1.0,9.907684146126662,10.326664186998833,0.001161540785664454,-0.015610563086256187,-0.033543788483528104,-0.016019929816396133,18.934895761808654
