subject,nll,bic,model,alpha,alpha_rec,gamma,gamma_rec,beta,beta_rec,b_last,b_last_rec,b_longer,b_longer_rec,nll_rec
6-alternatives,6.314972828074301,33.8724218663954,pt_b-last_b-longer,0.26494718854624577,0.28352051910266657,0.5287234102558646,0.5521856195671652,200.0,200.0,-0.002204621724704828,-0.012297791694220768,0.00220472191420769,0.006396227703064243,3.0129180996977736
