subject,nll,bic,model,alpha,alpha_rec,gamma,gamma_rec,beta,beta_rec,b_last,b_last_rec,b_longer,b_longer_rec,nll_rec
195-alternatives,17.811170391993414,56.86481699423362,pt_b-last_b-longer,0.4872743824469355,0.3739028832960296,0.9595756191695547,0.7460663924975945,11.940906601095836,25.139288639253497,-0.028115611838425755,-0.016910486286942993,-0.03174879020173614,-0.017792087270927813,14.631288911088603
