subject,nll,bic,model,alpha,alpha_rec,gamma,gamma_rec,beta,beta_rec,b_last,b_last_rec,b_longer,b_longer_rec,nll_rec
81-attributes,25.60475590779657,72.45198802583994,pt_b-last_b-longer,1.0692775348465744,0.8405448971208399,1.0,0.8141004961118814,3.3517299178676163,7.616140075051057,-0.032058169532747746,-0.06090704545643034,0.10663429555964639,0.13933358528049186,20.01428654649271
