subject,nll,bic,model,alpha,alpha_rec,gamma,gamma_rec,beta,beta_rec,b_last,b_last_rec,b_longer,b_longer_rec,nll_rec
110-attributes,5.4502517330363265,32.14297967631945,pt_b-last_b-longer,0.07147559446685259,0.1087865621681851,0.3597408181925627,0.38467892864155245,200.0,199.23314695817515,0.002546306312216151,-0.0022846218028407177,-0.0024903754859606415,-0.0023068355205331597,7.075158090249459
