subject,nll,bic,model,alpha,alpha_rec,gamma,gamma_rec,beta,beta_rec,b_last,b_last_rec,b_longer,b_longer_rec,nll_rec
104-attributes,23.537078051458018,68.31663231316283,pt_b-last_b-longer,0.4099444617183332,0.45610467957818623,0.6980726475995773,0.7216257733600797,14.407370577144501,20.650970758505228,0.0012428583631874182,0.00016623946735354035,0.018904440944428728,0.04022796409097172,15.712851494961367
