subject,nll,bic,model,alpha,alpha_rec,gamma,gamma_rec,beta,beta_rec,b_last,b_last_rec,b_longer,b_longer_rec,nll_rec
50-alternatives,21.178872091873224,63.60022039399324,pt_b-last_b-longer,1.969749388703177,1.8595419340652406,0.8789698252549217,0.9098455929515673,0.5426389030193902,0.5546980195671974,0.6907116243820414,1.0,1.0,0.740109289948509,24.03931382359069
