subject,nll,bic,model,alpha,alpha_rec,gamma,gamma_rec,beta,beta_rec,b_last,b_last_rec,b_longer,b_longer_rec,nll_rec
166-alternatives,24.928304139287253,71.0990844888213,pt_b-last_b-longer,1.597320592527618,1.1843680253679059,0.773490780744187,0.5426984836408925,0.8961438718293228,2.8916537386408385,0.6438111295784599,0.1585273322317817,0.29420416864988164,0.047777936124587486,23.575643787422432
