subject,nll,bic,model,alpha,alpha_rec,gamma,gamma_rec,beta,beta_rec,b_last,b_last_rec,b_longer,b_longer_rec,nll_rec
10-alternatives,30.997062672865596,83.23660155597798,pt_b-last_b-longer,0.49472863056480076,0.5513302624379535,0.6569278603418907,0.8463001501800952,8.896831313054559,8.411532901887076,0.017855471458290077,0.11041256472398027,-0.0347355233824544,0.01584835464852261,24.006632893073526
