subject,nll,bic,model,alpha,alpha_rec,gamma,gamma_rec,beta,beta_rec,b_last,b_last_rec,b_longer,b_longer_rec,nll_rec
175-attributes,21.838328368317086,64.84718925962048,pt_b-last_b-longer,0.40709055937230537,0.4059807512430601,0.5442632864399897,0.5618874439412397,21.63835198379903,25.498851824214114,0.022518731787878315,0.00911721761900255,0.022123667632708018,0.04178412938934305,18.400429087921466
