subject,nll,bic,model,alpha,alpha_rec,gamma,gamma_rec,beta,beta_rec,b_last,b_last_rec,b_longer,b_longer_rec,nll_rec
39-attributes,28.345393448767993,77.93326310778278,pt_b-last_b-longer,0.7700576613293225,0.5899822098431214,0.7276108101212188,0.6797910633763222,5.624730737687209,7.216608534061126,-0.05310125493576508,0.00481513946269477,-0.019577581528132066,0.014198214350834808,30.62262499996848
