subject,nll,bic,model,alpha,alpha_rec,gamma,gamma_rec,beta,beta_rec,b_last,b_last_rec,b_longer,b_longer_rec,nll_rec
135-attributes,39.4867351175514,100.21594644534959,pt_b-last_b-longer,1.0905140497632104,1.7511882523407702,0.4689367981336113,0.28,1.0646671759920219,0.5217672852325529,0.5174272906490079,0.20936762544430884,-0.23450355547454313,-1.0,38.98532653707153
