subject,nll,bic,model,alpha,alpha_rec,gamma,gamma_rec,beta,beta_rec,b_last,b_last_rec,b_longer,b_longer_rec,nll_rec
160-alternatives,26.829767660857947,74.90201153196269,pt_b-last_b-longer,0.9052434408317234,0.9284032567612531,1.0,1.0,3.8402458725844433,2.8682564691446943,0.1549036505879835,0.3328282962372059,-0.030421437568659723,-0.03859298874098906,28.33665870152492
