subject,nll,bic,model,alpha,alpha_rec,gamma,gamma_rec,beta,beta_rec,b_last,b_last_rec,b_longer,b_longer_rec,nll_rec
111-attributes,25.002497251604446,71.24747071345568,pt_b-last_b-longer,1.5905137892863799,1.1420296758934871,0.9409441247244322,0.6953489039321917,0.9666690536771342,3.021763177908942,0.3027433402887744,0.14233961554648647,0.2662286645078563,-0.18114319647480545,22.963245321840777
