subject,nll,bic,model,alpha,alpha_rec,gamma,gamma_rec,beta,beta_rec,b_last,b_last_rec,b_longer,b_longer_rec,nll_rec
12-alternatives,29.20906942134693,79.66061505294066,pt_b-last_b-longer,0.40345838908931236,0.46056878876460167,0.6665742946370925,0.6825929625171014,10.848522421811849,9.999730020994456,0.05322106552524814,0.04806288172248676,0.010074859000550796,0.033385624880649147,28.611910477415297
