subject,nll,bic,model,alpha,alpha_rec,gamma,gamma_rec,beta,beta_rec,b_last,b_last_rec,b_longer,b_longer_rec,nll_rec
104-alternatives,30.70587808180079,82.36002987373371,pt_b-last_b-longer,0.30059670633706553,0.2105313396503117,0.4360177845142123,0.3528268139032327,23.116058895641608,49.28901915680501,-0.008381929513172062,-0.01591939013795153,-0.015825292259999617,0.0008019231660818834,28.5718340802618
