subject,nll,bic,model,alpha,alpha_rec,gamma,gamma_rec,beta,beta_rec,b_last,b_last_rec,b_longer,b_longer_rec,nll_rec
116-attributes,18.026229238609627,57.29493468746605,pt_b-last_b-longer,0.4260187871306763,0.674212456471572,0.685073976686702,1.0,20.151194439804737,7.665673528220563,-0.01750365340968361,-0.0387343570642814,-0.017930708171157415,-5.453616618077828e-07,20.882984843118653
