subject,nll,bic,model,alpha,alpha_rec,gamma,gamma_rec,beta,beta_rec,b_last,b_last_rec,b_longer,b_longer_rec,nll_rec
166-attributes,19.549022094513,60.34052039927279,pt_b-last_b-longer,2.0443154125766685,1.3936243179972903,1.0,0.750021861433445,0.5220098366129464,2.212953526994758,1.0,0.24279891365981895,0.9522870508140326,0.2376657245890135,18.17970047288984
