subject,nll,bic,model,alpha,alpha_rec,gamma,gamma_rec,beta,beta_rec,b_last,b_last_rec,b_longer,b_longer_rec,nll_rec
51-attributes,34.33640304054156,89.69626917803795,pt_b-last_b-longer,1.228802963182282,1.387947218499631,0.6355874275836376,0.5925082964884677,1.1635724352379282,1.117202917709494,-0.3006251795838213,-0.5419398134430385,0.282685218600474,1.0,27.3271670156807
