subject,nll,bic,model,alpha,alpha_rec,gamma,gamma_rec,beta,beta_rec,b_last,b_last_rec,b_longer,b_longer_rec,nll_rec
102-attributes,22.209475465424067,65.66142714109493,pt_b-last_b-longer,0.8382486273030976,0.5859389690406452,1.0,0.7940062526088765,5.747131419418576,11.256749644845051,0.026111206146743404,0.028985031721282632,0.07445282817497381,0.05693401282768018,20.13474786850927
