subject,nll,bic,model,alpha,alpha_rec,gamma,gamma_rec,beta,beta_rec,b_last,b_last_rec,b_longer,b_longer_rec,nll_rec
50-attributes,12.685129440268529,46.61273509078386,pt_b-last_b-longer,2.1245534666851587,1.5148859031294688,0.9169857743713701,0.6140201086717714,0.9468072666830528,4.557799534784205,0.5184891832254007,0.0592077679707698,-4.882220617783673e-08,-0.05906895794447435,11.451129840246496
