subject,nll,bic,model,alpha,alpha_rec,gamma,gamma_rec,beta,beta_rec,b_last,b_last_rec,b_longer,b_longer_rec,nll_rec
25-alternatives,23.013777967652192,67.27003214555118,pt_b-last_b-longer,1.1682280217760834,1.2118914340390807,1.0,1.0,3.4052444205593226,2.691245401615802,0.042852701901781004,0.19552072201231283,0.11755361325191263,0.19075954824662134,23.881617358504805
