subject,nll,bic,model,alpha,alpha_rec,gamma,gamma_rec,beta,beta_rec,b_last,b_last_rec,b_longer,b_longer_rec,nll_rec
116-alternatives,14.783318001030898,50.80911221230859,pt_b-last_b-longer,0.293226036003764,0.26582404121258996,0.506307193744698,0.47347602420847695,58.654907217383375,55.630863070869665,0.003899619216466735,0.0034128660664959802,0.01122694017576339,0.015246780281592235,18.398475267765495
