subject,nll,bic,model,alpha,alpha_rec,gamma,gamma_rec,beta,beta_rec,b_last,b_last_rec,b_longer,b_longer_rec,nll_rec
73-attributes,16.416316495297544,54.003165513581386,pt_b-last_b-longer,0.3017526024562599,0.6242282979761371,0.5368214699442905,1.0,44.62028646532259,15.514205804582417,0.017167832443692282,0.1251004752900863,-0.008667498804660691,-0.05614142307982001,11.18775114847639
