subject,nll,bic,model,alpha,alpha_rec,gamma,gamma_rec,beta,beta_rec,b_last,b_last_rec,b_longer,b_longer_rec,nll_rec
38-attributes,31.077967516070984,83.39841124238876,pt_b-last_b-longer,0.49262191025206753,0.377732867903957,0.6351174848972864,0.5523340095052314,9.246248599165556,15.38870605052538,-0.03839121944340905,-0.040368517679432045,1.189118891348294e-07,-0.058433994906792464,28.098509933040123
