subject,nll,bic,model,alpha,alpha_rec,gamma,gamma_rec,beta,beta_rec,b_last,b_last_rec,b_longer,b_longer_rec,nll_rec
123-attributes,20.15570863115694,61.553893472560674,pt_b-last_b-longer,1.2201415098030364,1.2224211731066774,1.0,1.0,3.8092024153767503,3.806434690930721,-0.03934596649669432,0.08176987888277916,-0.04015053045433877,0.08126767597667042,19.8710078684447
