subject,nll,bic,model,alpha,alpha_rec,gamma,gamma_rec,beta,beta_rec,b_last,b_last_rec,b_longer,b_longer_rec,nll_rec
172-alternatives,18.83687914785242,58.916234505951635,pt_b-last_b-longer,1.6365428753413316,1.766549668899547,0.7479933517881362,1.0,1.3042845711867275,1.2238896884705348,0.16238272290395925,0.6791102279675767,0.39049615911712765,0.3415173411096609,15.61904931902801
