subject,nll,bic,model,alpha,alpha_rec,gamma,gamma_rec,beta,beta_rec,b_last,b_last_rec,b_longer,b_longer_rec,nll_rec
112-alternatives,6.657366865837424,34.55720994192164,pt_b-last_b-longer,0.2504977314529697,0.246960477039766,0.4705648141390305,0.4660477647319543,200.0,200.0,0.005121940015403095,0.004781250089074014,0.0017554796876173815,-0.001649564541069019,8.195062906130172
