subject,nll,bic,model,alpha,alpha_rec,gamma,gamma_rec,beta,beta_rec,b_last,b_last_rec,b_longer,b_longer_rec,nll_rec
1-attributes,34.34128498174688,89.92504617374055,pt_b-last_b-longer,0.48318226309245205,0.42603585759820356,0.57880131610772,0.5087881090911163,8.199409902848885,16.223865912251018,0.028540843436593688,0.04259864788021894,9.928703686707431e-08,-0.01417511070251216,27.25628801882844
