subject,nll,bic,model,alpha,alpha_rec,gamma,gamma_rec,beta,beta_rec,b_last,b_last_rec,b_longer,b_longer_rec,nll_rec
132-alternatives,25.985389103657948,73.1413107303022,pt_b-last_b-longer,0.8735730155371997,1.0652624169390996,0.817287590169401,1.0,5.0055492409912254,3.0987002324388473,0.04890217033240455,-0.13940571960095113,0.04945947880353164,0.07994860555052455,26.83359008266708
