subject,nll,bic,model,alpha,alpha_rec,gamma,gamma_rec,beta,beta_rec,b_last,b_last_rec,b_longer,b_longer_rec,nll_rec
52-alternatives,5.17185082905027,31.586177868347335,pt_b-last_b-longer,0.13122638666864256,0.18486648159313182,0.4651843950789956,0.49281984442767324,155.5147635969136,200.0,-0.013034821620365183,-0.007931987256022304,4.5661299651576634e-08,2.7414950355969163e-09,1.8536037099227245
