subject,nll,bic,model,alpha,alpha_rec,gamma,gamma_rec,beta,beta_rec,b_last,b_last_rec,b_longer,b_longer_rec,nll_rec
150-attributes,25.045633007685943,71.26179853835819,pt_b-last_b-longer,0.704093456525462,0.5647146367180153,0.667922180145017,0.6300481589487339,7.6320708986882835,10.42935890072974,0.07388837881174004,0.06676713795207181,-0.042040021027636175,-0.04321308492661783,24.834566425257236
