subject,nll,bic,model,alpha,alpha_rec,gamma,gamma_rec,beta,beta_rec,b_last,b_last_rec,b_longer,b_longer_rec,nll_rec
162-attributes,30.763432216264302,82.7693406427754,pt_b-last_b-longer,1.1832816103480612,1.0837372055339378,1.0,0.9686390647636002,1.662780608046222,3.211383152565274,0.027037792046807233,-0.20225553577036615,0.35639464924737674,0.3565487294382961,23.275643709331273
