subject,nll,bic,model,alpha,alpha_rec,gamma,gamma_rec,beta,beta_rec,b_last,b_last_rec,b_longer,b_longer_rec,nll_rec
198-alternatives,24.39474950498622,70.03197522021924,pt_b-last_b-longer,0.6635944702970114,0.7221855526379622,1.0,1.0,6.4610632483492925,12.28273794688978,0.005977101119462649,-0.06168298637270402,0.04149192652258797,-0.0624966824403944,13.015188623635122
