subject,nll,bic,model,alpha,alpha_rec,gamma,gamma_rec,beta,beta_rec,b_last,b_last_rec,b_longer,b_longer_rec,nll_rec
36-attributes,70.89821392244528,166.5046399579371,pt_b-last_b-longer,0.39115758690288666,0.4285206576672691,1.0,1.0,4.366674875356618,3.345427424252772,0.023700158717555955,0.08215007934675696,0.02114493667681949,-0.012646165997316008,76.32138741334647
