subject,nll,bic,model,alpha,alpha_rec,gamma,gamma_rec,beta,beta_rec,b_last,b_last_rec,b_longer,b_longer_rec,nll_rec
47-alternatives,-6.646611127307276e-05,21.170399590763754,pt_b-last_b-longer,0.0,0.0,1.0,1.0,199.99798158943935,199.99798158943935,0.018497934128436797,0.018497934128436797,0.00010136663510996973,0.00010136663510996973,-6.646611127307276e-05
