subject,nll,bic,model,alpha,alpha_rec,gamma,gamma_rec,beta,beta_rec,b_last,b_last_rec,b_longer,b_longer_rec,nll_rec
14-alternatives,17.812195257659113,56.86686672556502,pt_b-last_b-longer,0.6303425891761844,0.8866525968345765,0.7847368380903501,1.0,12.686283051732502,7.967461580070429,-0.013513584052293462,0.02534288432475187,-0.043682495850926366,-0.12116146019283343,16.421769324085005
