subject,nll,bic,model,alpha,alpha_rec,gamma,gamma_rec,beta,beta_rec,b_last,b_last_rec,b_longer,b_longer_rec,nll_rec
74-alternatives,30.291685218265595,81.29904406848885,pt_b-last_b-longer,0.34321484754470605,0.20829219327193596,1.0,0.3966897128672519,4.93747143151085,55.01538346404498,0.024056477705060097,0.0020471376859405098,0.004808418689020345,-0.002521864762908043,22.064005543786177
