subject,nll,bic,model,alpha,alpha_rec,gamma,gamma_rec,beta,beta_rec,b_last,b_last_rec,b_longer,b_longer_rec,nll_rec
154-alternatives,4.83097732939735,30.904430869041498,pt_b-last_b-longer,0.12555007340171995,0.08740613913975455,0.41532171091761494,0.3592503176169229,200.0,200.0,7.928276065114823e-05,-0.0033826890523660906,-1.979150001638302e-09,-1.1553983069776298e-08,7.745619936961603
