subject,nll,bic,model,alpha,alpha_rec,gamma,gamma_rec,beta,beta_rec,b_last,b_last_rec,b_longer,b_longer_rec,nll_rec
39-alternatives,26.987582993326093,75.21764219689898,pt_b-last_b-longer,1.1527727668904988,1.1164720551635097,0.9224953366043687,0.8703924702497323,2.2411605993059385,2.7719943146922446,0.354320054315546,0.44286994086372894,-0.0516688104316257,-0.09700011168837414,23.432868989106765
