subject,nll,bic,model,alpha,alpha_rec,gamma,gamma_rec,beta,beta_rec,b_last,b_last_rec,b_longer,b_longer_rec,nll_rec
196-attributes,26.885023725623768,75.01252366149433,pt_b-last_b-longer,1.0139413756286104,1.1114315324924824,1.0,0.878921954074958,3.0652813711411655,2.91633028119114,0.21978121717278798,0.33481074964454116,2.037601963970524e-07,0.08844394760231437,23.99965993172197
