subject,nll,bic,model,alpha,alpha_rec,gamma,gamma_rec,beta,beta_rec,b_last,b_last_rec,b_longer,b_longer_rec,nll_rec
20-alternatives,16.813413151910154,54.8693025140671,pt_b-last_b-longer,0.27891432046210646,0.3490239572390136,0.5519864165465237,0.6425664903537815,48.65071508365589,59.97003635205017,-0.010963604437359255,-0.04049998621625391,-0.003843869237717642,-0.006300413765896774,8.601536869091722
