subject,nll,bic,model,alpha,alpha_rec,gamma,gamma_rec,beta,beta_rec,b_last,b_last_rec,b_longer,b_longer_rec,nll_rec
85-alternatives,12.27034775871272,45.78317172767224,pt_b-last_b-longer,0.06937593718068107,0.08680339262687484,0.40198435470852095,0.419278806235849,98.79284923240883,70.2609664871179,-0.009800653491573597,-0.010892202722691613,0.01768790836428235,0.014884666740865051,15.282261046603322
