subject,nll,bic,model,alpha,alpha_rec,gamma,gamma_rec,beta,beta_rec,b_last,b_last_rec,b_longer,b_longer_rec,nll_rec
62-alternatives,27.019088738606946,75.28065368746068,pt_b-last_b-longer,0.30716398842839704,0.24709321323750053,0.5398868053205643,0.4475570766631484,22.64929987013475,63.00578726795329,-0.0030022630177605736,0.0003134478152987034,-0.005271106902923782,0.00757685611846778,19.65596768009774
