subject,nll,bic,model,alpha,alpha_rec,gamma,gamma_rec,beta,beta_rec,b_last,b_last_rec,b_longer,b_longer_rec,nll_rec
54-attributes,25.056262750318027,71.35500171088285,pt_b-last_b-longer,1.0467272730563977,0.7967261698963358,1.0,0.7395043285173606,3.3544660382221805,5.711091127786449,0.2137510156350177,0.10208079967953222,-5.32498356980333e-08,-0.020496249258604764,26.267295024620232
