subject,nll,bic,model,alpha,alpha_rec,gamma,gamma_rec,beta,beta_rec,b_last,b_last_rec,b_longer,b_longer_rec,nll_rec
132-attributes,18.41306226045779,58.06860073116238,pt_b-last_b-longer,0.8139245249773822,0.8512272603671205,0.7035874817530005,0.7335309325271938,9.603900425105282,16.565204318748453,0.13233782820829154,0.10069055167074085,0.035652115523236154,0.10069008884152124,11.77623418005137
