subject,nll,bic,model,alpha,alpha_rec,gamma,gamma_rec,beta,beta_rec,b_last,b_last_rec,b_longer,b_longer_rec,nll_rec
122-attributes,27.97590377948617,77.19428376921914,pt_b-last_b-longer,0.49179203496325974,0.7952764271231425,0.6580666613762252,0.8380673470783645,10.52574659093057,4.671619103859847,-0.00797543206754509,-0.09118236138075449,-0.03232877241442903,-0.19151715070676023,27.20512268190214
