subject,nll,bic,model,alpha,alpha_rec,gamma,gamma_rec,beta,beta_rec,b_last,b_last_rec,b_longer,b_longer_rec,nll_rec
96-attributes,24.6922887223968,70.5551099677799,pt_b-last_b-longer,0.8269197194569035,0.7868940097503926,1.0,1.0,4.8953877594508395,8.568526726272585,-0.05283505583192438,-0.023103309537582446,0.056590097503509684,0.02345960205322269,16.72325020049771
