subject,nll,bic,model,alpha,alpha_rec,gamma,gamma_rec,beta,beta_rec,b_last,b_last_rec,b_longer,b_longer_rec,nll_rec
107-alternatives,42.33693458309562,105.84440168917754,pt_b-last_b-longer,0.05237022649585141,0.16015962581909055,0.28646102431267956,0.44351452281533166,27.98002756404036,12.008740873732725,0.010651251032395772,-0.010652284359672016,0.004489614645406693,-0.01035864436171932,41.29983734149842
