subject,nll,bic,model,alpha,alpha_rec,gamma,gamma_rec,beta,beta_rec,b_last,b_last_rec,b_longer,b_longer_rec,nll_rec
133-alternatives,16.790291763589618,54.751116050165535,pt_b-last_b-longer,0.30504351963243764,0.252725800101696,0.6167223985123329,0.49834494198122375,33.056464743314564,104.31737153549433,-0.019235091696927477,-0.004205408800817663,0.01301821675778282,0.004494222692087769,13.024837422258308
