subject,nll,bic,model,alpha,alpha_rec,gamma,gamma_rec,beta,beta_rec,b_last,b_last_rec,b_longer,b_longer_rec,nll_rec
95-attributes,23.31340465186221,67.86928551397122,pt_b-last_b-longer,0.5539260867091308,0.704317193798466,0.5641499531347847,0.6508476313246144,14.152364537090932,13.79533852285713,0.029065076584372462,0.025893285463829355,0.04674334238000161,0.0748827988941484,17.8164155483391
