subject,nll,bic,model,alpha,alpha_rec,gamma,gamma_rec,beta,beta_rec,b_last,b_last_rec,b_longer,b_longer_rec,nll_rec
51-alternatives,35.9995697993189,93.24161580888459,pt_b-last_b-longer,1.6793326201867926,2.6450573714425554,1.0,1.0,0.3925634145711709,0.048491209836373436,0.5801324641467094,0.9666660470299254,1.0,1.0,36.23991546087514
