subject,nll,bic,model,alpha,alpha_rec,gamma,gamma_rec,beta,beta_rec,b_last,b_last_rec,b_longer,b_longer_rec,nll_rec
124-attributes,21.493208023024543,64.22889225629588,pt_b-last_b-longer,1.0318040466442662,0.7464876051483192,0.8167903403482352,0.6514889624125973,5.206814453658068,8.178740868177574,0.0007858169814560915,-0.04445725677190081,-2.744216201402256e-07,0.04649801570423473,24.450100383255705
