subject,nll,bic,model,alpha,alpha_rec,gamma,gamma_rec,beta,beta_rec,b_last,b_last_rec,b_longer,b_longer_rec,nll_rec
71-attributes,25.25417212717498,71.75082046459676,pt_b-last_b-longer,0.5930599367387545,0.6457648462943077,0.5375784390121405,0.5161617465083023,12.606286851836275,11.192680820429656,-0.027601340560451815,-0.040934147032538906,0.01983499231271309,0.011134250394631789,25.560249590075674
