subject,nll,bic,model,alpha,alpha_rec,gamma,gamma_rec,beta,beta_rec,b_last,b_last_rec,b_longer,b_longer_rec,nll_rec
129-attributes,32.21460434889453,85.67168490803586,pt_b-last_b-longer,0.5044128693703516,0.4699214570518229,0.5539634901868006,0.5465237547941854,9.573133290577271,10.765988802673636,0.014802683891262854,-0.01362687740552089,0.010197066784782875,-0.05560228681556759,31.379436377916427
