subject,nll,bic,model,alpha,alpha_rec,gamma,gamma_rec,beta,beta_rec,b_last,b_last_rec,b_longer,b_longer_rec,nll_rec
61-attributes,29.25702876309714,79.75653373644107,pt_b-last_b-longer,0.7079513756216784,0.6783414889747934,1.0,0.977932662173142,4.503831645892022,6.537558763383836,-0.039528333989490363,0.10645318253112239,0.024188209133771288,0.1052460959135079,22.746458263658017
