subject,nll,bic,model,alpha,alpha_rec,gamma,gamma_rec,beta,beta_rec,b_last,b_last_rec,b_longer,b_longer_rec,nll_rec
62-attributes,19.823764610091366,60.890005430429525,pt_b-last_b-longer,0.26285769579124835,0.284733605069629,0.49246484953375286,0.5647219079162342,48.76151872085334,69.66531346988702,-0.003067388939891533,-0.017948248851815188,-0.0031997866124985922,-0.0037212298096102278,12.044788817001221
