subject,nll,bic,model,alpha,alpha_rec,gamma,gamma_rec,beta,beta_rec,b_last,b_last_rec,b_longer,b_longer_rec,nll_rec
167-attributes,34.20327074530231,89.04221341583008,pt_b-last_b-longer,0.4676525482732104,0.48916523413190605,0.3115283422589849,0.29704484155729466,15.27265971604502,19.777965115839216,0.0018657614074322315,-0.00997874671829392,-0.003974270991341472,0.0025677200074169927,31.37841564257429
