subject,nll,bic,model,alpha,alpha_rec,gamma,gamma_rec,beta,beta_rec,b_last,b_last_rec,b_longer,b_longer_rec,nll_rec
41-attributes,45.988948430886005,113.00135995872684,pt_b-last_b-longer,0.3078766581424107,1.4331594707504416,0.5247701681132786,0.8131989517289501,1.5815796131119675,0.17140561330223825,-0.08328010491712119,0.19069795513252139,-0.024300661149717368,0.6391076965813997,44.71116889201986
