subject,nll,bic,model,alpha,alpha_rec,gamma,gamma_rec,beta,beta_rec,b_last,b_last_rec,b_longer,b_longer_rec,nll_rec
17-attributes,37.09234934399136,95.28223721386325,pt_b-last_b-longer,0.3339974882829328,0.2826223186508162,0.5408700314124979,0.5190908769886807,8.424279242214894,8.515566516103142,0.0510925112803281,0.04279545812952933,0.025983897244837233,0.005572312853107415,38.82288536630712
