subject,nll,bic,model,alpha,alpha_rec,gamma,gamma_rec,beta,beta_rec,b_last,b_last_rec,b_longer,b_longer_rec,nll_rec
176-alternatives,22.307618810283717,65.85771383081423,pt_b-last_b-longer,0.2221277177146613,0.2143532284752893,0.3610538877176589,0.37357102375919665,85.45431532608848,91.30782177750389,0.00520278453109826,-0.004707632892104347,0.001655724839764453,0.008501896198354082,20.44470018572585
