subject,nll,bic,model,alpha,alpha_rec,gamma,gamma_rec,beta,beta_rec,b_last,b_last_rec,b_longer,b_longer_rec,nll_rec
117-alternatives,14.144801524261405,49.532079258769606,pt_b-last_b-longer,0.3933949291516913,0.3145546755051342,0.8593658983941923,0.612253933666028,19.790647185580994,199.99846840800345,-0.04713909723267161,0.0030461307803343537,0.012168427140834197,0.02212764649482421,4.3657407142733335
