subject,nll,bic,model,alpha,alpha_rec,gamma,gamma_rec,beta,beta_rec,b_last,b_last_rec,b_longer,b_longer_rec,nll_rec
56-alternatives,14.508913909232115,50.260304028711026,pt_b-last_b-longer,0.18412553529393327,0.18335827097070947,0.535051896951211,0.5065124063827415,45.101285762323116,52.23255584049452,0.006093984234422889,0.00923641966785259,0.01579303126210042,0.008702822051248112,14.744217377906775
