subject,nll,bic,model,alpha,alpha_rec,gamma,gamma_rec,beta,beta_rec,b_last,b_last_rec,b_longer,b_longer_rec,nll_rec
161-alternatives,7.92761389768293,37.097704005612655,pt_b-last_b-longer,0.29174608862340123,0.3079176192279022,0.6256919489711502,0.6216569708201201,91.36298453945214,194.507418321884,0.013867465631139157,0.014052132618846597,-0.004508918983900991,-2.0458564590803626e-08,4.303105191189888
