subject,nll,bic,model,alpha,alpha_rec,gamma,gamma_rec,beta,beta_rec,b_last,b_last_rec,b_longer,b_longer_rec,nll_rec
22-attributes,20.154630508560345,61.55173722736748,pt_b-last_b-longer,0.31375096429047694,0.42129589926128197,0.6781649825487669,0.9121795088432713,20.13566970528211,16.064695060675106,-0.014831112958055094,-0.04184788987527371,0.046305296019641284,0.12685684497658692,14.303527046999436
