subject,nll,bic,model,alpha,alpha_rec,gamma,gamma_rec,beta,beta_rec,b_last,b_last_rec,b_longer,b_longer_rec,nll_rec
83-alternatives,19.5864309123884,60.415338035023595,pt_b-last_b-longer,0.3237999104705035,0.3040723783754352,0.5867799170108157,0.5482344337265828,29.762645206954154,75.49377827199261,0.006152956124467985,3.576594765098355e-05,-0.005508063414092647,-0.00786901800735044,10.789281063133771
