subject,nll,bic,model,alpha,alpha_rec,gamma,gamma_rec,beta,beta_rec,b_last,b_last_rec,b_longer,b_longer_rec,nll_rec
180-alternatives,27.007184418063694,75.25684504637418,pt_b-last_b-longer,0.23911915563624836,0.17681017017107672,0.4592628086293914,0.37347881782357717,32.24016233419429,61.15182391449007,0.018765183753625615,0.0030936803663790557,-0.0036260508455908873,-0.0040701775244124435,26.01052875520991
