subject,nll,bic,model,alpha,alpha_rec,gamma,gamma_rec,beta,beta_rec,b_last,b_last_rec,b_longer,b_longer_rec,nll_rec
61-alternatives,26.164039354661483,73.57055491956976,pt_b-last_b-longer,0.6973972107781234,0.46902290688419446,1.0,0.6751851900489352,5.293496310988457,12.687694506051542,0.0976417356357697,0.042654489751939015,-0.09189970713134049,-0.02049778282209067,24.7226933410446
