subject,nll,bic,model,alpha,alpha_rec,gamma,gamma_rec,beta,beta_rec,b_last,b_last_rec,b_longer,b_longer_rec,nll_rec
99-attributes,29.737110018717427,80.71669624768165,pt_b-last_b-longer,0.5922514262528573,0.7952072422758705,0.8223104416079822,1.0,6.118934155341827,3.1613811663401585,0.03919070835299596,-0.13023546484249102,-7.642879474920277e-08,0.030909815964037034,32.79977102381053
