subject,nll,bic,model,alpha,alpha_rec,gamma,gamma_rec,beta,beta_rec,b_last,b_last_rec,b_longer,b_longer_rec,nll_rec
177-alternatives,26.866370412967502,74.9752170361818,pt_b-last_b-longer,0.6877687663987592,0.4983973103230637,0.7292456007437393,0.5620869654456493,6.921439127034286,9.529704114086032,0.08605134645753247,0.03788162888627348,0.016877983952508627,0.06284455796733193,31.33416749281507
