subject,nll,bic,model,alpha,alpha_rec,gamma,gamma_rec,beta,beta_rec,b_last,b_last_rec,b_longer,b_longer_rec,nll_rec
14-attributes,25.79251724612991,72.82751070250661,pt_b-last_b-longer,0.6842264916642777,0.715312142194922,1.0,1.0,5.565090316653312,8.949412023179404,0.04731797301610761,0.0004466845687173032,0.04413606129701658,-2.9449717565215366e-07,17.49921638704339
