subject,nll,bic,model,alpha,alpha_rec,gamma,gamma_rec,beta,beta_rec,b_last,b_last_rec,b_longer,b_longer_rec,nll_rec
48-alternatives,27.288538120502423,75.81955245125164,pt_b-last_b-longer,1.2553719294189907,1.1929545204667185,1.0,0.9547852321676928,2.0283789741607277,3.680227449531917,0.07258546963383497,0.08672840227968173,0.1128326865626662,0.2444846197145304,20.06662817372742
