subject,nll,bic,model,alpha,alpha_rec,gamma,gamma_rec,beta,beta_rec,b_last,b_last_rec,b_longer,b_longer_rec,nll_rec
70-alternatives,20.656451749380704,62.55537970900821,pt_b-last_b-longer,0.7529884961837499,0.8547717394824134,0.6899160368861477,0.8053759931784018,9.423271570861422,10.149670812344537,0.10871135819242997,0.13807186570496505,0.04810527809031158,0.13799845248370976,15.29858266997063
