subject,nll,bic,model,alpha,alpha_rec,gamma,gamma_rec,beta,beta_rec,b_last,b_last_rec,b_longer,b_longer_rec,nll_rec
190-attributes,32.66090635667636,86.5642889235995,pt_b-last_b-longer,1.1797925123352997,1.1234622849480336,0.928590102951887,1.0,1.516645455305154,1.7292032960446375,-0.38289322079012317,-0.7430906382287746,-0.19665426156817037,-0.5564447222168573,28.649534025820923
