subject,nll,bic,model,alpha,alpha_rec,gamma,gamma_rec,beta,beta_rec,b_last,b_last_rec,b_longer,b_longer_rec,nll_rec
2-attributes,24.074383293052296,69.39124279635139,pt_b-last_b-longer,0.2801719974384625,0.3889688035416204,0.5099676422583225,0.575286459528686,29.87228727992736,25.301831132720505,0.004939710471631799,0.028399518398418838,0.02139773733512479,0.08112121487624824,17.52318226535844
