subject,nll,bic,model,alpha,alpha_rec,gamma,gamma_rec,beta,beta_rec,b_last,b_last_rec,b_longer,b_longer_rec,nll_rec
129-alternatives,29.164406978496828,79.57129016724045,pt_b-last_b-longer,1.035278709130695,1.1930324943518142,1.0,1.0,2.786946776782301,1.8475145378024997,0.05174633596819369,0.02877168888640928,0.11454739497205066,-0.11069729246799624,30.699203796048224
