subject,nll,bic,model,alpha,alpha_rec,gamma,gamma_rec,beta,beta_rec,b_last,b_last_rec,b_longer,b_longer_rec,nll_rec
77-alternatives,22.71871429011145,66.67990479046969,pt_b-last_b-longer,0.3708397695747745,0.3158711618293019,1.0,1.0,9.207632860054341,8.172694768951228,0.03924232440445949,0.044157014980856946,-6.693432746427731e-07,0.01668038934557863,25.23474869092525
