subject,nll,bic,model,alpha,alpha_rec,gamma,gamma_rec,beta,beta_rec,b_last,b_last_rec,b_longer,b_longer_rec,nll_rec
10-attributes,29.177689039533103,79.597854289313,pt_b-last_b-longer,0.3705627692166962,0.5046802148231823,0.7238952070283865,1.0,10.306231971333906,6.058021814202135,-0.02663190094674895,-0.10205243398431937,0.03224253399549857,0.0195172329146476,28.35409229426431
