subject,nll,bic,model,alpha,alpha_rec,gamma,gamma_rec,beta,beta_rec,b_last,b_last_rec,b_longer,b_longer_rec,nll_rec
171-attributes,28.534949166094545,78.31237454243589,pt_b-last_b-longer,0.7600699222581787,0.9569169613437806,0.6501799021341285,0.8678563949927891,5.678238736088936,7.178985772692801,-0.14142770514600794,-0.26188663989471683,-0.040123161194768366,0.027809661452384955,16.339088666871213
