subject,nll,bic,model,alpha,alpha_rec,gamma,gamma_rec,beta,beta_rec,b_last,b_last_rec,b_longer,b_longer_rec,nll_rec
64-attributes,29.54945877310567,80.34139375645813,pt_b-last_b-longer,0.4645971325489668,0.2166008050649393,1.0,0.3790842419820518,5.550196312740899,93.52955195193964,0.04869876554212592,0.008924480892737742,-0.09760556193118927,-0.008893446115063123,18.481302847901922
