subject,nll,bic,model,alpha,alpha_rec,gamma,gamma_rec,beta,beta_rec,b_last,b_last_rec,b_longer,b_longer_rec,nll_rec
103-alternatives,25.22940761933777,71.70129144892233,pt_b-last_b-longer,0.4979873497780012,0.5099520958292371,1.0,1.0,7.4499929821674025,7.1867228138049635,-0.02556616758107056,-0.07861461592831485,-0.03618608032834725,-0.11208163252060882,25.405388445447453
