subject,nll,bic,model,alpha,alpha_rec,gamma,gamma_rec,beta,beta_rec,b_last,b_last_rec,b_longer,b_longer_rec,nll_rec
16-attributes,21.78584757260518,64.81417135545716,pt_b-last_b-longer,0.527187585318853,0.5378415065491176,1.0,1.0,8.26333547804021,9.52447774233507,0.0202853232130685,0.0013951205606607309,0.05404859418689796,0.07059546343584067,19.189253011286375
