subject,nll,bic,model,alpha,alpha_rec,gamma,gamma_rec,beta,beta_rec,b_last,b_last_rec,b_longer,b_longer_rec,nll_rec
67-attributes,29.20041733136347,79.64331087297374,pt_b-last_b-longer,0.3272784495235848,0.35145207654829375,0.63898184606814,0.6421512835070791,13.512942435773132,20.707125280905483,-0.02810361149840068,-0.05780247225912952,1.5762010544261565e-07,-0.030934969249021282,20.60910984238096
