subject,nll,bic,model,alpha,alpha_rec,gamma,gamma_rec,beta,beta_rec,b_last,b_last_rec,b_longer,b_longer_rec,nll_rec
54-alternatives,21.954793349496597,65.15206290923999,pt_b-last_b-longer,0.8533027288559012,0.7631014281121223,0.8716034720319821,0.7885984518493376,6.749837093769483,11.69113385017691,-0.01937834843056822,0.016706174271882437,-0.04281743967337671,0.016375858871311082,16.872456742577853
