subject,nll,bic,model,alpha,alpha_rec,gamma,gamma_rec,beta,beta_rec,b_last,b_last_rec,b_longer,b_longer_rec,nll_rec
76-attributes,27.674571736365333,76.51967599571697,pt_b-last_b-longer,0.4454157098167678,0.44636516853598673,1.0,1.0,6.440110003007971,6.563274803354238,-0.03806404690890942,-0.07292273253314735,0.024146546306155956,0.06086647698101533,27.213680162857855
