subject,nll,bic,model,alpha,alpha_rec,gamma,gamma_rec,beta,beta_rec,b_last,b_last_rec,b_longer,b_longer_rec,nll_rec
79-attributes,19.587486007341994,60.41744822493078,pt_b-last_b-longer,0.3364866900057054,0.40009821203165763,1.0,1.0,10.983504207672057,8.80064908822025,-0.05777427369070598,-0.027536074282049915,-0.06378868402105262,-0.033075248289557414,23.02861718616219
