subject,nll,bic,model,alpha,alpha_rec,gamma,gamma_rec,beta,beta_rec,b_last,b_last_rec,b_longer,b_longer_rec,nll_rec
40-alternatives,19.505697695126955,60.2538716005007,pt_b-last_b-longer,0.5037311862658163,0.4133374102903398,0.55392123963697,0.49430778911878376,21.59245446230295,33.589821648364264,0.015741912935257847,0.015438483655815315,-0.02996029214166359,0.005102694706457543,18.513324670822865
