subject,nll,bic,model,alpha,alpha_rec,gamma,gamma_rec,beta,beta_rec,b_last,b_last_rec,b_longer,b_longer_rec,nll_rec
53-attributes,18.269921396990334,57.78231900422746,pt_b-last_b-longer,0.33549763934039273,0.37359047951934926,0.5952201950683438,0.5929878121314898,30.351958303729134,30.541951247638668,0.00018457536205469468,-0.0063939195266118475,-1.8742890968327667e-07,-0.013123187318824862,16.42252995439155
