subject,nll,bic,model,alpha,alpha_rec,gamma,gamma_rec,beta,beta_rec,b_last,b_last_rec,b_longer,b_longer_rec,nll_rec
47-attributes,-6.991884882746435e-05,21.24233637254914,pt_b-last_b-longer,0.000225347001922227,0.000225347001922227,0.9989237525742871,0.9989237525742871,199.5516945392704,199.5516945392704,0.0006082480789422195,0.0006082480789422195,0.0001822097561992031,0.0001822097561992031,-6.991884882746435e-05
