subject,nll,bic,model,alpha,alpha_rec,gamma,gamma_rec,beta,beta_rec,b_last,b_last_rec,b_longer,b_longer_rec,nll_rec
185-attributes,26.959504702476618,75.16148561520004,pt_b-last_b-longer,0.8054024191581383,0.8075348280594863,1.0,0.8134186172337793,4.4435117272909705,7.385788173902986,0.05602335197253717,-0.018678448209389353,-0.05225818767868757,-0.09618528826222629,21.760713038684727
