subject,nll,bic,model,alpha,alpha_rec,gamma,gamma_rec,beta,beta_rec,b_last,b_last_rec,b_longer,b_longer_rec,nll_rec
93-attributes,39.29505510810431,99.8325864264554,pt_b-last_b-longer,0.9851381618005294,0.7407971932815343,1.0,1.0,1.2820913239252383,2.1212304383505534,0.1399803821661756,0.11784028831209421,-0.12542580824481844,-0.03870060642998138,38.51165534317605
