subject,nll,bic,model,alpha,alpha_rec,gamma,gamma_rec,beta,beta_rec,b_last,b_last_rec,b_longer,b_longer_rec,nll_rec
168-attributes,11.200273084604252,43.6430223794553,pt_b-last_b-longer,0.21330330614233511,0.0,0.835909817079994,0.9035327169307428,21.408668151343974,200.0,-0.0133927080813529,-0.08539956081750033,-0.015460340556555967,-0.010492926402329007,0.8845871060348163
