subject,nll,bic,model,alpha,alpha_rec,gamma,gamma_rec,beta,beta_rec,b_last,b_last_rec,b_longer,b_longer_rec,nll_rec
45-alternatives,17.828893202936428,56.90026261611965,pt_b-last_b-longer,1.0108337343042917,0.8780466513322233,0.29213107087981716,0.28,12.964825085204957,22.580779622314076,0.021529682510952466,-0.004924425363840463,0.015068871905047774,-0.008742646442795717,17.545686214798362
