subject,nll,bic,model,alpha,alpha_rec,gamma,gamma_rec,beta,beta_rec,b_last,b_last_rec,b_longer,b_longer_rec,nll_rec
136-alternatives,24.208427267613512,69.65933074547382,pt_b-last_b-longer,0.545633014958703,0.5809530789909522,1.0,0.9387503653213879,7.489370167918138,8.45294964078562,-0.02840479084546797,-0.029154135131047202,-0.037109148496991325,-0.017256497957121673,22.729697503993023
