subject,nll,bic,model,alpha,alpha_rec,gamma,gamma_rec,beta,beta_rec,b_last,b_last_rec,b_longer,b_longer_rec,nll_rec
148-attributes,13.583840612775703,48.338213748537704,pt_b-last_b-longer,0.2393995073830897,0.23361847796096905,0.454685214541409,0.47562530026484595,96.06254293738805,129.50093526673868,-0.012854336203050654,-0.011629231895686175,-0.004925947030415491,-1.983774140387183e-05,10.903010929484994
