subject,nll,bic,model,alpha,alpha_rec,gamma,gamma_rec,beta,beta_rec,b_last,b_last_rec,b_longer,b_longer_rec,nll_rec
150-alternatives,31.48903066809967,84.14859385918564,pt_b-last_b-longer,0.5292262585413149,0.597134296931825,0.4108655877153419,0.3756148291042711,11.270921585765405,10.869051969462548,0.05418119462423733,0.0323114857643123,0.03096717044071279,0.05972710481757131,31.098596178126588
