subject,nll,bic,model,alpha,alpha_rec,gamma,gamma_rec,beta,beta_rec,b_last,b_last_rec,b_longer,b_longer_rec,nll_rec
120-attributes,10.482011519661807,42.20649924957041,pt_b-last_b-longer,0.24985078967002683,0.23294616832018897,0.5183053981431865,0.4973955444466204,129.52787665796143,113.9499599097892,0.00869392843704723,0.0022801684859258308,0.004576480860047925,0.006722510231527908,11.97009923434468
