subject,nll,bic,model,alpha,alpha_rec,gamma,gamma_rec,beta,beta_rec,b_last,b_last_rec,b_longer,b_longer_rec,nll_rec
151-alternatives,23.75178828929508,68.74605278883696,pt_b-last_b-longer,0.4777269035874452,0.27384869894667463,1.0,0.5424520288654341,8.059453022811471,26.090073115749004,0.024414322699278772,0.006321009867598155,-0.01759706531350623,-0.004816105526688407,25.257650487861888
