subject,nll,bic,model,alpha,alpha_rec,gamma,gamma_rec,beta,beta_rec,b_last,b_last_rec,b_longer,b_longer_rec,nll_rec
11-alternatives,28.877357363166432,78.99719093657966,pt_b-last_b-longer,1.2619824234695893,1.4055082446026557,1.0,1.0,1.8212461499733292,1.108849423152588,-0.26343504411958746,-0.45862481627506996,0.061608443110407925,-0.1925392387820612,31.279952330026344
