subject,nll,bic,model,alpha,alpha_rec,gamma,gamma_rec,beta,beta_rec,b_last,b_last_rec,b_longer,b_longer_rec,nll_rec
21-alternatives,19.221763632072424,59.68600347439164,pt_b-last_b-longer,1.0411122283424268,0.9814375072578448,1.0,1.0,5.889268438412535,5.91563980306143,-0.026909482501661083,-0.02545818103644276,-0.027699885109581622,0.02675670500291759,19.990551653163113
