subject,nll,bic,model,alpha,alpha_rec,gamma,gamma_rec,beta,beta_rec,b_last,b_last_rec,b_longer,b_longer_rec,nll_rec
122-alternatives,20.523368676630856,62.28921356350851,pt_b-last_b-longer,0.6622305060760865,0.47490499168562217,0.7024491150636019,0.5475574463043483,11.43268681108786,23.30623902947974,-0.05272069823060559,-0.012865248205259368,-0.08158431436402827,-0.013871739507309185,19.920802971055462
