subject,nll,bic,model,alpha,alpha_rec,gamma,gamma_rec,beta,beta_rec,b_last,b_last_rec,b_longer,b_longer_rec,nll_rec
90-attributes,13.525934937032549,48.2943460843119,pt_b-last_b-longer,0.2824769303906678,0.2605097230340145,0.6649925614186303,0.5810513243450837,36.87237322175757,102.2646764581308,8.192415105015387e-05,-0.00372289565520443,-0.024668426417104743,-0.015824811785345113,8.637356121301872
