subject,nll,bic,model,alpha,alpha_rec,gamma,gamma_rec,beta,beta_rec,b_last,b_last_rec,b_longer,b_longer_rec,nll_rec
101-alternatives,16.917075892815816,55.076627995878425,pt_b-last_b-longer,0.0727789198996561,0.06849257831339793,0.42230569932649087,0.5093133942033212,55.61705030258464,35.510604444610934,0.0030889984842160448,0.005150480237421228,5.064420376639882e-07,-0.020896977187013385,16.470666478366702
