subject,nll,bic,model,alpha,alpha_rec,gamma,gamma_rec,beta,beta_rec,b_last,b_last_rec,b_longer,b_longer_rec,nll_rec
131-alternatives,30.56571739954619,82.37391100933918,pt_b-last_b-longer,0.5588716003078509,0.4885093598363878,0.5512575133942424,0.5734568957034183,9.734319037550828,14.943105505155158,-0.00423232826945951,0.010504411658600556,0.032208037955957704,-0.008424852653529213,25.481567683176724
