subject,nll,bic,model,alpha,alpha_rec,gamma,gamma_rec,beta,beta_rec,b_last,b_last_rec,b_longer,b_longer_rec,nll_rec
83-attributes,20.830902818038645,62.90428184632408,pt_b-last_b-longer,0.5413585194981557,0.5560879387636654,1.0,1.0,8.659433332476139,31.797721521967205,-0.06944302262082334,-0.12107390863080172,-0.07291880559316968,-0.09451446581981304,5.600032149887287
