subject,nll,bic,model,alpha,alpha_rec,gamma,gamma_rec,beta,beta_rec,b_last,b_last_rec,b_longer,b_longer_rec,nll_rec
159-attributes,21.350945702757304,63.87242392850091,pt_b-last_b-longer,0.6237727095321468,0.7017084034208795,0.711487691390579,0.778017691514945,11.397219822561016,9.823125057034908,0.026613439323033034,0.0320873755602593,-0.026134878103215502,-0.03171335051803375,20.43078533492612
