subject,nll,bic,model,alpha,alpha_rec,gamma,gamma_rec,beta,beta_rec,b_last,b_last_rec,b_longer,b_longer_rec,nll_rec
57-attributes,20.961557371053342,63.16559095235348,pt_b-last_b-longer,0.4014447280875646,0.2827795903201548,0.4833298256910168,0.38216263005945644,28.92176139091634,200.0,-0.015216972851193541,-0.0017507403195648023,-0.02585239419167641,-0.007725143820292088,7.881212000367871
