subject,nll,bic,model,alpha,alpha_rec,gamma,gamma_rec,beta,beta_rec,b_last,b_last_rec,b_longer,b_longer_rec,nll_rec
40-attributes,19.583696024078897,60.33792457114409,pt_b-last_b-longer,0.9062207709093094,0.870927035781541,0.9810818971671367,0.898694167917866,6.3924020935395385,5.900686782277347,0.04873054764519325,0.02084409610486169,-0.05136387809104843,-0.12018147540110675,21.9442363765031
