subject,nll,bic,model,alpha,alpha_rec,gamma,gamma_rec,beta,beta_rec,b_last,b_last_rec,b_longer,b_longer_rec,nll_rec
113-alternatives,30.410760434187242,81.99205339136078,pt_b-last_b-longer,1.9963714875377216,1.7082977090084894,0.28,0.28,0.5308190522534182,1.0381108357516975,0.06327536230600526,0.3090213508758125,1.0,0.5242619873975606,29.55006337883943
