subject,nll,bic,model,alpha,alpha_rec,gamma,gamma_rec,beta,beta_rec,b_last,b_last_rec,b_longer,b_longer_rec,nll_rec
134-alternatives,26.66813710124482,74.57875041273644,pt_b-last_b-longer,0.8633505773118603,0.46369296021114864,1.0,0.5317105374015424,4.403454993708452,14.136567131419543,0.007352113122160205,0.042911037656824275,-9.446473359674493e-08,0.04074089381667651,27.244641955687634
