subject,nll,bic,model,alpha,alpha_rec,gamma,gamma_rec,beta,beta_rec,b_last,b_last_rec,b_longer,b_longer_rec,nll_rec
192-alternatives,-6.746638798587491e-05,21.242341277470825,pt_b-last_b-longer,0.0,0.0,1.0,1.0,199.99783808040573,199.99783808040573,0.018552625505295153,0.018552625505295153,1.0389702965513299e-05,1.0389702965513299e-05,-6.746638798587491e-05
