subject,nll,bic,model,alpha,alpha_rec,gamma,gamma_rec,beta,beta_rec,b_last,b_last_rec,b_longer,b_longer_rec,nll_rec
138-alternatives,-6.999996499426464e-05,21.242336210316807,pt_b-last_b-longer,3.419728378287808,3.419728378287808,0.5489443689722061,0.5489443689722061,125.53221949703644,125.53221949703644,0.8385359685731406,0.8385359685731406,0.19584652191705354,0.19584652191705354,-6.999996499426464e-05
