subject,nll,bic,model,alpha,alpha_rec,gamma,gamma_rec,beta,beta_rec,b_last,b_last_rec,b_longer,b_longer_rec,nll_rec
55-alternatives,24.107046186630168,69.45656858350713,pt_b-last_b-longer,0.8078472927277107,0.42609209817483634,0.676944383387235,0.41198965979220453,7.294174504115043,35.48813332961424,0.05439883038977158,0.018185918305676493,-0.01763826271674793,3.7467383356959814e-07,20.046927748829003
