subject,nll,bic,model,alpha,alpha_rec,gamma,gamma_rec,beta,beta_rec,b_last,b_last_rec,b_longer,b_longer_rec,nll_rec
59-attributes,33.0685804990686,87.3076935211235,pt_b-last_b-longer,0.5431691793170257,0.4531060887329949,0.5207754504568527,0.37470928104266754,8.001261287417334,25.64051226851377,0.037563947044570334,0.04133381939388664,-0.03087472729139793,-0.02091877703746328,23.08605829080308
