subject,nll,bic,model,alpha,alpha_rec,gamma,gamma_rec,beta,beta_rec,b_last,b_last_rec,b_longer,b_longer_rec,nll_rec
35-attributes,26.815064777103675,74.65359265116217,pt_b-last_b-longer,0.21712700527547715,0.21630093361079858,0.3950880657439421,0.36990148548732077,40.34054843135925,54.77331339604499,0.014303748750425697,0.004635922374019679,-1.6651983046529006e-05,0.004613960359453746,25.4656577495591
