subject,nll,bic,model,alpha,alpha_rec,gamma,gamma_rec,beta,beta_rec,b_last,b_last_rec,b_longer,b_longer_rec,nll_rec
172-attributes,17.698440520207477,56.639357250661746,pt_b-last_b-longer,0.8351931848945086,1.2049723635358272,0.29186549165171555,0.45209289447955747,22.751645754672285,7.290863898061477,0.01704606471411934,-0.061179007165496395,0.015936924272207137,-0.06256738317564436,13.588443555616742
