subject,nll,bic,model,alpha,alpha_rec,gamma,gamma_rec,beta,beta_rec,b_last,b_last_rec,b_longer,b_longer_rec,nll_rec
115-attributes,8.40080148683717,38.044079183921134,pt_b-last_b-longer,0.9158963465955959,0.4209383247775844,1.0,0.49102154667171355,18.34444596741691,199.99873955794016,1.285306306449144e-08,0.0037777389210902094,-4.79955931452296e-08,1.7794403748775524e-09,6.996427528297393
