subject,nll,bic,model,alpha,alpha_rec,gamma,gamma_rec,beta,beta_rec,b_last,b_last_rec,b_longer,b_longer_rec,nll_rec
84-attributes,25.51513498915158,72.27274618854996,pt_b-last_b-longer,0.9244251853057321,0.9720988196952794,0.984527260235608,1.0,3.3911081252287993,4.547767484470378,0.3326336585501517,0.30905530987559143,0.07155692590267551,0.1328439057999581,20.546234522797985
