subject,nll,bic,model,alpha,alpha_rec,gamma,gamma_rec,beta,beta_rec,b_last,b_last_rec,b_longer,b_longer_rec,nll_rec
7-attributes,30.430182986844894,82.10284218393659,pt_b-last_b-longer,0.9903442430319386,0.918862313876925,1.0,1.0,2.726791233049702,5.586421550268868,-0.025436036612365855,-0.10441972852797833,0.037263605228699336,-0.05339032655035896,21.24598893122463
