subject,nll,bic,model,alpha,alpha_rec,gamma,gamma_rec,beta,beta_rec,b_last,b_last_rec,b_longer,b_longer_rec,nll_rec
123-alternatives,23.897877269737975,69.03823074972274,pt_b-last_b-longer,1.1444807101364738,1.139900379937123,0.9657234059483867,1.0,3.368193025139423,7.104500769375961,-0.033392936272083944,-0.12096058600559018,0.11498022899700207,0.12112634925529232,14.491964897505753
