subject,nll,bic,model,alpha,alpha_rec,gamma,gamma_rec,beta,beta_rec,b_last,b_last_rec,b_longer,b_longer_rec,nll_rec
23-alternatives,21.101213678118157,63.444903566483106,pt_b-last_b-longer,0.5552122191987199,0.495759574534728,1.0,1.0,8.855644210838163,11.275501894597829,-0.04752712660991609,-0.013525155022065163,-0.018055146750786736,-0.051192153787214964,17.577487274271643
