subject,nll,bic,model,alpha,alpha_rec,gamma,gamma_rec,beta,beta_rec,b_last,b_last_rec,b_longer,b_longer_rec,nll_rec
96-alternatives,26.427692860814833,74.09786193187647,pt_b-last_b-longer,0.5956214563497285,0.5285795708979029,0.8268984014877192,0.7193048713789292,7.643549339672336,12.915798761682181,0.020759619927297433,0.013378760376170987,-0.01603477444342315,-0.03513824478799483,21.646372517650256
