subject,nll,bic,model,alpha,alpha_rec,gamma,gamma_rec,beta,beta_rec,b_last,b_last_rec,b_longer,b_longer_rec,nll_rec
5-alternatives,13.040575425437792,47.32362706112238,pt_b-last_b-longer,1.972546343232946,2.0120457864685237,0.6832838786275084,0.7015258071281211,0.9559801679495914,0.8456664576599647,1.0,0.5743968403838638,0.9984269328446701,1.0,14.206887641961996
