subject,nll,bic,model,alpha,alpha_rec,gamma,gamma_rec,beta,beta_rec,b_last,b_last_rec,b_longer,b_longer_rec,nll_rec
114-alternatives,6.34658625807094,33.93564872638868,pt_b-last_b-longer,0.2497349914905071,0.26410977554135395,0.4375740649914562,0.42749516771385326,200.0,199.98268383761558,0.006177734583092878,0.005102123610471492,0.006177025613503966,0.00510114336498739,6.182328977616347
