subject,nll,bic,model,alpha,alpha_rec,gamma,gamma_rec,beta,beta_rec,b_last,b_last_rec,b_longer,b_longer_rec,nll_rec
7-alternatives,34.37696211487257,89.99640043999193,pt_b-last_b-longer,0.7792597185399455,0.7425741760989544,1.0,1.0,3.053176959385081,5.152915848217719,-0.1168036475265041,-0.08235910033596816,-0.09365057677843011,2.1305469917456588e-07,26.945930282173894
