subject,nll,bic,model,alpha,alpha_rec,gamma,gamma_rec,beta,beta_rec,b_last,b_last_rec,b_longer,b_longer_rec,nll_rec
27-alternatives,27.91676382729491,77.07600386483662,pt_b-last_b-longer,0.6237237181774179,0.7349464567406236,0.6373370773357784,0.6919836521530457,8.848810001863416,7.604988677309784,-0.03302507779130189,0.01922866914875329,0.025971462745344943,0.04817238880544837,25.544627551593656
