subject,nll,bic,model,alpha,alpha_rec,gamma,gamma_rec,beta,beta_rec,b_last,b_last_rec,b_longer,b_longer_rec,nll_rec
112-attributes,10.916202052898777,43.07488031604435,pt_b-last_b-longer,0.2882055634484071,0.3647881987892217,0.5149615881532579,0.6043418099686457,86.92747533371019,41.91460117895659,-0.003391575842597275,0.006430777168822796,-0.00339356530018366,0.006413899560667759,12.259812477988007
