subject,nll,bic,model,alpha,alpha_rec,gamma,gamma_rec,beta,beta_rec,b_last,b_last_rec,b_longer,b_longer_rec,nll_rec
30-attributes,11.294675274535667,43.75988307205763,pt_b-last_b-longer,0.3191414326489819,0.2579125682280987,0.7057034042555242,0.5727239330141128,39.85240094575796,52.77348905518027,-0.007275025393603656,-0.0038936291623780472,-0.007306387066502116,-0.011535534861114742,14.80690931765987
