subject,nll,bic,model,alpha,alpha_rec,gamma,gamma_rec,beta,beta_rec,b_last,b_last_rec,b_longer,b_longer_rec,nll_rec
57-alternatives,21.84678615384353,64.93604851793386,pt_b-last_b-longer,0.38662646961954744,0.2806127307471638,0.5179404562669573,0.3965807033118117,26.82224841531945,59.98655500561874,0.0010128136040967685,0.005437534401807404,-2.618722005225415e-07,-0.009995662092885724,21.123206554714073
