subject,nll,bic,model,alpha,alpha_rec,gamma,gamma_rec,beta,beta_rec,b_last,b_last_rec,b_longer,b_longer_rec,nll_rec
52-attributes,10.407092460813786,42.056661131874364,pt_b-last_b-longer,0.0,0.0,0.36386362199069516,0.44628077787149434,110.28271124909108,200.0,0.0017315806039893264,0.01736924045045309,-0.007884904018227912,-0.017261744118973334,2.6910199103437966
