subject,nll,bic,model,alpha,alpha_rec,gamma,gamma_rec,beta,beta_rec,b_last,b_last_rec,b_longer,b_longer_rec,nll_rec
103-attributes,23.617808327241637,68.47809286473007,pt_b-last_b-longer,0.4543461582816663,0.4116094617793762,0.9250145055506307,0.8116791183740136,8.840359449432732,8.34116645442436,0.003285005684097026,0.018762065533958205,0.062320547781491646,0.08089314165381065,28.107614744585767
