subject,nll,bic,model,alpha,alpha_rec,gamma,gamma_rec,beta,beta_rec,b_last,b_last_rec,b_longer,b_longer_rec,nll_rec
154-attributes,12.350361128468316,45.94319846718343,pt_b-last_b-longer,0.22614604893298676,0.24458340921473481,0.9832578122751209,0.6065269701204602,16.03961282961773,95.7731060142833,0.03775701434678886,0.014337226116623372,0.03616402853981338,0.014336798966124858,6.993883780723339
