subject,nll,bic,model,alpha,alpha_rec,gamma,gamma_rec,beta,beta_rec,b_last,b_last_rec,b_longer,b_longer_rec,nll_rec
171-alternatives,34.34488193065812,89.86029638430253,pt_b-last_b-longer,0.47041290166891064,0.4308432108059961,0.368806331967784,0.31253672200778504,13.493890178433492,17.897660783042312,0.03792772391802447,0.028851361231451423,-0.0037438146394564095,0.012932248082728462,35.810724020559356
