subject,nll,bic,model,alpha,alpha_rec,gamma,gamma_rec,beta,beta_rec,b_last,b_last_rec,b_longer,b_longer_rec,nll_rec
199-alternatives,35.52474268232902,92.29196157490483,pt_b-last_b-longer,0.4616811959945257,0.4631396376948646,0.29844909938683517,0.28,21.22015772792507,37.642158765277394,0.003195046514728652,-0.002643030790696079,0.008993315945139796,0.0065369377930484165,28.174409650079966
