subject,nll,bic,model,alpha,alpha_rec,gamma,gamma_rec,beta,beta_rec,b_last,b_last_rec,b_longer,b_longer_rec,nll_rec
58-attributes,24.7072026262992,70.5849377755847,pt_b-last_b-longer,0.4970194718021161,0.4608547971936464,0.7264035323727495,0.6470400483036514,10.9029854934145,18.43486296761319,-0.011800711013900757,0.017513012265916613,-0.009633180134869928,0.00086939023832655,19.238065112690048
