subject,nll,bic,model,alpha,alpha_rec,gamma,gamma_rec,beta,beta_rec,b_last,b_last_rec,b_longer,b_longer_rec,nll_rec
147-alternatives,32.648998928637276,86.54047406752134,pt_b-last_b-longer,0.27983818744897343,0.22475107119798865,0.5181825096571421,0.4628377001295926,17.086737416729058,26.47916058169326,0.00489946411241023,-0.004365389809389475,0.022854610524042383,-0.007900296648499774,30.97918533475605
