subject,nll,bic,model,alpha,alpha_rec,gamma,gamma_rec,beta,beta_rec,b_last,b_last_rec,b_longer,b_longer_rec,nll_rec
106-alternatives,34.66019354744728,90.49091961788085,pt_b-last_b-longer,1.3665838359672347,1.6125372118752848,0.6183509750761195,0.8435309963778109,0.8155492281413893,0.40328525694249817,0.1377304861019319,0.9055350174160837,0.530133544397507,1.0,35.462194365432886
