subject,nll,bic,model,alpha,alpha_rec,gamma,gamma_rec,beta,beta_rec,b_last,b_last_rec,b_longer,b_longer_rec,nll_rec
145-alternatives,22.036376307308988,65.31522882486477,pt_b-last_b-longer,0.7642820457706618,0.6813677806573036,1.0,1.0,6.2497586893595924,10.798111344085791,0.11750073184344569,-0.018688654364119296,-0.06967720014866496,-0.13816126149606517,15.301897905136192
