subject,nll,bic,model,alpha,alpha_rec,gamma,gamma_rec,beta,beta_rec,b_last,b_last_rec,b_longer,b_longer_rec,nll_rec
31-attributes,41.073183982933074,103.38884417611294,pt_b-last_b-longer,0.6420512804250774,0.8199554934503659,0.46424028831182296,0.615638249916174,3.6118434649795903,2.2318862728625235,0.09942429325990995,0.05408648049960446,-0.02170380700527197,-0.10848991640239287,39.62302392611294
