subject,nll,bic,model,alpha,alpha_rec,gamma,gamma_rec,beta,beta_rec,b_last,b_last_rec,b_longer,b_longer_rec,nll_rec
110-alternatives,1.6300745436008306,24.502625297448457,pt_b-last_b-longer,0.08560034478628813,0.08560034478628813,0.46227747536963215,0.46227747536963215,200.0,200.0,-0.008273570702087807,-0.008273570702087807,-0.014656769891746477,-0.014656769891746477,1.6300745436008306
