subject,nll,bic,model,alpha,alpha_rec,gamma,gamma_rec,beta,beta_rec,b_last,b_last_rec,b_longer,b_longer_rec,nll_rec
147-attributes,28.760400016133744,78.76327624251428,pt_b-last_b-longer,0.6008634028573433,0.5736920987637376,1.0,1.0,5.026862690232372,3.403470239350134,0.09246701566714309,0.02525326307504103,4.372594025099092e-09,0.1308083054077735,35.59936091018858
