subject,nll,bic,model,alpha,alpha_rec,gamma,gamma_rec,beta,beta_rec,b_last,b_last_rec,b_longer,b_longer_rec,nll_rec
81-alternatives,24.46460816514281,70.09974885327192,pt_b-last_b-longer,0.8253083518455326,0.6594729627864161,1.0,0.8308376049304778,4.836532257027395,6.565855002215749,0.04976529753729786,-0.018877877435802208,-0.1473151729892929,-0.10035222962254399,26.33226837176136
