subject,nll,bic,model,alpha,alpha_rec,gamma,gamma_rec,beta,beta_rec,b_last,b_last_rec,b_longer,b_longer_rec,nll_rec
44-attributes,11.732241238321421,44.706958686889635,pt_b-last_b-longer,0.33274992537648146,0.35347414751868506,0.8363433256592944,1.0,25.28935824068009,21.814859956384836,-0.022065454902455584,0.045651607327928306,0.0223389190822412,0.045581492228622934,9.915142518696888
