subject,nll,bic,model,alpha,alpha_rec,gamma,gamma_rec,beta,beta_rec,b_last,b_last_rec,b_longer,b_longer_rec,nll_rec
19-attributes,14.459659473170907,50.16179515658861,pt_b-last_b-longer,0.8120632785589913,0.7915583354881572,0.8001229603498948,0.7828792878404869,13.069834704947262,18.26392882491997,-0.0678673550429502,-0.12868515419030155,0.03392200119071086,0.06387428889093502,10.591069960653932
