subject,nll,bic,model,alpha,alpha_rec,gamma,gamma_rec,beta,beta_rec,b_last,b_last_rec,b_longer,b_longer_rec,nll_rec
28-alternatives,19.963456687273943,61.169389584794686,pt_b-last_b-longer,0.4423787121522034,0.39914814191442793,0.578518054987823,0.5655016874483604,22.459972299104248,43.83910966238937,0.0009142294667811059,0.00014994734942520385,-3.628816164971694e-07,4.651809425989796e-09,11.352422297204305
