subject,nll,bic,model,alpha,alpha_rec,gamma,gamma_rec,beta,beta_rec,b_last,b_last_rec,b_longer,b_longer_rec,nll_rec
182-attributes,34.890639906906166,91.02375602405913,pt_b-last_b-longer,1.0524525327919312,1.0210461126741484,1.0,1.0,1.3978454470812551,2.8167434967598086,0.24359010856391006,0.11889842797501875,-0.4388703136423425,-0.037837102401424426,28.720739967072408
