subject,nll,bic,model,alpha,alpha_rec,gamma,gamma_rec,beta,beta_rec,b_last,b_last_rec,b_longer,b_longer_rec,nll_rec
167-alternatives,20.922838397957992,61.69713636367659,pt_b-last_b-longer,0.8127986463866838,0.699700528621555,0.6793085792859033,0.5467922219240006,5.61041857798128,9.720375598042278,-0.07928577617723517,-0.022135022231355335,0.04846564477691787,0.042391748975095365,18.867557931286097
