subject,nll,bic,model,alpha,alpha_rec,gamma,gamma_rec,beta,beta_rec,b_last,b_last_rec,b_longer,b_longer_rec,nll_rec
49-attributes,6.600773481562494,34.37207948611129,pt_b-last_b-longer,0.24014158727806625,0.32700181559917363,0.733825357779311,0.8140945501022331,49.211389176961134,28.2004122308881,-0.010505836858025476,9.673319804792955e-05,0.03476602261716496,0.04196833015963236,11.201799333720896
