subject,nll,bic,model,alpha,alpha_rec,gamma,gamma_rec,beta,beta_rec,b_last,b_last_rec,b_longer,b_longer_rec,nll_rec
89-alternatives,39.21623737471339,99.67495095967357,pt_b-last_b-longer,1.0488877751112342,0.4350556510299454,0.7130618440420673,0.3680422516722987,1.2070759109279394,14.407796134674177,0.3064155159103492,0.02622005740519721,0.06849358940195016,0.012533809556235799,36.28687013004262
