subject,nll,bic,model,alpha,alpha_rec,gamma,gamma_rec,beta,beta_rec,b_last,b_last_rec,b_longer,b_longer_rec,nll_rec
109-attributes,38.0796579496132,97.25685442510694,pt_b-last_b-longer,0.587212143539089,0.8094939621524418,0.6000309687932952,0.7609556939010578,4.637900599761427,4.178944246710073,-6.2466219272843575e-06,0.03127923714711501,-0.017766773059722997,-0.12101270249256296,29.932824536802666
