subject,nll,bic,model,alpha,alpha_rec,gamma,gamma_rec,beta,beta_rec,b_last,b_last_rec,b_longer,b_longer_rec,nll_rec
20-attributes,18.456186165025056,58.15484854029691,pt_b-last_b-longer,0.4361229835791226,0.4816918310717352,0.9139859296803752,1.0,12.483161490943209,17.044730235161083,-0.05548721815125263,0.00016334844287858426,-0.028906294052930468,0.034641186064982656,11.461633251913339
