subject,nll,bic,model,alpha,alpha_rec,gamma,gamma_rec,beta,beta_rec,b_last,b_last_rec,b_longer,b_longer_rec,nll_rec
189-alternatives,19.535982757351604,60.24249803768951,pt_b-last_b-longer,0.4190307418596207,0.4346601651554276,0.7307125950656422,0.7265609580547387,16.311669166641412,21.143729183418834,-0.004444934233418124,0.0053606824594034635,0.0456809794326654,0.04331563143238878,15.238971589803617
