subject,nll,bic,model,alpha,alpha_rec,gamma,gamma_rec,beta,beta_rec,b_last,b_last_rec,b_longer,b_longer_rec,nll_rec
38-alternatives,23.020586805819793,67.28364982188639,pt_b-last_b-longer,0.8852789126289694,0.6979758671615819,1.0,0.9508325503098392,5.264162843684575,6.6732430659707145,-0.10028914818316573,-0.07717271640861918,0.10634605260912451,0.166707442229942,23.130744785785236
