subject,nll,bic,model,alpha,alpha_rec,beta,beta_rec,nll_rec
103,50.37293553589008,110.62915591699877,eu,0.49204954510759835,0.477179920019149,7.326459944726324,6.76913265736613,53.97280672705548
