subject,nll,bic,model,alpha,alpha_rec,beta,beta_rec,nll_rec
86,14.410097060305562,38.70347896582973,eu,0.07064287944503243,0.1073841744839607,21.76581357064354,19.72907882723866,17.00423517619666
