subject,nll,bic,model,alpha,alpha_rec,beta,beta_rec,nll_rec
167,62.46267501781142,134.41521429234933,eu,1.3736158197677282,1.3500475995703307,0.7003473997032891,1.0388656556776328,55.079077809680776
