subject,nll,bic,model,alpha,alpha_rec,beta,beta_rec,nll_rec
126,52.48500148668453,114.85328781858767,eu,0.5495994429449057,0.5193069834146885,6.533307612652856,8.567339046483538,43.558291546995136
