subject,nll,bic,model,alpha,alpha_rec,beta,beta_rec,nll_rec
10,64.5875119215244,139.0583086882674,eu,0.6077343620327159,0.6103690393024295,4.349779343023993,4.002102699217417,67.20897176026001
