subject,nll,bic,model,alpha,alpha_rec,beta,beta_rec,nll_rec
3,50.420273145983664,110.72383113718594,eu,0.4634862699520952,0.4761989890499807,7.5263081618372105,8.399893788955055,45.746301295158176
