subject,nll,bic,model,alpha,alpha_rec,beta,beta_rec,nll_rec
87,51.607744080499636,113.09877300621788,eu,0.4320305902925086,0.4465938317307712,7.515924213489713,6.49134805611654,56.70306600140798
