subject,nll,bic,model,alpha,alpha_rec,beta,beta_rec,nll_rec
61,57.743078836838336,125.36944251889528,eu,0.7048135940317088,0.7175326069506778,4.70142754596394,6.388634612051119,46.55768808060405
