subject,nll,bic,model,alpha,alpha_rec,beta,beta_rec,nll_rec
99,64.27511462941195,138.4335141040425,eu,0.6952016041675135,0.5870496719926557,3.908018699296474,5.026247879077426,60.499601676251224
