subject,nll,bic,model,alpha,alpha_rec,beta,beta_rec,nll_rec
75,48.596781062234065,107.07684696968674,eu,0.2850740121431523,0.3321920113408524,8.673858335639082,8.545256995414494,48.96877382379731
