subject,nll,bic,model,alpha,alpha_rec,beta,beta_rec,nll_rec
12,64.04680583528346,137.9625595368283,eu,0.5735486282940926,0.6488883165737216,4.610015589385298,6.114696348529894,50.98020047153329
