subject,nll,bic,model,alpha,alpha_rec,beta,beta_rec,nll_rec
90,33.30355500918029,76.4903948635792,eu,0.4161391545935063,0.4218556630540102,12.533607955566039,14.05839126584265,29.337917558552544
