subject,nll,bic,model,alpha,alpha_rec,beta,beta_rec,nll_rec
45,36.6025595101738,83.0884038655662,eu,2.881803198710023,2.761773573398152,0.12700549165387273,0.1593441555184896,37.415785283525004
