subject,nll,bic,model,alpha,alpha_rec,beta,beta_rec,nll_rec
161,28.079018937239724,66.04132271969806,eu,0.47715662236167894,0.4229021540950301,14.095381976374584,13.963830649138519,29.51915115524075
