subject,nll,bic,model,alpha,alpha_rec,beta,beta_rec,nll_rec
64,59.76531545281764,129.41391575085387,eu,0.5286905813793988,0.6407088186492017,5.490186934894302,4.410368406235465,62.70006216827947
