subject,nll,bic,model,alpha,alpha_rec,beta,beta_rec,nll_rec
112,34.34911287829325,78.5815106018051,eu,0.6076133333167569,0.6424479276368847,10.603342126287183,10.122387550802813,34.45976549314854
