subject,nll,bic,model,alpha,alpha_rec,beta,beta_rec,nll_rec
142,44.380107443503235,98.64349973222508,eu,0.7723588092620779,0.8228235401876083,6.356142727813216,6.8715459826093435,39.82314647601322
