subject,nll,bic,model,alpha,alpha_rec,beta,beta_rec,nll_rec
80,36.707745169973386,83.29877518516538,eu,1.067049961457793,1.034708793470528,6.110374703526452,7.659402763172937,32.040492600044715
