subject,nll,bic,model,alpha,alpha_rec,beta,beta_rec,nll_rec
56,24.29857699289235,58.48043883100331,eu,0.16102113146666852,0.19535999672959087,15.712544939228836,18.73876635317682,19.018722525946256
