subject,nll,bic,model,alpha,alpha_rec,beta,beta_rec,nll_rec
98,61.66543611333577,133.21415707189016,eu,0.8467658640444152,0.9683810161309431,3.409919550669002,2.6880873588400154,62.89954394439228
