subject,nll,bic,model,alpha,alpha_rec,beta,beta_rec,nll_rec
18,45.09425093353296,100.07178671228453,eu,0.9304009118946228,0.9193908835762915,5.198035226831579,5.62089233606772,43.069044575735745
