subject,nll,bic,model,alpha,alpha_rec,beta,beta_rec,nll_rec
69,60.369250154492136,130.62178515420288,eu,0.676412596311031,0.6627026146707555,4.513269260378418,4.4540620480423225,61.41171980396456
