subject,nll,bic,model,alpha,alpha_rec,beta,beta_rec,nll_rec
176,74.27009089224572,158.42346662971005,eu,0.5057714386716391,0.5513781498898165,3.6257944363688486,4.0845533107750365,68.99487100750255
