subject,nll,bic,model,alpha,alpha_rec,beta,beta_rec,nll_rec
58,56.966441077949426,123.74343171277572,eu,0.6317106365153355,0.668162050815246,5.034243234006165,5.523961339142478,52.41391042020638
