subject,nll,bic,model,alpha,alpha_rec,beta,beta_rec,nll_rec
120,44.392744829760744,98.6687745047401,eu,0.47338040868537773,0.5496392112439926,8.729369188542758,9.524586551133712,39.076909737826014
