subject,nll,bic,model,alpha,alpha_rec,beta,beta_rec,nll_rec
85,33.62214439529832,77.11323665685802,eu,0.10604882142652529,0.10797374444633835,12.375389326141539,10.204371649741292,41.94292817741124
