subject,nll,bic,model,alpha,alpha_rec,beta,beta_rec,nll_rec
194,67.41079183247093,144.69053153120325,eu,0.89939513270099,0.7823974693668171,2.505672645368132,3.4775542673559565,63.33060668410778
