subject,nll,bic,model,alpha,alpha_rec,beta,beta_rec,nll_rec
28,49.93597581791246,109.75523648104353,eu,0.8185709474254471,0.773821164150015,5.1038992373913095,6.327117626291677,44.476589539512425
