subject,nll,bic,model,alpha,alpha_rec,beta,beta_rec,nll_rec
22,55.05787473444652,119.99903431411165,eu,0.3637238540472242,0.33843900563539137,7.209818324463518,7.906220039623555,51.91612853172979
