subject,nll,bic,model,alpha,alpha_rec,beta,beta_rec,nll_rec
101,38.723047895264315,87.32938063574724,eu,0.0,0.0,11.483622060175005,10.731041763585523,41.72030759375613
