subject,nll,bic,model,alpha,alpha_rec,beta,beta_rec,nll_rec
47,0.305542733243099,10.480033332747581,eu,0.015730624017525816,0.015730624017525816,50.0,50.0,0.305542733243099
