subject,nll,bic,model,alpha,alpha_rec,beta,beta_rec,nll_rec
40,43.41529093220045,96.69952973066228,eu,0.940464812349649,0.9948463199856635,5.385880780985891,4.5105693626316565,46.67908591277025
