subject,nll,bic,model,alpha,alpha_rec,beta,beta_rec,nll_rec
114,40.76093392970522,91.40515270462905,eu,0.660264830244084,0.6665168227948308,8.112069441260182,8.79856175909258,37.84091040353678
