subject,nll,bic,model,alpha,alpha_rec,beta,beta_rec,nll_rec
6,28.02240045312213,65.92808575146287,eu,0.5073624564741435,0.5889460374570714,14.098566108702373,9.182760019897287,39.23132271752057
