subject,nll,bic,model,alpha,alpha_rec,beta,beta_rec,nll_rec
20,40.28729198301764,90.45786881125389,eu,0.4778784223492686,0.5019233566065414,9.715080006682527,11.080154305844529,35.15739549990212
