subject,nll,bic,model,alpha,alpha_rec,beta,beta_rec,nll_rec
57,49.796354084965884,109.47599301515038,eu,0.8458516973955034,0.8593650408488355,4.952201953022067,7.193979988107568,37.26581479491986
