subject,nll,bic,model,alpha,alpha_rec,beta,beta_rec,nll_rec
198,48.719486318158694,107.322257481536,eu,0.6326329847386095,0.5596272991250424,6.640456369128187,5.545930614100928,58.12095207543008
