subject,nll,bic,model,alpha,alpha_rec,beta,beta_rec,nll_rec
23,44.546442775606465,98.97617039643154,eu,0.5112664339708444,0.45674603430261185,8.397417298214423,9.305160191989442,42.57713173165695
