subject,nll,bic,model,alpha,alpha_rec,beta,beta_rec,nll_rec
19,39.30821580997193,88.48537948620523,eu,1.0403255546096568,1.0588679475423668,5.67970259799034,6.984957497769238,33.69730848129053
