subject,nll,bic,model,alpha,alpha_rec,beta,beta_rec,nll_rec
182,73.89041364641628,157.64977515909393,eu,1.0647621796925517,1.1222467287513624,1.4546811616192348,1.4509136817714043,71.16988095671806
