subject,nll,bic,model,alpha,alpha_rec,beta,beta_rec,nll_rec
155,55.436258637730425,120.75580212067946,eu,0.28340511371467403,0.22651124475739176,7.323610076399917,7.1969234022201185,56.523231053109456
