subject,nll,bic,model,alpha,alpha_rec,beta,beta_rec,nll_rec
46,58.394308209369626,126.67190126395786,eu,0.699409302448729,0.6811126226544748,4.6445493062583765,4.734785299021082,58.54034448352776
