subject,nll,bic,model,alpha,alpha_rec,beta,beta_rec,nll_rec
74,64.34130063818525,138.37097544928767,eu,0.3868039953622226,0.341034784362782,4.32798431130598,4.076388244392464,66.95120441320026
