subject,nll,bic,model,alpha,alpha_rec,beta,beta_rec,nll_rec
35,61.741280529906405,133.32252291146906,eu,0.3649746434627063,0.3285384704846342,5.747751390375446,6.333791212426962,58.88816449131018
