subject,nll,bic,model,alpha,alpha_rec,beta,beta_rec,nll_rec
5,40.84151072092624,91.56630628707109,eu,2.4392410778765914,2.0897770353962235,0.25685874270790987,0.4159928390503158,45.40492670348644
