subject,nll,bic,model,alpha,alpha_rec,beta,beta_rec,nll_rec
42,38.349195409067825,86.58167566335426,eu,0.5837287027280397,0.6140509883741427,9.486455540682208,9.145181945176164,38.58731246508354
