subject,nll,bic,model,alpha,alpha_rec,beta,beta_rec,nll_rec
124,39.73567363616381,89.35463211754623,eu,1.2233751202838705,1.308618519479412,3.9030677997039147,5.549105539238846,28.083108090900513
