subject,nll,bic,model,alpha,alpha_rec,beta,beta_rec,nll_rec
39,59.874167481367216,129.63161980795303,eu,1.1318009874411847,1.113531672496048,2.2125688428922636,2.1218366741604155,61.98130096308377
