subject,nll,bic,model,alpha,alpha_rec,beta,beta_rec,nll_rec
151,42.65770411047688,95.19869306617237,eu,0.543309078357685,0.5236236977513031,8.61032159932395,8.113025023969822,45.40241801913382
