subject,nll,bic,model,alpha,alpha_rec,beta,beta_rec,nll_rec
77,42.9734319328267,95.83014871087201,eu,0.3378162930450286,0.4007986973434311,9.990526306502106,9.869249844894199,42.260055598276544
