subject,nll,bic,model,alpha,alpha_rec,beta,beta_rec,nll_rec
171,71.70666268462074,153.28227323550286,eu,1.230527887761407,1.2210564912295023,1.1106038574324766,1.0355104754312079,73.9131628746897
