subject,nll,bic,model,alpha,alpha_rec,beta,beta_rec,nll_rec
159,48.90541652624825,107.67978091875788,eu,0.9375862458022589,0.9948099474198056,4.546220259478019,4.142028955251708,49.46385571220006
