subject,nll,bic,model,alpha,alpha_rec,beta,beta_rec,nll_rec
138,-0.00013899993048861127,9.868669866400406,eu,3.6432959390998088,3.6432959390998088,30.70578077832912,30.70578077832912,-0.00013899993048861127
