subject,nll,bic,model,alpha,alpha_rec,beta,beta_rec,nll_rec
25,45.18927605139285,100.26183694800432,eu,1.121807320786087,1.143403602906517,3.963242314702377,3.954900812796227,44.11823157754423
