subject,nll,bic,model,alpha,alpha_rec,beta,beta_rec,nll_rec
127,57.870639763996536,125.61022739425445,eu,0.8448120774027383,0.8260819028785116,3.807271001411088,4.948827855825881,50.27127377574411
