subject,nll,bic,model,alpha,alpha_rec,beta,beta_rec,nll_rec
132,50.99208629772518,111.85312046171174,eu,1.0923003059130036,1.0292127689651591,3.322390606373642,3.933359959332918,49.35410439361584
