subject,nll,bic,model,alpha,alpha_rec,beta,beta_rec,nll_rec
123,45.20034483420845,100.28397451363551,eu,1.2011405781805957,1.1104968493072456,3.3127776344060553,4.012520707847844,45.434836254206246
