subject,nll,bic,model,alpha,alpha_rec,beta,beta_rec,nll_rec
93,79.02195588304312,167.92719661130485,eu,0.9252475213610284,0.9835325545808224,1.5442376212696547,1.684405504811879,74.42023082049707
