subject,nll,bic,model,alpha,alpha_rec,beta,beta_rec,nll_rec
34,80.8984641768331,171.56253219883894,eu,1.3876672840072326,1.0075549957229026,0.4149121695365616,0.9068231131474729,81.10105207881286
