subject,nll,bic,model,alpha,alpha_rec,beta,beta_rec,nll_rec
160,62.200286736858374,134.26952133997813,eu,0.7641044029840206,0.9253954406714708,3.7762818331344805,2.796077339167368,63.79937925854074
