subject,nll,bic,model,alpha,alpha_rec,beta,beta_rec,nll_rec
174,49.5338416191541,108.95096808352682,eu,1.0848256431758712,1.090657356945274,3.589745871327631,3.9757591928732436,46.605556329396514
