subject,nll,bic,model,alpha,alpha_rec,beta,beta_rec,nll_rec
110,13.959066120930144,37.801417087078896,eu,0.0,0.015731010667602928,22.509109324086253,50.0,0.30554286035205214
