subject,nll,bic,model,alpha,alpha_rec,beta,beta_rec,nll_rec
199,73.17731709553495,156.2379190362885,eu,1.4652345165496596,1.81400802373843,0.6452761041270609,0.2875651392680312,74.02388116260295
