subject,nll,bic,model,alpha,alpha_rec,beta,beta_rec,nll_rec
113,62.05258003460388,133.97410793546914,eu,2.7209873236895135,3.1672144201951147,0.0613801984677025,0.02562192723276225,59.95714555474633
