subject,nll,bic,model,alpha,alpha_rec,beta,beta_rec,nll_rec
60,58.14038084039311,126.16404652600482,eu,0.4786292285346911,0.4425062490755452,6.054420158865924,7.303639762491515,52.34458495567304
