subject,nll,bic,model,alpha,alpha_rec,beta,beta_rec,nll_rec
54,50.232104526850286,110.34749389891918,eu,1.0070366997986189,1.065163881906028,3.96220140861533,4.255472440211455,45.95234905877014
