subject,nll,bic,model,alpha,alpha_rec,beta,beta_rec,nll_rec
36,139.5013800497263,290.2580023268339,eu,0.4550567280705285,0.47366836404543267,4.366232382072058,3.2234027981125934,155.51750889932583
