subject,nll,bic,model,alpha,alpha_rec,beta,beta_rec,nll_rec
59,70.77796882636287,151.4248855189871,eu,1.1239945607751576,1.089251287851979,1.4410494641178944,2.3608284789598835,59.784454586505944
