subject,nll,bic,model,alpha,alpha_rec,beta,beta_rec,nll_rec
115,23.255219738888307,56.393724322995226,eu,0.9083290058374667,0.8995648637061319,12.387835422571326,15.739559892788648,19.63321258294765
