subject,nll,bic,model,alpha,alpha_rec,beta,beta_rec,nll_rec
100,64.62240253945467,139.12808992412795,eu,0.6754459574225189,0.7600383417561895,3.9724803448032375,3.3825990621219835,65.87158603096276
