subject,nll,bic,model,alpha,alpha_rec,beta,beta_rec,nll_rec
144,59.948348034500896,129.76564393526317,eu,1.081266434760792,1.1961032224110004,2.4071559745832,1.9280028068850248,59.46267174289224
