subject,nll,bic,model,alpha,alpha_rec,beta,beta_rec,nll_rec
67,54.89855138993666,119.68038762509192,eu,0.3831116663451525,0.3928126958489162,7.1603803581762495,6.489594546598865,58.37432243774205
