subject,nll,bic,model,alpha,alpha_rec,beta,beta_rec,nll_rec
154,23.157605420076663,56.19849568537194,eu,0.1961689388310449,0.24206033367817673,16.39453467191779,13.365266687408274,31.145755135409786
