subject,nll,bic,model,alpha,alpha_rec,beta,beta_rec,nll_rec
14,46.83232344726852,103.54793173975565,eu,0.7493305972240968,0.6968141300721987,6.092687012156688,8.206240658418293,38.85233046846219
