subject,nll,bic,model,alpha,alpha_rec,beta,beta_rec,nll_rec
116,38.92440668526579,87.73209821575018,eu,0.6404521024884482,0.6053966402697202,8.785429695342668,9.920427520771595,36.36237194166302
