subject,nll,bic,model,alpha,alpha_rec,beta,beta_rec,nll_rec
71,49.04230726661006,107.96789937843873,eu,1.0632192909100615,1.0268809066940807,3.7969883800908395,4.80825651525302,44.1643847385805
