subject,nll,bic,model,alpha,alpha_rec,beta,beta_rec,nll_rec
96,52.25697509789791,114.3828980620572,eu,0.7712911345855147,0.7212742866442001,5.011337424585472,5.664489248756711,50.29033127002596
