subject,nll,bic,model,alpha,alpha_rec,beta,beta_rec,nll_rec
140,40.217462848780826,90.31821054278026,eu,0.31128547967206655,0.2958455765814003,10.765684148500055,14.263598671911872,30.178560360531563
