subject,nll,bic,model,alpha,alpha_rec,beta,beta_rec,nll_rec
72,53.9247879368208,117.704083243956,eu,0.35642562716091625,0.37110515174415254,7.313936041860086,8.37239722420279,48.5978515103771
