subject,nll,bic,model,alpha,alpha_rec,beta,beta_rec,nll_rec
78,40.94438924851008,91.77206334223877,eu,1.015349002146904,1.1008826607944584,5.495471125533084,5.222485598035131,39.29619027497647
