subject,nll,bic,model,alpha,alpha_rec,beta,beta_rec,nll_rec
117,36.59254687878411,83.06837860278684,eu,0.46988204231279185,0.39056968169954603,10.852697706534256,11.223690092918691,37.915154451183845
