subject,nll,bic,model,alpha,alpha_rec,beta,beta_rec,nll_rec
133,40.553106523597364,90.96072041750914,eu,0.3997024254570309,0.40996163158809545,10.17019124945614,8.533836043884243,46.76544603400676
