subject,nll,bic,model,alpha,alpha_rec,beta,beta_rec,nll_rec
191,39.78226678326587,89.44781841175035,eu,1.1200081974005258,1.210813175960648,4.9443176506240984,3.626950636280806,42.31378718698551
