subject,nll,bic,model,alpha,alpha_rec,beta,beta_rec,nll_rec
84,68.23381558854939,146.3509160223174,eu,0.8836569873944887,0.8372255251183286,2.561233758069922,2.835575352440783,67.53298535871363
