subject,nll,bic,model,alpha,alpha_rec,beta,beta_rec,nll_rec
73,40.17280672830147,90.20012082691734,eu,0.5541563300853211,0.5263650414428123,9.150455209629913,12.83841067520393,30.48007991043068
