subject,nll,bic,model,alpha,alpha_rec,beta,beta_rec,nll_rec
48,54.65161054804844,119.18650594131549,eu,1.2454377092201225,1.2879533566677475,2.080694836078163,1.4354022193074678,62.2061982645277
