subject,nll,bic,model,alpha,alpha_rec,beta,beta_rec,nll_rec
104,59.83552390655248,129.49635758457705,eu,0.6246372291033859,0.5225525237282281,4.67101591348189,5.977723048290036,55.275093580383796
