subject,nll,bic,model,alpha,alpha_rec,beta,beta_rec,nll_rec
8,44.01965331703593,97.92259147929047,eu,0.46797319406247384,0.49036979886775856,8.860943599112275,8.558401034774814,44.54447980603202
