subject,nll,bic,model,alpha,alpha_rec,beta,beta_rec,nll_rec
148,43.45681384882931,96.78257556392,eu,0.47102351433062056,0.466581243537623,8.83862739417974,11.93545990020471,32.98332980163373
