subject,nll,bic,model,alpha,alpha_rec,beta,beta_rec,nll_rec
197,5.00183676829817,19.84363538825259,eu,0.0,0.015741068960172407,34.84225315777869,50.0,0.30549353885304537
