subject,nll,bic,model,alpha,alpha_rec,beta,beta_rec,nll_rec
0,76.32635283670525,162.53599051862912,eu,0.7396532339044318,0.6309565447578569,2.4029791947014836,2.6971035609901928,77.71426972684257
