subject,nll,bic,model,alpha,alpha_rec,beta,beta_rec,nll_rec
65,32.342342434963726,74.56796971514606,eu,0.6219190913169279,0.5672987299547745,11.200023352883392,12.268662557680445,31.3574211117588
