subject,nll,bic,model,alpha,alpha_rec,beta,beta_rec,nll_rec
2,57.451017249891095,124.7853193450008,eu,0.5122746271906908,0.5395213240397754,5.9521166133883705,7.273112896666829,48.8799292555109
