subject,nll,bic,model,alpha,alpha_rec,beta,beta_rec,nll_rec
106,75.18229460035657,160.23353706697452,eu,2.078694174789813,2.1208963669278504,0.14763562849741665,0.13896273739041667,74.39811422207435
