subject,nll,bic,model,alpha,alpha_rec,beta,beta_rec,nll_rec
31,86.9118371458946,183.7069591370078,eu,1.7923584215166266,1.72837525784038,0.15695999894111937,0.21442241718713173,84.25282919979003
