subject,nll,bic,model,alpha,alpha_rec,beta,beta_rec,nll_rec
146,36.45783902654897,82.79896289831655,eu,0.5035262568310758,0.5079703454212117,10.63830241688504,14.3801795011629,27.50476818651632
