subject,nll,bic,model,alpha,alpha_rec,beta,beta_rec,nll_rec
147,65.11619832859346,140.11568150240552,eu,0.5470821155201243,0.5968021670971582,4.618182123259935,3.190935231022043,74.57253912677808
