subject,nll,bic,model,alpha,alpha_rec,beta,beta_rec,nll_rec
163,88.47714215433959,186.82323217494056,eu,1.1798302415285293,0.9387256370379109,0.5146308665361117,0.9352339168787788,87.13472837821499
