subject,nll,bic,model,alpha,alpha_rec,beta,beta_rec,nll_rec
66,55.312096234026754,120.50747731327212,eu,0.7113115541447077,0.7798637148220481,5.006504076489811,4.779288550268474,53.849985533372475
