subject,nll,bic,model,alpha,alpha_rec,beta,beta_rec,nll_rec
153,58.40821655458528,126.69971795438917,eu,1.2189899467969276,1.2782313993410686,1.9302332859211255,2.0071569606708937,53.42530858147822
