subject,nll,bic,model,alpha,alpha_rec,beta,beta_rec,nll_rec
180,64.45027787308175,138.7838405913821,eu,0.44085244141032376,0.4908777026529058,5.280016519543923,5.662264235136472,60.14737177965874
