subject,nll,bic,model,alpha,alpha_rec,beta,beta_rec,nll_rec
185,60.56335087431961,131.00998659385783,eu,0.9441497243280834,0.9363442960540691,3.040540365893664,2.9417211580881726,61.87187499209061
