subject,nll,bic,model,alpha,alpha_rec,beta,beta_rec,nll_rec
49,21.517281348994537,52.90351056425045,eu,0.31338971322098247,0.3520777179546761,19.861414251203183,17.958165461738727,24.478176916164564
