subject,nll,bic,model,alpha,alpha_rec,beta,beta_rec,nll_rec
179,52.344221499796504,114.57172784481162,eu,1.828669284548629,1.7942875761702102,0.5726808777855681,0.7154068294443374,47.317111451007364
