subject,nll,bic,model,alpha,alpha_rec,beta,beta_rec,nll_rec
50,37.80678899117292,85.49686282756446,eu,2.2545632845899837,2.4005225244768127,0.403440026532478,0.2898464245293597,39.678385082022466
