subject,nll,bic,model,alpha,alpha_rec,beta,beta_rec,nll_rec
27,53.381536705002524,116.64635825522366,eu,1.0242487958029136,1.0737389239590551,3.446327209301379,3.636646895310099,49.70816829846444
