subject,nll,bic,model,alpha,alpha_rec,beta,beta_rec,nll_rec
41,92.91685637288629,195.64426230264942,eu,0.5339209352095948,0.0,0.4569132489842901,0.39613667525895857,93.36290786889882
