subject,nll,bic,model,alpha,alpha_rec,beta,beta_rec,nll_rec
102,49.352962596903424,108.58921003902546,eu,0.8040487968670118,0.9036090727473509,5.288575822927436,4.998272161711381,47.23841018902936
