subject,nll,bic,model,alpha,alpha_rec,beta,beta_rec,nll_rec
38,58.81021173208667,127.50370830939195,eu,0.8388407328107063,0.6911714869646255,3.7845457689945845,4.211116207656862,62.026848614765186
