subject,nll,bic,model,alpha,alpha_rec,beta,beta_rec,nll_rec
164,41.63726766042289,93.1578201660644,eu,0.694589665648508,0.6819850738012958,7.57675153586194,9.747369538446717,33.95155727116054
