subject,nll,bic,model,alpha,alpha_rec,beta,beta_rec,nll_rec
139,60.97312603917913,131.74193167826007,eu,0.9047996440013709,0.8803243957792797,2.8305052650827602,3.294650014932853,57.78361235423165
