subject,nll,bic,model,alpha,alpha_rec,beta,beta_rec,nll_rec
168,28.614046311306808,67.11137746783223,eu,0.2792585660724147,0.3068016221152423,14.757075550647308,18.811075331439476,22.58567148048902
