subject,nll,bic,model,wp,wp_rec,beta,beta_rec,omega,omega_rec,eta,eta_rec,nll_rec
3,29.783804035143955,79.33417776072513,leakyattwisediscount,0.7511167579251034,0.8081309936599547,11.67853137443464,11.586534201358605,0.1732945883721893,0.22455359583049386,0.7437086026539912,0.5258879218002376,23.990930965570158
