subject,nll,bic,model,wp,wp_rec,beta,beta_rec,omega,omega_rec,eta,eta_rec,nll_rec
11,79.84234251989996,179.42258077232268,leakyattwisediscount,0.38252066733126605,0.36671113167897956,3.318974999350642,1.442692245843646,0.0,0.8747213244895402,1.0,0.08276455247150516,77.33174105960146
