subject,nll,bic,model,wp,wp_rec,beta,beta_rec,omega,omega_rec,eta,eta_rec,nll_rec
17,52.516816824037534,124.80020333851229,leakyattwisediscount,0.4660887105460698,0.46285388076995226,2.5325023426420814,3.2059598637601634,1.0,1.0,1.0,0.5668317638245205,49.679018390973255
