subject,nll,bic,model,wp,wp_rec,beta,beta_rec,omega,omega_rec,eta,eta_rec,nll_rec
5,32.45482805076507,84.67622579196737,leakyattwisediscount,0.6390361525112763,0.6512604133954798,6.624452354847878,5.0523644897489195,0.8992514703240452,1.0,0.6575657591092058,0.9210879779878984,32.75223033019895
