subject,nll,bic,model,wp,wp_rec,beta,beta_rec,omega,omega_rec,eta,eta_rec,nll_rec
1,43.654493612565176,107.07555691556757,leakyattwisediscount,0.6652679638692569,0.6699339983478279,13.291699255814338,17.201497283121544,0.0,0.0,0.8488790424992229,0.8954863268954165,35.163005949182825
