subject,nll,bic,model,wp,wp_rec,beta,beta_rec,omega,omega_rec,eta,eta_rec,nll_rec
7,95.50696784817029,210.7805053867778,leakyattwisediscount,1.0,0.6596427426288373,0.13389130013711206,0.29860559819625865,1.0,1.0,0.0,0.0,95.31949405031702
