subject,nll,bic,model,wp,wp_rec,beta,beta_rec,omega,omega_rec,eta,eta_rec,nll_rec
15,51.54882779258191,122.8355513176866,leakyattwisediscount,0.6335578601762679,0.6828436021079061,11.178388794706452,9.397765791744545,0.0,0.0,0.7560515633096175,0.5414200049534813,52.72637406229448
