subject,nll,bic,model,wp,wp_rec,beta,beta_rec,omega,omega_rec,eta,eta_rec,nll_rec
2,45.222367936327046,110.15375061328291,leakyattwisediscount,0.6220656220370997,0.5993832799535098,13.177909114063645,11.116844118212441,0.04913091363020574,0.19902400495458342,0.8856083256195046,0.7632758526923137,47.34050119639987
