subject,nll,bic,model,wp,wp_rec,beta,beta_rec,omega,omega_rec,eta,eta_rec,nll_rec
19,36.52286312003536,92.81229593050793,leakyattwisediscount,0.8276009804449932,0.9746603404898875,1.9528349702566377,3.007373183101483,1.0,1.0,0.8233784055909996,0.22492150964139496,15.297767615882956
