subject,nll,bic,model,wp,wp_rec,beta,beta_rec,omega,omega_rec,eta,eta_rec,nll_rec
4,70.85057795098137,161.46772559239997,leakyattwisediscount,0.4553302257793337,0.4616443556835698,5.450550499471527,1.789188440729876,0.0,1.0,1.0,0.23454008724252529,69.39768479354989
