subject,nll,bic,model,wp,wp_rec,beta,beta_rec,omega,omega_rec,eta,eta_rec,nll_rec
14,71.86987451738716,163.47764476729708,leakyattwisediscount,0.47873479019429654,0.46714238944043546,2.3769630795754626,6.414804615804463,0.7041973561593443,0.0,0.8142795755500657,1.0,66.04738899551225
