subject,nll,bic,model,wp,wp_rec,beta,beta_rec,omega,omega_rec,eta,eta_rec,nll_rec
0,66.16321884972399,152.0930073898852,leakyattwisediscount,0.38146239297762286,0.33953758593145256,5.70725141785339,3.1672123840748245,0.0,0.5765447910629389,0.9525818892962508,0.6776229791955808,63.54221480219087
