subject,nll,bic,model,wp,wp_rec,beta,beta_rec,omega,omega_rec,eta,eta_rec,nll_rec
13,55.68070213773712,131.12797396591145,leakyattwisediscount,0.6229779931395755,0.6195217406296538,2.425024747425561,10.180556904228112,1.0,0.2391141098380112,1.0,0.8801005793871478,48.80703747310418
