subject,nll,bic,model,alpha,alpha_rec,theta,theta_rec,wp,wp_rec,eta,eta_rec,w_between_attwise,w_between_attwise_rec,w_between_altwise,w_between_altwise_rec,beta,beta_rec,b_last,b_last_rec,nll_rec
18-attributes,17.294686780104907,68.57733549660469,twostagemixturenoscaling,0.0,0.0,0.2168407754657667,0.46567853329056946,0.2989368568010123,0.25138743320195595,0.6982498445854712,0.5979535478437298,0.5855686064540714,0.6006153125785139,0.5781310546707512,0.8007781871729942,65.24355923428965,96.34134500004842,0.002814968406133336,0.00260643830971303,12.476053547850324
