subject,nll,bic,model,alpha,alpha_rec,theta,theta_rec,wp,wp_rec,eta,eta_rec,w_between_attwise,w_between_attwise_rec,w_between_altwise,w_between_altwise_rec,beta,beta_rec,b_last,b_last_rec,nll_rec
77-alternatives,15.715004510688217,65.4179709577713,twostagemixturenoscaling,3.0,1.7031878066060777,0.5757806052541641,0.7994237609149448,0.8800932465038456,1.0,0.36508129118012933,0.720251457551675,0.726450851053753,0.06393359520493924,0.564347610855175,0.3702518817245764,53.48023095410732,43.584874360291444,0.008292574656188548,0.00043605521278191586,16.73635610273919
