subject,nll,bic,model,alpha,alpha_rec,theta,theta_rec,wp,wp_rec,eta,eta_rec,w_between_attwise,w_between_attwise_rec,w_between_altwise,w_between_altwise_rec,beta,beta_rec,b_last,b_last_rec,nll_rec
30-attributes,11.421700854766556,56.71625374631119,twostagemixturenoscaling,0.30128600395995186,0.3230959508432891,0.7631286073296928,0.5960597639980936,0.0,0.0,1.0,1.0,0.07657034741052814,0.07013881440438113,0.6831738906152356,0.4324997913180536,63.08993878541267,53.73667008174886,-0.004565411148316446,0.00835980367072438,14.484545107616622
