subject,nll,bic,model,alpha,alpha_rec,theta,theta_rec,wp,wp_rec,eta,eta_rec,w_between_attwise,w_between_attwise_rec,w_between_altwise,w_between_altwise_rec,beta,beta_rec,b_last,b_last_rec,nll_rec
172-alternatives,18.148827735141413,70.2856174066777,twostagemixturenoscaling,3.0,2.446170802439868,0.824808261081522,1.0,0.48688085068344383,1.0,0.9999650233940787,0.0,0.7279168547720914,0.611279768399489,0.17573858946215043,0.019577047383682655,85.16389261438917,81.75529591441405,0.0020896146909103195,0.00472331272626057,18.823275941598638
