subject,nll,bic,model,alpha,alpha_rec,theta,theta_rec,wp,wp_rec,eta,eta_rec,w_between_attwise,w_between_attwise_rec,w_between_altwise,w_between_altwise_rec,beta,beta_rec,b_last,b_last_rec,nll_rec
176-attributes,33.52411414762522,101.03619023164532,twostagemixturenoscaling,0.0,0.09263621267624049,0.7641775541178744,0.9466877683546331,0.0,0.0,1.0,0.0,0.3327752819190688,0.5081808946226664,0.8262812898203955,0.11632900668297425,14.419374779885661,23.001886761648375,0.045579272629207586,0.06340737065682184,26.310946960724202
