subject,nll,bic,model,alpha,alpha_rec,theta,theta_rec,wp,wp_rec,eta,eta_rec,w_between_attwise,w_between_attwise_rec,w_between_altwise,w_between_altwise_rec,beta,beta_rec,b_last,b_last_rec,nll_rec
180-alternatives,26.044543876821443,86.07704969003777,twostagemixturenoscaling,0.0,0.1633205136691676,1.0,0.9601736053270644,0.15839757657696635,0.0,0.87698271333749,0.6378589621129879,0.7135857050365907,0.6929496398884112,0.4222497562278583,0.23304781126170768,24.452749430965937,20.5282917849159,0.025218829603884437,0.018853267014271112,28.063657773362188
