subject,nll,bic,model,alpha,alpha_rec,theta,theta_rec,wp,wp_rec,eta,eta_rec,w_between_attwise,w_between_attwise_rec,w_between_altwise,w_between_altwise_rec,beta,beta_rec,b_last,b_last_rec,nll_rec
81-alternatives,26.327183996365463,86.52722002950901,twostagemixturenoscaling,0.90417505974916,0.9248875174282051,1.0,0.7573468583660258,1.0,0.5649781738834855,1.0,0.5052222729879087,0.4217499248766175,0.6171777370089166,0.03161644150609893,0.3496587436911964,31.378372607881403,59.73629955413086,0.006514542246395665,0.006940603082510074,18.12978169757911
