subject,nll,bic,model,alpha,alpha_rec,theta,theta_rec,wp,wp_rec,eta,eta_rec,w_between_attwise,w_between_attwise_rec,w_between_altwise,w_between_altwise_rec,beta,beta_rec,b_last,b_last_rec,nll_rec
38-alternatives,23.279784172445208,80.54753028128529,twostagemixturenoscaling,1.0698870894300774,1.4417563996837695,0.8251383228058159,0.0,1.0,0.5603231187042299,0.5473223179284732,1.0,0.128579265023128,0.5398409802349585,0.07825378665491538,0.7152557746353331,49.75352694385352,100.0,-0.01046796943572031,-0.008685741355350904,8.976524017569991
