subject,nll,bic,model,alpha,alpha_rec,theta,theta_rec,wp,wp_rec,eta,eta_rec,w_between_attwise,w_between_attwise_rec,w_between_altwise,w_between_altwise_rec,beta,beta_rec,b_last,b_last_rec,nll_rec
123-alternatives,24.120216341649027,82.22839461969292,twostagemixturenoscaling,1.3642427386621652,1.1657165728845158,0.9421818559436405,1.0,0.5535241033289405,0.4302829736027343,0.5152633347920454,0.39339365448029495,0.5142812656212248,0.5483469660355204,0.2996129898209551,0.11919587493030305,49.15793978603767,58.95762053618805,-0.0024021664629333586,9.669637937383729e-05,21.093688223713105
