subject,nll,bic,model,alpha,alpha_rec,theta,theta_rec,wp,wp_rec,eta,eta_rec,w_between_attwise,w_between_attwise_rec,w_between_altwise,w_between_altwise_rec,beta,beta_rec,b_last,b_last_rec,nll_rec
34-alternatives,35.639558776580756,105.03517919457036,twostagemixturenoscaling,3.0,3.0,1.0,1.0,1.0,1.0,0.3149438606612005,0.3337336341606708,0.07565699816940497,0.7186967119432228,0.20621780221971728,0.26143612545572475,24.01045212737271,16.165477648584613,0.015266958850088734,0.0368831215932592,37.9649360162565
