subject,nll,bic,model,alpha,alpha_rec,theta,theta_rec,wp,wp_rec,eta,eta_rec,w_between_attwise,w_between_attwise_rec,w_between_altwise,w_between_altwise_rec,beta,beta_rec,b_last,b_last_rec,nll_rec
62-alternatives,26.57019033063735,87.12834259766957,twostagemixturenoscaling,0.0,1.0560037034454153,1.0,0.5445818706758694,0.47470093692321486,0.6555877261890787,0.5503720298626349,0.29455147274847787,0.7330666352195577,0.47365168806381736,0.7602555917247701,0.48434749020438983,30.04564192057006,49.96890777811335,-0.0030452850840546166,0.00847463456789142,22.94010512512586
