subject,nll,bic,model,alpha,alpha_rec,theta,theta_rec,wp,wp_rec,eta,eta_rec,w_between_attwise,w_between_attwise_rec,w_between_altwise,w_between_altwise_rec,beta,beta_rec,b_last,b_last_rec,nll_rec
111-alternatives,27.78110167708242,89.55016529055972,twostagemixturenoscaling,0.0,0.0,0.0,0.4636422125091023,0.36971822727240966,0.0,0.05041978253885723,0.5008640968250223,0.4915791240428642,0.9070540706133542,0.9032941350719903,0.5295067411545878,41.91452103959694,30.255189233611976,-0.004507218147911729,0.0014338813474120819,25.87563677836376
