subject,nll,bic,model,alpha,alpha_rec,theta,theta_rec,wp,wp_rec,eta,eta_rec,w_between_attwise,w_between_attwise_rec,w_between_altwise,w_between_altwise_rec,beta,beta_rec,b_last,b_last_rec,nll_rec
12-alternatives,26.434640771336717,86.8572434790683,twostagemixturenoscaling,0.0,3.0,0.8487236464942645,0.0,0.4813811700968593,0.6133689120474595,0.20515255109008268,0.9397823840234417,0.4862862441436354,0.6440559492822734,0.8251837974827656,0.8213248543246744,37.520669020338026,60.40352087561098,0.01621008015696077,0.01823713698882513,15.004383982636151
