subject,nll,bic,model,alpha,alpha_rec,theta,theta_rec,wp,wp_rec,eta,eta_rec,w_between_attwise,w_between_attwise_rec,w_between_altwise,w_between_altwise_rec,beta,beta_rec,b_last,b_last_rec,nll_rec
23-alternatives,19.80524984870953,73.59846163381394,twostagemixturenoscaling,0.9556376941836482,0.5571163038300331,0.9945173551186841,1.0,1.0,0.5877334408803212,0.008483962085250452,0.7712735945439174,0.42132824866466023,0.6987959166368671,0.32669059254212174,0.17824758472785646,43.25422203710908,38.760415606802376,-0.011073290557469674,-0.008627975129340062,18.213713249468956
