subject,nll,bic,model,alpha,alpha_rec,theta,theta_rec,wp,wp_rec,eta,eta_rec,w_between_attwise,w_between_attwise_rec,w_between_altwise,w_between_altwise_rec,beta,beta_rec,b_last,b_last_rec,nll_rec
185-attributes,25.970643184168207,85.92924830473129,twostagemixturenoscaling,1.1821024992948113,1.5680438708680629,0.11824618217034742,0.9393470259295389,0.8868171637600433,0.5714413710312403,1.0,1.0,0.09902031087320548,0.8397608521477862,0.9274856234115435,0.5930941866848448,59.46901094192912,25.865790474898354,0.004162025224452217,0.01317312096858274,27.836024803510643
