subject,nll,bic,model,alpha,alpha_rec,theta,theta_rec,wp,wp_rec,eta,eta_rec,w_between_attwise,w_between_attwise_rec,w_between_altwise,w_between_altwise_rec,beta,beta_rec,b_last,b_last_rec,nll_rec
136-attributes,13.700961263855792,61.38988446410646,twostagemixturenoscaling,1.377518723333749,1.6532857636194853,0.6059312947169829,0.7340855509914352,1.0,1.0,1.0,1.0,0.31507878546917967,0.35790863011203317,0.38881884913544074,0.1708644357460547,45.355560040262795,67.10705640288687,0.011843178455656892,0.026906849364099504,9.03211345451578
