subject,nll,bic,model,alpha,alpha_rec,theta,theta_rec,wp,wp_rec,eta,eta_rec,w_between_attwise,w_between_attwise_rec,w_between_altwise,w_between_altwise_rec,beta,beta_rec,b_last,b_last_rec,nll_rec
94-attributes,27.57769402385135,89.14334998409757,twostagemixturenoscaling,2.349695468435516,1.809014901068941,0.3294260407842214,0.47120782840162473,0.6407429041776806,0.755013179589211,1.0,1.0,0.32909821149845847,0.3434907981047654,0.5061700526963775,0.052754923010948584,48.255982447923614,48.459512228035805,-0.006597333457474585,-0.007867002808756173,23.90969625479661
