subject,nll,bic,model,alpha,alpha_rec,theta,theta_rec,wp,wp_rec,eta,eta_rec,w_between_attwise,w_between_attwise_rec,w_between_altwise,w_between_altwise_rec,beta,beta_rec,b_last,b_last_rec,nll_rec
139-alternatives,26.561651725537928,86.51840161024094,twostagemixturenoscaling,0.0,0.0,1.0,0.8068938173277154,0.3424452564706234,0.31566658439699175,0.4498080370749556,0.2641541122832446,0.2754764113389458,0.723756731445476,0.729079160738209,0.6911648294893602,27.981813453354487,33.068962362427136,0.006828781029065832,0.02445786057322087,24.85345170883843
