subject,nll,bic,model,alpha,alpha_rec,theta,theta_rec,wp,wp_rec,eta,eta_rec,w_between_attwise,w_between_attwise_rec,w_between_altwise,w_between_altwise_rec,beta,beta_rec,b_last,b_last_rec,nll_rec
17-alternatives,32.56248063673786,98.88102291488457,twostagemixturenoscaling,3.0,3.0,0.8348259920582541,0.34965841587436636,0.6803525040162883,0.7618929371932671,0.8437435967497728,0.6212271539182854,0.43904116929625425,0.561555367207409,0.4745222596316911,0.35948388662950737,26.064775161336524,32.61108485887632,0.004868878198419571,0.015842798086921073,31.513503917615548
