subject,nll,bic,model,alpha,alpha_rec,theta,theta_rec,wp,wp_rec,eta,eta_rec,w_between_attwise,w_between_attwise_rec,w_between_altwise,w_between_altwise_rec,beta,beta_rec,b_last,b_last_rec,nll_rec
113-alternatives,29.728126522075282,93.32910508092864,twostagemixturenoscaling,3.0,3.0,0.0523546639721204,0.22925992104139675,1.0,0.0,0.9998581664394264,0.616284533300978,0.48556838691825077,0.020075970718190783,0.005014189611381554,6.33027500505523e-05,66.28865986656602,63.954282247184146,-0.0008509846312129706,-0.004334279022703082,28.314117993671694
