subject,nll,bic,model,alpha,alpha_rec,theta,theta_rec,wp,wp_rec,eta,eta_rec,w_between_attwise,w_between_attwise_rec,w_between_altwise,w_between_altwise_rec,beta,beta_rec,b_last,b_last_rec,nll_rec
117-attributes,11.399780714534023,56.78752336546292,twostagemixturenoscaling,3.0,1.5463929429555732,0.9661524676502923,1.0,0.7258588753724514,1.0,1.0,1.0,0.5973662515736357,0.27805365902038826,0.5590242563388079,0.4796456292066129,88.10438439972367,100.0,-0.0031934759619435637,2.6054781549098273e-06,5.531074816562813
