subject,nll,bic,model,alpha,alpha_rec,theta,theta_rec,wp,wp_rec,eta,eta_rec,w_between_attwise,w_between_attwise_rec,w_between_altwise,w_between_altwise_rec,beta,beta_rec,b_last,b_last_rec,nll_rec
120-attributes,11.012527291809324,56.01301652001352,twostagemixturenoscaling,0.0,0.0,0.4622692790892717,1.0,0.34014428852329504,0.0,0.7926772864519627,0.7626490688026742,0.4414177473521558,0.34576126791879763,0.40952175483393016,0.4396600503831066,93.51614779906636,100.0,0.012004731603207528,0.016780090499368384,6.553910296255969
