subject,nll,bic,model,alpha,alpha_rec,theta,theta_rec,wp,wp_rec,eta,eta_rec,w_between_attwise,w_between_attwise_rec,w_between_altwise,w_between_altwise_rec,beta,beta_rec,b_last,b_last_rec,nll_rec
89-attributes,42.03051657377757,118.04899508395002,twostagemixturenoscaling,0.0,0.8056801727654676,0.03192483500464919,0.7601235704965955,0.0,0.0,1.0,1.0,0.47736585836875356,0.06734218528253724,0.18387240083259992,0.5530598169729022,6.831312220996302,14.058295023284286,0.05312209845676491,0.022843136503975396,37.72120629266812
