subject,nll,bic,model,alpha,alpha_rec,theta,theta_rec,wp,wp_rec,eta,eta_rec,w_between_attwise,w_between_attwise_rec,w_between_altwise,w_between_altwise_rec,beta,beta_rec,b_last,b_last_rec,nll_rec
53-attributes,18.28069241148726,70.5493467593694,twostagemixturenoscaling,0.28364139251806936,0.12143480530262313,0.802462060376678,0.46346817641821186,0.0,0.5187104510525888,1.0,0.7955462097659087,0.15470052500675113,0.6489009000177238,0.44343171505147394,0.5821727245060992,40.88947136539938,36.63266821828176,0.00014132105161166391,-0.01596626797206088,21.709141808893314
