subject,nll,bic,model,alpha,alpha_rec,theta,theta_rec,wp,wp_rec,eta,eta_rec,w_between_attwise,w_between_attwise_rec,w_between_altwise,w_between_altwise_rec,beta,beta_rec,b_last,b_last_rec,nll_rec
172-attributes,19.415809009146717,72.81957995468831,twostagemixturenoscaling,0.0,0.0,0.44315846095631045,0.5761192244403028,0.0,0.0,0.010205920900904211,0.0,0.7929953856445304,0.7888114484802871,0.5785544215513159,0.4462089975835468,40.42079241541736,48.82826294575342,0.008752633133486383,-0.010115455000464402,18.342145009904925
