subject,nll,bic,model,alpha,alpha_rec,theta,theta_rec,wp,wp_rec,eta,eta_rec,w_between_attwise,w_between_attwise_rec,w_between_altwise,w_between_altwise_rec,beta,beta_rec,b_last,b_last_rec,nll_rec
115-alternatives,12.82232794333199,59.63261782305885,twostagemixturenoscaling,0.677786745253919,1.4555594365251616,1.0,1.0,0.48719978067340913,0.567589039050497,0.5353990638643863,0.8343184237345981,0.03869057599396741,0.1152991557523631,0.6153741952106532,0.7603350964531405,79.26680088493282,67.34345013336547,0.0064579629939392254,0.009321287939311257,15.22364998403271
