subject,nll,bic,model,alpha,alpha_rec,theta,theta_rec,wp,wp_rec,eta,eta_rec,w_between_attwise,w_between_attwise_rec,w_between_altwise,w_between_altwise_rec,beta,beta_rec,b_last,b_last_rec,nll_rec
137-alternatives,10.211451786814244,54.41086551002336,twostagemixturenoscaling,3.0,1.566897686015908,0.6541165791780246,0.0,0.0,0.0,0.410163109712695,0.4556522868525246,0.6977218345291022,0.5045594890617655,0.15768056584356666,0.9275958173432216,86.72151544192099,40.62444253401157,0.009531120248517736,0.04991437827051716,5.486214226337604
