subject,nll,bic,model,alpha,alpha_rec,theta,theta_rec,wp,wp_rec,eta,eta_rec,w_between_attwise,w_between_attwise_rec,w_between_altwise,w_between_altwise_rec,beta,beta_rec,b_last,b_last_rec,nll_rec
144-attributes,29.818757250553396,93.62547643750167,twostagemixturenoscaling,0.06262144224201287,1.412939604351214,0.052224055891176756,0.5324244014901974,0.36565959771900375,0.5462516839560062,0.640380146871798,1.0,0.7085893841368233,0.05342744957209304,0.8269559302572268,0.17187290834761204,28.204258541279174,59.34907550633251,0.0006812848108633842,-0.006472875662868167,23.31428805959095
