subject,nll,bic,model,alpha,alpha_rec,theta,theta_rec,wp,wp_rec,eta,eta_rec,w_between_attwise,w_between_attwise_rec,w_between_altwise,w_between_altwise_rec,beta,beta_rec,b_last,b_last_rec,nll_rec
10-attributes,27.036459347627325,88.06088063164952,twostagemixturenoscaling,3.0,2.3683462136478313,0.6730708606509849,0.6094790853974239,0.7159585537677648,0.8714923408035666,0.3167747467987992,0.4644049736116947,0.703075629018214,0.4272956501822448,0.8182747697475081,0.17311124528603916,37.35609709005425,56.01926611322914,-0.008571115179197593,-0.01685190334575422,19.868100212837152
