subject,nll,bic,model,alpha,alpha_rec,theta,theta_rec,wp,wp_rec,eta,eta_rec,w_between_attwise,w_between_attwise_rec,w_between_altwise,w_between_altwise_rec,beta,beta_rec,b_last,b_last_rec,nll_rec
72-attributes,20.78917191258092,75.45119586193991,twostagemixturenoscaling,1.5422892175021006,1.9422477759467507,0.4019901658972188,0.7352678767935583,1.0,1.0,0.8936353290592014,0.14019118340181336,0.4226272125133409,0.6093452185630479,0.28115370028293163,0.8272371355265432,27.045218073599415,23.073477769046658,-0.0283715667083626,-0.02129262688913493,27.944503005616433
