subject,nll,bic,model,alpha,alpha_rec,theta,theta_rec,wp,wp_rec,eta,eta_rec,w_between_attwise,w_between_attwise_rec,w_between_altwise,w_between_altwise_rec,beta,beta_rec,b_last,b_last_rec,nll_rec
71-alternatives,18.06141126394729,70.11078446428945,twostagemixturenoscaling,0.0,0.559588607875412,0.7178883559884346,1.0,0.4164554552810435,0.37982032727601256,0.796076875605576,0.8417111179177862,0.20442466196994524,0.7474515004621006,0.8546981937489964,0.6502873186839022,58.15751099883356,78.50729503224622,-0.005848767928574408,0.0026702895791688988,14.71938179610394
