subject,nll,bic,model,alpha,alpha_rec,theta,theta_rec,wp,wp_rec,eta,eta_rec,w_between_attwise,w_between_attwise_rec,w_between_altwise,w_between_altwise_rec,beta,beta_rec,b_last,b_last_rec,nll_rec
145-attributes,11.590519739663087,57.16900141572105,twostagemixturenoscaling,0.0,0.0,0.5134811370066565,0.5262999205858644,0.21799545777146248,0.13684363254531817,0.417552339293063,0.3572925518721975,0.5333220681961279,0.4829893632018211,0.4732233810243494,0.2308596301055218,85.25554731516344,99.06272360429607,0.006971784034570842,0.016472304908592247,10.60897216587999
