subject,nll,bic,model,alpha,alpha_rec,theta,theta_rec,wp,wp_rec,eta,eta_rec,w_between_attwise,w_between_attwise_rec,w_between_altwise,w_between_altwise_rec,beta,beta_rec,b_last,b_last_rec,nll_rec
73-alternatives,15.74397132546206,65.3607946877022,twostagemixturenoscaling,0.11687688604381102,0.10593595615548183,1.0,1.0,0.14118220439644305,0.09339284145320034,0.5621701462844204,1.0,0.6652591208473808,0.5081089810444297,0.3772493243152677,0.3009115558473751,52.18444844529742,100.0,0.0041887139764868395,1.6089798439006325e-05,2.2373233226479163
