subject,nll,bic,model,alpha,alpha_rec,theta,theta_rec,wp,wp_rec,eta,eta_rec,w_between_attwise,w_between_attwise_rec,w_between_altwise,w_between_altwise_rec,beta,beta_rec,b_last,b_last_rec,nll_rec
161-attributes,14.431499733839985,62.850961404074845,twostagemixturenoscaling,0.0,0.0,0.15767886893878955,0.6402787024164189,0.533197788852483,0.45928967298453327,1.0,0.6320176869935019,0.6462338763146162,0.6229256875530497,0.35662507541613503,0.33445510693462227,57.2874229741293,55.216112084032254,0.007890998322372795,0.007216267874187633,15.928828572408703
