subject,nll,bic,model,alpha,alpha_rec,theta,theta_rec,wp,wp_rec,eta,eta_rec,w_between_attwise,w_between_attwise_rec,w_between_altwise,w_between_altwise_rec,beta,beta_rec,b_last,b_last_rec,nll_rec
149-attributes,5.594314053444723,45.061480143667524,twostagemixturenoscaling,0.22999661793037415,0.06803662475889913,0.8016771258592692,0.5603777202798821,1.0,0.7698323850302117,0.0,0.6432782042610059,0.6725025856850322,0.7654506936303875,0.36951045132052135,0.1700511779032231,42.20739485274321,44.47214221352438,0.00215365581802145,-0.0134510765673054,5.981646743075312
