subject,nll,bic,model,alpha,alpha_rec,theta,theta_rec,wp,wp_rec,eta,eta_rec,w_between_attwise,w_between_attwise_rec,w_between_altwise,w_between_altwise_rec,beta,beta_rec,b_last,b_last_rec,nll_rec
171-attributes,25.665211054745757,85.31838404588639,twostagemixturenoscaling,3.0,3.0,0.5902102942007451,0.9734392228793245,0.5579506809001082,0.5463400181363898,1.0,1.0,0.4930313111624754,0.47750877980482964,0.6159288042129477,0.6298358823217569,42.13740375302938,48.8768350121295,-0.021808775741695,-0.02185368113803835,22.203356015120193
