subject,nll,bic,model,alpha,alpha_rec,theta,theta_rec,wp,wp_rec,eta,eta_rec,w_between_attwise,w_between_attwise_rec,w_between_altwise,w_between_altwise_rec,beta,beta_rec,b_last,b_last_rec,nll_rec
155-attributes,25.840982097163263,85.6699261307214,twostagemixturenoscaling,0.0,0.0,0.692850593384383,0.5331892340174736,0.0,0.20713602006961698,0.3692293858083694,0.4742843897087284,0.33262690401077577,0.3528707261486489,0.302435541130341,0.08574857021034554,25.312328492469813,39.06756746515359,0.0061177310388302476,0.000373470623715863,18.3542413052448
