subject,nll,bic,model,alpha,alpha_rec,theta,theta_rec,wp,wp_rec,eta,eta_rec,w_between_attwise,w_between_attwise_rec,w_between_altwise,w_between_altwise_rec,beta,beta_rec,b_last,b_last_rec,nll_rec
52-attributes,12.583683910060227,59.15532975651533,twostagemixturenoscaling,0.0,0.0,0.860173371034905,0.6476289895542678,0.8258757645107635,1.0,0.4087341340991929,1.0,0.0,0.3753411594165279,0.6773468418976334,0.6709870477805425,16.673505525110524,13.160454759063803,0.011150447744611882,0.04769286378532269,16.403137764084626
