subject,nll,bic,model,alpha,alpha_rec,theta,theta_rec,wp,wp_rec,eta,eta_rec,w_between_attwise,w_between_attwise_rec,w_between_altwise,w_between_altwise_rec,beta,beta_rec,b_last,b_last_rec,nll_rec
166-alternatives,23.909405935140057,81.80677380667498,twostagemixturenoscaling,3.0,1.9430345265203512,1.0,1.0,0.44889486485173885,0.5691335175391351,0.4362252246295529,0.0153439706191749,0.7076275810822422,0.9366576890162924,0.4300095920239187,0.2962669443136541,45.6246218961654,53.821528326768046,0.011616106458083452,0.020589450747163455,21.805034439308148
