subject,nll,bic,model,alpha,alpha_rec,theta,theta_rec,wp,wp_rec,eta,eta_rec,w_between_attwise,w_between_attwise_rec,w_between_altwise,w_between_altwise_rec,beta,beta_rec,b_last,b_last_rec,nll_rec
13-alternatives,33.232527611256636,100.45301715890815,twostagemixturenoscaling,3.0,2.0513248500655044,0.5011828818763849,0.0,0.5173106906780138,0.6221471150112658,0.725259009695492,0.5957649652031298,0.11899580918575436,0.770659255357586,0.20048120632715338,0.16829793426896733,29.81756102730331,32.48248866637116,0.018097501063118197,0.026938753783739732,32.483754904255186
