subject,nll,bic,model,alpha,alpha_rec,theta,theta_rec,wp,wp_rec,eta,eta_rec,w_between_attwise,w_between_attwise_rec,w_between_altwise,w_between_altwise_rec,beta,beta_rec,b_last,b_last_rec,nll_rec
113-attributes,26.1784020994193,86.34476613523347,twostagemixturenoscaling,3.0,3.0,0.4416915237178903,0.6121822552708726,0.2914786307358751,0.2543358652311761,0.15062771156995547,0.3186851638212816,0.3926258340293751,0.44349236754016497,0.9635782917316247,0.1573517644942648,37.83338107786502,37.30485737109357,0.011326089236402409,0.03259300180269802,20.510159563628218
