subject,nll,bic,model,alpha,alpha_rec,theta,theta_rec,wp,wp_rec,eta,eta_rec,w_between_attwise,w_between_attwise_rec,w_between_altwise,w_between_altwise_rec,beta,beta_rec,b_last,b_last_rec,nll_rec
26-attributes,8.542784842013962,51.0735316204228,twostagemixturenoscaling,0.0,0.1652910066727734,0.2745091734534596,0.32263378247204666,0.5789885896783967,0.7775555389685928,1.0,0.2269689666905286,0.4902714177932492,0.8459845804723138,0.1956937101340519,0.16159282922276358,55.60803872561546,66.84125834891837,-0.015079969340650048,0.0001486769989768853,5.919105982942315
