subject,nll,bic,model,alpha,alpha_rec,theta,theta_rec,wp,wp_rec,eta,eta_rec,w_between_attwise,w_between_attwise_rec,w_between_altwise,w_between_altwise_rec,beta,beta_rec,b_last,b_last_rec,nll_rec
41-attributes,45.49110503022826,124.61975101558426,twostagemixturenoscaling,1.167766479121704,3.0,0.7072944458074832,0.6068940476639965,0.5937919379442455,0.6263090010072043,1.0,0.0,1.0,0.753183407140135,0.49261639318530515,0.5455794924975248,2.569753774265424,4.634344223311865,-0.0672658976136083,-0.019512328497776586,45.82048731879584
