subject,nll,bic,model,alpha,alpha_rec,theta,theta_rec,wp,wp_rec,eta,eta_rec,w_between_attwise,w_between_attwise_rec,w_between_altwise,w_between_altwise_rec,beta,beta_rec,b_last,b_last_rec,nll_rec
177-attributes,25.155336454183136,84.29863484476115,twostagemixturenoscaling,0.0,0.37201133505537587,0.9999986771855596,0.8007770956265725,0.4414586846439702,0.48400429659496064,0.7969952335290884,0.44021475418081385,0.8039962113285685,0.6992110429251429,0.0008051118775585508,0.45010940596291377,30.305076655463576,96.81278137837583,0.020619437461301807,0.010857571004520538,9.683317016314309
