subject,nll,bic,model,alpha,alpha_rec,theta,theta_rec,wp,wp_rec,eta,eta_rec,w_between_attwise,w_between_attwise_rec,w_between_altwise,w_between_altwise_rec,beta,beta_rec,b_last,b_last_rec,nll_rec
106-attributes,34.52888739231117,103.04573672101722,twostagemixturenoscaling,3.0,2.6909166345132403,0.7270449916368091,0.5116585285486158,0.4151363254135379,0.4095891442776165,0.0,0.0,0.421072717466808,0.29106106541999915,0.675766375212816,0.30623053293972535,22.00789676337961,39.51803882183639,0.03208806572460548,0.02051710067215502,27.818415393428648
