subject,nll,bic,model,alpha,alpha_rec,theta,theta_rec,wp,wp_rec,eta,eta_rec,w_between_attwise,w_between_attwise_rec,w_between_altwise,w_between_altwise_rec,beta,beta_rec,b_last,b_last_rec,nll_rec
69-alternatives,22.64376624343045,79.27549442325576,twostagemixturenoscaling,1.5336983634425687,1.3125692009907755,0.908157772897239,1.0,1.0,1.0,0.03124996622910447,0.19616654944645373,0.5881499184226646,0.24608218153501926,0.2658301020560876,0.22875310815911087,61.98945309342554,52.83748650196902,0.004542226994477486,0.007961443952833847,22.532979016704
