subject,nll,bic,model,alpha,alpha_rec,theta,theta_rec,wp,wp_rec,eta,eta_rec,w_between_attwise,w_between_attwise_rec,w_between_altwise,w_between_altwise_rec,beta,beta_rec,b_last,b_last_rec,nll_rec
144-alternatives,24.241869475725487,82.35659098822904,twostagemixturenoscaling,0.0,0.0,1.0,1.0,0.1733979141334738,0.0,0.678861757179002,0.25556556229203,0.4644547105242671,0.47746982783192354,0.6433405736813219,0.6180597837558227,32.44629033623633,42.2782905085722,0.00030736884025509047,0.0036613639771140684,21.57272875601168
