subject,nll,bic,model,alpha,alpha_rec,theta,theta_rec,wp,wp_rec,eta,eta_rec,w_between_attwise,w_between_attwise_rec,w_between_altwise,w_between_altwise_rec,beta,beta_rec,b_last,b_last_rec,nll_rec
97-alternatives,17.78939327383231,69.5667484840595,twostagemixturenoscaling,0.05874378268653589,0.0,1.0,0.9135487581608525,0.0,0.29187649748970396,0.35739322030875054,0.811707099669313,0.36066827805651336,0.5254664533307954,0.4284890522221947,0.5464142392543876,47.52662583903687,46.17362655153064,0.02335685771344677,0.02888452555872083,17.470776710529627
