subject,nll,bic,model,alpha,alpha_rec,theta,theta_rec,wp,wp_rec,eta,eta_rec,w_between_attwise,w_between_attwise_rec,w_between_altwise,w_between_altwise_rec,beta,beta_rec,b_last,b_last_rec,nll_rec
14-alternatives,18.65866754416685,71.30529702472857,twostagemixturenoscaling,0.6683507675767018,1.132833144488446,1.0,0.9144944121567412,0.46038068727035264,1.0,0.3309570174877886,0.2343279939168713,0.9751445842646438,0.36544727050225295,0.3908047840617961,0.16853614515219548,50.40554705316058,69.54296968801795,-0.0032490545483004254,0.010483706269681292,17.49436314428396
