subject,nll,bic,model,alpha,alpha_rec,theta,theta_rec,wp,wp_rec,eta,eta_rec,w_between_attwise,w_between_attwise_rec,w_between_altwise,w_between_altwise_rec,beta,beta_rec,b_last,b_last_rec,nll_rec
29-attributes,31.18756231035758,96.36308655711004,twostagemixturenoscaling,3.0,3.0,0.8463694980701685,0.6334146132440172,0.6585918990683447,0.6026601026202215,1.0,1.0,0.6890091758079813,0.6939499254473758,0.4969812056722121,0.33452796476907176,23.20246643237712,23.986821992754876,-0.0029990483238687055,0.0049065116322154646,32.050810243903186
