subject,nll,bic,model,alpha,alpha_rec,theta,theta_rec,wp,wp_rec,eta,eta_rec,w_between_attwise,w_between_attwise_rec,w_between_altwise,w_between_altwise_rec,beta,beta_rec,b_last,b_last_rec,nll_rec
160-attributes,24.715186598434855,83.3032252336478,twostagemixturenoscaling,0.0,0.3628302921364953,0.9999986387353065,0.32291106849764023,0.30564181577390637,0.0,1.0,0.9814354598487469,0.5718350409655719,0.11441782801326414,0.19079035161323588,0.35534351540429004,26.4076168165416,45.83762273177302,0.02934961579668335,0.0036008992865946467,21.092334983124434
