subject,nll,bic,model,alpha,alpha_rec,theta,theta_rec,wp,wp_rec,eta,eta_rec,w_between_attwise,w_between_attwise_rec,w_between_altwise,w_between_altwise_rec,beta,beta_rec,b_last,b_last_rec,nll_rec
109-alternatives,25.72778302341954,85.21162768824794,twostagemixturenoscaling,3.0,1.8838006383041548,0.0,0.4395654417511525,0.7137852988256369,1.0,0.3419624571167896,1.0764007719221494e-07,0.504628715601436,0.7370244425107153,0.22903255422445679,0.11075949374642119,81.97395609132724,83.34072390940385,0.0018953098445674923,0.003979526335113216,21.74511213520394
