subject,nll,bic,model,alpha,alpha_rec,theta,theta_rec,wp,wp_rec,eta,eta_rec,w_between_attwise,w_between_attwise_rec,w_between_altwise,w_between_altwise_rec,beta,beta_rec,b_last,b_last_rec,nll_rec
116-attributes,18.74667586195563,71.48131366030614,twostagemixturenoscaling,0.7510103006870955,0.43418003544512246,0.7467401688549569,0.79601421551141,1.0,0.0,1.0,0.267832895303422,0.04802015300744164,0.1708599189129722,0.4400621301572902,0.4664211452250974,47.37525728675905,58.66674323188063,-0.007174776941350487,-0.007589521136119323,14.557808416529015
