subject,nll,bic,model,alpha,alpha_rec,theta,theta_rec,wp,wp_rec,eta,eta_rec,w_between_attwise,w_between_attwise_rec,w_between_altwise,w_between_altwise_rec,beta,beta_rec,b_last,b_last_rec,nll_rec
192-alternatives,0.0030829450924928234,33.99412782657986,twostagemixturenoscaling,0.0,0.0,1.0,1.0,1.0,1.0,1.0,1.0,0.38256411082344266,0.38256411082344266,0.13913057679613058,0.13913057679613058,100.0,100.0,0.01401848242516555,0.01401848242516555,0.0030829450924928234
