subject,nll,bic,model,alpha,alpha_rec,theta,theta_rec,wp,wp_rec,eta,eta_rec,w_between_attwise,w_between_attwise_rec,w_between_altwise,w_between_altwise_rec,beta,beta_rec,b_last,b_last_rec,nll_rec
191-alternatives,14.318429284864402,62.62482050612368,twostagemixturenoscaling,0.8644295056787475,1.0799767270537168,0.9239359348427334,0.8494216876353847,0.0,0.0,0.5363788922701893,1.0,0.614914150326374,0.5171889775372054,0.1694759874276932,0.04607137121417555,89.79422194628552,100.0,0.00933467041767223,0.006080193897446999,13.934296888493275
