subject,nll,bic,model,alpha,alpha_rec,theta,theta_rec,wp,wp_rec,eta,eta_rec,w_between_attwise,w_between_attwise_rec,w_between_altwise,w_between_altwise_rec,beta,beta_rec,b_last,b_last_rec,nll_rec
143-alternatives,29.98776725983448,93.96349645606384,twostagemixturenoscaling,0.9505678156667091,1.2086370028715658,1.0,1.0,0.0,1.0,9.313608596185599e-06,0.5279416520697835,0.5501050828111758,0.11774717683200397,0.011660267640607971,0.2347034012549282,23.717998230703817,18.02638475291873,0.030857731076586927,0.05874537017142479,30.82238710373497
