subject,nll,bic,model,alpha,alpha_rec,theta,theta_rec,wp,wp_rec,eta,eta_rec,w_between_attwise,w_between_attwise_rec,w_between_altwise,w_between_altwise_rec,beta,beta_rec,b_last,b_last_rec,nll_rec
161-alternatives,9.133563153812293,52.25508824401946,twostagemixturenoscaling,0.27305906985614825,0.259006380051434,1.0,1.0,0.3385763858779189,0.30631227517009885,0.7130951932617152,1.0,0.854665969389322,0.010894196160795178,0.23405413611460538,0.18194539760512854,76.1901569876265,100.0,0.014830470486175055,0.01523879165930018,5.492689979994502
