subject,nll,bic,model,alpha,alpha_rec,theta,theta_rec,wp,wp_rec,eta,eta_rec,w_between_attwise,w_between_attwise_rec,w_between_altwise,w_between_altwise_rec,beta,beta_rec,b_last,b_last_rec,nll_rec
141-alternatives,17.034608026133956,68.05717798866279,twostagemixturenoscaling,0.0,0.0,1.0,1.0,0.0,0.2161081514389971,0.07133991947291032,0.26764292596548905,0.8464355366384914,0.41194972032499233,0.47070695552088065,0.5323265245948479,56.852957212489926,34.02203876968139,-0.006277711137353585,0.0009105612402419472,24.13222029684466
