subject,nll,bic,model,alpha,alpha_rec,theta,theta_rec,wp,wp_rec,eta,eta_rec,w_between_attwise,w_between_attwise_rec,w_between_altwise,w_between_altwise_rec,beta,beta_rec,b_last,b_last_rec,nll_rec
142-attributes,12.453692714426301,58.895347365247474,twostagemixturenoscaling,0.0,0.0,0.7962458363903651,1.0,0.3367100012750152,0.34378517709179085,1.0,0.8143051810839211,0.6201845361596435,0.616363777448481,0.4040016944327457,0.49860133117021965,59.12867480771202,100.0,0.004803452837655436,0.012356850881929194,3.953628038543936
