subject,nll,bic,model,alpha,alpha_rec,theta,theta_rec,wp,wp_rec,eta,eta_rec,w_between_attwise,w_between_attwise_rec,w_between_altwise,w_between_altwise_rec,beta,beta_rec,b_last,b_last_rec,nll_rec
105-alternatives,17.861643186175712,69.71124830874629,twostagemixturenoscaling,0.0,1.1823938941595595,0.6955716932594868,1.0,0.4915718532207644,0.6450150084777676,0.8674970682047264,0.19733184347253338,0.15157197186698845,0.25744199808739376,0.9010749744716824,0.408397351027986,50.162815939626896,56.58147300113015,0.00014704122986911272,0.002602694583273683,22.123250419378035
