subject,nll,bic,model,alpha,alpha_rec,theta,theta_rec,wp,wp_rec,eta,eta_rec,w_between_attwise,w_between_attwise_rec,w_between_altwise,w_between_altwise_rec,beta,beta_rec,b_last,b_last_rec,nll_rec
190-alternatives,21.44814840337395,76.88425874314277,twostagemixturenoscaling,0.0,0.0,1.0,0.7047391827053043,0.2896533709775609,0.0,0.2778204237439228,0.5371948704402466,0.5295271308860721,0.9050243533792377,0.7245467412227946,0.42813328952230295,48.53369736493913,38.73685602677696,0.0003359376131065578,-0.010012526000683862,23.06112565440065
