subject,nll,bic,model,alpha,alpha_rec,theta,theta_rec,wp,wp_rec,eta,eta_rec,w_between_attwise,w_between_attwise_rec,w_between_altwise,w_between_altwise_rec,beta,beta_rec,b_last,b_last_rec,nll_rec
170-attributes,17.09445326974713,68.17686847588914,twostagemixturenoscaling,0.23517233462801132,0.18143109690515422,0.7718878740972015,0.7730111452027663,0.4529687043183561,0.04094017901836257,1.0,1.0,0.4526940486038846,0.20521218565305507,0.2606073789035899,0.8941764796192404,42.68701652607206,45.83101009814926,-0.00438462438361498,-0.012039326223582765,17.103727561893667
