subject,nll,bic,model,alpha,alpha_rec,theta,theta_rec,wp,wp_rec,eta,eta_rec,w_between_attwise,w_between_attwise_rec,w_between_altwise,w_between_altwise_rec,beta,beta_rec,b_last,b_last_rec,nll_rec
35-alternatives,23.723980364131048,81.43592266465697,twostagemixturenoscaling,0.0,0.0,0.9436584843027326,0.8475811919351416,0.0,0.06616110108418824,0.6018064643248332,0.17150916311367806,0.75795421143938,0.7724405658226499,0.33425629290418674,0.3149830056053766,26.787879635000976,18.873473929703337,-0.003215515704358619,-0.0009679907407837873,25.565129934951536
