subject,nll,bic,model,alpha,alpha_rec,theta,theta_rec,wp,wp_rec,eta,eta_rec,w_between_attwise,w_between_attwise_rec,w_between_altwise,w_between_altwise_rec,beta,beta_rec,b_last,b_last_rec,nll_rec
103-attributes,18.07236394691401,70.13268983022289,twostagemixturenoscaling,3.0,2.5526471220839593,0.19085955033116572,1.0,0.6867176735383255,0.7714228621958308,0.2881823269345115,0.0,0.706294750178332,0.7010217099121808,0.6243033716247481,0.5163906648835533,68.45639183156109,100.0,8.074464325906708e-05,-0.0050601851057242055,8.054566397704322
