subject,nll,bic,model,alpha,alpha_rec,theta,theta_rec,wp,wp_rec,eta,eta_rec,w_between_attwise,w_between_attwise_rec,w_between_altwise,w_between_altwise_rec,beta,beta_rec,b_last,b_last_rec,nll_rec
153-attributes,21.406943085461897,76.80184810731868,twostagemixturenoscaling,3.0,3.0,0.10556766160687707,0.32305023414971806,0.4829868875154051,0.5030063751521984,0.8857750028926238,1.0,0.7847787561738286,0.6291955648678075,0.29619191818585766,0.5806713206563154,48.400731568302135,59.78307323783403,0.01459915937164134,0.0026161294722034946,20.132604861649746
