subject,nll,bic,model,alpha,alpha_rec,theta,theta_rec,wp,wp_rec,eta,eta_rec,w_between_attwise,w_between_attwise_rec,w_between_altwise,w_between_altwise_rec,beta,beta_rec,b_last,b_last_rec,nll_rec
197-attributes,0.0006578847950029092,33.75737741099886,twostagemixturenoscaling,0.0,0.0,1.0,1.0,0.8187533763384858,0.8187533763384858,0.0786628242170222,0.0786628242170222,0.0,0.0,0.1472405687182926,0.1472405687182926,100.0,100.0,0.002001678408052552,0.002001678408052552,0.0006578847950029092
