subject,nll,bic,model,alpha,alpha_rec,theta,theta_rec,wp,wp_rec,eta,eta_rec,w_between_attwise,w_between_attwise_rec,w_between_altwise,w_between_altwise_rec,beta,beta_rec,b_last,b_last_rec,nll_rec
38-attributes,28.984656687640136,91.95727531167515,twostagemixturenoscaling,0.0,0.0,0.3794231855395724,0.29861363717869366,0.5074901541094712,0.36774246084556034,1.0,1.0,0.8613048001024676,0.6197610580851638,0.7778819880717531,0.875462792643008,23.862541102459815,25.86759318562721,-0.01714688473453205,-0.027827178428244063,28.761598997430866
