subject,nll,bic,model,alpha,alpha_rec,theta,theta_rec,wp,wp_rec,eta,eta_rec,w_between_attwise,w_between_attwise_rec,w_between_altwise,w_between_altwise_rec,beta,beta_rec,b_last,b_last_rec,nll_rec
129-alternatives,22.941433064057943,79.87082806451076,twostagemixturenoscaling,3.0,3.0,0.13213035909605958,0.17642305859108512,0.5953825709257923,0.5928082019460946,0.16293923347141245,0.8885452540286709,0.6473316606067049,0.3727244925703239,0.5261462888051264,0.3825827234934318,86.26811481876656,80.4028476970644,0.0016256054163649883,0.009341324313700786,20.518481035550348
