subject,nll,bic,model,alpha,alpha_rec,theta,theta_rec,wp,wp_rec,eta,eta_rec,w_between_attwise,w_between_attwise_rec,w_between_altwise,w_between_altwise_rec,beta,beta_rec,b_last,b_last_rec,nll_rec
94-alternatives,22.273835563777105,78.53563306394909,twostagemixturenoscaling,1.4845220378263886,1.324009153567872,1.0,1.0,0.6976426352888756,1.0,0.042571453751366894,0.228671815688529,0.545526074546438,0.40586140159245093,0.44351193087471735,0.16231984870493904,65.31622526580448,58.22301214795505,0.006450998982165304,0.0071319573026569225,22.487621181114495
