subject,nll,bic,model,alpha,alpha_rec,theta,theta_rec,wp,wp_rec,eta,eta_rec,w_between_attwise,w_between_attwise_rec,w_between_altwise,w_between_altwise_rec,beta,beta_rec,b_last,b_last_rec,nll_rec
102-alternatives,24.415538199752085,82.81903833589905,twostagemixturenoscaling,0.0,0.0,1.0,0.7555834283862207,0.4657746646843393,0.2426572050166826,0.29458360100765324,0.6434463207089678,0.25224952909861775,0.16076188431472804,0.855696240165918,0.5215144455059784,42.03834872193328,40.57858422267253,0.009739472798675892,0.007930506698111916,21.330088616588995
