subject,nll,bic,model,alpha,alpha_rec,theta,theta_rec,wp,wp_rec,eta,eta_rec,w_between_attwise,w_between_attwise_rec,w_between_altwise,w_between_altwise_rec,beta,beta_rec,b_last,b_last_rec,nll_rec
6-alternatives,6.712868714273842,47.41369936494256,twostagemixturenoscaling,0.10821952922136308,0.0,1.0,1.0,0.33286279663986257,0.4448184703372854,1.0,0.7861859975017135,0.3266214922859541,0.11062968499738274,0.41315607695153084,0.6631376780163043,100.0,91.99943280110442,-0.004634340598478342,1.8969024429993768e-05,8.815442795830823
