subject,nll,bic,model,alpha,alpha_rec,theta,theta_rec,wp,wp_rec,eta,eta_rec,w_between_attwise,w_between_attwise_rec,w_between_altwise,w_between_altwise_rec,beta,beta_rec,b_last,b_last_rec,nll_rec
122-alternatives,23.4648126123881,80.91758716117107,twostagemixturenoscaling,0.6500198746306366,0.7746307399472904,1.0,1.0,0.4084839646977989,0.175575013798686,0.9175424916583466,0.5320855841675589,0.808811815943288,0.6556612411973111,0.4319331491022197,0.17850656019418132,34.54981428034395,75.96944516704622,-0.014945366599893707,-0.022379691266256743,13.570996731229663
