subject,nll,bic,model,alpha,alpha_rec,theta,theta_rec,wp,wp_rec,eta,eta_rec,w_between_attwise,w_between_attwise_rec,w_between_altwise,w_between_altwise_rec,beta,beta_rec,b_last,b_last_rec,nll_rec
11-alternatives,28.261791812019716,90.51154556043431,twostagemixturenoscaling,1.6347543255028045,1.4572691999649992,0.8403514972797124,0.5562945521937892,0.5498903660737459,0.6653015791411291,0.025183731748087874,1.0,0.8650933301809852,0.2483477760098466,0.4692488289746182,0.12078964519788912,44.1280098982179,100.0,-0.011593301054668305,-0.009681807654696641,15.003108426619125
