subject,nll,bic,model,alpha,alpha_rec,theta,theta_rec,wp,wp_rec,eta,eta_rec,w_between_attwise,w_between_attwise_rec,w_between_altwise,w_between_altwise_rec,beta,beta_rec,b_last,b_last_rec,nll_rec
151-attributes,16.372921499248847,66.73380493489256,twostagemixturenoscaling,0.40842622462023814,0.21277714028274627,0.7301486517670386,0.8326124091213417,0.0,0.0,0.0,0.061453413575806505,0.16733823277688084,0.32968987076381,0.14931653056446248,0.16440072356214874,53.02741657321652,41.49404555887246,0.003749304204195307,0.00020970003646092141,20.557151056468246
