subject,nll,bic,model,alpha,alpha_rec,theta,theta_rec,wp,wp_rec,eta,eta_rec,w_between_attwise,w_between_attwise_rec,w_between_altwise,w_between_altwise_rec,beta,beta_rec,b_last,b_last_rec,nll_rec
48-attributes,25.326266443042755,84.64049482248038,twostagemixturenoscaling,0.9486197144683111,1.0727190088775436,0.7062955888801783,0.9338319791919947,0.0,0.0,1.0,1.0,0.12852169731698854,0.09961909508078573,0.34293723512905905,0.34713207670522267,35.28593312546393,50.47372439448979,0.003853470797236554,7.846581607466596e-05,20.57468406027518
