subject,nll,bic,model,alpha,alpha_rec,theta,theta_rec,wp,wp_rec,eta,eta_rec,w_between_attwise,w_between_attwise_rec,w_between_altwise,w_between_altwise_rec,beta,beta_rec,b_last,b_last_rec,nll_rec
150-alternatives,31.84015334661392,97.55315873000592,twostagemixturenoscaling,0.0,0.0,0.75713215434786,1.0,0.0,0.4417380253347555,0.1258639972803721,0.7642264496018732,0.862792157537603,0.47563582599690807,0.6262528670078347,0.9508076182417952,21.47869605472492,29.055430924694495,0.026596899180306943,0.017301756151059302,25.88884836358866
