subject,nll,bic,model,alpha,alpha_rec,theta,theta_rec,wp,wp_rec,eta,eta_rec,w_between_attwise,w_between_attwise_rec,w_between_altwise,w_between_altwise_rec,beta,beta_rec,b_last,b_last_rec,nll_rec
175-attributes,21.17055556049106,76.21396315776019,twostagemixturenoscaling,0.0,0.02288577026198994,0.6671349447082173,0.4296585180036606,0.34253912583254065,0.0,0.603082107580091,0.6642707047291382,0.6540565667189374,0.36593674007906163,0.11141953560347329,0.23432084793795954,41.38552960515023,56.03170088250581,0.011941821652223265,0.011607003900812473,16.5852637182423
