subject,nll,bic,model,alpha,alpha_rec,theta,theta_rec,wp,wp_rec,eta,eta_rec,w_between_attwise,w_between_attwise_rec,w_between_altwise,w_between_altwise_rec,beta,beta_rec,b_last,b_last_rec,nll_rec
156-attributes,7.350809896902038,48.68958173019895,twostagemixturenoscaling,0.0,0.0,1.0,1.0,0.33454033189621163,0.4467954980173375,0.5326229281705445,0.6688672109635629,0.6341233258588866,0.7399731061682746,0.6869338220528981,0.5590109996678376,100.0,100.0,0.009408851992723564,0.009816912854790838,3.1110972584423378
