subject,nll,bic,model,alpha,alpha_rec,theta,theta_rec,wp,wp_rec,eta,eta_rec,w_between_attwise,w_between_attwise_rec,w_between_altwise,w_between_altwise_rec,beta,beta_rec,b_last,b_last_rec,nll_rec
62-attributes,21.08099197927903,76.14994589495294,twostagemixturenoscaling,0.0,0.12980548587435844,0.7206854701254001,0.42034958547336526,0.31865812211461153,0.0,1.0,0.12697022842042932,0.4742202190063067,0.2742074328045607,0.5440747585878415,0.6266988630762439,36.77098904684211,79.53072684690196,-0.003914848287435392,1.365549571168299e-05,14.20852044353461
