subject,nll,bic,model,alpha,alpha_rec,theta,theta_rec,wp,wp_rec,eta,eta_rec,w_between_attwise,w_between_attwise_rec,w_between_altwise,w_between_altwise_rec,beta,beta_rec,b_last,b_last_rec,nll_rec
79-alternatives,26.204217550977862,86.3963970383506,twostagemixturenoscaling,0.3339231257088933,0.05346103164347324,1.0,0.7528362212591562,1.0,0.7446442860277973,0.4576141045339145,0.3708323467192686,0.47095911324604145,0.5934058258670432,0.28510819071420734,0.5906747145850015,13.489753906718791,17.059711525876327,0.054603189704301294,0.04161353653387135,22.602228469669832
