subject,nll,bic,model,alpha,alpha_rec,theta,theta_rec,wp,wp_rec,eta,eta_rec,w_between_attwise,w_between_attwise_rec,w_between_altwise,w_between_altwise_rec,beta,beta_rec,b_last,b_last_rec,nll_rec
199-alternatives,36.06846753088798,106.12489699817084,twostagemixturenoscaling,0.0,0.0,0.755444982158636,0.8081096956610425,0.018218656884591226,0.0,0.25993585243811673,0.6994960218658576,0.8434847476698613,0.6580279761055648,0.6498902300625753,0.5500872192316223,16.69561230373866,15.934600974830163,0.00045096880628668455,-0.0007065480569458072,34.52673259846554
