subject,nll,bic,model,alpha,alpha_rec,theta,theta_rec,wp,wp_rec,eta,eta_rec,w_between_attwise,w_between_attwise_rec,w_between_altwise,w_between_altwise_rec,beta,beta_rec,b_last,b_last_rec,nll_rec
83-alternatives,18.799993080524004,71.58794809744288,twostagemixturenoscaling,0.0,0.1960818569016277,1.0,1.0,0.4862012439538685,0.15291166784230503,0.7242954190183257,0.546201950359624,0.5214861069243818,0.01210983023129275,0.7474555851032296,0.27281080978715194,42.58382414729995,94.60324124684908,0.004409201134529564,2.220158519118444e-05,8.815964257989567
