subject,nll,bic,model,alpha,alpha_rec,theta,theta_rec,wp,wp_rec,eta,eta_rec,w_between_attwise,w_between_attwise_rec,w_between_altwise,w_between_altwise_rec,beta,beta_rec,b_last,b_last_rec,nll_rec
190-attributes,26.362395185357027,86.71275230710893,twostagemixturenoscaling,3.0,1.9099440034713735,0.6136586683654238,0.0773206636789034,0.6634717906234725,1.0,1.0,1.0,0.26986265662307385,0.08435055070379426,0.28195564586649113,0.6401333253779056,52.24982570510969,72.26283331863908,-0.01477375730250001,-0.005767692630140811,27.673647509888653
