subject,nll,bic,model,alpha,alpha_rec,theta,theta_rec,wp,wp_rec,eta,eta_rec,w_between_attwise,w_between_attwise_rec,w_between_altwise,w_between_altwise_rec,beta,beta_rec,b_last,b_last_rec,nll_rec
175-alternatives,15.915832517592829,65.81962697158053,twostagemixturenoscaling,1.2415787080559135,0.12329994884280204,1.0,1.0,0.5545800583688122,0.40323189570517565,0.4983889840838938,0.8651949118792256,0.5207904217763624,0.40542420047131705,0.3514121545449818,0.8847926694512199,87.84581481695614,57.69899738565628,0.006839277008527503,0.01168202563666461,17.632947888923933
