subject,nll,bic,model,alpha,alpha_rec,theta,theta_rec,wp,wp_rec,eta,eta_rec,w_between_attwise,w_between_attwise_rec,w_between_altwise,w_between_altwise_rec,beta,beta_rec,b_last,b_last_rec,nll_rec
112-alternatives,9.705679482642713,53.3993209016803,twostagemixturenoscaling,0.0,0.0,0.8934371030552712,1.0,0.20317836626152874,0.5225292435210158,0.5818154160999311,0.6988563977137148,0.6731108374224074,0.5764393085399988,0.4926934696706393,0.8144586950103085,96.16736907738462,60.378608681894086,0.010933453266760939,-0.003939814464525657,13.508031184966441
