subject,nll,bic,model,alpha,alpha_rec,theta,theta_rec,wp,wp_rec,eta,eta_rec,w_between_attwise,w_between_attwise_rec,w_between_altwise,w_between_altwise_rec,beta,beta_rec,b_last,b_last_rec,nll_rec
33-alternatives,24.127190494962612,82.2423429263201,twostagemixturenoscaling,0.6053562107306312,0.0,0.7459603687221691,0.45785113422002355,0.310434925312486,0.37423465510908815,0.5503738927088521,0.5693009993235936,0.7866742156679517,0.7050178990026644,0.31414903042049575,0.7020944314559016,37.57084765120618,52.69668147745411,0.004043724795074026,-0.00284772971451603,19.752469386589542
