subject,nll,bic,model,alpha,alpha_rec,theta,theta_rec,wp,wp_rec,eta,eta_rec,w_between_attwise,w_between_attwise_rec,w_between_altwise,w_between_altwise_rec,beta,beta_rec,b_last,b_last_rec,nll_rec
124-attributes,19.62518696667061,73.23833586973609,twostagemixturenoscaling,2.8605524204714134,1.525067876188813,0.38660150657846815,0.9327180716066494,0.5007260781475801,1.0,0.8962927983015393,0.43831190235442474,0.6291901467779928,0.10151791522860576,0.8121248678284931,0.6813770599342129,63.68209743292923,85.02848833919018,1.8854508141606954e-05,0.002028680227124925,18.290779365362535
