subject,nll,bic,model,alpha,alpha_rec,theta,theta_rec,wp,wp_rec,eta,eta_rec,w_between_attwise,w_between_attwise_rec,w_between_altwise,w_between_altwise_rec,beta,beta_rec,b_last,b_last_rec,nll_rec
19-attributes,13.09126274144379,60.17048741928245,twostagemixturenoscaling,0.0,0.35465296036491867,0.9554601878220271,1.0,0.3410337210595106,0.055274457952492036,0.6016415243485573,0.0,0.7725079344071422,0.48540252380685667,0.82807058792161,0.7449385126945487,86.5429524115012,100.0,-0.01087933251533484,-0.012432577085312277,9.604352451574137
