subject,nll,bic,model,alpha,alpha_rec,theta,theta_rec,wp,wp_rec,eta,eta_rec,w_between_attwise,w_between_attwise_rec,w_between_altwise,w_between_altwise_rec,beta,beta_rec,b_last,b_last_rec,nll_rec
159-attributes,21.74166288988881,77.3561778165557,twostagemixturenoscaling,0.18462817903157386,0.0,0.3884604677622488,0.5974475988433529,0.4512739850108114,0.4036723345397308,1.0,1.0,0.7018836482675671,0.8075779875119553,0.14880762160715855,0.4492316559372941,38.660108923180786,51.42678571909562,0.0076598386660428576,0.006507883360125783,18.507824570489685
