subject,nll,bic,model,alpha,alpha_rec,theta,theta_rec,wp,wp_rec,eta,eta_rec,w_between_attwise,w_between_attwise_rec,w_between_altwise,w_between_altwise_rec,beta,beta_rec,b_last,b_last_rec,nll_rec
87-attributes,23.763714445014855,81.51539082642458,twostagemixturenoscaling,0.2901545276056375,0.4750474944547114,0.1534224101107404,0.4642650713477263,0.0,1.0,1.0,0.052369033344708264,0.038804309994594485,0.11333609063367027,0.7354061499747768,0.13324993838829546,35.72683175548884,25.74933704330073,-0.006434294618841842,-0.0072751945133384096,26.71985866917707
