subject,nll,bic,model,alpha,alpha_rec,theta,theta_rec,wp,wp_rec,eta,eta_rec,w_between_attwise,w_between_attwise_rec,w_between_altwise,w_between_altwise_rec,beta,beta_rec,b_last,b_last_rec,nll_rec
185-alternatives,27.92525135405858,89.83846464451204,twostagemixturenoscaling,0.0,0.0,0.6115363754901207,0.707945315335523,0.40753412660005955,0.06671295800602445,0.5059457684563785,0.12180651381894426,0.5358532873124463,0.5988398108413364,0.8635856765883183,0.6553834704737592,31.92263839576593,48.79154512085811,0.007496623517702634,0.009284971536401634,21.464482447141712
