subject,nll,bic,model,alpha,alpha_rec,theta,theta_rec,wp,wp_rec,eta,eta_rec,w_between_attwise,w_between_attwise_rec,w_between_altwise,w_between_altwise_rec,beta,beta_rec,b_last,b_last_rec,nll_rec
93-attributes,35.82768472634512,105.64333138908512,twostagemixturenoscaling,2.3183928692102946,1.9451917817411684,0.749306728978659,0.286181576488022,1.0,1.0,1.0,1.0,0.17402519080354487,0.13719858610481192,0.6598241073742754,0.07340953857750765,24.935551863268998,34.696246738413045,0.006510930689076412,-0.003387237389503899,34.37536729616659
