subject,nll,bic,model,alpha,alpha_rec,theta,theta_rec,wp,wp_rec,eta,eta_rec,w_between_attwise,w_between_attwise_rec,w_between_altwise,w_between_altwise_rec,beta,beta_rec,b_last,b_last_rec,nll_rec
31-alternatives,39.493793283475995,112.97554850334686,twostagemixturenoscaling,0.0,0.0,1.0,0.12848052397593918,0.0,0.0,0.5817046830537647,0.15999099780984055,0.0240103026281277,0.32119951267332025,0.6467353553105081,0.6037514118297046,9.418894915071903,8.04802296936359,0.029546923032739536,-0.016841709136978626,44.683025299127095
