subject,nll,bic,model,alpha,alpha_rec,theta,theta_rec,wp,wp_rec,eta,eta_rec,w_between_attwise,w_between_attwise_rec,w_between_altwise,w_between_altwise_rec,beta,beta_rec,b_last,b_last_rec,nll_rec
126-alternatives,21.44169295955202,76.87134785549893,twostagemixturenoscaling,1.005267128531371,0.741146532168433,0.0,0.5886975717339938,0.6488997155265747,0.714900481444133,0.6668779211317557,1.0,0.7107794478444748,0.9168719137809936,0.719411115161912,0.5380540291675148,41.79882657283569,100.0,0.0004157256548928547,0.024018481334125114,4.703581009503198
