subject,nll,bic,model,alpha,alpha_rec,theta,theta_rec,wp,wp_rec,eta,eta_rec,w_between_attwise,w_between_attwise_rec,w_between_altwise,w_between_altwise_rec,beta,beta_rec,b_last,b_last_rec,nll_rec
25-attributes,16.60778238208149,67.20352670055786,twostagemixturenoscaling,0.0,0.19095376900364294,0.7091822757970084,1.0,0.31278008987039574,0.30865670453623245,0.8094369993983179,0.7224603335989596,0.7080045962318758,0.7231562372371807,0.4617356418922027,0.8330700558053311,58.44574107822232,100.0,0.01838692970794243,0.015533652468671942,9.867468355269674
