subject,nll,bic,model,alpha,alpha_rec,theta,theta_rec,wp,wp_rec,eta,eta_rec,w_between_attwise,w_between_attwise_rec,w_between_altwise,w_between_altwise_rec,beta,beta_rec,b_last,b_last_rec,nll_rec
1-attributes,32.53805681827661,99.0640755729481,twostagemixturenoscaling,0.0,0.13329040306382092,0.48192948924698725,0.7815691321832589,0.20089981991003733,0.13795450844088045,0.691551568469817,0.08986879275057798,0.5191107169537601,0.5782811593328002,0.2978294294111543,0.2701763960413604,22.00216811297265,34.430207347026176,0.009871803110477737,0.0005046579269067951,27.11684421770198
