subject,nll,bic,model,alpha,alpha_rec,theta,theta_rec,wp,wp_rec,eta,eta_rec,w_between_attwise,w_between_attwise_rec,w_between_altwise,w_between_altwise_rec,beta,beta_rec,b_last,b_last_rec,nll_rec
69-attributes,26.55404192447209,87.09604578533906,twostagemixturenoscaling,1.7137342518017902,1.9116471222481297,0.5331678412851321,0.4127746907972713,0.8321208194578372,1.0,1.0,0.0,0.3735009781999014,0.4765487675830918,0.22639830742138578,0.584205795611038,31.549075726510818,46.87918913071745,-0.0028817501094763383,-0.005489852018352548,22.08664068165677
