subject,nll,bic,model,alpha,alpha_rec,theta,theta_rec,wp,wp_rec,eta,eta_rec,w_between_attwise,w_between_attwise_rec,w_between_altwise,w_between_altwise_rec,beta,beta_rec,b_last,b_last_rec,nll_rec
67-attributes,27.266006393301783,88.51997472299844,twostagemixturenoscaling,0.0,0.0,0.27022504590561797,0.4408870464703438,0.30734889886124617,0.29189428191157735,0.9773140183327701,1.0,0.392824208595316,0.44442399675672734,0.5466607554758395,0.9955785918899618,29.62212987557418,31.644852249886846,-0.014572208648017572,-0.015143035113653754,25.490868056339295
