subject,nll,bic,model,alpha,alpha_rec,theta,theta_rec,wp,wp_rec,eta,eta_rec,w_between_attwise,w_between_attwise_rec,w_between_altwise,w_between_altwise_rec,beta,beta_rec,b_last,b_last_rec,nll_rec
46-alternatives,29.39839944827346,92.7847608329418,twostagemixturenoscaling,0.6563746598996669,0.5062749696363705,1.0,0.6946827568094314,0.0,0.3931147093680572,0.19782388185847263,0.855170488478547,0.026508169418792304,0.7376130267251513,0.047817937674601636,0.09197284530735264,20.765140062967852,20.009557504481435,0.03685888326978319,0.038197430550652806,29.943941211269557
