subject,nll,bic,model,alpha,alpha_rec,theta,theta_rec,wp,wp_rec,eta,eta_rec,w_between_attwise,w_between_attwise_rec,w_between_altwise,w_between_altwise_rec,beta,beta_rec,b_last,b_last_rec,nll_rec
14-attributes,25.921630218476686,85.83122237334825,twostagemixturenoscaling,0.5659594545340753,0.48137412034941895,0.7383461262510893,0.8295378814288004,0.0,0.0,0.0,0.05536018309449265,0.09609938508087337,0.14694651226929628,0.5311049498883363,0.32300785639875285,30.666432172286655,29.353229198912075,0.008548030097257466,0.02603405706641044,24.744230931164896
