subject,nll,bic,model,alpha,alpha_rec,theta,theta_rec,wp,wp_rec,eta,eta_rec,w_between_attwise,w_between_attwise_rec,w_between_altwise,w_between_altwise_rec,beta,beta_rec,b_last,b_last_rec,nll_rec
160-alternatives,13.593686660715797,61.17533525782647,twostagemixturenoscaling,3.0,3.0,1.0,0.8907190808072771,0.6727457576659912,0.6481322198700076,0.8716919786048626,0.68312455093443,0.4777193763178941,0.5598008365726878,0.4584896152453147,0.4619988115218594,98.78134983933877,69.47186886182863,0.01223071073391347,3.4804679637426084e-05,20.42494675058424
