subject,nll,bic,model,alpha,alpha_rec,theta,theta_rec,wp,wp_rec,eta,eta_rec,w_between_attwise,w_between_attwise_rec,w_between_altwise,w_between_altwise_rec,beta,beta_rec,b_last,b_last_rec,nll_rec
166-attributes,16.123031129546852,66.23402419548859,twostagemixturenoscaling,3.0,3.0,1.0,1.0,0.5214350547840465,0.40763143198582613,0.10333929988634262,0.48209343600167387,0.35930855584645993,0.8248958748971386,0.27193737720648725,0.8292160839202378,100.0,100.0,0.005423805368534034,0.012173053717256084,11.968028063777957
