subject,nll,bic,model,alpha,alpha_rec,theta,theta_rec,wp,wp_rec,eta,eta_rec,w_between_attwise,w_between_attwise_rec,w_between_altwise,w_between_altwise_rec,beta,beta_rec,b_last,b_last_rec,nll_rec
86-attributes,0.0006558847976555299,33.989273705990186,twostagemixturenoscaling,0.0,0.0,1.0,1.0,0.9911585186703417,0.9911585186703417,0.03792317842500688,0.03792317842500688,0.0,0.0,0.45899038472927156,0.45899038472927156,100.0,100.0,0.0020016816342794037,0.0020016816342794037,0.0006558847976555299
