subject,nll,bic,model,alpha,alpha_rec,theta,theta_rec,wp,wp_rec,eta,eta_rec,w_between_attwise,w_between_attwise_rec,w_between_altwise,w_between_altwise_rec,beta,beta_rec,b_last,b_last_rec,nll_rec
189-alternatives,19.55992172180989,72.99269548039786,twostagemixturenoscaling,0.8222152523855519,1.2590292163249632,0.613367730832152,0.6958774120673675,1.0,1.0,0.7878392121086535,0.26135002789873213,0.10673888349517857,0.5837855003332176,0.11736221445473659,0.3158388538756456,45.530459147368596,50.16180535063994,-0.0014707446100562524,-0.0014392255352325264,18.847852949035715
