subject,nll,bic,model,alpha,alpha_rec,theta,theta_rec,wp,wp_rec,eta,eta_rec,w_between_attwise,w_between_attwise_rec,w_between_altwise,w_between_altwise_rec,beta,beta_rec,b_last,b_last_rec,nll_rec
27-attributes,21.871171597698503,77.73030513179188,twostagemixturenoscaling,0.9851162260058208,0.9484817236267826,0.8107006291064365,0.5810399465166772,0.0,0.436309752600786,1.0,0.6957046736985706,0.03560267792704429,0.4480705110030351,0.8109921682604082,0.09470748977864568,53.06767832754871,61.611805957585595,0.005342921701561133,0.0075563015556283,19.689530398685555
