subject,nll,bic,model,alpha,alpha_rec,theta,theta_rec,wp,wp_rec,eta,eta_rec,w_between_attwise,w_between_attwise_rec,w_between_altwise,w_between_altwise_rec,beta,beta_rec,b_last,b_last_rec,nll_rec
135-alternatives,34.9156219255276,103.81920578745007,twostagemixturenoscaling,3.0,3.0,0.421374563937395,1.0,0.2901268806015053,0.1520100300841953,0.5868201406217022,0.16993817908672318,0.16301173255833773,0.39682635251425896,0.33186999970324293,0.6783869716224782,20.715697498943957,20.245267480704268,0.00274732140828781,0.0020141191239722894,27.683634494626407
