subject,nll,bic,model,alpha,alpha_rec,theta,theta_rec,wp,wp_rec,eta,eta_rec,w_between_attwise,w_between_attwise_rec,w_between_altwise,w_between_altwise_rec,beta,beta_rec,b_last,b_last_rec,nll_rec
23-attributes,21.359389157059468,76.7067402505138,twostagemixturenoscaling,0.3570137837798857,0.0,0.7652890729104487,0.760272971965585,0.0,0.5344778295915774,1.0,0.4070558233693896,0.07459818172828725,0.8217975154486831,0.9007356539344642,0.28991751380921166,31.161972237557137,54.376207968415535,0.014775840710841025,0.02828511865560275,16.965918753965987
