subject,nll,bic,model,alpha,alpha_rec,theta,theta_rec,wp,wp_rec,eta,eta_rec,w_between_attwise,w_between_attwise_rec,w_between_altwise,w_between_altwise_rec,beta,beta_rec,b_last,b_last_rec,nll_rec
8-attributes,15.054898553997427,64.09775904438973,twostagemixturenoscaling,0.142073671680662,0.19145224098917826,0.9474418569631933,0.993028595183465,0.0,0.0,1.0,0.16626068862420518,0.20406710033030212,0.25734992880507435,0.6992342169038815,0.8450558949744285,51.721592494212445,99.76187810811975,-0.007839187817493657,-0.010484229558876058,9.16704538232255
