subject,nll,bic,model,alpha,alpha_rec,theta,theta_rec,wp,wp_rec,eta,eta_rec,w_between_attwise,w_between_attwise_rec,w_between_altwise,w_between_altwise_rec,beta,beta_rec,b_last,b_last_rec,nll_rec
40-alternatives,19.858008301331694,73.70397853905826,twostagemixturenoscaling,0.0,0.9569188035262086,1.0,1.0,0.29421143617678414,0.0,0.2881832943106399,0.9999999999812592,0.5549725264564149,0.12473569496984327,0.7464920235813162,0.013515420696613037,55.499077253617344,81.22250288408809,0.005926783539565935,0.008092991286805643,14.664249241305862
