subject,nll,bic,model,alpha,alpha_rec,theta,theta_rec,wp,wp_rec,eta,eta_rec,w_between_attwise,w_between_attwise_rec,w_between_altwise,w_between_altwise_rec,beta,beta_rec,b_last,b_last_rec,nll_rec
120-alternatives,23.66220891615741,81.31237976870969,twostagemixturenoscaling,0.6412786660812955,0.21055922681143552,1.0,0.37764709658437323,1.0,0.42974435567094144,0.492384808792597,0.25839559741211104,0.5225061227508849,0.4718849176797557,0.06347422912089615,0.5497476268300218,28.98661948427628,40.3929236769611,-0.007915124840141095,-0.002377050542492694,25.228063607906755
