subject,nll,bic,model,alpha,alpha_rec,theta,theta_rec,wp,wp_rec,eta,eta_rec,w_between_attwise,w_between_attwise_rec,w_between_altwise,w_between_altwise_rec,beta,beta_rec,b_last,b_last_rec,nll_rec
22-alternatives,28.342746733342988,90.67345540308085,twostagemixturenoscaling,0.0,0.0,0.5832748215165351,0.45318733402635086,0.5604733775803771,0.56639359477991,0.4263838222193514,0.9704768509905062,0.8757685260432911,0.620559485897575,0.6305424582624476,0.40390307912600737,19.836449511978213,18.640476758800418,0.014779116670605894,0.05037454254392189,22.53492710390858
