subject,nll,bic,model,alpha,alpha_rec,theta,theta_rec,wp,wp_rec,eta,eta_rec,w_between_attwise,w_between_attwise_rec,w_between_altwise,w_between_altwise_rec,beta,beta_rec,b_last,b_last_rec,nll_rec
28-attributes,24.48913295697518,82.96622785034523,twostagemixturenoscaling,0.0,0.19825301589012825,0.6940374874925275,0.199457495119526,0.3301549488205645,0.0,0.9656110491193625,0.9825910648464183,0.5944346503668047,0.19881709710175485,0.6527600685634812,0.5228699458703469,31.302182751829296,37.74983804307829,0.004430464762158149,0.00043631956510960343,25.58890340653203
