subject,nll,bic,model,alpha,alpha_rec,theta,theta_rec,wp,wp_rec,eta,eta_rec,w_between_attwise,w_between_attwise_rec,w_between_altwise,w_between_altwise_rec,beta,beta_rec,b_last,b_last_rec,nll_rec
45-alternatives,18.746269872024182,71.48050168044324,twostagemixturenoscaling,3.0,0.0,0.7373566889864214,0.29441617797224884,0.23257308256629902,0.0,0.6674256736606258,0.6182024354052741,0.03153439699452454,0.132200324285198,0.5569990572005232,0.7097316219435333,33.85065588444337,22.802338184529095,0.0067039075506992426,0.003855860910558842,21.859602125270083
