subject,nll,bic,model,alpha,alpha_rec,theta,theta_rec,wp,wp_rec,eta,eta_rec,w_between_attwise,w_between_attwise_rec,w_between_altwise,w_between_altwise_rec,beta,beta_rec,b_last,b_last_rec,nll_rec
75-attributes,7.584651829464042,49.15726559532296,twostagemixturenoscaling,0.0,0.03691010721511438,0.9744574636133826,1.0,0.36583961897719497,0.33672271449151636,1.0,0.7079452960095326,0.46772589451704777,0.4303845495613482,0.2374128369915105,0.7362815663517686,94.304077554786,100.0,0.019037517010252334,0.016334975145673548,4.306214206749636
