subject,nll,bic,model,alpha,alpha_rec,theta,theta_rec,wp,wp_rec,eta,eta_rec,w_between_attwise,w_between_attwise_rec,w_between_altwise,w_between_altwise_rec,beta,beta_rec,b_last,b_last_rec,nll_rec
103-alternatives,21.534211515261322,77.05638496691752,twostagemixturenoscaling,1.5546679067895457,3.0,1.0,1.0,0.8959212732027954,0.6713699942068376,0.260918636446045,0.9397777946356711,0.3088650271423623,0.5054719042095365,0.5118738634407819,0.6515556411158938,39.84270769784895,98.57907362095084,-0.007023270434415788,-0.0026678784776127664,12.116424331815566
