subject,nll,bic,model,alpha,alpha_rec,theta,theta_rec,wp,wp_rec,eta,eta_rec,w_between_attwise,w_between_attwise_rec,w_between_altwise,w_between_altwise_rec,beta,beta_rec,b_last,b_last_rec,nll_rec
179-attributes,18.697381614933256,71.3827251662614,twostagemixturenoscaling,0.4744216514410041,0.9130594939354435,0.5043135269025066,0.7748500011525449,0.0,0.0,0.44315502442683674,0.6243522718700694,0.46735143851157107,0.23151395101033165,0.9329896977603896,0.7405185087947098,47.13032420913303,67.6266942662737,0.003650944275442135,0.008791419585735637,15.64681560398571
