subject,nll,bic,model,alpha,alpha_rec,theta,theta_rec,wp,wp_rec,eta,eta_rec,w_between_attwise,w_between_attwise_rec,w_between_altwise,w_between_altwise_rec,beta,beta_rec,b_last,b_last_rec,nll_rec
129-attributes,26.591854841275325,87.17167161894552,twostagemixturenoscaling,3.0,1.9571611053293068,0.6040825091540838,0.408112522610362,0.6793313506473184,1.0,1.0,0.791555850610449,0.32800895657092544,0.12917487026899435,0.7992594705822506,0.14333180284740332,49.7605314444448,54.92040003042999,0.002618727954552002,0.002365333417050612,28.030715566286247
