subject,nll,bic,model,alpha,alpha_rec,theta,theta_rec,wp,wp_rec,eta,eta_rec,w_between_attwise,w_between_attwise_rec,w_between_altwise,w_between_altwise_rec,beta,beta_rec,b_last,b_last_rec,nll_rec
13-attributes,37.405467186119594,108.79889630863406,twostagemixturenoscaling,0.0,0.5182617790103138,0.4600141458367252,0.46528882858584525,0.24771156556976226,0.0,0.6233091915343488,0.0,0.6136732598529583,0.4109988305271156,0.2524860358671276,0.406816143247951,11.960441388790661,25.41157951607507,0.05705389753413733,0.02485441937024976,30.249799579178546
