subject,nll,bic,model,alpha,alpha_rec,theta,theta_rec,wp,wp_rec,eta,eta_rec,w_between_attwise,w_between_attwise_rec,w_between_altwise,w_between_altwise_rec,beta,beta_rec,b_last,b_last_rec,nll_rec
182-attributes,32.10525647561976,98.1984748876344,twostagemixturenoscaling,3.0,2.05044878677922,0.3584104419264218,0.6384232963048789,0.7796012393889242,0.8593836813919259,1.0,1.0,0.20775779792958024,0.27323119535015794,0.3315329671737906,0.016552242748415047,40.09432120598523,22.577383705007865,0.008249550708666077,0.014039994776184424,34.99638252586087
