subject,nll,bic,model,alpha,alpha_rec,theta,theta_rec,wp,wp_rec,eta,eta_rec,w_between_attwise,w_between_attwise_rec,w_between_altwise,w_between_altwise_rec,beta,beta_rec,b_last,b_last_rec,nll_rec
78-attributes,15.218078374215079,64.42411868482503,twostagemixturenoscaling,3.0,1.7499257586786936,0.1684349654848086,0.925849047487667,0.5577138308190275,0.575850596580533,1.0,1.0,0.7036006019016888,0.6744241791090883,0.7064165195063083,0.5833480809392794,78.06171578342565,96.12003544836664,0.00800414726373658,0.007989014431348532,12.034417421986054
