subject,nll,bic,model,alpha,alpha_rec,theta,theta_rec,wp,wp_rec,eta,eta_rec,w_between_attwise,w_between_attwise_rec,w_between_altwise,w_between_altwise_rec,beta,beta_rec,b_last,b_last_rec,nll_rec
18-alternatives,22.054424345325685,78.09681062704624,twostagemixturenoscaling,3.0,1.1766422911435195,0.48112212393001275,1.0,0.554698358587019,1.0,0.2559494449623677,0.6382275432465089,0.6342677450842571,0.36795198639016663,0.8734684116801938,0.1583106740062628,63.64839414847626,54.95596267666687,-0.006599238813102441,-0.02024380295875998,19.630319445949613
