subject,nll,bic,model,alpha,alpha_rec,theta,theta_rec,wp,wp_rec,eta,eta_rec,w_between_attwise,w_between_attwise_rec,w_between_altwise,w_between_altwise_rec,beta,beta_rec,b_last,b_last_rec,nll_rec
186-alternatives,34.83918978657554,103.66634150954596,twostagemixturenoscaling,0.0,0.7732159116990951,0.4704409844141617,0.46158537772470415,0.0,0.0,0.9151995212724979,0.9999489467424552,0.34394010446378,0.9042581136333043,0.44042632015533084,0.08300053316884214,13.798544008991136,30.335675931831787,0.04862985160393654,0.02681768729589925,27.152969569021217
