subject,nll,bic,model,alpha,alpha_rec,theta,theta_rec,wp,wp_rec,eta,eta_rec,w_between_attwise,w_between_attwise_rec,w_between_altwise,w_between_altwise_rec,beta,beta_rec,b_last,b_last_rec,nll_rec
45-attributes,10.439470218296828,54.866902372988534,twostagemixturenoscaling,3.0,2.518616617617862,1.0,1.0,0.30877850360758846,0.32662786402577526,1.0,0.8044254012018103,0.15887431412774392,0.5908217311264261,0.4559411533453249,0.6969503615575126,100.0,100.0,-0.0022328009571806577,-0.002878189707299163,10.50303590398879
