subject,nll,bic,model,alpha,alpha_rec,theta,theta_rec,wp,wp_rec,eta,eta_rec,w_between_attwise,w_between_attwise_rec,w_between_altwise,w_between_altwise_rec,beta,beta_rec,b_last,b_last_rec,nll_rec
164-alternatives,8.497170360799945,50.982302657994765,twostagemixturenoscaling,0.0,0.7534487174137693,0.7173381455342391,0.8403010814615453,0.49630124910969997,0.6000611161380137,0.6640666499942427,1.0,0.19994126004093155,0.800480300937142,0.764123895637748,1.0,98.6234276445195,100.0,-0.0038516356905913913,-0.011558039695491946,4.793816598166837
