subject,nll,bic,model,alpha,alpha_rec,theta,theta_rec,wp,wp_rec,eta,eta_rec,w_between_attwise,w_between_attwise_rec,w_between_altwise,w_between_altwise_rec,beta,beta_rec,b_last,b_last_rec,nll_rec
42-alternatives,11.958476855878633,57.90491564815214,twostagemixturenoscaling,0.0,0.33709590377953713,1.0,0.8851146936840013,0.2508824257575955,0.21700199828719013,0.4413330923194771,0.2563471096394572,0.7494380688985145,0.7312086132287587,0.5780153621768526,0.32714317098735163,75.68888509706687,76.59248622255681,-0.011401351532836047,-0.015111506594514486,11.335461842602049
