subject,nll,bic,model,alpha,alpha_rec,theta,theta_rec,wp,wp_rec,eta,eta_rec,w_between_attwise,w_between_attwise_rec,w_between_altwise,w_between_altwise_rec,beta,beta_rec,b_last,b_last_rec,nll_rec
143-attributes,25.780684198242724,85.54933033288032,twostagemixturenoscaling,2.183819468961226,1.608610479367053,0.2349692777131302,0.3854834040932485,0.7039937643627114,0.7142761833753484,1.0,0.03450835610818329,0.18294536875878656,0.23128266197310302,0.9340437167972508,0.521985058777856,64.77138221838133,71.41308809308372,0.007383153069718722,0.005367285259068674,24.34877845845249
