subject,nll,bic,model,alpha,alpha_rec,theta,theta_rec,wp,wp_rec,eta,eta_rec,w_between_attwise,w_between_attwise_rec,w_between_altwise,w_between_altwise_rec,beta,beta_rec,b_last,b_last_rec,nll_rec
139-attributes,26.63646445457955,87.14578094593718,twostagemixturenoscaling,1.4442812207433129,3.0,0.5988181431551844,0.31858143989716037,1.0,0.5666061327545702,1.0,1.0,0.07884091997163595,0.5413439805459658,0.08046857353002801,0.7543682499017508,50.79957058729777,46.73203316148993,-0.0014929146524111886,0.019814223979251807,23.36902576292637
