subject,nll,bic,model,alpha,alpha_rec,theta,theta_rec,wp,wp_rec,eta,eta_rec,w_between_attwise,w_between_attwise_rec,w_between_altwise,w_between_altwise_rec,beta,beta_rec,b_last,b_last_rec,nll_rec
97-attributes,20.045915170077933,74.07979227655073,twostagemixturenoscaling,0.204142536053703,0.06972660357857367,0.5839805762173019,0.17456660838333463,0.0,0.2036467654744691,0.39350566972380696,0.37950114350519915,0.23193101167516333,0.3278177412407934,0.6312259169834346,0.03584250638125991,43.91203344717478,64.77631088992486,-0.0106324899253814,-0.005386842918851369,17.84867436912073
