subject,nll,bic,model,alpha,alpha_rec,theta,theta_rec,wp,wp_rec,eta,eta_rec,w_between_attwise,w_between_attwise_rec,w_between_altwise,w_between_altwise_rec,beta,beta_rec,b_last,b_last_rec,nll_rec
104-attributes,23.81372904136421,81.61542001912329,twostagemixturenoscaling,0.48762748833486785,0.4354907993790148,0.8517323394110551,0.32905446150947787,0.43018005834239403,0.5530180501510855,0.0,0.0,0.27775713938072716,0.44322570679478973,0.5145671073051683,0.38759132398087703,33.19655954542834,41.391113680749974,0.0005344611816588037,-0.012126469205179922,24.45503988072055
