subject,nll,bic,model,alpha,alpha_rec,theta,theta_rec,wp,wp_rec,eta,eta_rec,w_between_attwise,w_between_attwise_rec,w_between_altwise,w_between_altwise_rec,beta,beta_rec,b_last,b_last_rec,nll_rec
117-alternatives,12.409959733523074,58.80788140344102,twostagemixturenoscaling,1.1547848395825742,3.0,0.8645587464094785,0.0,1.0,0.7305853649924455,0.6964979670920676,0.9089770153918293,0.8392900810306982,0.8964060722920602,0.3333739347991105,0.5528701202981384,52.61302203162034,84.57371858118529,-0.023155564809185094,-0.01208586720960945,10.604083771833567
