subject,nll,bic,model,alpha,alpha_rec,theta,theta_rec,wp,wp_rec,eta,eta_rec,w_between_attwise,w_between_attwise_rec,w_between_altwise,w_between_altwise_rec,beta,beta_rec,b_last,b_last_rec,nll_rec
71-attributes,25.088899429648656,84.1657607956922,twostagemixturenoscaling,0.31700749413947427,0.9046024650998127,0.5164301591771819,0.7437726679581518,0.0,0.0,0.8628487692155501,1.0,0.3016541575713622,0.08488788052459173,0.07572015902178553,0.0047961477526565766,31.985485620780043,32.65877074767762,-0.011126755720120887,0.010780939658867996,27.012284905627183
