subject,nll,bic,model,alpha,alpha_rec,theta,theta_rec,wp,wp_rec,eta,eta_rec,w_between_attwise,w_between_attwise_rec,w_between_altwise,w_between_altwise_rec,beta,beta_rec,b_last,b_last_rec,nll_rec
11-attributes,29.46393993976515,92.91584181592518,twostagemixturenoscaling,3.0,0.5471733164199225,0.14975519629748263,0.29915299400355005,0.5825408701396212,0.0,1.0,0.22231079684657692,0.3563735827866518,0.26305149323502475,0.18587632274693372,0.08134027702106428,45.006959109398764,22.685047066916066,0.002710597057098188,0.030184469049488908,32.38214179192516
