subject,nll,bic,model,alpha,alpha_rec,theta,theta_rec,wp,wp_rec,eta,eta_rec,w_between_attwise,w_between_attwise_rec,w_between_altwise,w_between_altwise_rec,beta,beta_rec,b_last,b_last_rec,nll_rec
20-attributes,15.723651878977028,65.43526569434893,twostagemixturenoscaling,1.3640405712706984,1.1086929356240829,0.8838610543802586,1.0,1.0,1.0,1.0,0.3420142307265749,0.29631722662139504,0.3599609101409196,0.31959243027531603,0.23713922630612172,45.29269599198568,100.0,-0.01908120066071205,-0.02786645243647564,5.344889765454848
