subject,nll,bic,model,alpha,alpha_rec,theta,theta_rec,wp,wp_rec,eta,eta_rec,w_between_attwise,w_between_attwise_rec,w_between_altwise,w_between_altwise_rec,beta,beta_rec,b_last,b_last_rec,nll_rec
188-alternatives,18.478255005915035,70.94447194822494,twostagemixturenoscaling,1.1021199077704962,1.1008823629404159,1.0,0.5137671891089276,0.0,0.36356633736173444,0.8640629941055273,1.0,0.18187084380687701,0.6996641125973304,0.2041731943631301,0.4548142673900194,43.87832245567564,100.0,0.00041870823213960474,-0.0023455409759271257,8.950340391784158
