subject,nll,bic,model,alpha,alpha_rec,theta,theta_rec,wp,wp_rec,eta,eta_rec,w_between_attwise,w_between_attwise_rec,w_between_altwise,w_between_altwise_rec,beta,beta_rec,b_last,b_last_rec,nll_rec
87-alternatives,23.452539197609113,80.8930403316131,twostagemixturenoscaling,0.5099213223688881,1.0462142378936634,0.8490101594279201,0.0,0.6337348700871444,0.646962363023455,0.5345745193460153,0.6996524435099902,0.03873422698267148,0.580917636803341,0.4189858825996734,0.7182235389399166,28.516791646646556,25.408659744547965,0.029401150796586225,0.021833523639506015,29.048581714390394
