subject,nll,bic,model,alpha,alpha_rec,theta,theta_rec,wp,wp_rec,eta,eta_rec,w_between_attwise,w_between_attwise_rec,w_between_altwise,w_between_altwise_rec,beta,beta_rec,b_last,b_last_rec,nll_rec
68-attributes,27.17456184085556,88.33708561810599,twostagemixturenoscaling,3.0,1.5998371895059251,0.5489772100464368,0.18485085337295828,0.0,0.0,0.005838804182808714,0.0,0.4122349718123218,0.30047002657239985,0.37346478525844895,0.7124564502579279,23.073300964619442,37.16384641085438,0.023274697090258784,0.030531051311326877,22.5284159066614
