subject,nll,bic,model,alpha,alpha_rec,theta,theta_rec,wp,wp_rec,eta,eta_rec,w_between_attwise,w_between_attwise_rec,w_between_altwise,w_between_altwise_rec,beta,beta_rec,b_last,b_last_rec,nll_rec
168-alternatives,15.446026000532381,64.88001393745964,twostagemixturenoscaling,0.17268375106311526,0.2292610533006079,0.9597509322379357,1.0,0.0,0.0,0.6788752093751114,5.024660469166386e-09,0.1913331800025702,0.09993902277169903,0.15785033484005068,0.10342334824161707,38.41296512274605,40.06829154264748,0.006150993759866248,0.01614318257593113,11.298301530005029
