subject,nll,bic,model,alpha,alpha_rec,theta,theta_rec,wp,wp_rec,eta,eta_rec,w_between_attwise,w_between_attwise_rec,w_between_altwise,w_between_altwise_rec,beta,beta_rec,b_last,b_last_rec,nll_rec
156-alternatives,14.256686106818645,62.501334150032164,twostagemixturenoscaling,3.0,3.0,0.8249035543949417,1.0,0.6021114016769941,0.6176486211596949,0.6551541694923488,1.0,0.3935308102228859,0.04157527096054486,0.6564499177762201,0.5337892220273704,90.20879701275024,100.0,0.008014757988903911,0.006084754270143132,5.45823569261833
