subject,nll,bic,model,alpha,alpha_rec,theta,theta_rec,wp,wp_rec,eta,eta_rec,w_between_attwise,w_between_attwise_rec,w_between_altwise,w_between_altwise_rec,beta,beta_rec,b_last,b_last_rec,nll_rec
42-attributes,17.429765324359508,68.84749258511388,twostagemixturenoscaling,0.0,0.0,0.2674109383777401,0.24181518132299598,0.39598394889819666,0.4398077518639316,0.8033082562504872,0.5425850198612321,0.49675443533831415,0.6303173499987579,0.7220928362475447,0.12521594700642513,55.2625287248371,58.88962214193929,0.006704666186266932,0.013183187167761292,17.18714842769134
