subject,nll,bic,model,alpha,alpha_rec,theta,theta_rec,wp,wp_rec,eta,eta_rec,w_between_attwise,w_between_attwise_rec,w_between_altwise,w_between_altwise_rec,beta,beta_rec,b_last,b_last_rec,nll_rec
132-alternatives,26.130035965541815,86.1329239678617,twostagemixturenoscaling,0.847682472167178,0.6207392260656452,0.924141042482983,1.0,0.0,0.0,0.9999957673790223,0.018947988216847123,0.19776743245797002,0.7563275382709053,0.08196694234112184,0.2585320204865285,32.32410533332131,35.15856630771676,0.007779214339210293,0.004169547221122253,24.395934972980207
