subject,nll,bic,model,alpha,alpha_rec,theta,theta_rec,wp,wp_rec,eta,eta_rec,w_between_attwise,w_between_attwise_rec,w_between_altwise,w_between_altwise_rec,beta,beta_rec,b_last,b_last_rec,nll_rec
77-attributes,15.388199526716004,64.76436098982688,twostagemixturenoscaling,2.155201479990112,3.0,0.6246330747633116,0.4361717448181844,1.0,1.0,1.0,0.16847437412196933,0.4599162086803702,0.5400755034015939,0.35721601311572293,0.28655455225362686,32.89701988028502,53.56363655006948,-0.0052972608761428066,-0.019573493280926984,15.790963447449315
