subject,nll,bic,model,alpha,alpha_rec,theta,theta_rec,wp,wp_rec,eta,eta_rec,w_between_attwise,w_between_attwise_rec,w_between_altwise,w_between_altwise_rec,beta,beta_rec,b_last,b_last_rec,nll_rec
56-alternatives,14.737572677743454,63.463107291881784,twostagemixturenoscaling,0.0,0.14198589460825198,0.7151477347716221,0.8143369347337296,0.3462194059781224,0.0,0.24413877724151578,0.1083798787079348,0.1895278352231699,0.8095421961810517,0.44660606369918876,0.17701880341482334,40.49331480375041,41.295971502081805,0.006705555332077629,0.02134964331848188,12.168419178410279
