subject,nll,bic,model,alpha,alpha_rec,theta,theta_rec,wp,wp_rec,eta,eta_rec,w_between_attwise,w_between_attwise_rec,w_between_altwise,w_between_altwise_rec,beta,beta_rec,b_last,b_last_rec,nll_rec
98-attributes,26.347660395201398,86.68328272679767,twostagemixturenoscaling,0.0,0.3907513512632861,0.3078639737669253,0.3115000576637585,0.3612037458883318,0.3331748571718827,0.767081729280973,0.02916671933830418,0.5916940087346249,0.49773012516393517,0.20979729767723398,0.9728550226631585,32.88697667844311,46.26200113038403,0.011152156254968102,0.013765798833288084,24.604944152400996
