subject,nll,bic,model,alpha,alpha_rec,theta,theta_rec,wp,wp_rec,eta,eta_rec,w_between_attwise,w_between_attwise_rec,w_between_altwise,w_between_altwise_rec,beta,beta_rec,b_last,b_last_rec,nll_rec
174-attributes,20.266332237668156,74.52062641173119,twostagemixturenoscaling,0.0,1.0449886916588456,0.1975852538815558,0.9745875818563478,0.37368316427831927,0.49918384055848813,1.0,1.0,0.6544407385371682,0.7128288226656212,0.8789503184587887,0.2902951083775123,46.15420527817841,49.59013137155998,-0.016453791715325117,-0.019915428479880187,18.615628930559456
