subject,nll,bic,model,alpha,alpha_rec,theta,theta_rec,wp,wp_rec,eta,eta_rec,w_between_attwise,w_between_attwise_rec,w_between_altwise,w_between_altwise_rec,beta,beta_rec,b_last,b_last_rec,nll_rec
162-alternatives,23.09440950921734,80.17678095482955,twostagemixturenoscaling,3.0,2.356260380478036,1.0,1.0,0.49901047854197955,0.5087778938946591,0.288252740454051,0.8807746234411307,0.7164636740340636,0.52387796718028,0.9500979693613909,0.5981666143068777,55.745318851836316,54.12157182896832,0.007293041161077747,0.005697224896610263,20.41818035392586
