subject,nll,bic,model,alpha,alpha_rec,theta,theta_rec,wp,wp_rec,eta,eta_rec,w_between_attwise,w_between_attwise_rec,w_between_altwise,w_between_altwise_rec,beta,beta_rec,b_last,b_last_rec,nll_rec
155-alternatives,17.911173442014178,69.81030882042323,twostagemixturenoscaling,0.0,0.0,1.0,1.0,0.0,0.0,0.7155690778367509,0.4770897539850854,0.8363171608479048,0.3741984497066695,0.33917073749855475,0.3508737164319471,38.80433728496947,45.86129624988255,0.01853003083720307,0.004981513570430482,15.337423014108422
