subject,nll,bic,model,alpha,alpha_rec,theta,theta_rec,wp,wp_rec,eta,eta_rec,w_between_attwise,w_between_attwise_rec,w_between_altwise,w_between_altwise_rec,beta,beta_rec,b_last,b_last_rec,nll_rec
74-attributes,24.811278940896344,82.89362254867007,twostagemixturenoscaling,3.0,3.0,0.7972413789285137,0.9236011315044,1.0,0.7371704884466931,1.0,1.0,0.3319332899127458,0.5953375306286206,0.29213567972399024,0.617963340552849,27.497822696586773,46.13669036970561,0.018804443011821777,0.0031018635700281413,16.669478637976916
