subject,nll,bic,model,alpha,alpha_rec,theta,theta_rec,wp,wp_rec,eta,eta_rec,w_between_attwise,w_between_attwise_rec,w_between_altwise,w_between_altwise_rec,beta,beta_rec,b_last,b_last_rec,nll_rec
58-attributes,22.4935649583778,78.85998195353368,twostagemixturenoscaling,0.0,0.1998193949702174,0.27911613209565456,0.5211282516697215,0.23545654150647816,0.14817184332791708,0.8756476214850888,0.38349903527607543,0.42318425802970316,0.3751916719692871,0.35285878877019594,0.42424336295503773,40.77379521047324,45.10508193061933,-0.0038834485535650335,0.013577921497072406,20.52224070481457
