subject,nll,bic,model,alpha,alpha_rec,theta,theta_rec,wp,wp_rec,eta,eta_rec,w_between_attwise,w_between_attwise_rec,w_between_altwise,w_between_altwise_rec,beta,beta_rec,b_last,b_last_rec,nll_rec
43-alternatives,24.604823033237214,83.1976080028693,twostagemixturenoscaling,1.2221382839455803,0.6764741078401066,0.9552027143360624,0.8930913288345765,0.9466735765106509,1.0,0.5402689926245265,0.023820096996773673,0.2552927353607966,0.9065487369596323,0.3696399888492627,0.03844496305894475,29.116898941539333,27.291556273372226,0.010213113377068777,0.006046236894442921,26.948319514387357
