subject,nll,bic,model,alpha,alpha_rec,theta,theta_rec,wp,wp_rec,eta,eta_rec,w_between_attwise,w_between_attwise_rec,w_between_altwise,w_between_altwise_rec,beta,beta_rec,b_last,b_last_rec,nll_rec
55-alternatives,23.055131816565194,80.09822556952525,twostagemixturenoscaling,0.0,3.0,1.0,1.0,0.38605673707330007,0.5087379337396275,0.5595425049010938,0.48135977375686684,0.6392559074193228,0.7122009550190946,0.8749889906607685,0.8157163448312046,42.30454326350864,50.825115133297906,0.009588234484494787,0.005275805952469079,23.59033500940593
