subject,nll,bic,model,alpha,alpha_rec,theta,theta_rec,wp,wp_rec,eta,eta_rec,w_between_attwise,w_between_attwise_rec,w_between_altwise,w_between_altwise_rec,beta,beta_rec,b_last,b_last_rec,nll_rec
21-attributes,20.063996859817575,74.11595565603002,twostagemixturenoscaling,0.5779557069766911,0.49151386291744364,0.967605733045197,0.3987064548913869,0.0,0.31031149790409684,0.0,0.0,0.13873160026163756,0.2920007500339325,0.8209044162398295,0.1933961931029437,40.79680330859371,91.6626064843689,-0.0037662528325235834,-0.0054900715078554894,12.849956864786982
