subject,nll,bic,model,alpha,alpha_rec,theta,theta_rec,wp,wp_rec,eta,eta_rec,w_between_attwise,w_between_attwise_rec,w_between_altwise,w_between_altwise_rec,beta,beta_rec,b_last,b_last_rec,nll_rec
177-alternatives,24.846607821505547,83.68117757940597,twostagemixturenoscaling,0.0,0.611316563611984,0.6355378841670853,1.0,0.47666809943930477,0.4281593455358444,0.5276764398069507,0.8304112247654926,0.5130913439868721,0.3495808872120191,0.9103731898124833,0.5366089008203956,38.18215206401008,19.219640409730708,0.016485180467209645,0.036660349770489306,30.83224198136272
