subject,nll,bic,model,alpha,alpha_rec,theta,theta_rec,wp,wp_rec,eta,eta_rec,w_between_attwise,w_between_attwise_rec,w_between_altwise,w_between_altwise_rec,beta,beta_rec,b_last,b_last_rec,nll_rec
168-attributes,9.82586694063515,53.63969581766517,twostagemixturenoscaling,3.0,3.0,0.33175688753308613,0.3430568242708209,0.9471891003930515,0.982218294681051,1.0,0.6588236580592512,0.5284908382889199,0.5029462724965427,0.47581124902889155,0.10943172897115183,41.473216010501154,38.487805131326596,-0.007780463014810924,-0.004363287507836883,14.808467440026773
