subject,nll,bic,model,alpha,alpha_rec,theta,theta_rec,wp,wp_rec,eta,eta_rec,w_between_attwise,w_between_attwise_rec,w_between_altwise,w_between_altwise_rec,beta,beta_rec,b_last,b_last_rec,nll_rec
100-attributes,33.18477746829114,100.35751687297716,twostagemixturenoscaling,1.3067581256951886,2.2057325114299884,0.8840774633589276,0.3228952724746955,1.0,1.0,1.0,1.0,0.1498736493566513,0.188270691841765,0.7898494052240588,0.5913281714240767,23.495624386953065,38.95873382854056,0.005650559052985018,0.01182477436945096,29.192021676378392
