subject,nll,bic,model,alpha,alpha_rec,theta,theta_rec,wp,wp_rec,eta,eta_rec,w_between_attwise,w_between_attwise_rec,w_between_altwise,w_between_altwise_rec,beta,beta_rec,b_last,b_last_rec,nll_rec
102-attributes,14.480296220881664,62.94855437815821,twostagemixturenoscaling,1.493589176088315,2.881867097399888,1.0,1.0,0.8032146057542646,0.6037764520617191,0.12538828624525786,0.628077803053458,0.3866546273379614,0.737482130439445,0.5169974048388394,0.12845773077888656,100.0,100.0,0.002124584057376227,-0.0026631045832634643,9.36722310432467
