subject,nll,bic,model,alpha,alpha_rec,theta,theta_rec,wp,wp_rec,eta,eta_rec,w_between_attwise,w_between_attwise_rec,w_between_altwise,w_between_altwise_rec,beta,beta_rec,b_last,b_last_rec,nll_rec
128-alternatives,29.648606668188357,93.17006537315478,twostagemixturenoscaling,0.74294447141395,1.0013510640536714,1.0,1.0,0.49933038073342395,1.0,0.6290408003742267,0.18643761162815894,0.45409061178508914,0.3061419452341919,0.0,0.11183374739521783,22.614113742364577,44.92382682782075,0.012559257919575668,0.010560923340614122,21.934455117349334
