subject,nll,bic,model,alpha,alpha_rec,theta,theta_rec,wp,wp_rec,eta,eta_rec,w_between_attwise,w_between_attwise_rec,w_between_altwise,w_between_altwise_rec,beta,beta_rec,b_last,b_last_rec,nll_rec
115-attributes,8.616677421301526,51.22131677899793,twostagemixturenoscaling,0.7784089916191227,0.659705635532816,1.0,1.0,0.2630248609028486,0.40026920797936894,1.0,1.0,0.10109872449320695,0.32858005918112476,0.758755822179775,0.8084203189354866,100.0,100.0,2.5394986434480615e-07,0.018010080512007528,5.852148379807203
