subject,nll,bic,model,alpha,alpha_rec,theta,theta_rec,wp,wp_rec,eta,eta_rec,w_between_attwise,w_between_attwise_rec,w_between_altwise,w_between_altwise_rec,beta,beta_rec,b_last,b_last_rec,nll_rec
167-alternatives,19.02159221464241,69.8055197377018,twostagemixturenoscaling,2.593599056874223,3.0,0.3523836812260789,0.1579970444059984,0.5488981381837417,0.5215448469402967,0.15144830725718506,1.0,0.12041658452271292,0.28948633723637973,0.6365894664919265,0.583628643169724,60.57970720262658,100.0,-0.008264359787023412,-0.020616558825939834,7.7196471351190175
