subject,nll,bic,model,alpha,alpha_rec,theta,theta_rec,wp,wp_rec,eta,eta_rec,w_between_attwise,w_between_attwise_rec,w_between_altwise,w_between_altwise_rec,beta,beta_rec,b_last,b_last_rec,nll_rec
88-alternatives,10.469814496077568,54.92759092855001,twostagemixturenoscaling,0.0,0.0,0.9423660800630571,0.8659448150461889,0.20893460903105293,0.0,0.4774812627369809,0.882859470823587,0.7585839760762934,0.21808248505341965,0.5752823401562027,0.3936519564740345,87.74533802231939,81.00379652872971,-0.021448759726799115,-0.02201200418612749,10.094105036990847
