subject,nll,bic,model,alpha,alpha_rec,theta,theta_rec,wp,wp_rec,eta,eta_rec,w_between_attwise,w_between_attwise_rec,w_between_altwise,w_between_altwise_rec,beta,beta_rec,b_last,b_last_rec,nll_rec
31-attributes,39.91295559137412,113.81387311914312,twostagemixturenoscaling,3.0,3.0,2.0648379730800165e-09,0.9643453468228029,0.4977557514291103,0.9803300004035528,1.0,1.0,0.5080208833898823,0.15114238356859028,0.7238625683723253,0.5368470970744288,14.640809230044528,15.646991637536164,0.02099656592746538,0.028098784461085994,40.38666116266948
