subject,nll,bic,model,alpha,alpha_rec,theta,theta_rec,wp,wp_rec,eta,eta_rec,w_between_attwise,w_between_attwise_rec,w_between_altwise,w_between_altwise_rec,beta,beta_rec,b_last,b_last_rec,nll_rec
133-alternatives,16.878492049586903,67.62983613595188,twostagemixturenoscaling,0.0,0.0,0.7124263646795522,0.2578292834156131,0.49718909308673986,0.5365222124154657,0.699107057116455,0.11876996929501774,0.9190494284418165,0.6816704067976266,0.6831099479286689,0.8433732072621877,47.6022427362504,55.26835559735518,-0.014013219183421756,-0.009411145581486351,21.7110117448003
