subject,nll,bic,model,alpha,alpha_rec,theta,theta_rec,wp,wp_rec,eta,eta_rec,w_between_attwise,w_between_attwise_rec,w_between_altwise,w_between_altwise_rec,beta,beta_rec,b_last,b_last_rec,nll_rec
92-alternatives,33.75812832424221,101.50421858487928,twostagemixturenoscaling,0.0,0.0,0.6286269811776152,0.6595158585880379,0.0,0.0,0.26719752440017885,0.17383592451080973,0.40909211963051784,0.41336798106625816,0.4530817588066594,0.41554081111785085,20.433275295158506,18.048216839199263,0.020479850860369058,0.028771646081570342,33.68658071578121
