subject,nll,bic,model,alpha,alpha_rec,theta,theta_rec,wp,wp_rec,eta,eta_rec,w_between_attwise,w_between_attwise_rec,w_between_altwise,w_between_altwise_rec,beta,beta_rec,b_last,b_last_rec,nll_rec
72-alternatives,27.700758187469695,89.27436841171746,twostagemixturenoscaling,1.1782107379579538,0.2939795194109584,1.0,0.7012964260636495,1.0,0.0,0.487912237944947,0.19277983109592928,0.8664937204738485,0.3916904205300942,0.45096999130493237,0.11439044316525605,19.361481710572995,67.70876203806534,0.017007996321584073,-0.008166306394185387,11.432353704350453
