subject,nll,bic,model,alpha,alpha_rec,theta,theta_rec,wp,wp_rec,eta,eta_rec,w_between_attwise,w_between_attwise_rec,w_between_altwise,w_between_altwise_rec,beta,beta_rec,b_last,b_last_rec,nll_rec
106-alternatives,34.708938124505615,103.2907282857893,twostagemixturenoscaling,3.0,1.0602340289463663,0.19955718970545014,1.0,0.4553927702071491,0.0,0.5159417791771373,0.25837587790533717,0.6742726724196608,0.7378219049179894,0.17483128431295986,0.5400142340124093,33.11161700504554,14.585211897653025,0.0027021658278159827,-0.0069361274151940495,32.181367826066186
