subject,nll,bic,model,alpha,alpha_rec,theta,theta_rec,wp,wp_rec,eta,eta_rec,w_between_attwise,w_between_attwise_rec,w_between_altwise,w_between_altwise_rec,beta,beta_rec,b_last,b_last_rec,nll_rec
60-attributes,26.057897289271303,86.10375651493749,twostagemixturenoscaling,0.0,0.12212469855882467,0.4454513263182282,0.9505578586878553,0.4101643217223741,0.09909907549219778,0.4120091000943802,0.0,0.6582152319030771,0.4952106986317248,0.1314980740602807,0.9986366313656909,36.08437792601207,37.686299872183945,-0.0029891024423381904,-0.0031942650041015034,23.736789810698177
