subject,nll,bic,model,alpha,alpha_rec,theta,theta_rec,wp,wp_rec,eta,eta_rec,w_between_attwise,w_between_attwise_rec,w_between_altwise,w_between_altwise_rec,beta,beta_rec,b_last,b_last_rec,nll_rec
92-attributes,44.43811363477163,122.86418920593815,twostagemixturenoscaling,2.887610820332692,2.7691701578774417,0.2782534292707912,1.0,0.8505498799841491,0.6012069494685128,0.49797281455677894,0.7143110703912324,0.2162035765081802,0.6261459897764151,0.637749844071358,0.3122464442377491,14.990814555209099,12.211161272652822,0.011325729720559459,-0.031510724781292035,41.85770111604063
