subject,nll,bic,model,alpha,alpha_rec,theta,theta_rec,wp,wp_rec,eta,eta_rec,w_between_attwise,w_between_attwise_rec,w_between_altwise,w_between_altwise_rec,beta,beta_rec,b_last,b_last_rec,nll_rec
198-attributes,22.869882323656913,79.7277265837087,twostagemixturenoscaling,1.155642908007981,1.096316816566876,0.8401845781661058,0.8915492679952747,1.0,0.7631502197358794,0.14431138767922952,0.0,0.283685103290531,0.47639275651093504,0.28918424048760083,0.9125606264314252,43.57506393504894,45.272383667471345,-0.0029074152843351127,0.0031997292450831345,23.586436869855845
