subject,nll,bic,model,alpha,alpha_rec,theta,theta_rec,wp,wp_rec,eta,eta_rec,w_between_attwise,w_between_attwise_rec,w_between_altwise,w_between_altwise_rec,beta,beta_rec,b_last,b_last_rec,nll_rec
198-alternatives,22.311007117822953,78.60997617204077,twostagemixturenoscaling,0.06265028980857357,0.0,0.5578457222048009,0.3801213937571555,0.4418906332520236,0.3192540699094554,0.33623162871210166,0.4905339847953863,0.062273290170584195,0.2872541343238544,0.710060136753463,0.5174437361469749,46.080772255160355,38.86871211281989,0.00040322885402290583,0.014219045234449633,23.394955913131064
