subject,nll,bic,model,alpha,alpha_rec,theta,theta_rec,wp,wp_rec,eta,eta_rec,w_between_attwise,w_between_attwise_rec,w_between_altwise,w_between_altwise_rec,beta,beta_rec,b_last,b_last_rec,nll_rec
99-attributes,24.698336397324308,83.38463473104349,twostagemixturenoscaling,3.0,1.5813958301286817,0.7772745625190194,0.8823393200042644,0.664446620922895,1.0,0.8632342607725533,1.0,0.5333292326156505,0.16716517550585003,0.44724856925757256,0.6648768486603369,45.03398879043435,65.26946120377345,0.005793049910555902,0.012439764345331759,19.26817229596496
