subject,nll,bic,model,alpha,alpha_rec,theta,theta_rec,wp,wp_rec,eta,eta_rec,w_between_attwise,w_between_attwise_rec,w_between_altwise,w_between_altwise_rec,beta,beta_rec,b_last,b_last_rec,nll_rec
107-alternatives,42.867543541503295,119.60793911978467,twostagemixturenoscaling,0.0,0.0,1.0,0.6974558316755441,0.0,0.0,0.9544600155631251,0.0818934348467495,0.42175353888668676,0.6326364598980705,0.17367207500723925,0.43434477001738275,3.804973785540438,9.532499270530034,0.0637940663161107,-0.0014856457753480137,42.10831524951131
