subject,nll,bic,model,alpha,alpha_rec,theta,theta_rec,wp,wp_rec,eta,eta_rec,w_between_attwise,w_between_attwise_rec,w_between_altwise,w_between_altwise_rec,beta,beta_rec,b_last,b_last_rec,nll_rec
146-alternatives,11.587646908061815,57.16325575251851,twostagemixturenoscaling,0.25752676050432466,0.0,1.0,1.0,0.0,0.48987579582710383,0.02925603862729668,0.6665282491061237,0.1344945926053116,0.2077840352639015,0.24385784814699835,0.699858660613078,71.90208592289997,79.57378517781218,0.00796669096951958,0.011011948796162995,11.048510040728706
