subject,nll,bic,model,alpha,alpha_rec,theta,theta_rec,wp,wp_rec,eta,eta_rec,w_between_attwise,w_between_attwise_rec,w_between_altwise,w_between_altwise_rec,beta,beta_rec,b_last,b_last_rec,nll_rec
39-attributes,27.00178676867575,87.99153547374638,twostagemixturenoscaling,0.0,1.3209575891948726,0.1313934155718311,0.49911419036190646,0.3398183044258968,0.5425129209282287,1.0,1.0,0.6279657067447758,0.27637291851409185,0.1539510218077701,0.4688180691872422,30.40071130052244,48.1422565847863,-0.010750317582191178,0.007708550385841424,24.835075903698076
