subject,nll,bic,model,alpha,alpha_rec,theta,theta_rec,wp,wp_rec,eta,eta_rec,w_between_attwise,w_between_attwise_rec,w_between_altwise,w_between_altwise_rec,beta,beta_rec,b_last,b_last_rec,nll_rec
0-alternatives,27.6679051176896,89.32377217177407,twostagemixturenoscaling,0.0,0.0,1.0,1.0,0.0,0.07517176616474858,0.09764370722108798,0.3945583113281554,0.312809391406141,0.4288529034128462,0.5738964441475287,0.5278028665575346,32.525399905931174,28.69352944851218,0.004566456745784665,0.012957704641927633,27.515926009953116
