subject,nll,bic,model,alpha,alpha_rec,theta,theta_rec,wp,wp_rec,eta,eta_rec,w_between_attwise,w_between_attwise_rec,w_between_altwise,w_between_altwise_rec,beta,beta_rec,b_last,b_last_rec,nll_rec
7-alternatives,27.51180204828915,89.01156603297318,twostagemixturenoscaling,3.0,2.2645565984717146,1.0,1.0,0.701218195282172,1.0,0.06450349999235552,0.6728953108693019,0.18837852569690983,0.13286804306301447,0.6286833596604754,0.2238938315216555,49.576017091512405,41.10978829963582,-0.010884495700834352,0.008864450951924435,27.04235089297397
