subject,nll,bic,model,alpha,alpha_rec,theta,theta_rec,wp,wp_rec,eta,eta_rec,w_between_attwise,w_between_attwise_rec,w_between_altwise,w_between_altwise_rec,beta,beta_rec,b_last,b_last_rec,nll_rec
114-alternatives,10.000161081420472,53.98828409923582,twostagemixturenoscaling,0.0,0.022857958095653455,0.8087015149189424,0.6445367265514932,0.05837490230222285,0.18286150739426002,0.5256123011147615,1.0,0.9354785676950191,0.6887651636744972,0.433431815800577,0.4112574365801616,94.28589479055984,100.0,0.010152139928133437,0.007623932036553471,5.65452307879572
