subject,nll,bic,model,alpha,alpha_rec,theta,theta_rec,wp,wp_rec,eta,eta_rec,w_between_attwise,w_between_attwise_rec,w_between_altwise,w_between_altwise_rec,beta,beta_rec,b_last,b_last_rec,nll_rec
140-attributes,18.356014331679436,70.69999059975375,twostagemixturenoscaling,3.0,0.7389578186322772,0.5905392608155126,0.5405973567909358,0.7654903276650683,1.0,0.6774541090804789,0.0,0.6705540173071264,0.2447137772145216,0.32015140659942615,0.32997598134574424,41.33717974878122,56.58641423433171,-0.00397827365900756,0.00436004531927089,14.360811178158173
