subject,nll,bic,model,alpha,alpha_rec,theta,theta_rec,wp,wp_rec,eta,eta_rec,w_between_attwise,w_between_attwise_rec,w_between_altwise,w_between_altwise_rec,beta,beta_rec,b_last,b_last_rec,nll_rec
180-attributes,28.73737161447026,91.4627051653354,twostagemixturenoscaling,0.0,0.0,0.56699341300694,0.6938667218323119,0.07046882501936814,0.1999761551606801,1.0,0.2828090308015597,0.3187359981245265,0.49920221370806495,0.7582933723803809,0.4568151367371581,24.826838898165082,26.369317551652884,-0.0032691781564819678,0.009032909712798406,29.08149646784847
