subject,nll,bic,model,alpha,alpha_rec,theta,theta_rec,wp,wp_rec,eta,eta_rec,w_between_attwise,w_between_attwise_rec,w_between_altwise,w_between_altwise_rec,beta,beta_rec,b_last,b_last_rec,nll_rec
52-alternatives,7.50422159319841,48.99640512279169,twostagemixturenoscaling,0.0,0.07268255843519576,1.0,0.9715054664570487,0.3047064574268272,0.0,0.527886293640808,0.3010429974124027,0.6854381986308903,0.27220169010027595,0.31701479329503157,0.2907420350792584,44.91770709342634,65.75521420132559,-0.021448431797677973,-0.004068691892318659,11.126228053860531
