subject,nll,bic,model,alpha,alpha_rec,theta,theta_rec,wp,wp_rec,eta,eta_rec,w_between_attwise,w_between_attwise_rec,w_between_altwise,w_between_altwise_rec,beta,beta_rec,b_last,b_last_rec,nll_rec
199-attributes,28.743122444243884,91.47420682488264,twostagemixturenoscaling,0.0,3.0,0.22098117945813092,0.23335703504353392,0.3744103730339082,0.41162643880725963,1.0,1.0,0.9380143907123725,0.9329825285760773,0.5422064581347406,0.3723147522341934,19.892881075047697,29.233566550261614,-0.004146627675269632,0.021667502104321827,23.64887903334368
