subject,nll,bic,model,alpha,alpha_rec,theta,theta_rec,wp,wp_rec,eta,eta_rec,w_between_attwise,w_between_attwise_rec,w_between_altwise,w_between_altwise_rec,beta,beta_rec,b_last,b_last_rec,nll_rec
20-alternatives,19.06477939047561,72.1175207173461,twostagemixturenoscaling,0.2831498963165442,0.0,1.0,1.0,0.0,0.5967969765998464,0.30264036839338915,0.7593155451846354,0.8834099318679048,0.3115957370061435,0.18581647553710423,0.8796892744721371,37.247660797343805,47.549285400129904,-0.012695890402173091,-0.013420538556255671,15.362162727247496
