subject,nll,bic,model,alpha,alpha_rec,theta,theta_rec,wp,wp_rec,eta,eta_rec,w_between_attwise,w_between_attwise_rec,w_between_altwise,w_between_altwise_rec,beta,beta_rec,b_last,b_last_rec,nll_rec
195-alternatives,15.061173926955023,64.11030979030492,twostagemixturenoscaling,0.0,0.4946246379513114,1.0,0.6571145668451962,0.497280358692777,0.6372239580617467,0.7460825456343376,0.913514311235566,0.9183386802047239,0.6675078663969463,0.7303053982452052,1.0,53.72710881534983,42.70181430641083,-0.007872927160537281,0.0054033567043005664,15.302934252178716
