subject,nll,bic,model,alpha,alpha_rec,theta,theta_rec,wp,wp_rec,eta,eta_rec,w_between_attwise,w_between_attwise_rec,w_between_altwise,w_between_altwise_rec,beta,beta_rec,b_last,b_last_rec,nll_rec
147-alternatives,34.00215387177732,101.99226967994952,twostagemixturenoscaling,0.49496765683845834,0.8521340529522452,0.644343303856558,0.05492422801102754,0.9928652398652553,1.0,0.4384891425148903,0.01581559760547435,0.40836965610023845,0.3416611685875515,0.0,0.3128900995519049,17.05890320810957,20.20911123990258,0.006374086538726373,-0.001937715890742737,36.14710938072498
