subject,nll,bic,model,alpha,alpha_rec,theta,theta_rec,wp,wp_rec,eta,eta_rec,w_between_attwise,w_between_attwise_rec,w_between_altwise,w_between_altwise_rec,beta,beta_rec,b_last,b_last_rec,nll_rec
162-attributes,30.03330938216007,94.05458070071501,twostagemixturenoscaling,1.4357450100391502,0.2794692673223889,0.7637467894042942,0.021825362238598486,0.4842058647391837,0.4371546817700094,0.15962037242950827,0.0,0.7909355578525292,0.8331913760629441,0.13087461757781416,0.7035450446563903,34.5733835134671,63.99858769673768,0.0005927693490634182,-0.010844258204396313,22.144797057665038
