subject,nll,bic,model,alpha,alpha_rec,theta,theta_rec,wp,wp_rec,eta,eta_rec,w_between_attwise,w_between_attwise_rec,w_between_altwise,w_between_altwise_rec,beta,beta_rec,b_last,b_last_rec,nll_rec
93-alternatives,36.831401942899426,107.65076582219373,twostagemixturenoscaling,1.858983558831253,1.6061867358974082,1.0,0.5124078376391865,1.0,1.0,0.16857848757115157,0.9999302151489615,0.5622229333120263,0.9778071087537556,0.29681950473455193,0.08671020095044393,22.004053914052008,29.548521991402165,0.007388434569198469,0.008239848790551743,34.45193310853291
