subject,nll,bic,model,alpha,alpha_rec,theta,theta_rec,wp,wp_rec,eta,eta_rec,w_between_attwise,w_between_attwise_rec,w_between_altwise,w_between_altwise_rec,beta,beta_rec,b_last,b_last_rec,nll_rec
131-attributes,27.016429053931684,88.02082004425824,twostagemixturenoscaling,0.0,0.0,0.37353546267600163,0.22530512965397184,0.1676775401572551,0.06542665810176945,1.0,1.0,0.4440002465951774,0.3298779324268306,0.4378231200990706,0.20483919318364807,30.134216590976017,26.651337897956076,-0.014711583193956691,-0.021237715480591106,30.67210385327777
