subject,nll,bic,model,alpha,alpha_rec,theta,theta_rec,wp,wp_rec,eta,eta_rec,w_between_attwise,w_between_attwise_rec,w_between_altwise,w_between_altwise_rec,beta,beta_rec,b_last,b_last_rec,nll_rec
22-attributes,20.18296297292752,74.35388788224992,twostagemixturenoscaling,0.0,3.0,0.6755572945528571,0.8094120643648971,0.5292097432844994,0.670845967562506,0.26812871691252144,0.3297188158395697,0.7616140900025586,0.8914153706028489,0.8027712262060518,0.6635228425076893,44.291485558417165,51.535104225651324,-0.007016017038386598,-0.0033137711186796894,18.46746854798633
