subject,nll,bic,model,alpha,alpha_rec,theta,theta_rec,wp,wp_rec,eta,eta_rec,w_between_attwise,w_between_attwise_rec,w_between_altwise,w_between_altwise_rec,beta,beta_rec,b_last,b_last_rec,nll_rec
101-alternatives,17.514250386351858,69.01646270909859,twostagemixturenoscaling,0.0,0.0,1.0,1.0,0.0,0.0,0.55065096946101,0.5379249192254993,0.13425848442647131,0.7970567243663595,0.16563971568721472,0.11323650722632203,18.24179620665368,12.019830759058781,0.008132356332741331,0.00433198473535107,23.57528250833734
