subject,nll,bic,model,alpha,alpha_rec,theta,theta_rec,wp,wp_rec,eta,eta_rec,w_between_attwise,w_between_attwise_rec,w_between_altwise,w_between_altwise_rec,beta,beta_rec,b_last,b_last_rec,nll_rec
135-attributes,39.4836698718507,112.95530168009628,twostagemixturenoscaling,2.6148896240458033,2.736352136815617,0.0,0.16006335719217596,0.2960533412045617,0.17034680346437345,1.0,0.3558973714161745,1.0,1.0,0.7419219858665161,0.2786764931090758,5.400109338275033,7.750830660293111,0.0945887786044849,0.03248547175906136,37.7987748899743
