subject,nll,bic,model,alpha,alpha_rec,theta,theta_rec,wp,wp_rec,eta,eta_rec,w_between_attwise,w_between_attwise_rec,w_between_altwise,w_between_altwise_rec,beta,beta_rec,b_last,b_last_rec,nll_rec
141-attributes,8.636628256697527,51.26121844978993,twostagemixturenoscaling,0.0,0.0,1.0,1.0,0.2794141971579732,0.20195686329379814,0.9785770433732671,1.0,0.46118340516068657,0.38884398612484916,0.6246452181885171,0.7272197126851354,100.0,100.0,-0.01517728788728499,-0.020149917483561024,4.892191231451128
