subject,nll,bic,model,alpha,alpha_rec,theta,theta_rec,wp,wp_rec,eta,eta_rec,w_between_attwise,w_between_attwise_rec,w_between_altwise,w_between_altwise_rec,beta,beta_rec,b_last,b_last_rec,nll_rec
6-attributes,13.769867439327053,61.527696815048984,twostagemixturenoscaling,0.05224832132954492,0.26304720740529647,0.010365925603777701,0.35286664159456615,0.5308492519979762,0.328243763963343,1.0,1.0,0.5557662198335809,0.15475108802124657,0.34803393875856825,0.05979790579885147,64.52076686004594,87.74269509940243,0.007351272510737897,0.0036001295014571923,10.498782357218428
