subject,nll,bic,model,alpha,alpha_rec,theta,theta_rec,wp,wp_rec,eta,eta_rec,w_between_attwise,w_between_attwise_rec,w_between_altwise,w_between_altwise_rec,beta,beta_rec,b_last,b_last_rec,nll_rec
1-alternatives,25.44691703142821,84.8817959992513,twostagemixturenoscaling,0.0,0.023828377692123297,0.9514982513374335,0.8140311767507099,0.11653922883139647,0.0,0.9073935143685516,0.2106344619646084,0.3182423120086798,0.6792385899594346,0.48229192815069183,0.5098668355708148,26.864483176206466,54.95602790505394,0.03227189588282446,0.02666665313828579,17.657077096485278
