subject,nll,bic,model,alpha,alpha_rec,theta,theta_rec,wp,wp_rec,eta,eta_rec,w_between_attwise,w_between_attwise_rec,w_between_altwise,w_between_altwise_rec,beta,beta_rec,b_last,b_last_rec,nll_rec
25-alternatives,21.8071560338727,77.60227400414027,twostagemixturenoscaling,3.0,1.2588964922670742,0.562508364945971,0.7664508044570894,0.5508785322046313,1.0,0.5423722526427575,1.0,0.897262918849324,0.6078573178138836,0.5540658209603851,0.053619741001644586,68.16082659163145,100.0,0.002139581633724845,0.001992885813432121,15.349407415774614
