subject,nll,bic,model,alpha,alpha_rec,theta,theta_rec,wp,wp_rec,eta,eta_rec,w_between_attwise,w_between_attwise_rec,w_between_altwise,w_between_altwise_rec,beta,beta_rec,b_last,b_last_rec,nll_rec
48-alternatives,27.31253431542773,88.61303056725033,twostagemixturenoscaling,1.3162701705082325,1.2013555184740718,0.8634234192161291,0.9904981464372589,0.535378449797432,1.0,0.13723471820206773,0.00032085542228323864,0.3278339351886889,0.3012066562431407,0.17789124771105821,0.09266516793729618,40.89780155091847,36.56719419745789,0.0033691988900192258,-0.013548504081588485,28.646776225102535
