subject,nll,bic,model,alpha,alpha_rec,theta,theta_rec,wp,wp_rec,eta,eta_rec,w_between_attwise,w_between_attwise_rec,w_between_altwise,w_between_altwise_rec,beta,beta_rec,b_last,b_last_rec,nll_rec
65-alternatives,11.50011395362059,56.98818984363605,twostagemixturenoscaling,0.776217910060116,0.9438285236087116,0.8665763066289898,0.7776946160219854,1.0,1.0,0.5524015740107623,1.0,0.13744502473392073,0.2384327910125315,0.11784895792660917,0.1171068303308803,72.77813346702891,100.0,0.003974157504023288,7.292800722770184e-06,7.304369226591396
