subject,nll,bic,model,alpha,alpha_rec,theta,theta_rec,wp,wp_rec,eta,eta_rec,w_between_attwise,w_between_attwise_rec,w_between_altwise,w_between_altwise_rec,beta,beta_rec,b_last,b_last_rec,nll_rec
125-alternatives,14.173163003395118,62.33428794318511,twostagemixturenoscaling,0.0,0.3631234310869697,0.7019734371078917,0.762051300682949,0.46891893630727516,0.4189912647032163,0.85050043535604,0.49316693301567427,0.27872081113142,0.9929420845692442,0.6220225686515,0.25460440661738143,59.722354837634875,79.79082354681204,-0.007365240520684559,-0.01571153003048279,10.250713055040007
