subject,nll,bic,model,alpha,alpha_rec,theta,theta_rec,wp,wp_rec,eta,eta_rec,w_between_attwise,w_between_attwise_rec,w_between_altwise,w_between_altwise_rec,beta,beta_rec,b_last,b_last_rec,nll_rec
58-alternatives,29.112987250344766,91.74321243690093,twostagemixturenoscaling,1.0095357237969071,0.7633130500041393,0.4437027916550129,0.6501637757866773,1.0,1.0,0.22060519858676758,0.16260332641985673,0.8616196367794604,0.1993875165302994,0.23373471814494057,0.1763196250820575,29.641865705571465,44.93620170929984,0.0023254276192476195,-0.0029360267721488934,19.361105978291523
