subject,nll,bic,model,alpha,alpha_rec,theta,theta_rec,wp,wp_rec,eta,eta_rec,w_between_attwise,w_between_attwise_rec,w_between_altwise,w_between_altwise_rec,beta,beta_rec,b_last,b_last_rec,nll_rec
146-attributes,19.231917391415312,72.4517967192255,twostagemixturenoscaling,3.0,1.568977898920316,0.2763124255338509,0.7665768414251986,0.6585668791412003,0.9576399361549925,1.0,1.0,0.7013972683573351,0.23971214813337988,0.7027861966167337,0.06573448303986795,46.91915921825412,66.6473887147623,-0.003450623094564573,-0.011884822003500866,16.38017562171765
