subject,nll,bic,model,alpha,alpha_rec,theta,theta_rec,wp,wp_rec,eta,eta_rec,w_between_attwise,w_between_attwise_rec,w_between_altwise,w_between_altwise_rec,beta,beta_rec,b_last,b_last_rec,nll_rec
111-attributes,24.1733580158816,82.33467796815808,twostagemixturenoscaling,2.5835943381363426,2.423956475100829,0.9420219248994128,0.609562621681832,0.5001388204686288,0.47831220392812296,0.7180345367897703,0.8517849261345077,0.3790222167777469,0.46776151882644157,0.5438748435453483,0.011124000017382896,45.311283073497854,61.11792139592146,0.0059726412208967496,0.005261107318140877,19.596553156008486
