subject,nll,bic,model,alpha,alpha_rec,theta,theta_rec,wp,wp_rec,eta,eta_rec,w_between_attwise,w_between_attwise_rec,w_between_altwise,w_between_altwise_rec,beta,beta_rec,b_last,b_last_rec,nll_rec
112-attributes,10.871703924988047,55.73136978637097,twostagemixturenoscaling,0.0,0.0,0.607450810618929,0.5909987365682288,0.3795889010220302,0.3737461657923803,1.0,0.7472233541726677,0.5472040734481451,0.5513156614184515,0.5653486283904776,0.16580918169370995,71.54864443204832,64.75841419619681,-0.004373534386588324,1.025778360478159e-05,13.861747578548163
