subject,nll,bic,model,alpha,alpha_rec,theta,theta_rec,wp,wp_rec,eta,eta_rec,w_between_attwise,w_between_attwise_rec,w_between_altwise,w_between_altwise_rec,beta,beta_rec,b_last,b_last_rec,nll_rec
184-attributes,5.431816985751622,44.851595907898115,twostagemixturenoscaling,2.399828279218972,0.0,0.6396395543668779,0.47487016592871684,0.9712760104938554,0.9876076842995253,1.0,0.0,0.8311790102648076,0.700223345149485,0.8324297520909034,0.05502085094950454,33.34177147298558,92.08783276434606,-0.047772766034695976,-0.05487732654372635,4.061104536077187
