subject,nll,bic,model,alpha,alpha_rec,theta,theta_rec,wp,wp_rec,eta,eta_rec,w_between_attwise,w_between_attwise_rec,w_between_altwise,w_between_altwise_rec,beta,beta_rec,b_last,b_last_rec,nll_rec
35-attributes,28.44540908637937,90.52835912788646,twostagemixturenoscaling,0.0,0.20413002102538735,0.6098456421439947,0.32784286699101195,0.0,0.2489263873445249,1.0,1.0,0.2992965446814238,0.25487073986288156,0.7755155389923893,0.500511541980088,20.583063988388233,33.03127694893447,0.026480964045822113,-0.007978318256385914,24.086069713640267
