subject,nll,bic,model,alpha,alpha_rec,theta,theta_rec,wp,wp_rec,eta,eta_rec,w_between_attwise,w_between_attwise_rec,w_between_altwise,w_between_altwise_rec,beta,beta_rec,b_last,b_last_rec,nll_rec
96-attributes,18.159895356731557,70.19264275024119,twostagemixturenoscaling,2.6297193697215206,1.5102795275071772,0.5550777287377093,1.0,0.6303907138571124,0.6705127047002291,0.8306865870983988,1.0,0.5910569656900676,0.37636864765585404,0.11218697659249899,0.6883873796871336,67.31734798841593,100.0,-0.00537512632636108,-0.005133532383650132,12.424647240103198
