subject,nll,bic,model,alpha,alpha_rec,theta,theta_rec,wp,wp_rec,eta,eta_rec,w_between_attwise,w_between_attwise_rec,w_between_altwise,w_between_altwise_rec,beta,beta_rec,b_last,b_last_rec,nll_rec
195-attributes,19.035438232442736,72.05883840128035,twostagemixturenoscaling,0.25634027946335847,0.5483237202817166,0.7694183010894057,0.46082842692825127,0.0,0.6276397789658263,0.0,0.0,0.1411011785987425,0.46935000458045156,0.6969312424714877,0.918442464759393,33.540131417575026,64.41104717689959,-0.004394460891693143,-0.006691703439358257,15.522499405761387
