subject,nll,bic,model,alpha,alpha_rec,theta,theta_rec,wp,wp_rec,eta,eta_rec,w_between_attwise,w_between_attwise_rec,w_between_altwise,w_between_altwise_rec,beta,beta_rec,b_last,b_last_rec,nll_rec
59-attributes,30.208064351900607,94.28898074057929,twostagemixturenoscaling,3.0,1.8475025415798518,0.6396537942136316,0.297544712050116,0.5477896288082308,0.6212054806778076,1.0,0.5806911468915985,0.6453615675890854,0.35293794259820876,0.1740095723277867,0.8704015440793085,27.182972245817837,41.80813505311356,0.009270509185599999,0.0036365495960267217,29.63517593922817
