subject,nll,bic,model,alpha,alpha_rec,theta,theta_rec,wp,wp_rec,eta,eta_rec,w_between_attwise,w_between_attwise_rec,w_between_altwise,w_between_altwise_rec,beta,beta_rec,b_last,b_last_rec,nll_rec
30-alternatives,23.762039219668473,81.51204037573183,twostagemixturenoscaling,0.9645090016301054,1.1494977107103495,1.0,0.9787454744508546,1.0,1.0,0.007673825243844152,0.018545711575991348,0.3693286682876873,0.35608116654676414,0.2565461502290549,0.2840189093265125,37.87038979480983,54.034255884772264,0.0006654653981262819,-0.005786525546244241,20.12221156096866
